uniprot_accession,protein_name,pathway,compound,cid
A0JLT2,Mediator of RNA polymerase II transcription subunit 19,Reactome_R-HSA-1430728,caffeine,2519
A0PJW6,Transmembrane protein 223,Reactome_R-HSA-1430728,caffeine,2519
A1L188,NADH dehydrogenase [ubiquinone] 1 alpha subcomplex assembly factor 8,Reactome_R-HSA-1430728,caffeine,2519
A1L3X0,Very long chain fatty acid elongase 7,Reactome_R-HSA-1430728,caffeine,2519
A2RU49,Hydroxylysine kinase,Reactome_R-HSA-1430728,caffeine,2519
A5D6W6,Fat storage-inducing transmembrane protein 1,Reactome_R-HSA-1430728,caffeine,2519
A5YM72,Carnosine synthase 1,Reactome_R-HSA-1430728,caffeine,2519
A6NDG6,Glycerol-3-phosphate phosphatase,Reactome_R-HSA-1430728,caffeine,2519
A6NFY7,"Succinate dehydrogenase assembly factor 1, mitochondrial",Reactome_R-HSA-1430728,caffeine,2519
A6NGU5,Putative glutathione hydrolase 3 proenzyme,Reactome_R-HSA-1430728,caffeine,2519
A6NNW6,Enolase 4,Reactome_R-HSA-1430728,caffeine,2519
A8MUP2,"Citrate synthase-lysine N-methyltransferase CSKMT, mitochondrial",Reactome_R-HSA-1430728,caffeine,2519
A8MV81,HIG1 domain family member 1C,Reactome_R-HSA-1430728,caffeine,2519
A8MXV4,Acyl-coenzyme A diphosphatase NUDT19,Reactome_R-HSA-1430728,caffeine,2519
A9YTQ3,Aryl hydrocarbon receptor repressor,Reactome_R-HSA-1430728,caffeine,2519
C9JRZ8,Aldo-keto reductase family 1 member B15,Reactome_R-HSA-1430728,caffeine,2519
O00116,"Alkyldihydroxyacetonephosphate synthase, peroxisomal",Reactome_R-HSA-1430728,caffeine,2519
O00142,"Thymidine kinase 2, mitochondrial",Reactome_R-HSA-1430728,caffeine,2519
O00170,AH receptor-interacting protein,Reactome_R-HSA-1430728,caffeine,2519
O00204-1,SULT2B1-1,Reactome_R-HSA-1430728,caffeine,2519
O00204-2,SULT2B1-2,Reactome_R-HSA-1430728,caffeine,2519
O00217,"NADH dehydrogenase [ubiquinone] iron-sulfur protein 8, mitochondrial",Reactome_R-HSA-1430728,caffeine,2519
O00327,Basic helix-loop-helix ARNT-like protein 1,Reactome_R-HSA-1430728,caffeine,2519
O00329,"Phosphatidylinositol 4,5-bisphosphate 3-kinase catalytic subunit delta isoform",Reactome_R-HSA-1430728,caffeine,2519
O00330,"Pyruvate dehydrogenase protein X component, mitochondrial",Reactome_R-HSA-1430728,caffeine,2519
O00338,Sulfotransferase 1C2,Reactome_R-HSA-1430728,caffeine,2519
O00401,Actin nucleation-promoting factor WASL,Reactome_R-HSA-1430728,caffeine,2519
O00443,Phosphatidylinositol 4-phosphate 3-kinase C2 domain-containing subunit alpha,Reactome_R-HSA-1430728,caffeine,2519
O00445,Synaptotagmin-5,Reactome_R-HSA-1430728,caffeine,2519
O00459,Phosphatidylinositol 3-kinase regulatory subunit beta,Reactome_R-HSA-1430728,caffeine,2519
O00462,Beta-mannosidase,Reactome_R-HSA-1430728,caffeine,2519
O00483,Cytochrome c oxidase subunit FA4,Reactome_R-HSA-1430728,caffeine,2519
O00519,Fatty-acid amide hydrolase 1,Reactome_R-HSA-1430728,caffeine,2519
O00555,Voltage-dependent P/Q-type calcium channel subunit alpha-1A,Reactome_R-HSA-1430728,caffeine,2519
O00746,"Nucleoside diphosphate kinase D, mitochondrial",Reactome_R-HSA-1430728,caffeine,2519
O00754,Lysosomal alpha-mannosidase,Reactome_R-HSA-1430728,caffeine,2519
O00757,"Fructose-1,6-bisphosphatase isozyme 2",Reactome_R-HSA-1430728,caffeine,2519
O00763,Acetyl-CoA carboxylase 2,Reactome_R-HSA-1430728,caffeine,2519
O00764,Pyridoxal kinase,Reactome_R-HSA-1430728,caffeine,2519
O00767,Stearoyl-CoA desaturase,Reactome_R-HSA-1430728,caffeine,2519
O14494,Phospholipid phosphatase 1,Reactome_R-HSA-1430728,caffeine,2519
O14521,"Succinate dehydrogenase [ubiquinone] cytochrome b small subunit, mitochondrial",Reactome_R-HSA-1430728,caffeine,2519
O14556,"Glyceraldehyde-3-phosphate dehydrogenase, testis-specific",Reactome_R-HSA-1430728,caffeine,2519
O14561,"Acyl carrier protein, mitochondrial",Reactome_R-HSA-1430728,caffeine,2519
O14638,Ectonucleotide pyrophosphatase/phosphodiesterase family member 3,Reactome_R-HSA-1430728,caffeine,2519
O14678,Lysosomal cobalamin transporter ABCD4,Reactome_R-HSA-1430728,caffeine,2519
O14684,Prostaglandin E synthase,Reactome_R-HSA-1430728,caffeine,2519
O14734,Acyl-coenzyme A thioesterase 8,Reactome_R-HSA-1430728,caffeine,2519
O14735,CDP-diacylglycerol--inositol 3-phosphatidyltransferase,Reactome_R-HSA-1430728,caffeine,2519
O14792,Heparan sulfate glucosamine 3-O-sulfotransferase 1,Reactome_R-HSA-1430728,caffeine,2519
O14832,"Phytanoyl-CoA dioxygenase, peroxisomal",Reactome_R-HSA-1430728,caffeine,2519
O14841,5-oxoprolinase,Reactome_R-HSA-1430728,caffeine,2519
O14842,Free fatty acid receptor 1,Reactome_R-HSA-1430728,caffeine,2519
O14874,Branched-chain alpha-ketoacid dehydrogenase kinase,Reactome_R-HSA-1430728,caffeine,2519
O14880,"Glutathione S-transferase 3, mitochondrial",Reactome_R-HSA-1430728,caffeine,2519
O14949,Cytochrome b-c1 complex subunit 8,Reactome_R-HSA-1430728,caffeine,2519
O14957,Cytochrome b-c1 complex subunit 10,Reactome_R-HSA-1430728,caffeine,2519
O14975,Long-chain fatty acid transport protein 2,Reactome_R-HSA-1430728,caffeine,2519
O14977,Antizyme inhibitor 1,Reactome_R-HSA-1430728,caffeine,2519
O15067,Phosphoribosylformylglycinamidine synthase,Reactome_R-HSA-1430728,caffeine,2519
O15121,Sphingolipid delta(4)-desaturase DES1,Reactome_R-HSA-1430728,caffeine,2519
O15217,Glutathione S-transferase A4,Reactome_R-HSA-1430728,caffeine,2519
O15228,Dihydroxyacetone phosphate acyltransferase,Reactome_R-HSA-1430728,caffeine,2519
O15229,Kynurenine 3-monooxygenase,Reactome_R-HSA-1430728,caffeine,2519
O15239,NADH dehydrogenase [ubiquinone] 1 alpha subcomplex subunit 1,Reactome_R-HSA-1430728,caffeine,2519
O15254,Peroxisomal acyl-coenzyme A oxidase 3,Reactome_R-HSA-1430728,caffeine,2519
O15269,Serine palmitoyltransferase 1,Reactome_R-HSA-1430728,caffeine,2519
O15270,Serine palmitoyltransferase 2,Reactome_R-HSA-1430728,caffeine,2519
O15296,Polyunsaturated fatty acid lipoxygenase ALOX15B,Reactome_R-HSA-1430728,caffeine,2519
O15379,Histone deacetylase 3,Reactome_R-HSA-1430728,caffeine,2519
O15382,"Branched-chain-amino-acid aminotransferase, mitochondrial",Reactome_R-HSA-1430728,caffeine,2519
O15438,ATP-binding cassette sub-family C member 3,Reactome_R-HSA-1430728,caffeine,2519
O15440,ATP-binding cassette sub-family C member 5,Reactome_R-HSA-1430728,caffeine,2519
O15466,"Alpha-2,8-sialyltransferase 8E",Reactome_R-HSA-1430728,caffeine,2519
O15488,Glycogenin-2,Reactome_R-HSA-1430728,caffeine,2519
O15496,Group 10 secretory phospholipase A2,Reactome_R-HSA-1430728,caffeine,2519
O15504,Nucleoporin NUP42,Reactome_R-HSA-1430728,caffeine,2519
O15516,Circadian locomoter output cycles protein kaput,Reactome_R-HSA-1430728,caffeine,2519
O15528,"25-hydroxyvitamin D-1 alpha hydroxylase, mitochondrial",Reactome_R-HSA-1430728,caffeine,2519
O43169,Cytochrome b5 type B,Reactome_R-HSA-1430728,caffeine,2519
O43175,D-3-phosphoglycerate dehydrogenase,Reactome_R-HSA-1430728,caffeine,2519
O43181,"NADH dehydrogenase [ubiquinone] iron-sulfur protein 4, mitochondrial",Reactome_R-HSA-1430728,caffeine,2519
O43272,"Proline dehydrogenase 1, mitochondrial",Reactome_R-HSA-1430728,caffeine,2519
O43286,"Beta-1,4-galactosyltransferase 5",Reactome_R-HSA-1430728,caffeine,2519
O43324,Eukaryotic translation elongation factor 1 epsilon-1,Reactome_R-HSA-1430728,caffeine,2519
O43462,Membrane-bound transcription factor site-2 protease,Reactome_R-HSA-1430728,caffeine,2519
O43488,Aflatoxin B1 aldehyde reductase member 2,Reactome_R-HSA-1430728,caffeine,2519
O43513,Mediator of RNA polymerase II transcription subunit 7,Reactome_R-HSA-1430728,caffeine,2519
O43598,5-hydroxymethyl-dUMP N-hydrolase,Reactome_R-HSA-1430728,caffeine,2519
O43674,"NADH dehydrogenase [ubiquinone] 1 beta subcomplex subunit 5, mitochondrial",Reactome_R-HSA-1430728,caffeine,2519
O43676,NADH dehydrogenase [ubiquinone] 1 beta subcomplex subunit 3,Reactome_R-HSA-1430728,caffeine,2519
O43677,"NADH dehydrogenase [ubiquinone] 1 subunit C1, mitochondrial",Reactome_R-HSA-1430728,caffeine,2519
O43678,NADH dehydrogenase [ubiquinone] 1 alpha subcomplex subunit 2,Reactome_R-HSA-1430728,caffeine,2519
O43704,Sulfotransferase 1B1,Reactome_R-HSA-1430728,caffeine,2519
O43708,Maleylacetoacetate isomerase,Reactome_R-HSA-1430728,caffeine,2519
O43741,5'-AMP-activated protein kinase subunit beta-2,Reactome_R-HSA-1430728,caffeine,2519
O43772,Mitochondrial carnitine/acylcarnitine carrier protein,Reactome_R-HSA-1430728,caffeine,2519
O43808,Peroxisomal membrane protein PMP34,Reactome_R-HSA-1430728,caffeine,2519
O43819,Cytochrome c oxidase assembly factor SCO2,Reactome_R-HSA-1430728,caffeine,2519
O43826,Glucose-6-phosphate exchanger SLC37A4,Reactome_R-HSA-1430728,caffeine,2519
O43837,"Isocitrate dehydrogenase [NAD] subunit beta, mitochondrial",Reactome_R-HSA-1430728,caffeine,2519
O43865,S-adenosylhomocysteine hydrolase-like protein 1,Reactome_R-HSA-1430728,caffeine,2519
O43909,Exostosin-like 3,Reactome_R-HSA-1430728,caffeine,2519
O43916,Carbohydrate sulfotransferase 1,Reactome_R-HSA-1430728,caffeine,2519
O43920,NADH dehydrogenase [ubiquinone] iron-sulfur protein 5,Reactome_R-HSA-1430728,caffeine,2519
O60240,Perilipin-1,Reactome_R-HSA-1430728,caffeine,2519
O60244,Mediator of RNA polymerase II transcription subunit 14,Reactome_R-HSA-1430728,caffeine,2519
O60427,Acyl-CoA (8-3)-desaturase,Reactome_R-HSA-1430728,caffeine,2519
O60494,Cubilin,Reactome_R-HSA-1430728,caffeine,2519
O60512,"Beta-1,4-galactosyltransferase 3",Reactome_R-HSA-1430728,caffeine,2519
O60513,"Beta-1,4-galactosyltransferase 4",Reactome_R-HSA-1430728,caffeine,2519
O60543,Lipid transferase CIDEA,Reactome_R-HSA-1430728,caffeine,2519
O60656,UDP-glucuronosyltransferase 1A9,Reactome_R-HSA-1430728,caffeine,2519
O60664,Perilipin-3,Reactome_R-HSA-1430728,caffeine,2519
O60701,UDP-glucose 6-dehydrogenase,Reactome_R-HSA-1430728,caffeine,2519
O60733,85/88 kDa calcium-independent phospholipase A2,Reactome_R-HSA-1430728,caffeine,2519
O60760,Hematopoietic prostaglandin D synthase,Reactome_R-HSA-1430728,caffeine,2519
O60825,"6-phosphofructo-2-kinase/fructose-2,6-bisphosphatase 2",Reactome_R-HSA-1430728,caffeine,2519
O60907,F-box-like/WD repeat-containing protein TBL1X,Reactome_R-HSA-1430728,caffeine,2519
O60909,"Beta-1,4-galactosyltransferase 2",Reactome_R-HSA-1430728,caffeine,2519
O75027,"Iron-sulfur clusters transporter ABCB7, mitochondrial",Reactome_R-HSA-1430728,caffeine,2519
O75038,"1-phosphatidylinositol 4,5-bisphosphate phosphodiesterase eta-2",Reactome_R-HSA-1430728,caffeine,2519
O75063,Glycosaminoglycan xylosylkinase,Reactome_R-HSA-1430728,caffeine,2519
O75106,Amine oxidase [copper-containing] 2,Reactome_R-HSA-1430728,caffeine,2519
O75191,Xylulose kinase,Reactome_R-HSA-1430728,caffeine,2519
O75192,Peroxisomal membrane protein 11A,Reactome_R-HSA-1430728,caffeine,2519
O75208,"Ubiquinone biosynthesis protein COQ9, mitochondrial",Reactome_R-HSA-1430728,caffeine,2519
O75223,Gamma-glutamylcyclotransferase,Reactome_R-HSA-1430728,caffeine,2519
O75251,"NADH dehydrogenase [ubiquinone] iron-sulfur protein 7, mitochondrial",Reactome_R-HSA-1430728,caffeine,2519
O75306,"NADH dehydrogenase [ubiquinone] iron-sulfur protein 2, mitochondrial",Reactome_R-HSA-1430728,caffeine,2519
O75342,"Arachidonate 12-lipoxygenase, 12R-type",Reactome_R-HSA-1430728,caffeine,2519
O75354,Ectonucleoside triphosphate diphosphohydrolase 6,Reactome_R-HSA-1430728,caffeine,2519
O75355,Ectonucleoside triphosphate diphosphohydrolase 3,Reactome_R-HSA-1430728,caffeine,2519
O75356,Nucleoside diphosphate phosphatase ENTPD5,Reactome_R-HSA-1430728,caffeine,2519
O75376,Nuclear receptor corepressor 1,Reactome_R-HSA-1430728,caffeine,2519
O75380,"NADH dehydrogenase [ubiquinone] iron-sulfur protein 6, mitochondrial",Reactome_R-HSA-1430728,caffeine,2519
O75390,"Citrate synthase, mitochondrial",Reactome_R-HSA-1430728,caffeine,2519
O75438,NADH dehydrogenase [ubiquinone] 1 beta subcomplex subunit 1,Reactome_R-HSA-1430728,caffeine,2519
O75448,Mediator of RNA polymerase II transcription subunit 24,Reactome_R-HSA-1430728,caffeine,2519
O75489,"NADH dehydrogenase [ubiquinone] iron-sulfur protein 3, mitochondrial",Reactome_R-HSA-1430728,caffeine,2519
O75509,Tumor necrosis factor receptor superfamily member 21,Reactome_R-HSA-1430728,caffeine,2519
O75521-2,"Enoyl-CoA delta isomerase 2, isoform 2",Reactome_R-HSA-1430728,caffeine,2519
O75586,Mediator of RNA polymerase II transcription subunit 6,Reactome_R-HSA-1430728,caffeine,2519
O75608,Acyl-protein thioesterase 1,Reactome_R-HSA-1430728,caffeine,2519
O75694,Nuclear pore complex protein Nup155,Reactome_R-HSA-1430728,caffeine,2519
O75746,"Electrogenic aspartate/glutamate antiporter SLC25A12, mitochondrial",Reactome_R-HSA-1430728,caffeine,2519
O75752,"UDP-GalNAc:beta-1,3-N-acetylgalactosaminyltransferase 1",Reactome_R-HSA-1430728,caffeine,2519
O75828,Carbonyl reductase [NADPH] 3,Reactome_R-HSA-1430728,caffeine,2519
O75845,Lathosterol oxidase,Reactome_R-HSA-1430728,caffeine,2519
O75874,Isocitrate dehydrogenase [NADP] cytoplasmic,Reactome_R-HSA-1430728,caffeine,2519
O75880,Cytochrome c oxidase assembly factor SCO1,Reactome_R-HSA-1430728,caffeine,2519
O75891,Cytosolic 10-formyltetrahydrofolate dehydrogenase,Reactome_R-HSA-1430728,caffeine,2519
O75897,Sulfotransferase 1C4,Reactome_R-HSA-1430728,caffeine,2519
O75907,Diacylglycerol O-acyltransferase 1,Reactome_R-HSA-1430728,caffeine,2519
O75936,Gamma-butyrobetaine dioxygenase,Reactome_R-HSA-1430728,caffeine,2519
O75947,"ATP synthase peripheral stalk subunit d, mitochondrial",Reactome_R-HSA-1430728,caffeine,2519
O75964,"ATP synthase F(0) complex subunit g, mitochondrial",Reactome_R-HSA-1430728,caffeine,2519
O76062,Delta(14)-sterol reductase TM7SF2,Reactome_R-HSA-1430728,caffeine,2519
O76071,Probable cytosolic iron-sulfur protein assembly protein CIAO1,Reactome_R-HSA-1430728,caffeine,2519
O76082,Organic cation/carnitine transporter 2,Reactome_R-HSA-1430728,caffeine,2519
O94760,"N(G),N(G)-dimethylarginine dimethylaminohydrolase 1",Reactome_R-HSA-1430728,caffeine,2519
O94766,Galactosylgalactosylxylosylprotein 3-beta-glucuronosyltransferase 3,Reactome_R-HSA-1430728,caffeine,2519
O94830,Triacylglycerol hydrolase DDHD2,Reactome_R-HSA-1430728,caffeine,2519
O94923,D-glucuronyl C5-epimerase,Reactome_R-HSA-1430728,caffeine,2519
O94925,"Glutaminase kidney isoform, mitochondrial",Reactome_R-HSA-1430728,caffeine,2519
O94956-3,SLCO2B1-3,Reactome_R-HSA-1430728,caffeine,2519
O95050,Indolethylamine N-methyltransferase,Reactome_R-HSA-1430728,caffeine,2519
O95139,NADH dehydrogenase [ubiquinone] 1 beta subcomplex subunit 6,Reactome_R-HSA-1430728,caffeine,2519
O95153,Peripheral-type benzodiazepine receptor-associated protein 1,Reactome_R-HSA-1430728,caffeine,2519
O95154,Aldo-keto reductase family 7 member A3,Reactome_R-HSA-1430728,caffeine,2519
O95167,NADH dehydrogenase [ubiquinone] 1 alpha subcomplex subunit 3,Reactome_R-HSA-1430728,caffeine,2519
O95168,NADH dehydrogenase [ubiquinone] 1 beta subcomplex subunit 4,Reactome_R-HSA-1430728,caffeine,2519
O95169,"NADH dehydrogenase [ubiquinone] 1 beta subcomplex subunit 8, mitochondrial",Reactome_R-HSA-1430728,caffeine,2519
O95178,"NADH dehydrogenase [ubiquinone] 1 beta subcomplex subunit 2, mitochondrial",Reactome_R-HSA-1430728,caffeine,2519
O95182,NADH dehydrogenase [ubiquinone] 1 alpha subcomplex subunit 7,Reactome_R-HSA-1430728,caffeine,2519
O95202,Mitochondrial proton/calcium exchanger protein,Reactome_R-HSA-1430728,caffeine,2519
O95237,Lecithin retinol acyltransferase,Reactome_R-HSA-1430728,caffeine,2519
O95248,Myotubularin-related protein 5,Reactome_R-HSA-1430728,caffeine,2519
O95278,Laforin,Reactome_R-HSA-1430728,caffeine,2519
O95298,NADH dehydrogenase [ubiquinone] 1 subunit C2,Reactome_R-HSA-1430728,caffeine,2519
O95299,"NADH dehydrogenase [ubiquinone] 1 alpha subcomplex subunit 10, mitochondrial",Reactome_R-HSA-1430728,caffeine,2519
O95336,6-phosphogluconolactonase,Reactome_R-HSA-1430728,caffeine,2519
O95342,Bile salt export pump,Reactome_R-HSA-1430728,caffeine,2519
O95396,Adenylyltransferase and sulfurtransferase MOCS3,Reactome_R-HSA-1430728,caffeine,2519
O95398,Rap guanine nucleotide exchange factor 3,Reactome_R-HSA-1430728,caffeine,2519
O95402,Mediator of RNA polymerase II transcription subunit 26,Reactome_R-HSA-1430728,caffeine,2519
O95445,Apolipoprotein M,Reactome_R-HSA-1430728,caffeine,2519
O95470,Sphingosine-1-phosphate lyase 1,Reactome_R-HSA-1430728,caffeine,2519
O95477,Phospholipid-transporting ATPase ABCA1,Reactome_R-HSA-1430728,caffeine,2519
O95544,NAD kinase,Reactome_R-HSA-1430728,caffeine,2519
O95563,Mitochondrial pyruvate carrier 2,Reactome_R-HSA-1430728,caffeine,2519
O95571,"Persulfide dioxygenase ETHE1, mitochondrial",Reactome_R-HSA-1430728,caffeine,2519
O95674,Phosphatidate cytidylyltransferase 2,Reactome_R-HSA-1430728,caffeine,2519
O95749,Geranylgeranyl pyrophosphate synthase,Reactome_R-HSA-1430728,caffeine,2519
O95822-2,MLYCD,Reactome_R-HSA-1430728,caffeine,2519
O95861,"3'(2'),5'-bisphosphate nucleotidase 1",Reactome_R-HSA-1430728,caffeine,2519
O95864,Acyl-CoA 6-desaturase,Reactome_R-HSA-1430728,caffeine,2519
O95954,Formimidoyltransferase-cyclodeaminase,Reactome_R-HSA-1430728,caffeine,2519
O95989,Diphosphoinositol polyphosphate phosphohydrolase 1,Reactome_R-HSA-1430728,caffeine,2519
O95992,Cholesterol 25-hydroxylase,Reactome_R-HSA-1430728,caffeine,2519
O96000,NADH dehydrogenase [ubiquinone] 1 beta subcomplex subunit 10,Reactome_R-HSA-1430728,caffeine,2519
O96007,Molybdopterin synthase catalytic subunit,Reactome_R-HSA-1430728,caffeine,2519
O96024,"Beta-1,3-galactosyltransferase 4",Reactome_R-HSA-1430728,caffeine,2519
O96033,Molybdopterin synthase sulfur carrier subunit,Reactome_R-HSA-1430728,caffeine,2519
P00156,Cytochrome b,Reactome_R-HSA-1430728,caffeine,2519
P00167,Cytochrome b5,Reactome_R-HSA-1430728,caffeine,2519
P00325,All-trans-retinol dehydrogenase [NAD(+)] ADH1B,Reactome_R-HSA-1430728,caffeine,2519
P00326,Alcohol dehydrogenase 1C,Reactome_R-HSA-1430728,caffeine,2519
P00338,L-lactate dehydrogenase A chain,Reactome_R-HSA-1430728,caffeine,2519
P00352,Aldehyde dehydrogenase 1A1,Reactome_R-HSA-1430728,caffeine,2519
P00374,Dihydrofolate reductase,Reactome_R-HSA-1430728,caffeine,2519
P00387,NADH-cytochrome b5 reductase 3,Reactome_R-HSA-1430728,caffeine,2519
P00390-2,GR,Reactome_R-HSA-1430728,caffeine,2519
P00395,Cytochrome c oxidase subunit 1,Reactome_R-HSA-1430728,caffeine,2519
P00403,Cytochrome c oxidase subunit 2,Reactome_R-HSA-1430728,caffeine,2519
P00414,Cytochrome c oxidase subunit 3,Reactome_R-HSA-1430728,caffeine,2519
P00439,Phenylalanine-4-hydroxylase,Reactome_R-HSA-1430728,caffeine,2519
P00480,"Ornithine transcarbamylase, mitochondrial",Reactome_R-HSA-1430728,caffeine,2519
P00491,Purine nucleoside phosphorylase,Reactome_R-HSA-1430728,caffeine,2519
P00492,Hypoxanthine-guanine phosphoribosyltransferase,Reactome_R-HSA-1430728,caffeine,2519
P00505,"Aspartate aminotransferase, mitochondrial",Reactome_R-HSA-1430728,caffeine,2519
P00558,Phosphoglycerate kinase 1,Reactome_R-HSA-1430728,caffeine,2519
P00709,Alpha-lactalbumin,Reactome_R-HSA-1430728,caffeine,2519
P00813,Adenosine deaminase,Reactome_R-HSA-1430728,caffeine,2519
P00846,ATP synthase F(0) complex subunit a,Reactome_R-HSA-1430728,caffeine,2519
P00915,Carbonic anhydrase 1,Reactome_R-HSA-1430728,caffeine,2519
P00918,Carbonic anhydrase 2,Reactome_R-HSA-1430728,caffeine,2519
P00966,Argininosuccinate synthase,Reactome_R-HSA-1430728,caffeine,2519
P01019,Angiotensinogen,Reactome_R-HSA-1430728,caffeine,2519
P01130,Low-density lipoprotein receptor,Reactome_R-HSA-1430728,caffeine,2519
P01189,Pro-opiomelanocortin,Reactome_R-HSA-1430728,caffeine,2519
P01215,Glycoprotein hormones alpha chain,Reactome_R-HSA-1430728,caffeine,2519
P01222,Thyrotropin subunit beta,Reactome_R-HSA-1430728,caffeine,2519
P01229,Lutropin subunit beta,Reactome_R-HSA-1430728,caffeine,2519
P01275,Pro-glucagon,Reactome_R-HSA-1430728,caffeine,2519
P01308,Insulin,Reactome_R-HSA-1430728,caffeine,2519
P02647,Apolipoprotein A-I,Reactome_R-HSA-1430728,caffeine,2519
P02649,Apolipoprotein E,Reactome_R-HSA-1430728,caffeine,2519
P02652,Apolipoprotein A-II,Reactome_R-HSA-1430728,caffeine,2519
P02655,Apolipoprotein C-II,Reactome_R-HSA-1430728,caffeine,2519
P02656,Apolipoprotein C-III,Reactome_R-HSA-1430728,caffeine,2519
P02753,Retinol-binding protein 4,Reactome_R-HSA-1430728,caffeine,2519
P02766,Transthyretin,Reactome_R-HSA-1430728,caffeine,2519
P02768,Albumin,Reactome_R-HSA-1430728,caffeine,2519
P02774,Vitamin D-binding protein,Reactome_R-HSA-1430728,caffeine,2519
P03886,NADH-ubiquinone oxidoreductase chain 1,Reactome_R-HSA-1430728,caffeine,2519
P03891,NADH-ubiquinone oxidoreductase chain 2,Reactome_R-HSA-1430728,caffeine,2519
P03897,NADH-ubiquinone oxidoreductase chain 3,Reactome_R-HSA-1430728,caffeine,2519
P03905,NADH-ubiquinone oxidoreductase chain 4,Reactome_R-HSA-1430728,caffeine,2519
P03915,NADH-ubiquinone oxidoreductase chain 5,Reactome_R-HSA-1430728,caffeine,2519
P03923,NADH-ubiquinone oxidoreductase chain 6,Reactome_R-HSA-1430728,caffeine,2519
P03928,ATP synthase F(0) complex subunit 8,Reactome_R-HSA-1430728,caffeine,2519
P04035-1,HMDH_HUMAN,Reactome_R-HSA-1430728,caffeine,2519
P04054,Phospholipase A2,Reactome_R-HSA-1430728,caffeine,2519
P04062,Lysosomal acid glucosylceramidase,Reactome_R-HSA-1430728,caffeine,2519
P04075,Fructose-bisphosphate aldolase A,Reactome_R-HSA-1430728,caffeine,2519
P04114,Apolipoprotein B-100,Reactome_R-HSA-1430728,caffeine,2519
P04118,Colipase,Reactome_R-HSA-1430728,caffeine,2519
P04181,"Ornithine aminotransferase, mitochondrial",Reactome_R-HSA-1430728,caffeine,2519
P04183,"Thymidine kinase, cytosolic",Reactome_R-HSA-1430728,caffeine,2519
P04406,Glyceraldehyde-3-phosphate dehydrogenase,Reactome_R-HSA-1430728,caffeine,2519
P04424,Argininosuccinate lyase,Reactome_R-HSA-1430728,caffeine,2519
P04637,Cellular tumor antigen p53,Reactome_R-HSA-1430728,caffeine,2519
P04798,Cytochrome P450 1A1,Reactome_R-HSA-1430728,caffeine,2519
P04818,Thymidylate synthase,Reactome_R-HSA-1430728,caffeine,2519
P05062,Fructose-bisphosphate aldolase B,Reactome_R-HSA-1430728,caffeine,2519
P05089,Arginase-1,Reactome_R-HSA-1430728,caffeine,2519
P05091,"Aldehyde dehydrogenase, mitochondrial",Reactome_R-HSA-1430728,caffeine,2519
P05093,"Steroid 17-alpha-hydroxylase/17,20 lyase",Reactome_R-HSA-1430728,caffeine,2519
P05108,"Cholesterol side-chain cleavage enzyme, mitochondrial",Reactome_R-HSA-1430728,caffeine,2519
P05165,"Propionyl-CoA carboxylase alpha chain, mitochondrial",Reactome_R-HSA-1430728,caffeine,2519
P05166,"Propionyl-CoA carboxylase beta chain, mitochondrial",Reactome_R-HSA-1430728,caffeine,2519
P05177,Cytochrome P450 1A2,Reactome_R-HSA-1430728,caffeine,2519
P05181,Cytochrome P450 2E1,Reactome_R-HSA-1430728,caffeine,2519
P06132,Uroporphyrinogen decarboxylase,Reactome_R-HSA-1430728,caffeine,2519
P06280,Alpha-galactosidase A,Reactome_R-HSA-1430728,caffeine,2519
P06576,"ATP synthase F(1) complex subunit beta, mitochondrial",Reactome_R-HSA-1430728,caffeine,2519
P06727,Apolipoprotein A-IV,Reactome_R-HSA-1430728,caffeine,2519
P06732,Creatine kinase M-type,Reactome_R-HSA-1430728,caffeine,2519
P06733,Alpha-enolase,Reactome_R-HSA-1430728,caffeine,2519
P06737,"Glycogen phosphorylase, liver form",Reactome_R-HSA-1430728,caffeine,2519
P06744,Glucose-6-phosphate isomerase,Reactome_R-HSA-1430728,caffeine,2519
P07099,Epoxide hydrolase 1,Reactome_R-HSA-1430728,caffeine,2519
P07101,Tyrosine 3-monooxygenase,Reactome_R-HSA-1430728,caffeine,2519
P07148,"Fatty acid-binding protein, liver",Reactome_R-HSA-1430728,caffeine,2519
P07195,L-lactate dehydrogenase B chain,Reactome_R-HSA-1430728,caffeine,2519
P07202,Thyroid peroxidase,Reactome_R-HSA-1430728,caffeine,2519
P07205,Phosphoglycerate kinase 2,Reactome_R-HSA-1430728,caffeine,2519
P07327,Alcohol dehydrogenase 1A,Reactome_R-HSA-1430728,caffeine,2519
P07451,Carbonic anhydrase 3,Reactome_R-HSA-1430728,caffeine,2519
P07602,Prosaposin,Reactome_R-HSA-1430728,caffeine,2519
P07711,Procathepsin L,Reactome_R-HSA-1430728,caffeine,2519
P07738,Bisphosphoglycerate mutase,Reactome_R-HSA-1430728,caffeine,2519
P07741,Adenine phosphoribosyltransferase,Reactome_R-HSA-1430728,caffeine,2519
P07814,Bifunctional glutamate/proline--tRNA ligase,Reactome_R-HSA-1430728,caffeine,2519
P07864,L-lactate dehydrogenase C chain,Reactome_R-HSA-1430728,caffeine,2519
P07900,Heat shock protein HSP 90-alpha,Reactome_R-HSA-1430728,caffeine,2519
P07902,Galactose-1-phosphate uridylyltransferase,Reactome_R-HSA-1430728,caffeine,2519
P07919,"Cytochrome b-c1 complex subunit 6, mitochondrial",Reactome_R-HSA-1430728,caffeine,2519
P07954,"Fumarate hydratase, mitochondrial",Reactome_R-HSA-1430728,caffeine,2519
P08047,Transcription factor Sp1,Reactome_R-HSA-1430728,caffeine,2519
P08185,Corticosteroid-binding globulin,Reactome_R-HSA-1430728,caffeine,2519
P08195,Amino acid transporter heavy chain SLC3A2,Reactome_R-HSA-1430728,caffeine,2519
P08236,Beta-glucuronidase,Reactome_R-HSA-1430728,caffeine,2519
P08237,"ATP-dependent 6-phosphofructokinase, muscle type",Reactome_R-HSA-1430728,caffeine,2519
P08238,Heat shock protein HSP 90-beta,Reactome_R-HSA-1430728,caffeine,2519
P08243,Asparagine synthetase [glutamine-hydrolyzing],Reactome_R-HSA-1430728,caffeine,2519
P08263,Glutathione S-transferase A1,Reactome_R-HSA-1430728,caffeine,2519
P08319,All-trans-retinol dehydrogenase [NAD(+)] ADH4,Reactome_R-HSA-1430728,caffeine,2519
P08397,Porphobilinogen deaminase,Reactome_R-HSA-1430728,caffeine,2519
P08574,"Cytochrome c1, heme protein, mitochondrial",Reactome_R-HSA-1430728,caffeine,2519
P08684,Cytochrome P450 3A4,Reactome_R-HSA-1430728,caffeine,2519
P08686,Steroid 21-hydroxylase,Reactome_R-HSA-1430728,caffeine,2519
P08842,Steryl-sulfatase,Reactome_R-HSA-1430728,caffeine,2519
P09104,Gamma-enolase,Reactome_R-HSA-1430728,caffeine,2519
P09110,"3-ketoacyl-CoA thiolase, peroxisomal",Reactome_R-HSA-1430728,caffeine,2519
P09172,Dopamine beta-hydroxylase,Reactome_R-HSA-1430728,caffeine,2519
P09210,Glutathione S-transferase A2,Reactome_R-HSA-1430728,caffeine,2519
P09211,Glutathione S-transferase P,Reactome_R-HSA-1430728,caffeine,2519
P09417,Dihydropteridine reductase,Reactome_R-HSA-1430728,caffeine,2519
P09455,Retinol-binding protein 1,Reactome_R-HSA-1430728,caffeine,2519
P09467,"Fructose-1,6-bisphosphatase 1",Reactome_R-HSA-1430728,caffeine,2519
P09488,Glutathione S-transferase Mu 1,Reactome_R-HSA-1430728,caffeine,2519
P09622,"Dihydrolipoyl dehydrogenase, mitochondrial",Reactome_R-HSA-1430728,caffeine,2519
P09669,Cytochrome c oxidase subunit 6C,Reactome_R-HSA-1430728,caffeine,2519
P09917,Polyunsaturated fatty acid 5-lipoxygenase,Reactome_R-HSA-1430728,caffeine,2519
P09923,Intestinal-type alkaline phosphatase,Reactome_R-HSA-1430728,caffeine,2519
P09960,Leukotriene A-4 hydrolase,Reactome_R-HSA-1430728,caffeine,2519
P09972,Fructose-bisphosphate aldolase C,Reactome_R-HSA-1430728,caffeine,2519
P0C024,Peroxisomal coenzyme A diphosphatase NUDT7,Reactome_R-HSA-1430728,caffeine,2519
P0CG29,Glutathione S-transferase theta-2,Reactome_R-HSA-1430728,caffeine,2519
P0CG30,Glutathione S-transferase theta-2B,Reactome_R-HSA-1430728,caffeine,2519
P0DJ07,"Protein PET100 homolog, mitochondrial",Reactome_R-HSA-1430728,caffeine,2519
P0DKB6,Mitochondrial pyruvate carrier 1-like protein,Reactome_R-HSA-1430728,caffeine,2519
P0DMM9,Sulfotransferase 1A3,Reactome_R-HSA-1430728,caffeine,2519
P0DMN0,Sulfotransferase 1A4,Reactome_R-HSA-1430728,caffeine,2519
P0DP23,Calmodulin-1,Reactome_R-HSA-1430728,caffeine,2519
P10109,"Adrenodoxin, mitochondrial",Reactome_R-HSA-1430728,caffeine,2519
P10515,"Dihydrolipoyllysine-residue acetyltransferase component of pyruvate dehydrogenase complex, mitochondrial",Reactome_R-HSA-1430728,caffeine,2519
P10599,Thioredoxin,Reactome_R-HSA-1430728,caffeine,2519
P10606,"Cytochrome c oxidase subunit 5B, mitochondrial",Reactome_R-HSA-1430728,caffeine,2519
P10620,Microsomal glutathione S-transferase 1,Reactome_R-HSA-1430728,caffeine,2519
P10746,Uroporphyrinogen-III synthase,Reactome_R-HSA-1430728,caffeine,2519
P10768,S-formylglutathione hydrolase,Reactome_R-HSA-1430728,caffeine,2519
P11086,Phenylethanolamine N-methyltransferase,Reactome_R-HSA-1430728,caffeine,2519
P11166,"Solute carrier family 2, facilitated glucose transporter member 1",Reactome_R-HSA-1430728,caffeine,2519
P11168,"Solute carrier family 2, facilitated glucose transporter member 2",Reactome_R-HSA-1430728,caffeine,2519
P11172,Uridine 5'-monophosphate synthase,Reactome_R-HSA-1430728,caffeine,2519
P11177,"Pyruvate dehydrogenase E1 component subunit beta, mitochondrial",Reactome_R-HSA-1430728,caffeine,2519
P11182,"Lipoamide acyltransferase component of branched-chain alpha-keto acid dehydrogenase complex, mitochondrial",Reactome_R-HSA-1430728,caffeine,2519
P11216,"Glycogen phosphorylase, brain form",Reactome_R-HSA-1430728,caffeine,2519
P11217,"Glycogen phosphorylase, muscle form",Reactome_R-HSA-1430728,caffeine,2519
P11245,Arylamine N-acetyltransferase 2,Reactome_R-HSA-1430728,caffeine,2519
P11310,"Medium-chain specific acyl-CoA dehydrogenase, mitochondrial",Reactome_R-HSA-1430728,caffeine,2519
P11413,Glucose-6-phosphate 1-dehydrogenase,Reactome_R-HSA-1430728,caffeine,2519
P11473,Vitamin D3 receptor,Reactome_R-HSA-1430728,caffeine,2519
P11474,Steroid hormone receptor ERR1,Reactome_R-HSA-1430728,caffeine,2519
P11498,"Pyruvate carboxylase, mitochondrial",Reactome_R-HSA-1430728,caffeine,2519
P11511,Aromatase,Reactome_R-HSA-1430728,caffeine,2519
P11586,"C-1-tetrahydrofolate synthase, cytoplasmic",Reactome_R-HSA-1430728,caffeine,2519
P11766,Alcohol dehydrogenase class-3,Reactome_R-HSA-1430728,caffeine,2519
P11908,Ribose-phosphate pyrophosphokinase 2,Reactome_R-HSA-1430728,caffeine,2519
P11926,Ornithine decarboxylase,Reactome_R-HSA-1430728,caffeine,2519
P12235,ADP/ATP translocase 1,Reactome_R-HSA-1430728,caffeine,2519
P12268,Inosine-5'-monophosphate dehydrogenase 2,Reactome_R-HSA-1430728,caffeine,2519
P12270,Nucleoprotein TPR,Reactome_R-HSA-1430728,caffeine,2519
P12277,Creatine kinase B-type,Reactome_R-HSA-1430728,caffeine,2519
P12532,"Creatine kinase U-type, mitochondrial",Reactome_R-HSA-1430728,caffeine,2519
P12694,"2-oxoisovalerate dehydrogenase subunit alpha, mitochondrial",Reactome_R-HSA-1430728,caffeine,2519
P13196,"5-aminolevulinate synthase, non-specific, mitochondrial",Reactome_R-HSA-1430728,caffeine,2519
P13686,Tartrate-resistant acid phosphatase type 5,Reactome_R-HSA-1430728,caffeine,2519
P13716,Delta-aminolevulinic acid dehydratase,Reactome_R-HSA-1430728,caffeine,2519
P13804,"Electron transfer flavoprotein subunit alpha, mitochondrial",Reactome_R-HSA-1430728,caffeine,2519
P13807,"Glycogen [starch] synthase, muscle",Reactome_R-HSA-1430728,caffeine,2519
P13929,Beta-enolase,Reactome_R-HSA-1430728,caffeine,2519
P14060,3 beta-hydroxysteroid dehydrogenase/Delta 5-->4-isomerase type 1,Reactome_R-HSA-1430728,caffeine,2519
P14061,17-beta-hydroxysteroid dehydrogenase type 1,Reactome_R-HSA-1430728,caffeine,2519
P14207,Folate receptor beta,Reactome_R-HSA-1430728,caffeine,2519
P14324,Farnesyl pyrophosphate synthase,Reactome_R-HSA-1430728,caffeine,2519
P14550,Aldo-keto reductase family 1 member A1,Reactome_R-HSA-1430728,caffeine,2519
P14555,"Phospholipase A2, membrane associated",Reactome_R-HSA-1430728,caffeine,2519
P14618-1,PKM isozyme M2,Reactome_R-HSA-1430728,caffeine,2519
P14618-2,PKM isoform 2,Reactome_R-HSA-1430728,caffeine,2519
P14679,Tyrosinase,Reactome_R-HSA-1430728,caffeine,2519
P14868,"Aspartate--tRNA ligase, cytoplasmic",Reactome_R-HSA-1430728,caffeine,2519
P14902,"Indoleamine 2,3-dioxygenase 1",Reactome_R-HSA-1430728,caffeine,2519
P14920,D-amino-acid oxidase,Reactome_R-HSA-1430728,caffeine,2519
P14927,Cytochrome b-c1 complex subunit 7,Reactome_R-HSA-1430728,caffeine,2519
P15090,"Fatty acid-binding protein, adipocyte",Reactome_R-HSA-1430728,caffeine,2519
P15104,Glutamine synthetase,Reactome_R-HSA-1430728,caffeine,2519
P15121,Aldo-keto reductase family 1 member B1,Reactome_R-HSA-1430728,caffeine,2519
P15259,Phosphoglycerate mutase 2,Reactome_R-HSA-1430728,caffeine,2519
P15289,Arylsulfatase A,Reactome_R-HSA-1430728,caffeine,2519
P15291,"Beta-1,4-galactosyltransferase 1",Reactome_R-HSA-1430728,caffeine,2519
P15428,15-hydroxyprostaglandin dehydrogenase [NAD(+)],Reactome_R-HSA-1430728,caffeine,2519
P15531,Nucleoside diphosphate kinase A,Reactome_R-HSA-1430728,caffeine,2519
P15559,NAD(P)H dehydrogenase [quinone] 1,Reactome_R-HSA-1430728,caffeine,2519
P15586,N-acetylglucosamine-6-sulfatase,Reactome_R-HSA-1430728,caffeine,2519
P15735,"Phosphorylase b kinase gamma catalytic chain, liver/testis isoform",Reactome_R-HSA-1430728,caffeine,2519
P15848,Arylsulfatase B,Reactome_R-HSA-1430728,caffeine,2519
P15954,"Cytochrome c oxidase subunit 7C, mitochondrial",Reactome_R-HSA-1430728,caffeine,2519
P16050,Polyunsaturated fatty acid lipoxygenase ALOX15,Reactome_R-HSA-1430728,caffeine,2519
P16083,Ribosyldihydronicotinamide dehydrogenase [quinone],Reactome_R-HSA-1430728,caffeine,2519
P16118,"6-phosphofructo-2-kinase/fructose-2,6-bisphosphatase 1",Reactome_R-HSA-1430728,caffeine,2519
P16152,Carbonyl reductase [NADPH] 1,Reactome_R-HSA-1430728,caffeine,2519
P16219,"Short-chain specific acyl-CoA dehydrogenase, mitochondrial",Reactome_R-HSA-1430728,caffeine,2519
P16233,Pancreatic triacylglycerol lipase,Reactome_R-HSA-1430728,caffeine,2519
P16260,Mitochondrial coenzyme A transporter SLC25A16,Reactome_R-HSA-1430728,caffeine,2519
P16435,NADPH--cytochrome P450 reductase,Reactome_R-HSA-1430728,caffeine,2519
P16442,Histo-blood group ABO system transferase,Reactome_R-HSA-1430728,caffeine,2519
P16444,Dipeptidase 1,Reactome_R-HSA-1430728,caffeine,2519
P16671,Platelet glycoprotein 4,Reactome_R-HSA-1430728,caffeine,2519
P16885,"1-phosphatidylinositol 4,5-bisphosphate phosphodiesterase gamma-2",Reactome_R-HSA-1430728,caffeine,2519
P16930,Fumarylacetoacetase,Reactome_R-HSA-1430728,caffeine,2519
P17174,"Aspartate aminotransferase, cytoplasmic",Reactome_R-HSA-1430728,caffeine,2519
P17252,Protein kinase C alpha type,Reactome_R-HSA-1430728,caffeine,2519
P17405,Sphingomyelin phosphodiesterase,Reactome_R-HSA-1430728,caffeine,2519
P17540,"Creatine kinase S-type, mitochondrial",Reactome_R-HSA-1430728,caffeine,2519
P17568,NADH dehydrogenase [ubiquinone] 1 beta subcomplex subunit 7,Reactome_R-HSA-1430728,caffeine,2519
P17643,"5,6-dihydroxyindole-2-carboxylic acid oxidase",Reactome_R-HSA-1430728,caffeine,2519
P17707,S-adenosylmethionine decarboxylase proenzyme,Reactome_R-HSA-1430728,caffeine,2519
P17735,Tyrosine aminotransferase,Reactome_R-HSA-1430728,caffeine,2519
P17812,CTP synthase 1,Reactome_R-HSA-1430728,caffeine,2519
P17858,"ATP-dependent 6-phosphofructokinase, liver type",Reactome_R-HSA-1430728,caffeine,2519
P17900,Ganglioside GM2 activator,Reactome_R-HSA-1430728,caffeine,2519
P18054,Polyunsaturated fatty acid lipoxygenase ALOX12,Reactome_R-HSA-1430728,caffeine,2519
P18074,General transcription and DNA repair factor IIH helicase subunit XPD,Reactome_R-HSA-1430728,caffeine,2519
P18405,3-oxo-5-alpha-steroid 4-dehydrogenase 1,Reactome_R-HSA-1430728,caffeine,2519
P18440,Arylamine N-acetyltransferase 1,Reactome_R-HSA-1430728,caffeine,2519
P18577,Blood group Rh(CE) polypeptide,Reactome_R-HSA-1430728,caffeine,2519
P18669,Phosphoglycerate mutase 1,Reactome_R-HSA-1430728,caffeine,2519
P18827,Syndecan-1,Reactome_R-HSA-1430728,caffeine,2519
P18859,"ATP synthase peripheral stalk subunit F6, mitochondrial",Reactome_R-HSA-1430728,caffeine,2519
P19099,"Cytochrome P450 11B2, mitochondrial",Reactome_R-HSA-1430728,caffeine,2519
P19113,Histidine decarboxylase,Reactome_R-HSA-1430728,caffeine,2519
P19174,"1-phosphatidylinositol 4,5-bisphosphate phosphodiesterase gamma-1",Reactome_R-HSA-1430728,caffeine,2519
P19404,"NADH dehydrogenase [ubiquinone] flavoprotein 2, mitochondrial",Reactome_R-HSA-1430728,caffeine,2519
P19440,Glutathione hydrolase 1 proenzyme,Reactome_R-HSA-1430728,caffeine,2519
P19526,"Galactoside alpha-(1,2)-fucosyltransferase 1",Reactome_R-HSA-1430728,caffeine,2519
P19623,Spermidine synthase,Reactome_R-HSA-1430728,caffeine,2519
P19634,Sodium/hydrogen exchanger 1,Reactome_R-HSA-1430728,caffeine,2519
P19793,Retinoic acid receptor RXR-alpha,Reactome_R-HSA-1430728,caffeine,2519
P19801,Diamine oxidase [copper-containing],Reactome_R-HSA-1430728,caffeine,2519
P19971,Thymidine phosphorylase,Reactome_R-HSA-1430728,caffeine,2519
P20061,Transcobalamin-1,Reactome_R-HSA-1430728,caffeine,2519
P20062,Transcobalamin-2,Reactome_R-HSA-1430728,caffeine,2519
P20132,L-serine dehydratase/L-threonine deaminase,Reactome_R-HSA-1430728,caffeine,2519
P20292,Arachidonate 5-lipoxygenase-activating protein,Reactome_R-HSA-1430728,caffeine,2519
P20309,Muscarinic acetylcholine receptor M3,Reactome_R-HSA-1430728,caffeine,2519
P20338,Ras-related protein Rab-4A,Reactome_R-HSA-1430728,caffeine,2519
P20339,Ras-related protein Rab-5A,Reactome_R-HSA-1430728,caffeine,2519
P20645,Cation-dependent mannose-6-phosphate receptor,Reactome_R-HSA-1430728,caffeine,2519
P20674,"Cytochrome c oxidase subunit 5A, mitochondrial",Reactome_R-HSA-1430728,caffeine,2519
P20711,Aromatic-L-amino-acid decarboxylase,Reactome_R-HSA-1430728,caffeine,2519
P20839,Inosine-5'-monophosphate dehydrogenase 1,Reactome_R-HSA-1430728,caffeine,2519
P21108,Ribose-phosphate pyrophosphokinase 3,Reactome_R-HSA-1430728,caffeine,2519
P21217,3-galactosyl-N-acetylglucosaminide 4-alpha-L-fucosyltransferase FUT3,Reactome_R-HSA-1430728,caffeine,2519
P21266,Glutathione S-transferase Mu 3,Reactome_R-HSA-1430728,caffeine,2519
P21397,Amine oxidase [flavin-containing] A,Reactome_R-HSA-1430728,caffeine,2519
P21399,Cytoplasmic aconitate hydratase,Reactome_R-HSA-1430728,caffeine,2519
P21439,Phosphatidylcholine translocator ABCB4,Reactome_R-HSA-1430728,caffeine,2519
P21549,Alanine--glyoxylate aminotransferase,Reactome_R-HSA-1430728,caffeine,2519
P21589,5'-nucleotidase,Reactome_R-HSA-1430728,caffeine,2519
P21673,Diamine acetyltransferase 1,Reactome_R-HSA-1430728,caffeine,2519
P21695,"Glycerol-3-phosphate dehydrogenase [NAD(+)], cytoplasmic",Reactome_R-HSA-1430728,caffeine,2519
P21796,Non-selective voltage-gated ion channel VDAC1,Reactome_R-HSA-1430728,caffeine,2519
P21912,"Succinate dehydrogenase [ubiquinone] iron-sulfur subunit, mitochondrial",Reactome_R-HSA-1430728,caffeine,2519
P21953,"2-oxoisovalerate dehydrogenase subunit beta, mitochondrial",Reactome_R-HSA-1430728,caffeine,2519
P21964,Catechol O-methyltransferase,Reactome_R-HSA-1430728,caffeine,2519
P22033,"Methylmalonyl-CoA mutase, mitochondrial",Reactome_R-HSA-1430728,caffeine,2519
P22059,Oxysterol-binding protein 1,Reactome_R-HSA-1430728,caffeine,2519
P22102,Trifunctional purine biosynthetic protein adenosine-3,Reactome_R-HSA-1430728,caffeine,2519
P22234,Bifunctional phosphoribosylaminoimidazole carboxylase/phosphoribosylaminoimidazole succinocarboxamide synthetase,Reactome_R-HSA-1430728,caffeine,2519
P22303,Acetylcholinesterase,Reactome_R-HSA-1430728,caffeine,2519
P22304,Iduronate 2-sulfatase,Reactome_R-HSA-1430728,caffeine,2519
P22307,Sterol carrier protein 2,Reactome_R-HSA-1430728,caffeine,2519
P22307-1,SCPx,Reactome_R-HSA-1430728,caffeine,2519
P22309,UDP-glucuronosyltransferase 1A1,Reactome_R-HSA-1430728,caffeine,2519
P22310,UDP-glucuronosyltransferase 1A4,Reactome_R-HSA-1430728,caffeine,2519
P22392,Nucleoside diphosphate kinase B,Reactome_R-HSA-1430728,caffeine,2519
P22413,Ectonucleotide pyrophosphatase/phosphodiesterase family member 1,Reactome_R-HSA-1430728,caffeine,2519
P22557,"5-aminolevulinate synthase, erythroid-specific, mitochondrial",Reactome_R-HSA-1430728,caffeine,2519
P22570,"NADPH:adrenodoxin oxidoreductase, mitochondrial",Reactome_R-HSA-1430728,caffeine,2519
P22680,Cytochrome P450 7A1,Reactome_R-HSA-1430728,caffeine,2519
P22695,"Cytochrome b-c1 complex subunit 2, mitochondrial",Reactome_R-HSA-1430728,caffeine,2519
P22748,Carbonic anhydrase 4,Reactome_R-HSA-1430728,caffeine,2519
P22760,Arylacetamide deacetylase,Reactome_R-HSA-1430728,caffeine,2519
P22830,"Ferrochelatase, mitochondrial",Reactome_R-HSA-1430728,caffeine,2519
P23109,AMP deaminase 1,Reactome_R-HSA-1430728,caffeine,2519
P23219,Prostaglandin G/H synthase 1,Reactome_R-HSA-1430728,caffeine,2519
P23280,Carbonic anhydrase 6,Reactome_R-HSA-1430728,caffeine,2519
P23378,"Glycine dehydrogenase (decarboxylating), mitochondrial",Reactome_R-HSA-1430728,caffeine,2519
P23434,"Glycine cleavage system H protein, mitochondrial",Reactome_R-HSA-1430728,caffeine,2519
P23511,Nuclear transcription factor Y subunit alpha,Reactome_R-HSA-1430728,caffeine,2519
P23526,Adenosylhomocysteinase,Reactome_R-HSA-1430728,caffeine,2519
P23677,Inositol-trisphosphate 3-kinase A,Reactome_R-HSA-1430728,caffeine,2519
P23786,"Carnitine O-palmitoyltransferase 2, mitochondrial",Reactome_R-HSA-1430728,caffeine,2519
P23919,Thymidylate kinase,Reactome_R-HSA-1430728,caffeine,2519
P23921,Ribonucleoside-diphosphate reductase large subunit,Reactome_R-HSA-1430728,caffeine,2519
P24298,Alanine aminotransferase 1,Reactome_R-HSA-1430728,caffeine,2519
P24311,"Cytochrome c oxidase subunit 7B, mitochondrial",Reactome_R-HSA-1430728,caffeine,2519
P24539,"ATP synthase peripheral stalk subunit b, mitochondrial",Reactome_R-HSA-1430728,caffeine,2519
P24557,Thromboxane-A synthase,Reactome_R-HSA-1430728,caffeine,2519
P24588,A-kinase anchor protein 5,Reactome_R-HSA-1430728,caffeine,2519
P24752,"Acetyl-CoA acetyltransferase, mitochondrial",Reactome_R-HSA-1430728,caffeine,2519
P24863,Cyclin-C,Reactome_R-HSA-1430728,caffeine,2519
P25208,Nuclear transcription factor Y subunit beta,Reactome_R-HSA-1430728,caffeine,2519
P25325,3-mercaptopyruvate sulfurtransferase,Reactome_R-HSA-1430728,caffeine,2519
P25705,"ATP synthase F(1) complex subunit alpha, mitochondrial",Reactome_R-HSA-1430728,caffeine,2519
P25874,Mitochondrial brown fat uncoupling protein 1,Reactome_R-HSA-1430728,caffeine,2519
P26439,3 beta-hydroxysteroid dehydrogenase/Delta 5-->4-isomerase type 2,Reactome_R-HSA-1430728,caffeine,2519
P26440,"Isovaleryl-CoA dehydrogenase, mitochondrial",Reactome_R-HSA-1430728,caffeine,2519
P27144,"Adenylate kinase 4, mitochondrial",Reactome_R-HSA-1430728,caffeine,2519
P27169,Serum paraoxonase/arylesterase 1,Reactome_R-HSA-1430728,caffeine,2519
P27338,Amine oxidase [flavin-containing] B,Reactome_R-HSA-1430728,caffeine,2519
P27352,Cobalamin binding intrinsic factor,Reactome_R-HSA-1430728,caffeine,2519
P27469,G0/G1 switch protein 2,Reactome_R-HSA-1430728,caffeine,2519
P27707,Deoxycytidine kinase,Reactome_R-HSA-1430728,caffeine,2519
P27708,Multifunctional protein CAD,Reactome_R-HSA-1430728,caffeine,2519
P27986,Phosphatidylinositol 3-kinase regulatory subunit alpha,Reactome_R-HSA-1430728,caffeine,2519
P27987,Inositol-trisphosphate 3-kinase B,Reactome_R-HSA-1430728,caffeine,2519
P28161,Glutathione S-transferase Mu 2,Reactome_R-HSA-1430728,caffeine,2519
P28329,Choline O-acetyltransferase,Reactome_R-HSA-1430728,caffeine,2519
P28330,"Long-chain specific acyl-CoA dehydrogenase, mitochondrial",Reactome_R-HSA-1430728,caffeine,2519
P28331,"NADH-ubiquinone oxidoreductase 75 kDa subunit, mitochondrial",Reactome_R-HSA-1430728,caffeine,2519
P28332,Alcohol dehydrogenase 6,Reactome_R-HSA-1430728,caffeine,2519
P28340,DNA polymerase delta catalytic subunit,Reactome_R-HSA-1430728,caffeine,2519
P28907,ADP-ribosyl cyclase/cyclic ADP-ribose hydrolase 1,Reactome_R-HSA-1430728,caffeine,2519
P29401,Transketolase,Reactome_R-HSA-1430728,caffeine,2519
P29474,Nitric oxide synthase 3,Reactome_R-HSA-1430728,caffeine,2519
P29966,Myristoylated alanine-rich C-kinase substrate,Reactome_R-HSA-1430728,caffeine,2519
P30038,"Delta-1-pyrroline-5-carboxylate dehydrogenase, mitochondrial",Reactome_R-HSA-1430728,caffeine,2519
P30047,GTP cyclohydrolase 1 feedback regulatory protein,Reactome_R-HSA-1430728,caffeine,2519
P30049,"ATP synthase F(1) complex subunit delta, mitochondrial",Reactome_R-HSA-1430728,caffeine,2519
P30084,"Enoyl-CoA hydratase, mitochondrial",Reactome_R-HSA-1430728,caffeine,2519
P30536,Translocator protein,Reactome_R-HSA-1430728,caffeine,2519
P30566,Adenylosuccinate lyase,Reactome_R-HSA-1430728,caffeine,2519
P30613-1,PKLR isozyme R,Reactome_R-HSA-1430728,caffeine,2519
P30613-2,PKLR isozyme L,Reactome_R-HSA-1430728,caffeine,2519
P30711,Glutathione S-transferase theta-1,Reactome_R-HSA-1430728,caffeine,2519
P30793,GTP cyclohydrolase 1,Reactome_R-HSA-1430728,caffeine,2519
P30837,"Aldehyde dehydrogenase X, mitochondrial",Reactome_R-HSA-1430728,caffeine,2519
P30838,"Aldehyde dehydrogenase, dimeric NADP-preferring",Reactome_R-HSA-1430728,caffeine,2519
P31040,"Succinate dehydrogenase [ubiquinone] flavoprotein subunit, mitochondrial",Reactome_R-HSA-1430728,caffeine,2519
P31153,S-adenosylmethionine synthase isoform type-2,Reactome_R-HSA-1430728,caffeine,2519
P31213,3-oxo-5-alpha-steroid 4-dehydrogenase 2,Reactome_R-HSA-1430728,caffeine,2519
P31327,"Carbamoyl-phosphate synthase [ammonia], mitochondrial",Reactome_R-HSA-1430728,caffeine,2519
P31350,Ribonucleoside-diphosphate reductase subunit M2,Reactome_R-HSA-1430728,caffeine,2519
P31513,Flavin-containing monooxygenase 3,Reactome_R-HSA-1430728,caffeine,2519
P31749,RAC-alpha serine/threonine-protein kinase,Reactome_R-HSA-1430728,caffeine,2519
P31930,"Cytochrome b-c1 complex subunit 1, mitochondrial",Reactome_R-HSA-1430728,caffeine,2519
P31937,"3-hydroxyisobutyrate dehydrogenase, mitochondrial",Reactome_R-HSA-1430728,caffeine,2519
P31939,Bifunctional purine biosynthesis protein ATIC,Reactome_R-HSA-1430728,caffeine,2519
P32320,Cytidine deaminase,Reactome_R-HSA-1430728,caffeine,2519
P32321,Deoxycytidylate deaminase,Reactome_R-HSA-1430728,caffeine,2519
P32322,"Pyrroline-5-carboxylate reductase 1, mitochondrial",Reactome_R-HSA-1430728,caffeine,2519
P32754,4-hydroxyphenylpyruvate dioxygenase,Reactome_R-HSA-1430728,caffeine,2519
P32929,Cystathionine gamma-lyase,Reactome_R-HSA-1430728,caffeine,2519
P33121,Long-chain-fatty-acid--CoA ligase 1,Reactome_R-HSA-1430728,caffeine,2519
P33316-2,dUTP pyrophosphatase,Reactome_R-HSA-1430728,caffeine,2519
P33527,Multidrug resistance-associated protein 1,Reactome_R-HSA-1430728,caffeine,2519
P33897,ATP-binding cassette sub-family D member 1,Reactome_R-HSA-1430728,caffeine,2519
P34059,N-acetylgalactosamine-6-sulfatase,Reactome_R-HSA-1430728,caffeine,2519
P34896,"Serine hydroxymethyltransferase, cytosolic",Reactome_R-HSA-1430728,caffeine,2519
P34897,"Serine hydroxymethyltransferase, mitochondrial",Reactome_R-HSA-1430728,caffeine,2519
P34913,Bifunctional epoxide hydrolase 2,Reactome_R-HSA-1430728,caffeine,2519
P35218,"Carbonic anhydrase 5A, mitochondrial",Reactome_R-HSA-1430728,caffeine,2519
P35270,Sepiapterin reductase,Reactome_R-HSA-1430728,caffeine,2519
P35354,Prostaglandin G/H synthase 2,Reactome_R-HSA-1430728,caffeine,2519
P35398,Nuclear receptor ROR-alpha,Reactome_R-HSA-1430728,caffeine,2519
P35475,Alpha-L-iduronidase,Reactome_R-HSA-1430728,caffeine,2519
P35520,Cystathionine beta-synthase,Reactome_R-HSA-1430728,caffeine,2519
P35557,Hexokinase-4,Reactome_R-HSA-1430728,caffeine,2519
P35558,"Phosphoenolpyruvate carboxykinase, cytosolic [GTP]",Reactome_R-HSA-1430728,caffeine,2519
P35573,Glycogen debranching enzyme,Reactome_R-HSA-1430728,caffeine,2519
P35575,Glucose-6-phosphatase catalytic subunit 1,Reactome_R-HSA-1430728,caffeine,2519
P35658,Nuclear pore complex protein Nup214,Reactome_R-HSA-1430728,caffeine,2519
P35754,Glutaredoxin-1,Reactome_R-HSA-1430728,caffeine,2519
P35790,Choline kinase alpha,Reactome_R-HSA-1430728,caffeine,2519
P35869,Aryl hydrocarbon receptor,Reactome_R-HSA-1430728,caffeine,2519
P35914,"Hydroxymethylglutaryl-CoA lyase, mitochondrial",Reactome_R-HSA-1430728,caffeine,2519
P36269,Glutathione hydrolase 5 proenzyme,Reactome_R-HSA-1430728,caffeine,2519
P36542,"ATP synthase F(1) complex subunit gamma, mitochondrial",Reactome_R-HSA-1430728,caffeine,2519
P36551,"Oxygen-dependent coproporphyrinogen-III oxidase, mitochondrial",Reactome_R-HSA-1430728,caffeine,2519
P36639-1,NUDT1-1,Reactome_R-HSA-1430728,caffeine,2519
P36639-2,NUDT1-2,Reactome_R-HSA-1430728,caffeine,2519
P36639-3,NUDT1-3,Reactome_R-HSA-1430728,caffeine,2519
P36639-4,NUDT1-4,Reactome_R-HSA-1430728,caffeine,2519
P36871,Phosphoglucomutase-1,Reactome_R-HSA-1430728,caffeine,2519
P36957,"Dihydrolipoyllysine-residue succinyltransferase component of 2-oxoglutarate dehydrogenase complex, mitochondrial",Reactome_R-HSA-1430728,caffeine,2519
P36959,GMP reductase 1,Reactome_R-HSA-1430728,caffeine,2519
P36969-2,GPX4-2,Reactome_R-HSA-1430728,caffeine,2519
P37059,17-beta-hydroxysteroid dehydrogenase type 2,Reactome_R-HSA-1430728,caffeine,2519
P37198,Nuclear pore glycoprotein p62,Reactome_R-HSA-1430728,caffeine,2519
P37268,Squalene synthase,Reactome_R-HSA-1430728,caffeine,2519
P37837,Transaldolase,Reactome_R-HSA-1430728,caffeine,2519
P38117,Electron transfer flavoprotein subunit beta,Reactome_R-HSA-1430728,caffeine,2519
P38567,Hyaluronidase PH-20,Reactome_R-HSA-1430728,caffeine,2519
P38646,"Stress-70 protein, mitochondrial",Reactome_R-HSA-1430728,caffeine,2519
P39877,Phospholipase A2 group V,Reactome_R-HSA-1430728,caffeine,2519
P40126,L-dopachrome tautomerase,Reactome_R-HSA-1430728,caffeine,2519
P40261,Nicotinamide N-methyltransferase,Reactome_R-HSA-1430728,caffeine,2519
P40394,All-trans-retinol dehydrogenase [NAD(+)] ADH7,Reactome_R-HSA-1430728,caffeine,2519
P40925,"Malate dehydrogenase, cytoplasmic",Reactome_R-HSA-1430728,caffeine,2519
P40926,"Malate dehydrogenase, mitochondrial",Reactome_R-HSA-1430728,caffeine,2519
P40939,"Trifunctional enzyme subunit alpha, mitochondrial",Reactome_R-HSA-1430728,caffeine,2519
P41222,Prostaglandin-H2 D-isomerase,Reactome_R-HSA-1430728,caffeine,2519
P41247,Patatin-like phospholipase domain-containing protein 4,Reactome_R-HSA-1430728,caffeine,2519
P41252,"Isoleucine--tRNA ligase, cytoplasmic",Reactome_R-HSA-1430728,caffeine,2519
P41440,Reduced folate transporter,Reactome_R-HSA-1430728,caffeine,2519
P42126,"Enoyl-CoA delta isomerase 1, mitochondrial",Reactome_R-HSA-1430728,caffeine,2519
P42330,Aldo-keto reductase family 1 member C3,Reactome_R-HSA-1430728,caffeine,2519
P42336,"Phosphatidylinositol 4,5-bisphosphate 3-kinase catalytic subunit alpha isoform",Reactome_R-HSA-1430728,caffeine,2519
P42338,"Phosphatidylinositol 4,5-bisphosphate 3-kinase catalytic subunit beta isoform",Reactome_R-HSA-1430728,caffeine,2519
P42357,Histidine ammonia-lyase,Reactome_R-HSA-1430728,caffeine,2519
P42765,"3-ketoacyl-CoA thiolase, mitochondrial",Reactome_R-HSA-1430728,caffeine,2519
P42898,Methylenetetrahydrofolate reductase (NADPH),Reactome_R-HSA-1430728,caffeine,2519
P43155,Carnitine O-acetyltransferase,Reactome_R-HSA-1430728,caffeine,2519
P43166,Carbonic anhydrase 7,Reactome_R-HSA-1430728,caffeine,2519
P43220,Glucagon-like peptide 1 receptor,Reactome_R-HSA-1430728,caffeine,2519
P43251,Biotinidase,Reactome_R-HSA-1430728,caffeine,2519
P43304,"Glycerol-3-phosphate dehydrogenase, mitochondrial",Reactome_R-HSA-1430728,caffeine,2519
P43353,Aldehyde dehydrogenase family 3 member B1,Reactome_R-HSA-1430728,caffeine,2519
P43490,Nicotinamide phosphoribosyltransferase,Reactome_R-HSA-1430728,caffeine,2519
P45381,Aspartoacylase,Reactome_R-HSA-1430728,caffeine,2519
P45954,"Short/branched chain specific acyl-CoA dehydrogenase, mitochondrial",Reactome_R-HSA-1430728,caffeine,2519
P46019,"Phosphorylase b kinase regulatory subunit alpha, liver isoform",Reactome_R-HSA-1430728,caffeine,2519
P46020,"Phosphorylase b kinase regulatory subunit alpha, skeletal muscle isoform",Reactome_R-HSA-1430728,caffeine,2519
P46439,Glutathione S-transferase Mu 5,Reactome_R-HSA-1430728,caffeine,2519
P46597,Acetylserotonin O-methyltransferase,Reactome_R-HSA-1430728,caffeine,2519
P46721,Solute carrier organic anion transporter family member 1A2,Reactome_R-HSA-1430728,caffeine,2519
P46926,Glucosamine-6-phosphate deaminase 1,Reactome_R-HSA-1430728,caffeine,2519
P46940,Ras GTPase-activating-like protein IQGAP1,Reactome_R-HSA-1430728,caffeine,2519
P46952,"3-hydroxyanthranilate 3,4-dioxygenase",Reactome_R-HSA-1430728,caffeine,2519
P46976,Glycogenin-1,Reactome_R-HSA-1430728,caffeine,2519
P47712,Cytosolic phospholipase A2,Reactome_R-HSA-1430728,caffeine,2519
P47871,Glucagon receptor,Reactome_R-HSA-1430728,caffeine,2519
P47897,Glutamine--tRNA ligase,Reactome_R-HSA-1430728,caffeine,2519
P47985,"Cytochrome b-c1 complex subunit Rieske, mitochondrial",Reactome_R-HSA-1430728,caffeine,2519
P47989,Xanthine dehydrogenase/oxidase,Reactome_R-HSA-1430728,caffeine,2519
P48047,"ATP synthase peripheral stalk subunit OSCP, mitochondrial",Reactome_R-HSA-1430728,caffeine,2519
P48060,Glioma pathogenesis-related protein 1,Reactome_R-HSA-1430728,caffeine,2519
P48163,NADP-dependent malic enzyme,Reactome_R-HSA-1430728,caffeine,2519
P48426,Phosphatidylinositol 5-phosphate 4-kinase type-2 alpha,Reactome_R-HSA-1430728,caffeine,2519
P48448,Aldehyde dehydrogenase family 3 member B2,Reactome_R-HSA-1430728,caffeine,2519
P48449,Lanosterol synthase,Reactome_R-HSA-1430728,caffeine,2519
P48506,Glutamate--cysteine ligase catalytic subunit,Reactome_R-HSA-1430728,caffeine,2519
P48507,Glutamate--cysteine ligase regulatory subunit,Reactome_R-HSA-1430728,caffeine,2519
P48637,Glutathione synthetase,Reactome_R-HSA-1430728,caffeine,2519
P48651,Phosphatidylserine synthase 1,Reactome_R-HSA-1430728,caffeine,2519
P48728,"Aminomethyltransferase, mitochondrial",Reactome_R-HSA-1430728,caffeine,2519
P48735,"Isocitrate dehydrogenase [NADP], mitochondrial",Reactome_R-HSA-1430728,caffeine,2519
P48736,"Phosphatidylinositol 4,5-bisphosphate 3-kinase catalytic subunit gamma isoform",Reactome_R-HSA-1430728,caffeine,2519
P48739,Phosphatidylinositol transfer protein beta isoform,Reactome_R-HSA-1430728,caffeine,2519
P48775,"Tryptophan 2,3-dioxygenase",Reactome_R-HSA-1430728,caffeine,2519
P49137,MAP kinase-activated protein kinase 2,Reactome_R-HSA-1430728,caffeine,2519
P49189,4-trimethylaminobutyraldehyde dehydrogenase,Reactome_R-HSA-1430728,caffeine,2519
P49247,Ribose-5-phosphate isomerase,Reactome_R-HSA-1430728,caffeine,2519
P49327,Fatty acid synthase,Reactome_R-HSA-1430728,caffeine,2519
P49336,Cyclin-dependent kinase 8,Reactome_R-HSA-1430728,caffeine,2519
P49419,Alpha-aminoadipic semialdehyde dehydrogenase,Reactome_R-HSA-1430728,caffeine,2519
P49441,Inositol polyphosphate 1-phosphatase,Reactome_R-HSA-1430728,caffeine,2519
P49585,Choline-phosphate cytidylyltransferase A,Reactome_R-HSA-1430728,caffeine,2519
P49591,"Serine--tRNA ligase, cytoplasmic",Reactome_R-HSA-1430728,caffeine,2519
P49638,Alpha-tocopherol transfer protein,Reactome_R-HSA-1430728,caffeine,2519
P49675,"Steroidogenic acute regulatory protein, mitochondrial",Reactome_R-HSA-1430728,caffeine,2519
P49748,"Very long-chain acyl-CoA dehydrogenase, mitochondrial",Reactome_R-HSA-1430728,caffeine,2519
P49790,Nuclear pore complex protein Nup153,Reactome_R-HSA-1430728,caffeine,2519
P49792,E3 SUMO-protein ligase RanBP2,Reactome_R-HSA-1430728,caffeine,2519
P49821,"NADH dehydrogenase [ubiquinone] flavoprotein 1, mitochondrial",Reactome_R-HSA-1430728,caffeine,2519
P49888,Sulfotransferase 1E1,Reactome_R-HSA-1430728,caffeine,2519
P49895,Type I iodothyronine deiodinase,Reactome_R-HSA-1430728,caffeine,2519
P49902,Cytosolic purine 5'-nucleotidase,Reactome_R-HSA-1430728,caffeine,2519
P49914,5-formyltetrahydrofolate cyclo-ligase,Reactome_R-HSA-1430728,caffeine,2519
P49915,GMP synthase [glutamine-hydrolyzing],Reactome_R-HSA-1430728,caffeine,2519
P49961,Ectonucleoside triphosphate diphosphohydrolase 1,Reactome_R-HSA-1430728,caffeine,2519
P50053,Ketohexokinase,Reactome_R-HSA-1430728,caffeine,2519
P50120,Retinol-binding protein 2,Reactome_R-HSA-1430728,caffeine,2519
P50135,Histamine N-methyltransferase,Reactome_R-HSA-1430728,caffeine,2519
P50213,"Isocitrate dehydrogenase [NAD] subunit alpha, mitochondrial",Reactome_R-HSA-1430728,caffeine,2519
P50225,Sulfotransferase 1A1,Reactome_R-HSA-1430728,caffeine,2519
P50226,Sulfotransferase 1A2,Reactome_R-HSA-1430728,caffeine,2519
P50336,Protoporphyrinogen oxidase,Reactome_R-HSA-1430728,caffeine,2519
P50416,"Carnitine O-palmitoyltransferase 1, liver isoform",Reactome_R-HSA-1430728,caffeine,2519
P50440,"Glycine amidinotransferase, mitochondrial",Reactome_R-HSA-1430728,caffeine,2519
P50570,Dynamin-2,Reactome_R-HSA-1430728,caffeine,2519
P50747,Biotin--protein ligase,Reactome_R-HSA-1430728,caffeine,2519
P50897,Palmitoyl-protein thioesterase 1,Reactome_R-HSA-1430728,caffeine,2519
P51161,Gastrotropin,Reactome_R-HSA-1430728,caffeine,2519
P51178,"1-phosphatidylinositol 4,5-bisphosphate phosphodiesterase delta-1",Reactome_R-HSA-1430728,caffeine,2519
P51553,"Isocitrate dehydrogenase [NAD] subunit gamma, mitochondrial",Reactome_R-HSA-1430728,caffeine,2519
P51570,Galactokinase,Reactome_R-HSA-1430728,caffeine,2519
P51580,Thiopurine S-methyltransferase,Reactome_R-HSA-1430728,caffeine,2519
P51648-1,FALDH-N,Reactome_R-HSA-1430728,caffeine,2519
P51648-2,FALDH-V,Reactome_R-HSA-1430728,caffeine,2519
P51659,Peroxisomal multifunctional enzyme type 2,Reactome_R-HSA-1430728,caffeine,2519
P51687,"Sulfite oxidase, mitochondrial",Reactome_R-HSA-1430728,caffeine,2519
P51688,N-sulphoglucosamine sulphohydrolase,Reactome_R-HSA-1430728,caffeine,2519
P51813,Cytoplasmic tyrosine-protein kinase BMX,Reactome_R-HSA-1430728,caffeine,2519
P51857,Aldo-keto reductase family 1 member D1,Reactome_R-HSA-1430728,caffeine,2519
P51970,NADH dehydrogenase [ubiquinone] 1 alpha subcomplex subunit 8,Reactome_R-HSA-1430728,caffeine,2519
P52209,"6-phosphogluconate dehydrogenase, decarboxylating",Reactome_R-HSA-1430728,caffeine,2519
P52758,2-iminobutanoate/2-iminopropanoate deaminase,Reactome_R-HSA-1430728,caffeine,2519
P52788,Spermine synthase,Reactome_R-HSA-1430728,caffeine,2519
P52948-5,NUP98-5,Reactome_R-HSA-1430728,caffeine,2519
P53384,Cytosolic Fe-S cluster assembly factor NUBP1,Reactome_R-HSA-1430728,caffeine,2519
P53396,ATP-citrate synthase,Reactome_R-HSA-1430728,caffeine,2519
P53597,"Succinate--CoA ligase [ADP/GDP-forming] subunit alpha, mitochondrial",Reactome_R-HSA-1430728,caffeine,2519
P53602,Diphosphomevalonate decarboxylase,Reactome_R-HSA-1430728,caffeine,2519
P53701,Holocytochrome c-type synthase,Reactome_R-HSA-1430728,caffeine,2519
P54136,"Arginine--tRNA ligase, cytoplasmic",Reactome_R-HSA-1430728,caffeine,2519
P54646,5'-AMP-activated protein kinase catalytic subunit alpha-2,Reactome_R-HSA-1430728,caffeine,2519
P54687,"Branched-chain-amino-acid aminotransferase, cytosolic",Reactome_R-HSA-1430728,caffeine,2519
P54802,Alpha-N-acetylglucosaminidase,Reactome_R-HSA-1430728,caffeine,2519
P54803,Galactocerebrosidase,Reactome_R-HSA-1430728,caffeine,2519
P54819,"Adenylate kinase 2, mitochondrial",Reactome_R-HSA-1430728,caffeine,2519
P54840,"Glycogen [starch] synthase, liver",Reactome_R-HSA-1430728,caffeine,2519
P54868,"Hydroxymethylglutaryl-CoA synthase, mitochondrial",Reactome_R-HSA-1430728,caffeine,2519
P54886-1,P5CS long,Reactome_R-HSA-1430728,caffeine,2519
P54886-2,ALDH18A1-2,Reactome_R-HSA-1430728,caffeine,2519
P55073,Thyroxine 5-deiodinase,Reactome_R-HSA-1430728,caffeine,2519
P55084,"Trifunctional enzyme subunit beta, mitochondrial",Reactome_R-HSA-1430728,caffeine,2519
P55263,Adenosine kinase,Reactome_R-HSA-1430728,caffeine,2519
P55735,Protein SEC13 homolog,Reactome_R-HSA-1430728,caffeine,2519
P55809,"Succinyl-CoA:3-ketoacid coenzyme A transferase 1, mitochondrial",Reactome_R-HSA-1430728,caffeine,2519
P56134,"ATP synthase F(0) complex subunit f, mitochondrial",Reactome_R-HSA-1430728,caffeine,2519
P56181,"NADH dehydrogenase [ubiquinone] flavoprotein 3, mitochondrial",Reactome_R-HSA-1430728,caffeine,2519
P56192,"Methionine--tRNA ligase, cytoplasmic",Reactome_R-HSA-1430728,caffeine,2519
P56378,"ATP synthase F(0) complex subunit j, mitochondrial",Reactome_R-HSA-1430728,caffeine,2519
P56381,"ATP synthase F(1) complex subunit epsilon, mitochondrial",Reactome_R-HSA-1430728,caffeine,2519
P56385,"ATP synthase F(0) complex subunit e, mitochondrial",Reactome_R-HSA-1430728,caffeine,2519
P56556,NADH dehydrogenase [ubiquinone] 1 alpha subcomplex subunit 6,Reactome_R-HSA-1430728,caffeine,2519
P56937,3-keto-steroid reductase/17-beta-hydroxysteroid dehydrogenase 7,Reactome_R-HSA-1430728,caffeine,2519
P57740,Nuclear pore complex protein Nup107,Reactome_R-HSA-1430728,caffeine,2519
P57772,Selenocysteine-specific elongation factor,Reactome_R-HSA-1430728,caffeine,2519
P60174,Triosephosphate isomerase,Reactome_R-HSA-1430728,caffeine,2519
P60484,"Phosphatidylinositol 3,4,5-trisphosphate 3-phosphatase and dual-specificity protein phosphatase PTEN",Reactome_R-HSA-1430728,caffeine,2519
P60880,Synaptosomal-associated protein 25,Reactome_R-HSA-1430728,caffeine,2519
P60891,Ribose-phosphate pyrophosphokinase 1,Reactome_R-HSA-1430728,caffeine,2519
P61106,Ras-related protein Rab-14,Reactome_R-HSA-1430728,caffeine,2519
P61204,ADP-ribosylation factor 3,Reactome_R-HSA-1430728,caffeine,2519
P61457,Pterin-4-alpha-carbinolamine dehydratase,Reactome_R-HSA-1430728,caffeine,2519
P61764,Syntaxin-binding protein 1,Reactome_R-HSA-1430728,caffeine,2519
P61956,Small ubiquitin-related modifier 2,Reactome_R-HSA-1430728,caffeine,2519
P62826,GTP-binding nuclear protein Ran,Reactome_R-HSA-1430728,caffeine,2519
P62834,Ras-related protein Rap-1A,Reactome_R-HSA-1430728,caffeine,2519
P63027,Vesicle-associated membrane protein 2,Reactome_R-HSA-1430728,caffeine,2519
P63279,SUMO-conjugating enzyme UBC9,Reactome_R-HSA-1430728,caffeine,2519
P67870,Casein kinase II subunit beta,Reactome_R-HSA-1430728,caffeine,2519
P78330,Phosphoserine phosphatase,Reactome_R-HSA-1430728,caffeine,2519
P78356,Phosphatidylinositol 5-phosphate 4-kinase type-2 beta,Reactome_R-HSA-1430728,caffeine,2519
P78368,Casein kinase I isoform gamma-2,Reactome_R-HSA-1430728,caffeine,2519
P78406,mRNA export factor RAE1,Reactome_R-HSA-1430728,caffeine,2519
P78417,Glutathione S-transferase omega-1,Reactome_R-HSA-1430728,caffeine,2519
P78540,"Arginase-2, mitochondrial",Reactome_R-HSA-1430728,caffeine,2519
P82909,Alpha-ketoglutarate dehydrogenase component 4,Reactome_R-HSA-1430728,caffeine,2519
P84077,ADP-ribosylation factor 1,Reactome_R-HSA-1430728,caffeine,2519
P86397,"Hydroxyacyl-thioester dehydratase type 2, mitochondrial",Reactome_R-HSA-1430728,caffeine,2519
P98164,Low-density lipoprotein receptor-related protein 2,Reactome_R-HSA-1430728,caffeine,2519
P99999,Cytochrome c,Reactome_R-HSA-1430728,caffeine,2519
Q00722,"1-phosphatidylinositol 4,5-bisphosphate phosphodiesterase beta-2",Reactome_R-HSA-1430728,caffeine,2519
Q00796,Sorbitol dehydrogenase,Reactome_R-HSA-1430728,caffeine,2519
Q00973,"Beta-1,4 N-acetylgalactosaminyltransferase 1",Reactome_R-HSA-1430728,caffeine,2519
Q01432,AMP deaminase 3,Reactome_R-HSA-1430728,caffeine,2519
Q01433,AMP deaminase 2,Reactome_R-HSA-1430728,caffeine,2519
Q01581,"Hydroxymethylglutaryl-CoA synthase, cytoplasmic",Reactome_R-HSA-1430728,caffeine,2519
Q01650,Large neutral amino acids transporter small subunit 1,Reactome_R-HSA-1430728,caffeine,2519
Q01668,Voltage-dependent L-type calcium channel subunit alpha-1D,Reactome_R-HSA-1430728,caffeine,2519
Q01740,Flavin-containing monooxygenase 1,Reactome_R-HSA-1430728,caffeine,2519
Q01813,"ATP-dependent 6-phosphofructokinase, platelet type",Reactome_R-HSA-1430728,caffeine,2519
Q01970,"1-phosphatidylinositol 4,5-bisphosphate phosphodiesterase beta-3",Reactome_R-HSA-1430728,caffeine,2519
Q02127,"Dihydroorotate dehydrogenase (quinone), mitochondrial",Reactome_R-HSA-1430728,caffeine,2519
Q02161,Blood group Rh(D) polypeptide,Reactome_R-HSA-1430728,caffeine,2519
Q02252,"Methylmalonate-semialdehyde/malonate-semialdehyde dehydrogenase [acylating], mitochondrial",Reactome_R-HSA-1430728,caffeine,2519
Q02318,"Sterol 26-hydroxylase, mitochondrial",Reactome_R-HSA-1430728,caffeine,2519
Q02338,"D-beta-hydroxybutyrate dehydrogenase, mitochondrial",Reactome_R-HSA-1430728,caffeine,2519
Q02928,Cytochrome P450 4A11,Reactome_R-HSA-1430728,caffeine,2519
Q02978,Mitochondrial 2-oxoglutarate/malate carrier protein,Reactome_R-HSA-1430728,caffeine,2519
Q03013,Glutathione S-transferase Mu 4,Reactome_R-HSA-1430728,caffeine,2519
Q03135,Caveolin-1,Reactome_R-HSA-1430728,caffeine,2519
Q03154,Aminoacylase-1,Reactome_R-HSA-1430728,caffeine,2519
Q03181,Peroxisome proliferator-activated receptor delta,Reactome_R-HSA-1430728,caffeine,2519
Q03393,6-pyruvoyl tetrahydrobiopterin synthase,Reactome_R-HSA-1430728,caffeine,2519
Q03426,Mevalonate kinase,Reactome_R-HSA-1430728,caffeine,2519
Q04446,"1,4-alpha-glucan-branching enzyme",Reactome_R-HSA-1430728,caffeine,2519
Q04671,P protein,Reactome_R-HSA-1430728,caffeine,2519
Q04760,Lactoylglutathione lyase,Reactome_R-HSA-1430728,caffeine,2519
Q05469,Hormone-sensitive lipase,Reactome_R-HSA-1430728,caffeine,2519
Q05932-1,FOLC_HUMAN,Reactome_R-HSA-1430728,caffeine,2519
Q05932-2,FOLC_HUMAN,Reactome_R-HSA-1430728,caffeine,2519
Q06136,3-ketodihydrosphingosine reductase,Reactome_R-HSA-1430728,caffeine,2519
Q06203,Amidophosphoribosyltransferase,Reactome_R-HSA-1430728,caffeine,2519
Q06278,Aldehyde oxidase,Reactome_R-HSA-1430728,caffeine,2519
Q06520,Sulfotransferase 2A1,Reactome_R-HSA-1430728,caffeine,2519
Q07869,Peroxisome proliferator-activated receptor alpha,Reactome_R-HSA-1430728,caffeine,2519
Q07973,"1,25-dihydroxyvitamin D(3) 24-hydroxylase, mitochondrial",Reactome_R-HSA-1430728,caffeine,2519
Q08426,Peroxisomal bifunctional enzyme,Reactome_R-HSA-1430728,caffeine,2519
Q08623,Pseudouridine-5'-phosphatase,Reactome_R-HSA-1430728,caffeine,2519
Q08AM6,Protein VAC14 homolog,Reactome_R-HSA-1430728,caffeine,2519
Q09428,ATP-binding cassette sub-family C member 8,Reactome_R-HSA-1430728,caffeine,2519
Q09472,Histone acetyltransferase p300,Reactome_R-HSA-1430728,caffeine,2519
Q10588,ADP-ribosyl cyclase/cyclic ADP-ribose hydrolase 2,Reactome_R-HSA-1430728,caffeine,2519
Q10981,"Galactoside alpha-(1,2)-fucosyltransferase 2",Reactome_R-HSA-1430728,caffeine,2519
Q11203,"CMP-N-acetylneuraminate-beta-1,4-galactoside alpha-2,3-sialyltransferase",Reactome_R-HSA-1430728,caffeine,2519
Q12769,Nuclear pore complex protein Nup160,Reactome_R-HSA-1430728,caffeine,2519
Q12770,Sterol regulatory element-binding protein cleavage-activating protein,Reactome_R-HSA-1430728,caffeine,2519
Q12882,Dihydropyrimidine dehydrogenase [NADP(+)],Reactome_R-HSA-1430728,caffeine,2519
Q12887,"Protoheme IX farnesyltransferase, mitochondrial",Reactome_R-HSA-1430728,caffeine,2519
Q12891,Hyaluronidase-2,Reactome_R-HSA-1430728,caffeine,2519
Q12904,Aminoacyl tRNA synthase complex-interacting multifunctional protein 1,Reactome_R-HSA-1430728,caffeine,2519
Q12908,Ileal sodium/bile acid cotransporter,Reactome_R-HSA-1430728,caffeine,2519
Q12923,Tyrosine-protein phosphatase non-receptor type 13,Reactome_R-HSA-1430728,caffeine,2519
Q12931,"Heat shock protein 75 kDa, mitochondrial",Reactome_R-HSA-1430728,caffeine,2519
Q13018,Secretory phospholipase A2 receptor,Reactome_R-HSA-1430728,caffeine,2519
Q13057,Bifunctional coenzyme A synthase,Reactome_R-HSA-1430728,caffeine,2519
Q13085,Acetyl-CoA carboxylase 1,Reactome_R-HSA-1430728,caffeine,2519
Q13126,S-methyl-5'-thioadenosine phosphorylase,Reactome_R-HSA-1430728,caffeine,2519
Q13155,Aminoacyl tRNA synthase complex-interacting multifunctional protein 2,Reactome_R-HSA-1430728,caffeine,2519
Q13227,G protein pathway suppressor 2,Reactome_R-HSA-1430728,caffeine,2519
Q13237,cGMP-dependent protein kinase 2,Reactome_R-HSA-1430728,caffeine,2519
Q13423,"NAD(P) transhydrogenase, mitochondrial",Reactome_R-HSA-1430728,caffeine,2519
Q13496,Myotubularin,Reactome_R-HSA-1430728,caffeine,2519
Q13503,Mediator of RNA polymerase II transcription subunit 21,Reactome_R-HSA-1430728,caffeine,2519
Q13510,Acid ceramidase,Reactome_R-HSA-1430728,caffeine,2519
Q13572,Inositol-tetrakisphosphate 1-kinase,Reactome_R-HSA-1430728,caffeine,2519
Q13614,"Phosphatidylinositol-3,5-bisphosphate 3-phosphatase MTMR2",Reactome_R-HSA-1430728,caffeine,2519
Q13822,Autotaxin,Reactome_R-HSA-1430728,caffeine,2519
Q13825,"Methylglutaconyl-CoA hydratase, mitochondrial",Reactome_R-HSA-1430728,caffeine,2519
Q13907,Isopentenyl-diphosphate Delta-isomerase 1,Reactome_R-HSA-1430728,caffeine,2519
Q13936,Voltage-dependent L-type calcium channel subunit alpha-1C,Reactome_R-HSA-1430728,caffeine,2519
Q13952,Nuclear transcription factor Y subunit gamma,Reactome_R-HSA-1430728,caffeine,2519
Q14032,Bile acid-CoA:amino acid N-acyltransferase,Reactome_R-HSA-1430728,caffeine,2519
Q14061,Cytochrome c oxidase copper chaperone,Reactome_R-HSA-1430728,caffeine,2519
Q14117,Dihydropyrimidinase,Reactome_R-HSA-1430728,caffeine,2519
Q14192,Four and a half LIM domains protein 2,Reactome_R-HSA-1430728,caffeine,2519
Q14353,Guanidinoacetate N-methyltransferase,Reactome_R-HSA-1430728,caffeine,2519
Q14376,UDP-glucose 4-epimerase,Reactome_R-HSA-1430728,caffeine,2519
Q14397,Glucokinase regulatory protein,Reactome_R-HSA-1430728,caffeine,2519
Q14534,Squalene monooxygenase,Reactome_R-HSA-1430728,caffeine,2519
Q14571,"Inositol 1,4,5-trisphosphate-gated calcium channel ITPR2",Reactome_R-HSA-1430728,caffeine,2519
Q14573,"Inositol 1,4,5-trisphosphate-gated calcium channel ITPR3",Reactome_R-HSA-1430728,caffeine,2519
Q14643,"Inositol 1,4,5-trisphosphate-gated calcium channel ITPR1",Reactome_R-HSA-1430728,caffeine,2519
Q14654,ATP-sensitive inward rectifier potassium channel 11,Reactome_R-HSA-1430728,caffeine,2519
Q14693,Phosphatidate phosphatase LPIN1,Reactome_R-HSA-1430728,caffeine,2519
Q14703,Membrane-bound transcription factor site-1 protease,Reactome_R-HSA-1430728,caffeine,2519
Q14738,Serine/threonine-protein phosphatase 2A 56 kDa regulatory subunit delta isoform,Reactome_R-HSA-1430728,caffeine,2519
Q14739,Delta(14)-sterol reductase LBR,Reactome_R-HSA-1430728,caffeine,2519
Q14749,Glycine N-methyltransferase,Reactome_R-HSA-1430728,caffeine,2519
Q14894,Ketimine reductase mu-crystallin,Reactome_R-HSA-1430728,caffeine,2519
Q14914,Prostaglandin reductase 1,Reactome_R-HSA-1430728,caffeine,2519
Q14973,Hepatic sodium/bile acid cotransporter,Reactome_R-HSA-1430728,caffeine,2519
Q14974,Importin subunit beta-1,Reactome_R-HSA-1430728,caffeine,2519
Q15046,Lysine--tRNA ligase,Reactome_R-HSA-1430728,caffeine,2519
Q15067-1,ACOX1-1,Reactome_R-HSA-1430728,caffeine,2519
Q15067-2,ACOX1-2,Reactome_R-HSA-1430728,caffeine,2519
Q15070,Mitochondrial inner membrane protein OXA1L,Reactome_R-HSA-1430728,caffeine,2519
Q15118,"[Pyruvate dehydrogenase (acetyl-transferring)] kinase isozyme 1, mitochondrial",Reactome_R-HSA-1430728,caffeine,2519
Q15119,"[Pyruvate dehydrogenase (acetyl-transferring)] kinase isozyme 2, mitochondrial",Reactome_R-HSA-1430728,caffeine,2519
Q15120,"[Pyruvate dehydrogenase (acetyl-transferring)] kinase isozyme 3, mitochondrial",Reactome_R-HSA-1430728,caffeine,2519
Q15125,"3-beta-hydroxysteroid-Delta(8),Delta(7)-isomerase",Reactome_R-HSA-1430728,caffeine,2519
Q15126,Phosphomevalonate kinase,Reactome_R-HSA-1430728,caffeine,2519
Q15147,"1-phosphatidylinositol 4,5-bisphosphate phosphodiesterase beta-4",Reactome_R-HSA-1430728,caffeine,2519
Q15165,Serum paraoxonase/arylesterase 2,Reactome_R-HSA-1430728,caffeine,2519
Q15166,Serum paraoxonase/lactonase 3,Reactome_R-HSA-1430728,caffeine,2519
Q15181,Inorganic pyrophosphatase,Reactome_R-HSA-1430728,caffeine,2519
Q15185,Prostaglandin E synthase 3,Reactome_R-HSA-1430728,caffeine,2519
Q15274,Nicotinate-nucleotide pyrophosphorylase [carboxylating],Reactome_R-HSA-1430728,caffeine,2519
Q15327,Ankyrin repeat domain-containing protein 1,Reactome_R-HSA-1430728,caffeine,2519
Q15392,Delta(24)-sterol reductase,Reactome_R-HSA-1430728,caffeine,2519
Q15436,Protein transport protein Sec23A,Reactome_R-HSA-1430728,caffeine,2519
Q15526,Surfeit locus protein 1,Reactome_R-HSA-1430728,caffeine,2519
Q15528,Mediator of RNA polymerase II transcription subunit 22,Reactome_R-HSA-1430728,caffeine,2519
Q15596,Nuclear receptor coactivator 2,Reactome_R-HSA-1430728,caffeine,2519
Q15648,Mediator of RNA polymerase II transcription subunit 1,Reactome_R-HSA-1430728,caffeine,2519
Q15738,"Sterol-4-alpha-carboxylate 3-dehydrogenase, decarboxylating",Reactome_R-HSA-1430728,caffeine,2519
Q15788,Nuclear receptor coactivator 1,Reactome_R-HSA-1430728,caffeine,2519
Q15800,Methylsterol monooxygenase 1,Reactome_R-HSA-1430728,caffeine,2519
Q15831,Serine/threonine-protein kinase STK11,Reactome_R-HSA-1430728,caffeine,2519
Q15848,Adiponectin,Reactome_R-HSA-1430728,caffeine,2519
Q15878,Voltage-dependent R-type calcium channel subunit alpha-1E,Reactome_R-HSA-1430728,caffeine,2519
Q16134,"Electron transfer flavoprotein-ubiquinone oxidoreductase, mitochondrial",Reactome_R-HSA-1430728,caffeine,2519
Q16394,Exostosin-1,Reactome_R-HSA-1430728,caffeine,2519
Q16595,"Frataxin, mitochondrial",Reactome_R-HSA-1430728,caffeine,2519
Q16613,Serotonin N-acetyltransferase,Reactome_R-HSA-1430728,caffeine,2519
Q16623,Syntaxin-1A,Reactome_R-HSA-1430728,caffeine,2519
Q16635,Tafazzin,Reactome_R-HSA-1430728,caffeine,2519
Q16654,"[Pyruvate dehydrogenase (acetyl-transferring)] kinase isozyme 4, mitochondrial",Reactome_R-HSA-1430728,caffeine,2519
Q16656,Nuclear respiratory factor 1,Reactome_R-HSA-1430728,caffeine,2519
Q16678,Cytochrome P450 1B1,Reactome_R-HSA-1430728,caffeine,2519
Q16696,Cytochrome P450 2A13,Reactome_R-HSA-1430728,caffeine,2519
Q16698,"2,4-dienoyl-CoA reductase [(3E)-enoyl-CoA-producing], mitochondrial",Reactome_R-HSA-1430728,caffeine,2519
Q16718,NADH dehydrogenase [ubiquinone] 1 alpha subcomplex subunit 5,Reactome_R-HSA-1430728,caffeine,2519
Q16719,Kynureninase,Reactome_R-HSA-1430728,caffeine,2519
Q16739,Ceramide glucosyltransferase,Reactome_R-HSA-1430728,caffeine,2519
Q16762,Thiosulfate sulfurtransferase,Reactome_R-HSA-1430728,caffeine,2519
Q16772,Glutathione S-transferase A3,Reactome_R-HSA-1430728,caffeine,2519
Q16773,Kynurenine--oxoglutarate transaminase 1,Reactome_R-HSA-1430728,caffeine,2519
Q16774,Guanylate kinase,Reactome_R-HSA-1430728,caffeine,2519
Q16775-2,GLO2_HUMAN,Reactome_R-HSA-1430728,caffeine,2519
Q16790,Carbonic anhydrase 9,Reactome_R-HSA-1430728,caffeine,2519
Q16795,"NADH dehydrogenase [ubiquinone] 1 alpha subcomplex subunit 9, mitochondrial",Reactome_R-HSA-1430728,caffeine,2519
Q16816,"Phosphorylase b kinase gamma catalytic chain, skeletal muscle/heart isoform",Reactome_R-HSA-1430728,caffeine,2519
Q16822,"Phosphoenolpyruvate carboxykinase [GTP], mitochondrial",Reactome_R-HSA-1430728,caffeine,2519
Q16836,"Hydroxyacyl-coenzyme A dehydrogenase, mitochondrial",Reactome_R-HSA-1430728,caffeine,2519
Q16850,Lanosterol 14-alpha demethylase,Reactome_R-HSA-1430728,caffeine,2519
Q16851,UTP--glucose-1-phosphate uridylyltransferase,Reactome_R-HSA-1430728,caffeine,2519
Q16853,Amine oxidase [copper-containing] 3,Reactome_R-HSA-1430728,caffeine,2519
Q16854,"Deoxyguanosine kinase, mitochondrial",Reactome_R-HSA-1430728,caffeine,2519
Q16873,Leukotriene C4 synthase,Reactome_R-HSA-1430728,caffeine,2519
Q16875,"6-phosphofructo-2-kinase/fructose-2,6-bisphosphatase 3",Reactome_R-HSA-1430728,caffeine,2519
Q16877,"6-phosphofructo-2-kinase/fructose-2,6-bisphosphatase 4",Reactome_R-HSA-1430728,caffeine,2519
Q16878,Cysteine dioxygenase type 1,Reactome_R-HSA-1430728,caffeine,2519
Q16880,2-hydroxyacylsphingosine 1-beta-galactosyltransferase,Reactome_R-HSA-1430728,caffeine,2519
Q16881,"Thioredoxin reductase 1, cytoplasmic",Reactome_R-HSA-1430728,caffeine,2519
Q1HG43,Dual oxidase maturation factor 1,Reactome_R-HSA-1430728,caffeine,2519
Q1HG44,Dual oxidase maturation factor 2,Reactome_R-HSA-1430728,caffeine,2519
Q32NB8,"CDP-diacylglycerol--glycerol-3-phosphate 3-phosphatidyltransferase, mitochondrial",Reactome_R-HSA-1430728,caffeine,2519
Q330K2,"NADH dehydrogenase (ubiquinone) complex I, assembly factor 6",Reactome_R-HSA-1430728,caffeine,2519
Q3LIE5,Manganese-dependent ADP-ribose/CDP-alcohol diphosphatase,Reactome_R-HSA-1430728,caffeine,2519
Q3LXA3,Triokinase/FMN cyclase,Reactome_R-HSA-1430728,caffeine,2519
Q3SY69,Mitochondrial 10-formyltetrahydrofolate dehydrogenase,Reactome_R-HSA-1430728,caffeine,2519
Q49B96,Cytochrome c oxidase assembly protein COX19,Reactome_R-HSA-1430728,caffeine,2519
Q4G0N4,"NAD kinase 2, mitochondrial",Reactome_R-HSA-1430728,caffeine,2519
Q4G176,"Malonate--CoA ligase ACSF3, mitochondrial",Reactome_R-HSA-1430728,caffeine,2519
Q4KWH8,"1-phosphatidylinositol 4,5-bisphosphate phosphodiesterase eta-1",Reactome_R-HSA-1430728,caffeine,2519
Q53H12,"Acylglycerol kinase, mitochondrial",Reactome_R-HSA-1430728,caffeine,2519
Q53H76,Phospholipase A1 member A,Reactome_R-HSA-1430728,caffeine,2519
Q53H96,Pyrroline-5-carboxylate reductase 3,Reactome_R-HSA-1430728,caffeine,2519
Q53S58,Transmembrane protein 177,Reactome_R-HSA-1430728,caffeine,2519
Q58HT5,Acyl-CoA wax alcohol acyltransferase 1,Reactome_R-HSA-1430728,caffeine,2519
Q5EBL8,PDZ domain-containing protein 11,Reactome_R-HSA-1430728,caffeine,2519
Q5HYK3,"2-methoxy-6-polyprenyl-1,4-benzoquinol methylase, mitochondrial",Reactome_R-HSA-1430728,caffeine,2519
Q5K4L6,Long-chain fatty acid transport protein 3,Reactome_R-HSA-1430728,caffeine,2519
Q5MY95,Ectonucleoside triphosphate diphosphohydrolase 8,Reactome_R-HSA-1430728,caffeine,2519
Q5QJU3,Alkaline ceramidase 2,Reactome_R-HSA-1430728,caffeine,2519
Q5RI15,"Cytochrome c oxidase assembly protein COX20, mitochondrial",Reactome_R-HSA-1430728,caffeine,2519
Q5SGD2,Protein phosphatase 1L,Reactome_R-HSA-1430728,caffeine,2519
Q5SRE5,Nucleoporin NUP188,Reactome_R-HSA-1430728,caffeine,2519
Q5SW96,Low density lipoprotein receptor adapter protein 1,Reactome_R-HSA-1430728,caffeine,2519
Q5T2R2,All trans-polyprenyl-diphosphate synthase PDSS1,Reactome_R-HSA-1430728,caffeine,2519
Q5TEU4,"Arginine-hydroxylase NDUFAF5, mitochondrial",Reactome_R-HSA-1430728,caffeine,2519
Q5U5X0,Complex III assembly factor LYRM7,Reactome_R-HSA-1430728,caffeine,2519
Q5UE93,Phosphoinositide 3-kinase regulatory subunit 6,Reactome_R-HSA-1430728,caffeine,2519
Q5VT66,Mitochondrial amidoxime-reducing component 1,Reactome_R-HSA-1430728,caffeine,2519
Q5VUM1,"Succinate dehydrogenase assembly factor 4, mitochondrial",Reactome_R-HSA-1430728,caffeine,2519
Q5VYX0,Renalase,Reactome_R-HSA-1430728,caffeine,2519
Q63HM1,Kynurenine formamidase,Reactome_R-HSA-1430728,caffeine,2519
Q69YU5,Ubiquinol-cytochrome c reductase complex assembly factor 6,Reactome_R-HSA-1430728,caffeine,2519
Q6DHV7,N6-Methyl-AMP deaminase,Reactome_R-HSA-1430728,caffeine,2519
Q6DKK2,"Tetratricopeptide repeat protein 19, mitochondrial",Reactome_R-HSA-1430728,caffeine,2519
Q6E213,Acyl-CoA wax alcohol acyltransferase 2,Reactome_R-HSA-1430728,caffeine,2519
Q6FI81,Anamorsin,Reactome_R-HSA-1430728,caffeine,2519
Q6GMR7,Fatty-acid amide hydrolase 2,Reactome_R-HSA-1430728,caffeine,2519
Q6GTS8,N-fatty-acyl-amino acid synthase/hydrolase PM20D1,Reactome_R-HSA-1430728,caffeine,2519
Q6IA69,Glutamine-dependent NAD(+) synthetase,Reactome_R-HSA-1430728,caffeine,2519
Q6IAN0,Peroxisomal reductase activating PPAR-gamma,Reactome_R-HSA-1430728,caffeine,2519
Q6IMI4,Sulfotransferase 6B1,Reactome_R-HSA-1430728,caffeine,2519
Q6JQN1,Acyl-CoA dehydrogenase family member 10,Reactome_R-HSA-1430728,caffeine,2519
Q6NT55,Ultra-long-chain fatty acid omega-hydroxylase,Reactome_R-HSA-1430728,caffeine,2519
Q6NUM9,"All-trans-retinol 13,14-reductase",Reactome_R-HSA-1430728,caffeine,2519
Q6NVY1,"3-hydroxyisobutyryl-CoA hydrolase, mitochondrial",Reactome_R-HSA-1430728,caffeine,2519
Q6P1J6,"Phospholipase B1, membrane-associated",Reactome_R-HSA-1430728,caffeine,2519
Q6P2C8,Mediator of RNA polymerase II transcription subunit 27,Reactome_R-HSA-1430728,caffeine,2519
Q6P4A7,Sideroflexin-4,Reactome_R-HSA-1430728,caffeine,2519
Q6P4F2,"Ferredoxin-2, mitochondrial",Reactome_R-HSA-1430728,caffeine,2519
Q6P531,Glutathione hydrolase 6,Reactome_R-HSA-1430728,caffeine,2519
Q6P587,"Oxaloacetate tautomerase FAHD1, mitochondrial",Reactome_R-HSA-1430728,caffeine,2519
Q6PCB7,Long-chain fatty acid transport protein 1,Reactome_R-HSA-1430728,caffeine,2519
Q6PCE3,"Glucose 1,6-bisphosphate synthase",Reactome_R-HSA-1430728,caffeine,2519
Q6PHW0,Iodotyrosine deiodinase 1,Reactome_R-HSA-1430728,caffeine,2519
Q6PKC3,Thioredoxin domain-containing protein 11,Reactome_R-HSA-1430728,caffeine,2519
Q6Q788,Apolipoprotein A-V,Reactome_R-HSA-1430728,caffeine,2519
Q6QHC5,Sphingolipid delta(4)-desaturase/C4-monooxygenase DES2,Reactome_R-HSA-1430728,caffeine,2519
Q6QHF9,Peroxisomal N(1)-acetyl-spermine/spermidine oxidase,Reactome_R-HSA-1430728,caffeine,2519
Q6UB35,"Monofunctional C1-tetrahydrofolate synthase, mitochondrial",Reactome_R-HSA-1430728,caffeine,2519
Q6UW78,Ubiquinol-cytochrome-c reductase complex assembly factor 3,Reactome_R-HSA-1430728,caffeine,2519
Q6UWP7,Lysocardiolipin acyltransferase 1,Reactome_R-HSA-1430728,caffeine,2519
Q6UWR7,Glycerophosphocholine cholinephosphodiesterase ENPP6,Reactome_R-HSA-1430728,caffeine,2519
Q6UWS5,"Protein PET117 homolog, mitochondrial",Reactome_R-HSA-1430728,caffeine,2519
Q6UWV6,Ectonucleotide pyrophosphatase/phosphodiesterase family member 7,Reactome_R-HSA-1430728,caffeine,2519
Q6UWW8,Carboxylesterase 3,Reactome_R-HSA-1430728,caffeine,2519
Q6V0L0,Cytochrome P450 26C1,Reactome_R-HSA-1430728,caffeine,2519
Q6VVB1,E3 ubiquitin-protein ligase NHLRC1,Reactome_R-HSA-1430728,caffeine,2519
Q6VVX0,Vitamin D 25-hydroxylase,Reactome_R-HSA-1430728,caffeine,2519
Q6XQN6,Nicotinate phosphoribosyltransferase,Reactome_R-HSA-1430728,caffeine,2519
Q6YBV0,Neutral amino acid uniporter 4,Reactome_R-HSA-1430728,caffeine,2519
Q6YP21,Kynurenine--oxoglutarate transaminase 3,Reactome_R-HSA-1430728,caffeine,2519
Q6ZMR3,L-lactate dehydrogenase A-like 6A,Reactome_R-HSA-1430728,caffeine,2519
Q6ZNB7,Alkylglycerol monooxygenase,Reactome_R-HSA-1430728,caffeine,2519
Q6ZPD8,Diacylglycerol O-acyltransferase 2-like protein 6,Reactome_R-HSA-1430728,caffeine,2519
Q6ZQW0,"Indoleamine 2,3-dioxygenase 2",Reactome_R-HSA-1430728,caffeine,2519
Q6ZQY3,Acidic amino acid decarboxylase GADL1,Reactome_R-HSA-1430728,caffeine,2519
Q6ZV29,Patatin-like phospholipase domain-containing protein 7,Reactome_R-HSA-1430728,caffeine,2519
Q6ZVK8-1,NUDT18-1,Reactome_R-HSA-1430728,caffeine,2519
Q6ZWL3,Cytochrome P450 4V2,Reactome_R-HSA-1430728,caffeine,2519
Q709F0,Acyl-CoA dehydrogenase family member 11,Reactome_R-HSA-1430728,caffeine,2519
Q71F56,Mediator of RNA polymerase II transcription subunit 13-like,Reactome_R-HSA-1430728,caffeine,2519
Q71SY5,Mediator of RNA polymerase II transcription subunit 25,Reactome_R-HSA-1430728,caffeine,2519
Q76EJ3,Nucleotide sugar transporter SLC35D2,Reactome_R-HSA-1430728,caffeine,2519
Q7KZN9,Heme A synthase COX15,Reactome_R-HSA-1430728,caffeine,2519
Q7L266,Isoaspartyl peptidase/L-asparaginase,Reactome_R-HSA-1430728,caffeine,2519
Q7L4E1,Mitoguardin 2,Reactome_R-HSA-1430728,caffeine,2519
Q7L592,"Protein arginine methyltransferase NDUFAF7, mitochondrial",Reactome_R-HSA-1430728,caffeine,2519
Q7L5A8,Fatty acid 2-hydroxylase,Reactome_R-HSA-1430728,caffeine,2519
Q7L5L3,Lysophospholipase D GDPD3,Reactome_R-HSA-1430728,caffeine,2519
Q7L5Y9,E3 ubiquitin-protein transferase MAEA,Reactome_R-HSA-1430728,caffeine,2519
Q7LFX5,Carbohydrate sulfotransferase 15,Reactome_R-HSA-1430728,caffeine,2519
Q7LG56,Ribonucleoside-diphosphate reductase subunit M2 B,Reactome_R-HSA-1430728,caffeine,2519
Q7LGA3,Heparan sulfate 2-O-sulfotransferase 1,Reactome_R-HSA-1430728,caffeine,2519
Q7RTV2,Glutathione S-transferase A5,Reactome_R-HSA-1430728,caffeine,2519
Q7Z3B4,Nucleoporin p54,Reactome_R-HSA-1430728,caffeine,2519
Q7Z449,Cytochrome P450 2U1,Reactome_R-HSA-1430728,caffeine,2519
Q7Z4W1,L-xylulose reductase,Reactome_R-HSA-1430728,caffeine,2519
Q7Z5P4,17-beta-hydroxysteroid dehydrogenase 13,Reactome_R-HSA-1430728,caffeine,2519
Q7Z6Z6,Patatin-like phospholipase domain-containing protein 5,Reactome_R-HSA-1430728,caffeine,2519
Q7Z7K0,COX assembly mitochondrial protein homolog,Reactome_R-HSA-1430728,caffeine,2519
Q86SK9,Stearoyl-CoA desaturase 5,Reactome_R-HSA-1430728,caffeine,2519
Q86SX6,"Glutaredoxin-related protein 5, mitochondrial",Reactome_R-HSA-1430728,caffeine,2519
Q86T03,"Type 1 phosphatidylinositol 4,5-bisphosphate 4-phosphatase",Reactome_R-HSA-1430728,caffeine,2519
Q86U10,60 kDa lysophospholipase,Reactome_R-HSA-1430728,caffeine,2519
Q86U28,"Iron-sulfur cluster assembly 2 homolog, mitochondrial",Reactome_R-HSA-1430728,caffeine,2519
Q86UL3,Glycerol-3-phosphate acyltransferase 4,Reactome_R-HSA-1430728,caffeine,2519
Q86UW1,Organic solute transporter subunit alpha,Reactome_R-HSA-1430728,caffeine,2519
Q86UW2,Organic solute transporter subunit beta,Reactome_R-HSA-1430728,caffeine,2519
Q86V21,Acetoacetyl-CoA synthetase,Reactome_R-HSA-1430728,caffeine,2519
Q86V24,Adiponectin receptor protein 2,Reactome_R-HSA-1430728,caffeine,2519
Q86VD7,Mitochondrial coenzyme A transporter SLC25A42,Reactome_R-HSA-1430728,caffeine,2519
Q86VZ5,Phosphatidylcholine:ceramide cholinephosphotransferase 1,Reactome_R-HSA-1430728,caffeine,2519
Q86WA6,Serine hydrolase BPHL,Reactome_R-HSA-1430728,caffeine,2519
Q86WA9,Sodium-independent sulfate anion transporter,Reactome_R-HSA-1430728,caffeine,2519
Q86WG5,Myotubularin-related protein 13,Reactome_R-HSA-1430728,caffeine,2519
Q86WW8,Cytochrome c oxidase assembly factor 5,Reactome_R-HSA-1430728,caffeine,2519
Q86X67,"NAD(P)H pyrophosphatase NUDT13, mitochondrial",Reactome_R-HSA-1430728,caffeine,2519
Q86XE5,"4-hydroxy-2-oxoglutarate aldolase, mitochondrial",Reactome_R-HSA-1430728,caffeine,2519
Q86XF0,"Dihydrofolate reductase 2, mitochondrial",Reactome_R-HSA-1430728,caffeine,2519
Q86Y39,NADH dehydrogenase [ubiquinone] 1 alpha subcomplex subunit 11,Reactome_R-HSA-1430728,caffeine,2519
Q86YH6,All trans-polyprenyl-diphosphate synthase PDSS2,Reactome_R-HSA-1430728,caffeine,2519
Q86YN6,Peroxisome proliferator-activated receptor gamma coactivator 1-beta,Reactome_R-HSA-1430728,caffeine,2519
Q86YW0,"1-phosphatidylinositol 4,5-bisphosphate phosphodiesterase zeta-1",Reactome_R-HSA-1430728,caffeine,2519
Q8IUR7,Armadillo repeat-containing protein 8,Reactome_R-HSA-1430728,caffeine,2519
Q8IUX1,"Complex I assembly factor TMEM126B, mitochondrial",Reactome_R-HSA-1430728,caffeine,2519
Q8IUZ5,5-phosphohydroxy-L-lysine phospho-lyase,Reactome_R-HSA-1430728,caffeine,2519
Q8IV16,Glycosylphosphatidylinositol-anchored high density lipoprotein-binding protein 1,Reactome_R-HSA-1430728,caffeine,2519
Q8IV42,L-seryl-tRNA(Sec) kinase,Reactome_R-HSA-1430728,caffeine,2519
Q8IVF5,Rho guanine nucleotide exchange factor TIAM2,Reactome_R-HSA-1430728,caffeine,2519
Q8IVH4,"Methylmalonic aciduria type A protein, mitochondrial",Reactome_R-HSA-1430728,caffeine,2519
Q8IVI9,Nostrin,Reactome_R-HSA-1430728,caffeine,2519
Q8IVQ6,Palmitoyltransferase ZDHHC21,Reactome_R-HSA-1430728,caffeine,2519
Q8IVS2,"Malonyl-CoA-acyl carrier protein transacylase, mitochondrial",Reactome_R-HSA-1430728,caffeine,2519
Q8IVS8,Glycerate kinase,Reactome_R-HSA-1430728,caffeine,2519
Q8IVV7,Glucose-induced degradation protein 4 homolog,Reactome_R-HSA-1430728,caffeine,2519
Q8IW45,ATP-dependent (S)-NAD(P)H-hydrate dehydratase,Reactome_R-HSA-1430728,caffeine,2519
Q8IWL3,Iron-sulfur cluster co-chaperone protein HscB,Reactome_R-HSA-1430728,caffeine,2519
Q8IWW8,"Hydroxyacid-oxoacid transhydrogenase, mitochondrial",Reactome_R-HSA-1430728,caffeine,2519
Q8IY17,Patatin-like phospholipase domain-containing protein 6,Reactome_R-HSA-1430728,caffeine,2519
Q8IY26,Polyisoprenoid diphosphate/phosphate phosphohydrolase PLPP6,Reactome_R-HSA-1430728,caffeine,2519
Q8N0U8,Vitamin K epoxide reductase complex subunit 1-like protein 1,Reactome_R-HSA-1430728,caffeine,2519
Q8N159,"N-acetylglutamate synthase, mitochondrial",Reactome_R-HSA-1430728,caffeine,2519
Q8N183,NADH dehydrogenase [ubiquinone] 1 alpha subcomplex assembly factor 2,Reactome_R-HSA-1430728,caffeine,2519
Q8N1F7,Nuclear pore complex protein Nup93,Reactome_R-HSA-1430728,caffeine,2519
Q8N1Q1,Carbonic anhydrase 13,Reactome_R-HSA-1430728,caffeine,2519
Q8N2A8,Mitochondrial cardiolipin hydrolase,Reactome_R-HSA-1430728,caffeine,2519
Q8N2W9,E3 SUMO-protein ligase PIAS4,Reactome_R-HSA-1430728,caffeine,2519
Q8N335,Glycerol-3-phosphate dehydrogenase 1-like protein,Reactome_R-HSA-1430728,caffeine,2519
Q8N3E9,"1-phosphatidylinositol 4,5-bisphosphate phosphodiesterase delta-3",Reactome_R-HSA-1430728,caffeine,2519
Q8N3J5,Protein phosphatase Mn(2+)-dependent 1K,Reactome_R-HSA-1430728,caffeine,2519
Q8N465,"D-2-hydroxyglutarate dehydrogenase, mitochondrial",Reactome_R-HSA-1430728,caffeine,2519
Q8N490-2,MR-1S,Reactome_R-HSA-1430728,caffeine,2519
Q8N4J0,Carnosine N-methyltransferase,Reactome_R-HSA-1430728,caffeine,2519
Q8N4T8,3-oxoacyl-[acyl-carrier-protein] reductase,Reactome_R-HSA-1430728,caffeine,2519
Q8N5G0,Small integral membrane protein 20,Reactome_R-HSA-1430728,caffeine,2519
Q8N5Z0,"Kynurenine/alpha-aminoadipate aminotransferase, mitochondrial",Reactome_R-HSA-1430728,caffeine,2519
Q8N661,Lysoplasmalogenase TMEM86B,Reactome_R-HSA-1430728,caffeine,2519
Q8N695,Sodium-coupled monocarboxylate transporter 1,Reactome_R-HSA-1430728,caffeine,2519
Q8N6M3,Acyl-coenzyme A diphosphatase FITM2,Reactome_R-HSA-1430728,caffeine,2519
Q8N8N7,Prostaglandin reductase 2,Reactome_R-HSA-1430728,caffeine,2519
Q8N8Q8,"Cytochrome c oxidase assembly protein COX18, mitochondrial",Reactome_R-HSA-1430728,caffeine,2519
Q8N9F0,N-acetylaspartate synthetase,Reactome_R-HSA-1430728,caffeine,2519
Q8N9F7,Lysophospholipase D GDPD1,Reactome_R-HSA-1430728,caffeine,2519
Q8NA29,Sodium-dependent lysophosphatidylcholine symporter 1,Reactome_R-HSA-1430728,caffeine,2519
Q8NAN2,Mitoguardin 1,Reactome_R-HSA-1430728,caffeine,2519
Q8NBJ7,Inactive C-alpha-formylglycine-generating enzyme 2,Reactome_R-HSA-1430728,caffeine,2519
Q8NBK3,Formylglycine-generating enzyme,Reactome_R-HSA-1430728,caffeine,2519
Q8NBQ5,Estradiol 17-beta-dehydrogenase 11,Reactome_R-HSA-1430728,caffeine,2519
Q8NBZ7,UDP-glucuronic acid decarboxylase 1,Reactome_R-HSA-1430728,caffeine,2519
Q8NCC3,Lysosomal phospholipase A and acyltransferase,Reactome_R-HSA-1430728,caffeine,2519
Q8NCH0,Carbohydrate sulfotransferase 14,Reactome_R-HSA-1430728,caffeine,2519
Q8NCW5,NAD(P)H-hydrate epimerase,Reactome_R-HSA-1430728,caffeine,2519
Q8NE62,"Choline dehydrogenase, mitochondrial",Reactome_R-HSA-1430728,caffeine,2519
Q8NEL9,Phospholipase DDHD1,Reactome_R-HSA-1430728,caffeine,2519
Q8NF37,Lysophosphatidylcholine acyltransferase 1,Reactome_R-HSA-1430728,caffeine,2519
Q8NFF5,Bifunctional FAD diphosphatase/FAD synthase,Reactome_R-HSA-1430728,caffeine,2519
Q8NFH3,Nucleoporin Nup43,Reactome_R-HSA-1430728,caffeine,2519
Q8NFH4,Nucleoporin Nup37,Reactome_R-HSA-1430728,caffeine,2519
Q8NFH5,Nucleoporin NUP35,Reactome_R-HSA-1430728,caffeine,2519
Q8NFP7,Diphosphoinositol polyphosphate phosphohydrolase 3-alpha,Reactome_R-HSA-1430728,caffeine,2519
Q8NFU3,Thiosulfate:glutathione sulfurtransferase,Reactome_R-HSA-1430728,caffeine,2519
Q8NFU5,Inositol polyphosphate multikinase,Reactome_R-HSA-1430728,caffeine,2519
Q8NHP1,Aflatoxin B1 aldehyde reductase member 4,Reactome_R-HSA-1430728,caffeine,2519
Q8NHU3,Phosphatidylcholine:ceramide cholinephosphotransferase 2,Reactome_R-HSA-1430728,caffeine,2519
Q8NHY0,"Beta-1,4 N-acetylgalactosaminyltransferase 2",Reactome_R-HSA-1430728,caffeine,2519
Q8TB37,Iron-sulfur cluster transfer protein NUBPL,Reactome_R-HSA-1430728,caffeine,2519
Q8TB40,(Lyso)-N-acylphosphatidylethanolamine lipase,Reactome_R-HSA-1430728,caffeine,2519
Q8TB92,"3-hydroxy-3-methylglutaryl-CoA lyase, cytoplasmic",Reactome_R-HSA-1430728,caffeine,2519
Q8TBF2,Prostamide/prostaglandin F synthase,Reactome_R-HSA-1430728,caffeine,2519
Q8TBG4,Ethanolamine-phosphate phospho-lyase,Reactome_R-HSA-1430728,caffeine,2519
Q8TBX8,Phosphatidylinositol 5-phosphate 4-kinase type-2 gamma,Reactome_R-HSA-1430728,caffeine,2519
Q8TC12,Retinol dehydrogenase 11,Reactome_R-HSA-1430728,caffeine,2519
Q8TCD5,"5'(3')-deoxyribonucleotidase, cytosolic type",Reactome_R-HSA-1430728,caffeine,2519
Q8TCT0,Ceramide kinase,Reactome_R-HSA-1430728,caffeine,2519
Q8TCT1,Phosphoethanolamine/phosphocholine phosphatase,Reactome_R-HSA-1430728,caffeine,2519
Q8TD30-1,PXLP-K341-GPT2-1,Reactome_R-HSA-1430728,caffeine,2519
Q8TDN7,Alkaline ceramidase 1,Reactome_R-HSA-1430728,caffeine,2519
Q8TDQ7,Glucosamine-6-phosphate deaminase 2,Reactome_R-HSA-1430728,caffeine,2519
Q8TDX5,2-amino-3-carboxymuconate-6-semialdehyde decarboxylase,Reactome_R-HSA-1430728,caffeine,2519
Q8TE99,2-phosphoxylose phosphatase 1,Reactome_R-HSA-1430728,caffeine,2519
Q8TEM1,Nuclear pore membrane glycoprotein 210,Reactome_R-HSA-1430728,caffeine,2519
Q8VNV4,Beta-galactosidase ,Reactome_R-HSA-1430728,caffeine,2519
Q8WTR4,Glycerophosphodiester phosphodiesterase domain-containing protein 5,Reactome_R-HSA-1430728,caffeine,2519
Q8WTS1,1-acylglycerol-3-phosphate O-acyltransferase ABHD5,Reactome_R-HSA-1430728,caffeine,2519
Q8WU67,Phospholipase ABHD3,Reactome_R-HSA-1430728,caffeine,2519
Q8WUD6,Cholinephosphotransferase 1,Reactome_R-HSA-1430728,caffeine,2519
Q8WUJ3,Cell migration-inducing and hyaluronan-binding protein,Reactome_R-HSA-1430728,caffeine,2519
Q8WUK0,Phosphatidylglycerophosphatase and protein-tyrosine phosphatase 1,Reactome_R-HSA-1430728,caffeine,2519
Q8WUM0,Nuclear pore complex protein Nup133,Reactome_R-HSA-1430728,caffeine,2519
Q8WV74,Mitochondrial coenzyme A diphosphatase NUDT8,Reactome_R-HSA-1430728,caffeine,2519
Q8WVC6,Dephospho-CoA kinase domain-containing protein,Reactome_R-HSA-1430728,caffeine,2519
Q8WVI0,Ubiquinol-cytochrome c reductase complex assembly factor 5,Reactome_R-HSA-1430728,caffeine,2519
Q8WVX9,Fatty acyl-CoA reductase 1,Reactome_R-HSA-1430728,caffeine,2519
Q8WWI5,Choline transporter-like protein 1,Reactome_R-HSA-1430728,caffeine,2519
Q8WWM9,Cytoglobin,Reactome_R-HSA-1430728,caffeine,2519
Q8WWQ2,Inactive heparanase-2,Reactome_R-HSA-1430728,caffeine,2519
Q8WYR1,Phosphoinositide 3-kinase regulatory subunit 5,Reactome_R-HSA-1430728,caffeine,2519
Q8WZA2,Rap guanine nucleotide exchange factor 4,Reactome_R-HSA-1430728,caffeine,2519
Q92506,(3R)-3-hydroxyacyl-CoA dehydrogenase,Reactome_R-HSA-1430728,caffeine,2519
Q92523,"Carnitine O-palmitoyltransferase 1, muscle isoform",Reactome_R-HSA-1430728,caffeine,2519
Q92539,Phosphatidate phosphatase LPIN2,Reactome_R-HSA-1430728,caffeine,2519
Q92562,Polyphosphoinositide phosphatase,Reactome_R-HSA-1430728,caffeine,2519
Q92569,Phosphatidylinositol 3-kinase regulatory subunit gamma,Reactome_R-HSA-1430728,caffeine,2519
Q92621,Nuclear pore complex protein Nup205,Reactome_R-HSA-1430728,caffeine,2519
Q92748,Thyroid hormone-inducible hepatic protein,Reactome_R-HSA-1430728,caffeine,2519
Q92793,CREB-binding protein,Reactome_R-HSA-1430728,caffeine,2519
Q92813,Type II iodothyronine deiodinase,Reactome_R-HSA-1430728,caffeine,2519
Q92887,ATP-binding cassette sub-family C member 2,Reactome_R-HSA-1430728,caffeine,2519
Q92903,Phosphatidate cytidylyltransferase 1,Reactome_R-HSA-1430728,caffeine,2519
Q92911,Sodium/iodide cotransporter,Reactome_R-HSA-1430728,caffeine,2519
Q92947,"Glutaryl-CoA dehydrogenase, mitochondrial",Reactome_R-HSA-1430728,caffeine,2519
Q93063,Exostosin-2,Reactome_R-HSA-1430728,caffeine,2519
Q93074,Mediator of RNA polymerase II transcription subunit 12,Reactome_R-HSA-1430728,caffeine,2519
Q93088,Betaine--homocysteine S-methyltransferase 1,Reactome_R-HSA-1430728,caffeine,2519
Q93099,"Homogentisate 1,2-dioxygenase",Reactome_R-HSA-1430728,caffeine,2519
Q93100,Phosphorylase b kinase regulatory subunit beta,Reactome_R-HSA-1430728,caffeine,2519
Q969G6,Riboflavin kinase,Reactome_R-HSA-1430728,caffeine,2519
Q969X2,"Alpha-N-acetylgalactosaminide alpha-2,6-sialyltransferase 6",Reactome_R-HSA-1430728,caffeine,2519
Q969Z3,Mitochondrial amidoxime reducing component 2,Reactome_R-HSA-1430728,caffeine,2519
Q96A54,Adiponectin receptor protein 1,Reactome_R-HSA-1430728,caffeine,2519
Q96A70,Antizyme inhibitor 2,Reactome_R-HSA-1430728,caffeine,2519
Q96AQ7,Lipid transferase CIDEC,Reactome_R-HSA-1430728,caffeine,2519
Q96B77,Transmembrane protein 186,Reactome_R-HSA-1430728,caffeine,2519
Q96BZ4,5'-3' exonuclease PLD4,Reactome_R-HSA-1430728,caffeine,2519
Q96C23,Galactose mutarotase,Reactome_R-HSA-1430728,caffeine,2519
Q96C36,Pyrroline-5-carboxylate reductase 2,Reactome_R-HSA-1430728,caffeine,2519
Q96CD2,Phosphopantothenoylcysteine decarboxylase,Reactome_R-HSA-1430728,caffeine,2519
Q96CM8,"Medium-chain acyl-CoA ligase ACSF2, mitochondrial",Reactome_R-HSA-1430728,caffeine,2519
Q96CU9,FAD-dependent oxidoreductase domain-containing protein 1,Reactome_R-HSA-1430728,caffeine,2519
Q96DE0,U8 snoRNA-decapping enzyme,Reactome_R-HSA-1430728,caffeine,2519
Q96DG6,Carboxymethylenebutenolidase homolog,Reactome_R-HSA-1430728,caffeine,2519
Q96DU7,Inositol-trisphosphate 3-kinase C,Reactome_R-HSA-1430728,caffeine,2519
Q96EE3-1,SEH1L-1,Reactome_R-HSA-1430728,caffeine,2519
Q96EE3-2,SEH1L-2,Reactome_R-HSA-1430728,caffeine,2519
Q96EF0,"Phosphatidylinositol-3,5-bisphosphate 3-phosphatase MTMR8",Reactome_R-HSA-1430728,caffeine,2519
Q96EK7,Constitutive coactivator of peroxisome proliferator-activated receptor gamma,Reactome_R-HSA-1430728,caffeine,2519
Q96EN8,Molybdenum cofactor sulfurase,Reactome_R-HSA-1430728,caffeine,2519
Q96EY8,Corrinoid adenosyltransferase MMAB,Reactome_R-HSA-1430728,caffeine,2519
Q96G03,Phosphopentomutase,Reactome_R-HSA-1430728,caffeine,2519
Q96G25,Mediator of RNA polymerase II transcription subunit 8,Reactome_R-HSA-1430728,caffeine,2519
Q96G61,Diphosphoinositol polyphosphate phosphohydrolase 3-beta,Reactome_R-HSA-1430728,caffeine,2519
Q96GA7,Serine dehydratase-like,Reactome_R-HSA-1430728,caffeine,2519
Q96GE9,Distal membrane-arm assembly complex protein 1,Reactome_R-HSA-1430728,caffeine,2519
Q96GX9,Methylthioribulose-1-phosphate dehydratase,Reactome_R-HSA-1430728,caffeine,2519
Q96H78,Solute carrier family 25 member 44,Reactome_R-HSA-1430728,caffeine,2519
Q96H96,"4-hydroxybenzoate polyprenyltransferase, mitochondrial",Reactome_R-HSA-1430728,caffeine,2519
Q96HD9,N-acyl-aromatic-L-amino acid amidohydrolase (carboxylate-forming),Reactome_R-HSA-1430728,caffeine,2519
Q96HR3,Mediator of RNA polymerase II transcription subunit 30,Reactome_R-HSA-1430728,caffeine,2519
Q96HS1-1,PGAM5L,Reactome_R-HSA-1430728,caffeine,2519
Q96I15,Selenocysteine lyase,Reactome_R-HSA-1430728,caffeine,2519
Q96I23,"Protein preY, mitochondrial",Reactome_R-HSA-1430728,caffeine,2519
Q96I36,Cytochrome c oxidase assembly protein COX14,Reactome_R-HSA-1430728,caffeine,2519
Q96I99,"Succinate--CoA ligase [GDP-forming] subunit beta, mitochondrial",Reactome_R-HSA-1430728,caffeine,2519
Q96IR7,4-hydroxyphenylpyruvate dioxygenase-like protein,Reactome_R-HSA-1430728,caffeine,2519
Q96IU4,Putative protein-lysine deacylase ABHD14B,Reactome_R-HSA-1430728,caffeine,2519
Q96IX5,"ATP synthase F(0) complex subunit k, mitochondrial",Reactome_R-HSA-1430728,caffeine,2519
Q96JD6,"1,5-anhydro-D-fructose reductase",Reactome_R-HSA-1430728,caffeine,2519
Q96K12,Fatty acyl-CoA reductase 2,Reactome_R-HSA-1430728,caffeine,2519
Q96KP4,Cytosolic non-specific dipeptidase,Reactome_R-HSA-1430728,caffeine,2519
Q96L58,"Beta-1,3-galactosyltransferase 6",Reactome_R-HSA-1430728,caffeine,2519
Q96LT4,Sphingomyelin synthase-related protein 1,Reactome_R-HSA-1430728,caffeine,2519
Q96N66,Membrane-bound acylglycerophosphatidylinositol O-acyltransferase MBOAT7,Reactome_R-HSA-1430728,caffeine,2519
Q96N76,Urocanate hydratase,Reactome_R-HSA-1430728,caffeine,2519
Q96NT5,Proton-coupled folate transporter,Reactome_R-HSA-1430728,caffeine,2519
Q96NU7,Probable imidazolonepropionase,Reactome_R-HSA-1430728,caffeine,2519
Q96P26,Cytosolic 5'-nucleotidase 1B,Reactome_R-HSA-1430728,caffeine,2519
Q96PD7,Diacylglycerol O-acyltransferase 2,Reactome_R-HSA-1430728,caffeine,2519
Q96PE7,"Methylmalonyl-CoA epimerase, mitochondrial",Reactome_R-HSA-1430728,caffeine,2519
Q96PY6,Serine/threonine-protein kinase Nek1,Reactome_R-HSA-1430728,caffeine,2519
Q96QG7,Myotubularin-related protein 9,Reactome_R-HSA-1430728,caffeine,2519
Q96RI1,Bile acid receptor,Reactome_R-HSA-1430728,caffeine,2519
Q96RN5,Mediator of RNA polymerase II transcription subunit 15,Reactome_R-HSA-1430728,caffeine,2519
Q96RQ3,"Methylcrotonoyl-CoA carboxylase subunit alpha, mitochondrial",Reactome_R-HSA-1430728,caffeine,2519
Q96RQ9,L-amino-acid oxidase,Reactome_R-HSA-1430728,caffeine,2519
Q96RU7,Tribbles homolog 3,Reactome_R-HSA-1430728,caffeine,2519
Q96S59,Ran-binding protein 9,Reactome_R-HSA-1430728,caffeine,2519
Q96SQ9,Cytochrome P450 2S1,Reactome_R-HSA-1430728,caffeine,2519
Q96SZ5,2-aminoethanethiol dioxygenase,Reactome_R-HSA-1430728,caffeine,2519
Q96T21,Selenocysteine insertion sequence-binding protein 2,Reactome_R-HSA-1430728,caffeine,2519
Q96T51,RUN and FYVE domain-containing protein 1,Reactome_R-HSA-1430728,caffeine,2519
Q96T66,Nicotinamide/nicotinic acid mononucleotide adenylyltransferase 3,Reactome_R-HSA-1430728,caffeine,2519
Q96T76,MMS19 nucleotide excision repair protein homolog,Reactome_R-HSA-1430728,caffeine,2519
Q99424,Peroxisomal acyl-coenzyme A oxidase 2,Reactome_R-HSA-1430728,caffeine,2519
Q99447,Ethanolamine-phosphate cytidylyltransferase,Reactome_R-HSA-1430728,caffeine,2519
Q99489,D-aspartate oxidase,Reactome_R-HSA-1430728,caffeine,2519
Q99518,Flavin-containing monooxygenase 2,Reactome_R-HSA-1430728,caffeine,2519
Q99538,Legumain,Reactome_R-HSA-1430728,caffeine,2519
Q99541,Perilipin-2,Reactome_R-HSA-1430728,caffeine,2519
Q99567,Nuclear pore complex protein Nup88,Reactome_R-HSA-1430728,caffeine,2519
Q99611,"Selenide, water dikinase 2",Reactome_R-HSA-1430728,caffeine,2519
Q99643,"Succinate dehydrogenase cytochrome b560 subunit, mitochondrial",Reactome_R-HSA-1430728,caffeine,2519
Q99653,Calcineurin B homologous protein 1,Reactome_R-HSA-1430728,caffeine,2519
Q99685,Monoglyceride lipase,Reactome_R-HSA-1430728,caffeine,2519
Q99707,Methionine synthase,Reactome_R-HSA-1430728,caffeine,2519
Q99714,3-hydroxyacyl-CoA dehydrogenase type-2,Reactome_R-HSA-1430728,caffeine,2519
Q99735,Microsomal glutathione S-transferase 2,Reactome_R-HSA-1430728,caffeine,2519
Q99743,Neuronal PAS domain-containing protein 2,Reactome_R-HSA-1430728,caffeine,2519
Q99757,"Thioredoxin, mitochondrial",Reactome_R-HSA-1430728,caffeine,2519
Q99766,"ATP synthase subunit s, mitochondrial",Reactome_R-HSA-1430728,caffeine,2519
Q99798,"Aconitate hydratase, mitochondrial",Reactome_R-HSA-1430728,caffeine,2519
Q99943,1-acyl-sn-glycerol-3-phosphate acyltransferase alpha,Reactome_R-HSA-1430728,caffeine,2519
Q99999,Galactosylceramide sulfotransferase,Reactome_R-HSA-1430728,caffeine,2519
Q9BPX1,L-fucose dehydrogenase,Reactome_R-HSA-1430728,caffeine,2519
Q9BQ95,"Evolutionarily conserved signaling intermediate in Toll pathway, mitochondrial",Reactome_R-HSA-1430728,caffeine,2519
Q9BQB6,Vitamin K epoxide reductase complex subunit 1,Reactome_R-HSA-1430728,caffeine,2519
Q9BQG2,NAD-capped RNA hydrolase NUDT12,Reactome_R-HSA-1430728,caffeine,2519
Q9BQK8,Phosphatidate phosphatase LPIN3,Reactome_R-HSA-1430728,caffeine,2519
Q9BQT8,Mitochondrial 2-oxodicarboxylate carrier,Reactome_R-HSA-1430728,caffeine,2519
Q9BR01,Sulfotransferase 4A1,Reactome_R-HSA-1430728,caffeine,2519
Q9BR61,Acyl-CoA-binding domain-containing protein 6,Reactome_R-HSA-1430728,caffeine,2519
Q9BRC7,"1-phosphatidylinositol 4,5-bisphosphate phosphodiesterase delta-4",Reactome_R-HSA-1430728,caffeine,2519
Q9BRR6,ADP-dependent glucokinase,Reactome_R-HSA-1430728,caffeine,2519
Q9BRT2,Ubiquinol-cytochrome c reductase complex assembly factor 2,Reactome_R-HSA-1430728,caffeine,2519
Q9BSE5,"Guanidino acid hydrolase, mitochondrial",Reactome_R-HSA-1430728,caffeine,2519
Q9BSH4,Translational activator of cytochrome c oxidase 1,Reactome_R-HSA-1430728,caffeine,2519
Q9BTT4,Mediator of RNA polymerase II transcription subunit 10,Reactome_R-HSA-1430728,caffeine,2519
Q9BTX1,Nucleoporin NDC1,Reactome_R-HSA-1430728,caffeine,2519
Q9BU02,Thiamine-triphosphatase,Reactome_R-HSA-1430728,caffeine,2519
Q9BU61,NADH dehydrogenase [ubiquinone] 1 alpha subcomplex assembly factor 3,Reactome_R-HSA-1430728,caffeine,2519
Q9BUE0,Mediator of RNA polymerase II transcription subunit 18,Reactome_R-HSA-1430728,caffeine,2519
Q9BUE6,"Iron-sulfur cluster assembly 1 homolog, mitochondrial",Reactome_R-HSA-1430728,caffeine,2519
Q9BUM1,Glucose-6-phosphatase 3,Reactome_R-HSA-1430728,caffeine,2519
Q9BUT1,Dehydrogenase/reductase SDR family member 6,Reactome_R-HSA-1430728,caffeine,2519
Q9BUV8,GEL complex subunit OPTI,Reactome_R-HSA-1430728,caffeine,2519
Q9BV20,Methylthioribose-1-phosphate isomerase,Reactome_R-HSA-1430728,caffeine,2519
Q9BV57,Acireductone dioxygenase,Reactome_R-HSA-1430728,caffeine,2519
Q9BV79,"Enoyl-[acyl-carrier-protein] reductase, mitochondrial",Reactome_R-HSA-1430728,caffeine,2519
Q9BVG9,Phosphatidylserine synthase 2,Reactome_R-HSA-1430728,caffeine,2519
Q9BVV7,Mitochondrial import inner membrane translocase subunit Tim21,Reactome_R-HSA-1430728,caffeine,2519
Q9BW27,Nuclear pore complex protein Nup85,Reactome_R-HSA-1430728,caffeine,2519
Q9BW72,"HIG1 domain family member 2A, mitochondrial",Reactome_R-HSA-1430728,caffeine,2519
Q9BW91-1,NUDT9-1,Reactome_R-HSA-1430728,caffeine,2519
Q9BWD1,"Acetyl-CoA acetyltransferase, cytosolic",Reactome_R-HSA-1430728,caffeine,2519
Q9BWU1,Cyclin-dependent kinase 19,Reactome_R-HSA-1430728,caffeine,2519
Q9BX63,Fanconi anemia group J protein,Reactome_R-HSA-1430728,caffeine,2519
Q9BXI3,Cytosolic 5'-nucleotidase 1A,Reactome_R-HSA-1430728,caffeine,2519
Q9BXJ7,Protein amnionless,Reactome_R-HSA-1430728,caffeine,2519
Q9BY32,Inosine triphosphate pyrophosphatase,Reactome_R-HSA-1430728,caffeine,2519
Q9BY49,Peroxisomal trans-2-enoyl-CoA reductase,Reactome_R-HSA-1430728,caffeine,2519
Q9BY76,Angiopoietin-related protein 4,Reactome_R-HSA-1430728,caffeine,2519
Q9BYC2,"Succinyl-CoA:3-ketoacid coenzyme A transferase 2, mitochondrial",Reactome_R-HSA-1430728,caffeine,2519
Q9BYG0,"Lactosylceramide 1,3-N-acetyl-beta-D-glucosaminyltransferase",Reactome_R-HSA-1430728,caffeine,2519
Q9BYJ1,Hydroperoxide isomerase ALOXE3,Reactome_R-HSA-1430728,caffeine,2519
Q9BYK8,3'-5' exoribonuclease HELZ2,Reactome_R-HSA-1430728,caffeine,2519
Q9BYV1,"Alanine--glyoxylate aminotransferase 2, mitochondrial",Reactome_R-HSA-1430728,caffeine,2519
Q9BYV7,"Carotenoid-cleaving dioxygenase, mitochondrial",Reactome_R-HSA-1430728,caffeine,2519
Q9BYZ2,L-lactate dehydrogenase A-like 6B,Reactome_R-HSA-1430728,caffeine,2519
Q9BZ23,"Pantothenate kinase 2, mitochondrial",Reactome_R-HSA-1430728,caffeine,2519
Q9BZK7,F-box-like/WD repeat-containing protein TBL1XR1,Reactome_R-HSA-1430728,caffeine,2519
Q9BZM1,Group XIIA secretory phospholipase A2,Reactome_R-HSA-1430728,caffeine,2519
Q9BZM2,Group IIF secretory phospholipase A2,Reactome_R-HSA-1430728,caffeine,2519
Q9BZQ4,Nicotinamide/nicotinic acid mononucleotide adenylyltransferase 2,Reactome_R-HSA-1430728,caffeine,2519
Q9BZX2,Uridine-cytidine kinase 2,Reactome_R-HSA-1430728,caffeine,2519
Q9C0D9,Ethanolaminephosphotransferase 1,Reactome_R-HSA-1430728,caffeine,2519
Q9C0I1,Myotubularin-related protein 12,Reactome_R-HSA-1430728,caffeine,2519
Q9GZT4,Serine racemase,Reactome_R-HSA-1430728,caffeine,2519
Q9GZY4,Cytochrome c oxidase assembly factor 1 homolog,Reactome_R-HSA-1430728,caffeine,2519
Q9H008,Phospholysine phosphohistidine inorganic pyrophosphate phosphatase,Reactome_R-HSA-1430728,caffeine,2519
Q9H061,Transmembrane protein 126A,Reactome_R-HSA-1430728,caffeine,2519
Q9H0P0-4,NT5C3-4,Reactome_R-HSA-1430728,caffeine,2519
Q9H1K1-1,ISCU_HUMAN,Reactome_R-HSA-1430728,caffeine,2519
Q9H1U9,Mitochondrial nicotinamide adenine dinucleotide transporter SLC25A51,Reactome_R-HSA-1430728,caffeine,2519
Q9H204,Mediator of RNA polymerase II transcription subunit 28,Reactome_R-HSA-1430728,caffeine,2519
Q9H227,Cytosolic beta-glucosidase,Reactome_R-HSA-1430728,caffeine,2519
Q9H2C2,Protein ARV1,Reactome_R-HSA-1430728,caffeine,2519
Q9H2D1,Solute carrier family 25 member 32,Reactome_R-HSA-1430728,caffeine,2519
Q9H2F3,3 beta-hydroxysteroid dehydrogenase type 7,Reactome_R-HSA-1430728,caffeine,2519
Q9H2M3,S-methylmethionine--homocysteine S-methyltransferase BHMT2,Reactome_R-HSA-1430728,caffeine,2519
Q9H2U2,"Inorganic pyrophosphatase 2, mitochondrial",Reactome_R-HSA-1430728,caffeine,2519
Q9H3L0,Cobalamin trafficking protein CblD,Reactome_R-HSA-1430728,caffeine,2519
Q9H3S4,Thiamine pyrophosphokinase 1,Reactome_R-HSA-1430728,caffeine,2519
Q9H477,Ribokinase,Reactome_R-HSA-1430728,caffeine,2519
Q9H4A9,Dipeptidase 2,Reactome_R-HSA-1430728,caffeine,2519
Q9H4Y5,Glutathione S-transferase omega-2,Reactome_R-HSA-1430728,caffeine,2519
Q9H5J4,Very long chain fatty acid elongase 6,Reactome_R-HSA-1430728,caffeine,2519
Q9H6Q4,Cytosolic iron-sulfur assembly component 3,Reactome_R-HSA-1430728,caffeine,2519
Q9H6R3,"Acyl-CoA synthetase short-chain family member 3, mitochondrial",Reactome_R-HSA-1430728,caffeine,2519
Q9H773,dCTP pyrophosphatase 1,Reactome_R-HSA-1430728,caffeine,2519
Q9H7D7,WD repeat-containing protein 26,Reactome_R-HSA-1430728,caffeine,2519
Q9H845,"Complex I assembly factor ACAD9, mitochondrial",Reactome_R-HSA-1430728,caffeine,2519
Q9H8P0,Polyprenal reductase,Reactome_R-HSA-1430728,caffeine,2519
Q9H8X2,Inositol-pentakisphosphate 2-kinase,Reactome_R-HSA-1430728,caffeine,2519
Q9H944,Mediator of RNA polymerase II transcription subunit 20,Reactome_R-HSA-1430728,caffeine,2519
Q9H9P8,"L-2-hydroxyglutarate dehydrogenase, mitochondrial",Reactome_R-HSA-1430728,caffeine,2519
Q9HA47,Uridine-cytidine kinase 1,Reactome_R-HSA-1430728,caffeine,2519
Q9HAB8,Phosphopantothenate--cysteine ligase,Reactome_R-HSA-1430728,caffeine,2519
Q9HAN9,Nicotinamide/nicotinic acid mononucleotide adenylyltransferase 1,Reactome_R-HSA-1430728,caffeine,2519
Q9HAW8,UDP-glucuronosyltransferase 1A10,Reactome_R-HSA-1430728,caffeine,2519
Q9HAY6,"Beta,beta-carotene 15,15'-dioxygenase",Reactome_R-HSA-1430728,caffeine,2519
Q9HB19,Pleckstrin homology domain-containing family A member 2,Reactome_R-HSA-1430728,caffeine,2519
Q9HB21,Pleckstrin homology domain-containing family A member 1,Reactome_R-HSA-1430728,caffeine,2519
Q9HB55,Cytochrome P450 3A43,Reactome_R-HSA-1430728,caffeine,2519
Q9HBK9,Arsenite methyltransferase,Reactome_R-HSA-1430728,caffeine,2519
Q9HBL8,NmrA-like family domain-containing protein 1,Reactome_R-HSA-1430728,caffeine,2519
Q9HC21,Mitochondrial thiamine pyrophosphate carrier,Reactome_R-HSA-1430728,caffeine,2519
Q9HCC0,"Methylcrotonoyl-CoA carboxylase beta chain, mitochondrial",Reactome_R-HSA-1430728,caffeine,2519
Q9HCG7,Non-lysosomal glucosylceramidase,Reactome_R-HSA-1430728,caffeine,2519
Q9HCL2,"Glycerol-3-phosphate acyltransferase 1, mitochondrial",Reactome_R-HSA-1430728,caffeine,2519
Q9HD34,LYR motif-containing protein 4,Reactome_R-HSA-1430728,caffeine,2519
Q9HD40,O-phosphoseryl-tRNA(Sec) selenium transferase,Reactome_R-HSA-1430728,caffeine,2519
Q9NP71,Carbohydrate-responsive element-binding protein,Reactome_R-HSA-1430728,caffeine,2519
Q9NPA3,Mid1-interacting protein 1,Reactome_R-HSA-1430728,caffeine,2519
Q9NPB1,"5'(3')-deoxyribonucleotidase, mitochondrial",Reactome_R-HSA-1430728,caffeine,2519
Q9NPB8,Glycerophosphocholine phosphodiesterase GPCPD1,Reactome_R-HSA-1430728,caffeine,2519
Q9NPC4,Lactosylceramide 4-alpha-galactosyltransferase,Reactome_R-HSA-1430728,caffeine,2519
Q9NPD5,Solute carrier organic anion transporter family member 1B3,Reactome_R-HSA-1430728,caffeine,2519
Q9NPF0,CD320 antigen,Reactome_R-HSA-1430728,caffeine,2519
Q9NPH0,Lysophosphatidic acid phosphatase type 6,Reactome_R-HSA-1430728,caffeine,2519
Q9NPH2,Inositol-3-phosphate synthase 1,Reactome_R-HSA-1430728,caffeine,2519
Q9NPI5,Nicotinamide riboside kinase 2,Reactome_R-HSA-1430728,caffeine,2519
Q9NPJ6,Mediator of RNA polymerase II transcription subunit 4,Reactome_R-HSA-1430728,caffeine,2519
Q9NPL8,"Complex I assembly factor TIMMDC1, mitochondrial",Reactome_R-HSA-1430728,caffeine,2519
Q9NPZ5,Galactosylgalactosylxylosylprotein 3-beta-glucuronosyltransferase 2,Reactome_R-HSA-1430728,caffeine,2519
Q9NQ66,"1-phosphatidylinositol 4,5-bisphosphate phosphodiesterase beta-1",Reactome_R-HSA-1430728,caffeine,2519
Q9NQR9,Glucose-6-phosphatase 2,Reactome_R-HSA-1430728,caffeine,2519
Q9NQX3,Gephyrin,Reactome_R-HSA-1430728,caffeine,2519
Q9NQZ5,"StAR-related lipid transfer protein 7, mitochondrial",Reactome_R-HSA-1430728,caffeine,2519
Q9NQZ7,Ectonucleoside triphosphate diphosphohydrolase 7,Reactome_R-HSA-1430728,caffeine,2519
Q9NR19,"Acetyl-coenzyme A synthetase, cytoplasmic",Reactome_R-HSA-1430728,caffeine,2519
Q9NR77,Peroxisomal membrane protein 2,Reactome_R-HSA-1430728,caffeine,2519
Q9NRA0,Sphingosine kinase 2,Reactome_R-HSA-1430728,caffeine,2519
Q9NRA2,Sialin,Reactome_R-HSA-1430728,caffeine,2519
Q9NRD9,Dual oxidase 1,Reactome_R-HSA-1430728,caffeine,2519
Q9NRF8,CTP synthase 2,Reactome_R-HSA-1430728,caffeine,2519
Q9NRG9,Aladin,Reactome_R-HSA-1430728,caffeine,2519
Q9NRN7,L-aminoadipate-semialdehyde dehydrogenase-phosphopantetheinyl transferase,Reactome_R-HSA-1430728,caffeine,2519
Q9NRP4,"Succinate dehydrogenase assembly factor 3, mitochondrial",Reactome_R-HSA-1430728,caffeine,2519
Q9NSY2,StAR-related lipid transfer protein 5,Reactome_R-HSA-1430728,caffeine,2519
Q9NTG7,"NAD-dependent protein deacetylase sirtuin-3, mitochondrial",Reactome_R-HSA-1430728,caffeine,2519
Q9NTJ4,Alpha-mannosidase 2C1,Reactome_R-HSA-1430728,caffeine,2519
Q9NTJ5,Phosphatidylinositol-3-phosphatase SAC1,Reactome_R-HSA-1430728,caffeine,2519
Q9NTN3,Nucleotide sugar transporter SLC35D1,Reactome_R-HSA-1430728,caffeine,2519
Q9NU23,LYR motif-containing protein 2,Reactome_R-HSA-1430728,caffeine,2519
Q9NUB1,"Acetyl-coenzyme A synthetase 2-like, mitochondrial",Reactome_R-HSA-1430728,caffeine,2519
Q9NUI1,"Peroxisomal 2,4-dienoyl-CoA reductase [(3E)-enoyl-CoA-producing]",Reactome_R-HSA-1430728,caffeine,2519
Q9NUJ1,"Palmitoyl-protein thioesterase ABHD10, mitochondrial",Reactome_R-HSA-1430728,caffeine,2519
Q9NUN5,Lysosomal cobalamin transport escort protein LMBD1,Reactome_R-HSA-1430728,caffeine,2519
Q9NUN7,Alkaline ceramidase 3,Reactome_R-HSA-1430728,caffeine,2519
Q9NUQ2,1-acyl-sn-glycerol-3-phosphate acyltransferase epsilon,Reactome_R-HSA-1430728,caffeine,2519
Q9NUV7,Serine palmitoyltransferase 3,Reactome_R-HSA-1430728,caffeine,2519
Q9NUZ1,Acyl-coenzyme A oxidase-like protein,Reactome_R-HSA-1430728,caffeine,2519
Q9NV23,"S-acyl fatty acid synthase thioesterase, medium chain",Reactome_R-HSA-1430728,caffeine,2519
Q9NV35,Nucleotide triphosphate diphosphatase NUDT15,Reactome_R-HSA-1430728,caffeine,2519
Q9NVA1,Ubiquinol-cytochrome c reductase complex assembly factor 1,Reactome_R-HSA-1430728,caffeine,2519
Q9NVC6,Mediator of RNA polymerase II transcription subunit 17,Reactome_R-HSA-1430728,caffeine,2519
Q9NVE7,4'-phosphopantetheine phosphatase,Reactome_R-HSA-1430728,caffeine,2519
Q9NVH6,"Trimethyllysine dioxygenase, mitochondrial",Reactome_R-HSA-1430728,caffeine,2519
Q9NVS9,Pyridoxine-5'-phosphate oxidase,Reactome_R-HSA-1430728,caffeine,2519
Q9NW81,Distal membrane-arm assembly complex protein 2,Reactome_R-HSA-1430728,caffeine,2519
Q9NWA0,Mediator of RNA polymerase II transcription subunit 9,Reactome_R-HSA-1430728,caffeine,2519
Q9NWM0-3,SMOX_HUMAN,Reactome_R-HSA-1430728,caffeine,2519
Q9NWU2,Glucose-induced degradation protein 8 homolog,Reactome_R-HSA-1430728,caffeine,2519
Q9NWW6,Nicotinamide riboside kinase 1,Reactome_R-HSA-1430728,caffeine,2519
Q9NWZ5,Uridine-cytidine kinase-like 1,Reactome_R-HSA-1430728,caffeine,2519
Q9NX14,"NADH dehydrogenase [ubiquinone] 1 beta subcomplex subunit 11, mitochondrial",Reactome_R-HSA-1430728,caffeine,2519
Q9NX18,"Succinate dehydrogenase assembly factor 2, mitochondrial",Reactome_R-HSA-1430728,caffeine,2519
Q9NX62,"Golgi-resident adenosine 3',5'-bisphosphate 3'-phosphatase",Reactome_R-HSA-1430728,caffeine,2519
Q9NX70,Mediator of RNA polymerase II transcription subunit 29,Reactome_R-HSA-1430728,caffeine,2519
Q9NXA8,"NAD-dependent protein deacylase sirtuin-5, mitochondrial",Reactome_R-HSA-1430728,caffeine,2519
Q9NXB9,Very long chain fatty acid elongase 2,Reactome_R-HSA-1430728,caffeine,2519
Q9NXD2,Myotubularin-related protein 10,Reactome_R-HSA-1430728,caffeine,2519
Q9NXE4,Sphingomyelin phosphodiesterase 4,Reactome_R-HSA-1430728,caffeine,2519
Q9NY47,Voltage-dependent calcium channel subunit alpha-2/delta-2,Reactome_R-HSA-1430728,caffeine,2519
Q9NYA1,Sphingosine kinase 1,Reactome_R-HSA-1430728,caffeine,2519
Q9NYL5,24-hydroxycholesterol 7-alpha-hydroxylase,Reactome_R-HSA-1430728,caffeine,2519
Q9NYQ3,2-Hydroxyacid oxidase 2,Reactome_R-HSA-1430728,caffeine,2519
Q9NZ20,Group 3 secretory phospholipase A2,Reactome_R-HSA-1430728,caffeine,2519
Q9NZ53,Podocalyxin-like protein 2,Reactome_R-HSA-1430728,caffeine,2519
Q9NZ71,Regulator of telomere elongation helicase 1,Reactome_R-HSA-1430728,caffeine,2519
Q9NZB8-1,MOCS1B,Reactome_R-HSA-1430728,caffeine,2519
Q9NZB8-5,MOCS1A,Reactome_R-HSA-1430728,caffeine,2519
Q9NZC3,Glycerophosphodiester phosphodiesterase 1,Reactome_R-HSA-1430728,caffeine,2519
Q9NZI5,Grainyhead-like protein 1 homolog,Reactome_R-HSA-1430728,caffeine,2519
Q9NZJ6,"Ubiquinone biosynthesis O-methyltransferase, mitochondrial",Reactome_R-HSA-1430728,caffeine,2519
Q9NZJ9,Diphosphoinositol polyphosphate phosphohydrolase 2,Reactome_R-HSA-1430728,caffeine,2519
Q9NZK7,Group IIE secretory phospholipase A2,Reactome_R-HSA-1430728,caffeine,2519
Q9NZL6,Ral guanine nucleotide dissociation stimulator-like 1,Reactome_R-HSA-1430728,caffeine,2519
Q9NZL9,Methionine adenosyltransferase 2 subunit beta,Reactome_R-HSA-1430728,caffeine,2519
Q9P032,NADH dehydrogenase [ubiquinone] 1 alpha subcomplex assembly factor 4,Reactome_R-HSA-1430728,caffeine,2519
Q9P086,Mediator of RNA polymerase II transcription subunit 11,Reactome_R-HSA-1430728,caffeine,2519
Q9P0J0,NADH dehydrogenase [ubiquinone] 1 alpha subcomplex subunit 13,Reactome_R-HSA-1430728,caffeine,2519
Q9P0S2,"Cytochrome c oxidase assembly protein COX16 homolog, mitochondrial",Reactome_R-HSA-1430728,caffeine,2519
Q9P0Z9,Peroxisomal sarcosine oxidase,Reactome_R-HSA-1430728,caffeine,2519
Q9P212,"1-phosphatidylinositol 4,5-bisphosphate phosphodiesterase epsilon-1",Reactome_R-HSA-1430728,caffeine,2519
Q9P2J5,"Leucine--tRNA ligase, cytoplasmic",Reactome_R-HSA-1430728,caffeine,2519
Q9P2R7,"Succinate--CoA ligase [ADP-forming] subunit beta, mitochondrial",Reactome_R-HSA-1430728,caffeine,2519
Q9P2T1,GMP reductase 2,Reactome_R-HSA-1430728,caffeine,2519
Q9P2W7,Galactosylgalactosylxylosylprotein 3-beta-glucuronosyltransferase 1,Reactome_R-HSA-1430728,caffeine,2519
Q9UBF8,Phosphatidylinositol 4-kinase beta,Reactome_R-HSA-1430728,caffeine,2519
Q9UBK2,Peroxisome proliferator-activated receptor gamma coactivator 1-alpha,Reactome_R-HSA-1430728,caffeine,2519
Q9UBK8,Methionine synthase reductase,Reactome_R-HSA-1430728,caffeine,2519
Q9UBM1,Phosphatidylethanolamine N-methyltransferase,Reactome_R-HSA-1430728,caffeine,2519
Q9UBM7,7-dehydrocholesterol reductase,Reactome_R-HSA-1430728,caffeine,2519
Q9UBQ6,Exostosin-like 2,Reactome_R-HSA-1430728,caffeine,2519
Q9UBQ7,Glyoxylate reductase/hydroxypyruvate reductase,Reactome_R-HSA-1430728,caffeine,2519
Q9UBR1,Beta-ureidopropionase,Reactome_R-HSA-1430728,caffeine,2519
Q9UBV7,"Beta-1,4-galactosyltransferase 7",Reactome_R-HSA-1430728,caffeine,2519
Q9UBX3,Mitochondrial dicarboxylate carrier,Reactome_R-HSA-1430728,caffeine,2519
Q9UBX8,"Beta-1,4-galactosyltransferase 6",Reactome_R-HSA-1430728,caffeine,2519
Q9UDR5,"Alpha-aminoadipic semialdehyde synthase, mitochondrial",Reactome_R-HSA-1430728,caffeine,2519
Q9UDW1,Cytochrome b-c1 complex subunit 9,Reactome_R-HSA-1430728,caffeine,2519
Q9UF12,Hydroxyproline dehydrogenase,Reactome_R-HSA-1430728,caffeine,2519
Q9UG56,"Phosphatidylserine decarboxylase proenzyme, mitochondrial",Reactome_R-HSA-1430728,caffeine,2519
Q9UGB7,Inositol oxygenase,Reactome_R-HSA-1430728,caffeine,2519
Q9UGJ0,5'-AMP-activated protein kinase subunit gamma-2,Reactome_R-HSA-1430728,caffeine,2519
Q9UH92,Max-like protein X,Reactome_R-HSA-1430728,caffeine,2519
Q9UHB4,NADPH-dependent diflavin oxidoreductase 1,Reactome_R-HSA-1430728,caffeine,2519
Q9UHJ6,Sedoheptulokinase,Reactome_R-HSA-1430728,caffeine,2519
Q9UHK6,Alpha-methylacyl-CoA racemase,Reactome_R-HSA-1430728,caffeine,2519
Q9UHV7,Mediator of RNA polymerase II transcription subunit 13,Reactome_R-HSA-1430728,caffeine,2519
Q9UHY7,Enolase-phosphatase E1,Reactome_R-HSA-1430728,caffeine,2519
Q9UI09,NADH dehydrogenase [ubiquinone] 1 alpha subcomplex subunit 12,Reactome_R-HSA-1430728,caffeine,2519
Q9UI17,"Dimethylglycine dehydrogenase, mitochondrial",Reactome_R-HSA-1430728,caffeine,2519
Q9UI30,Multifunctional methyltransferase subunit TRM112-like protein,Reactome_R-HSA-1430728,caffeine,2519
Q9UI32,"Glutaminase liver isoform, mitochondrial",Reactome_R-HSA-1430728,caffeine,2519
Q9UJ14,Glutathione hydrolase 7,Reactome_R-HSA-1430728,caffeine,2519
Q9UJ83,2-hydroxyacyl-CoA lyase 1,Reactome_R-HSA-1430728,caffeine,2519
Q9UJA2,Cardiolipin synthase (CMP-forming),Reactome_R-HSA-1430728,caffeine,2519
Q9UJM8,2-Hydroxyacid oxidase 1,Reactome_R-HSA-1430728,caffeine,2519
Q9UJS0,"Electrogenic aspartate/glutamate antiporter SLC25A13, mitochondrial",Reactome_R-HSA-1430728,caffeine,2519
Q9UKG9,Peroxisomal carnitine O-octanoyltransferase,Reactome_R-HSA-1430728,caffeine,2519
Q9UKK9,ADP-sugar pyrophosphatase,Reactome_R-HSA-1430728,caffeine,2519
Q9UKL6,Phosphatidylcholine transfer protein,Reactome_R-HSA-1430728,caffeine,2519
Q9UKU7,"Isobutyryl-CoA dehydrogenase, mitochondrial",Reactome_R-HSA-1430728,caffeine,2519
Q9UKX7,Nuclear pore complex protein Nup50,Reactome_R-HSA-1430728,caffeine,2519
Q9UL12,"Sarcosine dehydrogenase, mitochondrial",Reactome_R-HSA-1430728,caffeine,2519
Q9UL63,Muskelin,Reactome_R-HSA-1430728,caffeine,2519
Q9ULK4,Mediator of RNA polymerase II transcription subunit 23,Reactome_R-HSA-1430728,caffeine,2519
Q9ULX7,Carbonic anhydrase 14,Reactome_R-HSA-1430728,caffeine,2519
Q9UMR5,Lysosomal thioesterase PPT2,Reactome_R-HSA-1430728,caffeine,2519
Q9UMX9,Membrane-associated transporter protein,Reactome_R-HSA-1430728,caffeine,2519
Q9UNK4,Group IID secretory phospholipase A2,Reactome_R-HSA-1430728,caffeine,2519
Q9UNP4,"Lactosylceramide alpha-2,3-sialyltransferase",Reactome_R-HSA-1430728,caffeine,2519
Q9UNQ0,Broad substrate specificity ATP-binding cassette transporter ABCG2,Reactome_R-HSA-1430728,caffeine,2519
Q9UNU6,7-alpha-hydroxycholest-4-en-3-one 12-alpha-hydroxylase,Reactome_R-HSA-1430728,caffeine,2519
Q9UNW1,Multiple inositol polyphosphate phosphatase 1,Reactome_R-HSA-1430728,caffeine,2519
Q9UP65,Cytosolic phospholipase A2 gamma,Reactome_R-HSA-1430728,caffeine,2519
Q9UQ49,Sialidase-3,Reactome_R-HSA-1430728,caffeine,2519
Q9UQK1,Protein phosphatase 1 regulatory subunit 3C,Reactome_R-HSA-1430728,caffeine,2519
Q9Y216,Phosphatidylinositol-3-phosphate phosphatase MTMR7,Reactome_R-HSA-1430728,caffeine,2519
Q9Y217,"Phosphatidylinositol-3,5-bisphosphate 3-phosphatase MTMR6",Reactome_R-HSA-1430728,caffeine,2519
Q9Y226,Solute carrier family 22 member 13,Reactome_R-HSA-1430728,caffeine,2519
Q9Y227,Ectonucleoside triphosphate diphosphohydrolase 4,Reactome_R-HSA-1430728,caffeine,2519
Q9Y241,"HIG1 domain family member 1A, mitochondrial",Reactome_R-HSA-1430728,caffeine,2519
Q9Y251,Heparanase,Reactome_R-HSA-1430728,caffeine,2519
Q9Y259,Choline/ethanolamine kinase,Reactome_R-HSA-1430728,caffeine,2519
Q9Y276,Mitochondrial chaperone BCS1,Reactome_R-HSA-1430728,caffeine,2519
Q9Y289,Sodium-dependent multivitamin transporter,Reactome_R-HSA-1430728,caffeine,2519
Q9Y2C2,Uronyl 2-sulfotransferase,Reactome_R-HSA-1430728,caffeine,2519
Q9Y2D0,"Carbonic anhydrase 5B, mitochondrial",Reactome_R-HSA-1430728,caffeine,2519
Q9Y2E5,Epididymis-specific alpha-mannosidase,Reactome_R-HSA-1430728,caffeine,2519
Q9Y2H2,Phosphatidylinositide 4-phosphatase SAC2,Reactome_R-HSA-1430728,caffeine,2519
Q9Y2I7,1-phosphatidylinositol 3-phosphate 5-kinase,Reactome_R-HSA-1430728,caffeine,2519
Q9Y2P5,Long-chain fatty acid transport protein 5,Reactome_R-HSA-1430728,caffeine,2519
Q9Y2Q3,Glutathione S-transferase kappa 1,Reactome_R-HSA-1430728,caffeine,2519
Q9Y2R0,"Cytochrome c oxidase assembly factor 3 homolog, mitochondrial",Reactome_R-HSA-1430728,caffeine,2519
Q9Y2S2,Lambda-crystallin homolog,Reactome_R-HSA-1430728,caffeine,2519
Q9Y2T3,Guanine deaminase,Reactome_R-HSA-1430728,caffeine,2519
Q9Y2W1,Thyroid hormone receptor-associated protein 3,Reactome_R-HSA-1430728,caffeine,2519
Q9Y2X0,Mediator of RNA polymerase II transcription subunit 16,Reactome_R-HSA-1430728,caffeine,2519
Q9Y2Z9,"Ubiquinone biosynthesis monooxygenase COQ6, mitochondrial",Reactome_R-HSA-1430728,caffeine,2519
Q9Y314,Nitric oxide synthase-interacting protein,Reactome_R-HSA-1430728,caffeine,2519
Q9Y315,Deoxyribose-phosphate aldolase,Reactome_R-HSA-1430728,caffeine,2519
Q9Y365,START domain-containing protein 10,Reactome_R-HSA-1430728,caffeine,2519
Q9Y375,"Complex I intermediate-associated protein 30, mitochondrial",Reactome_R-HSA-1430728,caffeine,2519
Q9Y3A0,"Ubiquinone biosynthesis protein COQ4 homolog, mitochondrial",Reactome_R-HSA-1430728,caffeine,2519
Q9Y3C7,Mediator of RNA polymerase II transcription subunit 31,Reactome_R-HSA-1430728,caffeine,2519
Q9Y3D0,Cytosolic iron-sulfur assembly component 2B,Reactome_R-HSA-1430728,caffeine,2519
Q9Y3D8,Adenylate kinase isoenzyme 6,Reactome_R-HSA-1430728,caffeine,2519
Q9Y3R4,Sialidase-2,Reactome_R-HSA-1430728,caffeine,2519
Q9Y3Z3,Deoxynucleoside triphosphate triphosphohydrolase SAMHD1,Reactome_R-HSA-1430728,caffeine,2519
Q9Y4U1,Cyanocobalamin reductase / alkylcobalamin dealkylase,Reactome_R-HSA-1430728,caffeine,2519
Q9Y5K3,Choline-phosphate cytidylyltransferase B,Reactome_R-HSA-1430728,caffeine,2519
Q9Y5L2,Hypoxia-inducible lipid droplet-associated protein,Reactome_R-HSA-1430728,caffeine,2519
Q9Y5L3,Ectonucleoside triphosphate diphosphohydrolase 2,Reactome_R-HSA-1430728,caffeine,2519
Q9Y5N5,Methyltransferase HEMK2,Reactome_R-HSA-1430728,caffeine,2519
Q9Y5P4-2,CERT1-2,Reactome_R-HSA-1430728,caffeine,2519
Q9Y5U8,Mitochondrial pyruvate carrier 1,Reactome_R-HSA-1430728,caffeine,2519
Q9Y5Y0-1,FLVCR1a,Reactome_R-HSA-1430728,caffeine,2519
Q9Y5Y0-2,FLVCR1-2,Reactome_R-HSA-1430728,caffeine,2519
Q9Y5Y2,Cytosolic Fe-S cluster assembly factor NUBP2,Reactome_R-HSA-1430728,caffeine,2519
Q9Y5Z9,UbiA prenyltransferase domain-containing protein 1,Reactome_R-HSA-1430728,caffeine,2519
Q9Y600,Cysteine sulfinic acid decarboxylase,Reactome_R-HSA-1430728,caffeine,2519
Q9Y617,Phosphoserine aminotransferase,Reactome_R-HSA-1430728,caffeine,2519
Q9Y697-1,NFS1_HUMAN,Reactome_R-HSA-1430728,caffeine,2519
Q9Y697-2,NSF1 isoform 2,Reactome_R-HSA-1430728,caffeine,2519
Q9Y6A2,Cholesterol 24-hydroxylase,Reactome_R-HSA-1430728,caffeine,2519
Q9Y6B6,Small COPII coat GTPase SAR1B,Reactome_R-HSA-1430728,caffeine,2519
Q9Y6E7,"NAD-dependent protein lipoamidase sirtuin-4, mitochondrial",Reactome_R-HSA-1430728,caffeine,2519
Q9Y6K0,Choline/ethanolaminephosphotransferase 1,Reactome_R-HSA-1430728,caffeine,2519
Q9Y6L6,Solute carrier organic anion transporter family member 1B1,Reactome_R-HSA-1430728,caffeine,2519
Q9Y6M9,NADH dehydrogenase [ubiquinone] 1 beta subcomplex subunit 9,Reactome_R-HSA-1430728,caffeine,2519
Q9Y6N1,"Cytochrome c oxidase assembly protein COX11, mitochondrial",Reactome_R-HSA-1430728,caffeine,2519
Q9Y6N5,"Sulfide:quinone oxidoreductase, mitochondrial",Reactome_R-HSA-1430728,caffeine,2519
Q9Y6Q9,Nuclear receptor coactivator 3,Reactome_R-HSA-1430728,caffeine,2519
Q9Y6X9,ATPase MORC2,Reactome_R-HSA-1430728,caffeine,2519
A6NGU5,Putative glutathione hydrolase 3 proenzyme,Reactome_R-HSA-211859,caffeine,2519
A9YTQ3,Aryl hydrocarbon receptor repressor,Reactome_R-HSA-211859,caffeine,2519
O00170,AH receptor-interacting protein,Reactome_R-HSA-211859,caffeine,2519
O00204-1,SULT2B1-1,Reactome_R-HSA-211859,caffeine,2519
O00204-2,SULT2B1-2,Reactome_R-HSA-211859,caffeine,2519
O00338,Sulfotransferase 1C2,Reactome_R-HSA-211859,caffeine,2519
O14841,5-oxoprolinase,Reactome_R-HSA-211859,caffeine,2519
O14880,"Glutathione S-transferase 3, mitochondrial",Reactome_R-HSA-211859,caffeine,2519
O15217,Glutathione S-transferase A4,Reactome_R-HSA-211859,caffeine,2519
O15528,"25-hydroxyvitamin D-1 alpha hydroxylase, mitochondrial",Reactome_R-HSA-211859,caffeine,2519
O43169,Cytochrome b5 type B,Reactome_R-HSA-211859,caffeine,2519
O43488,Aflatoxin B1 aldehyde reductase member 2,Reactome_R-HSA-211859,caffeine,2519
O43704,Sulfotransferase 1B1,Reactome_R-HSA-211859,caffeine,2519
O43708,Maleylacetoacetate isomerase,Reactome_R-HSA-211859,caffeine,2519
O60701,UDP-glucose 6-dehydrogenase,Reactome_R-HSA-211859,caffeine,2519
O60760,Hematopoietic prostaglandin D synthase,Reactome_R-HSA-211859,caffeine,2519
O75106,Amine oxidase [copper-containing] 2,Reactome_R-HSA-211859,caffeine,2519
O75223,Gamma-glutamylcyclotransferase,Reactome_R-HSA-211859,caffeine,2519
O75828,Carbonyl reductase [NADPH] 3,Reactome_R-HSA-211859,caffeine,2519
O75897,Sulfotransferase 1C4,Reactome_R-HSA-211859,caffeine,2519
O95154,Aldo-keto reductase family 7 member A3,Reactome_R-HSA-211859,caffeine,2519
O95861,"3'(2'),5'-bisphosphate nucleotidase 1",Reactome_R-HSA-211859,caffeine,2519
P00325,All-trans-retinol dehydrogenase [NAD(+)] ADH1B,Reactome_R-HSA-211859,caffeine,2519
P00326,Alcohol dehydrogenase 1C,Reactome_R-HSA-211859,caffeine,2519
P00352,Aldehyde dehydrogenase 1A1,Reactome_R-HSA-211859,caffeine,2519
P00387,NADH-cytochrome b5 reductase 3,Reactome_R-HSA-211859,caffeine,2519
P01189,Pro-opiomelanocortin,Reactome_R-HSA-211859,caffeine,2519
P04798,Cytochrome P450 1A1,Reactome_R-HSA-211859,caffeine,2519
P05091,"Aldehyde dehydrogenase, mitochondrial",Reactome_R-HSA-211859,caffeine,2519
P05108,"Cholesterol side-chain cleavage enzyme, mitochondrial",Reactome_R-HSA-211859,caffeine,2519
P05177,Cytochrome P450 1A2,Reactome_R-HSA-211859,caffeine,2519
P07099,Epoxide hydrolase 1,Reactome_R-HSA-211859,caffeine,2519
P07327,Alcohol dehydrogenase 1A,Reactome_R-HSA-211859,caffeine,2519
P08238,Heat shock protein HSP 90-beta,Reactome_R-HSA-211859,caffeine,2519
P08263,Glutathione S-transferase A1,Reactome_R-HSA-211859,caffeine,2519
P08319,All-trans-retinol dehydrogenase [NAD(+)] ADH4,Reactome_R-HSA-211859,caffeine,2519
P08684,Cytochrome P450 3A4,Reactome_R-HSA-211859,caffeine,2519
P08686,Steroid 21-hydroxylase,Reactome_R-HSA-211859,caffeine,2519
P09210,Glutathione S-transferase A2,Reactome_R-HSA-211859,caffeine,2519
P09211,Glutathione S-transferase P,Reactome_R-HSA-211859,caffeine,2519
P09488,Glutathione S-transferase Mu 1,Reactome_R-HSA-211859,caffeine,2519
P0CG29,Glutathione S-transferase theta-2,Reactome_R-HSA-211859,caffeine,2519
P0CG30,Glutathione S-transferase theta-2B,Reactome_R-HSA-211859,caffeine,2519
P0DMM9,Sulfotransferase 1A3,Reactome_R-HSA-211859,caffeine,2519
P0DMN0,Sulfotransferase 1A4,Reactome_R-HSA-211859,caffeine,2519
P10620,Microsomal glutathione S-transferase 1,Reactome_R-HSA-211859,caffeine,2519
P10768,S-formylglutathione hydrolase,Reactome_R-HSA-211859,caffeine,2519
P11245,Arylamine N-acetyltransferase 2,Reactome_R-HSA-211859,caffeine,2519
P11511,Aromatase,Reactome_R-HSA-211859,caffeine,2519
P11766,Alcohol dehydrogenase class-3,Reactome_R-HSA-211859,caffeine,2519
P14550,Aldo-keto reductase family 1 member A1,Reactome_R-HSA-211859,caffeine,2519
P16083,Ribosyldihydronicotinamide dehydrogenase [quinone],Reactome_R-HSA-211859,caffeine,2519
P16435,NADPH--cytochrome P450 reductase,Reactome_R-HSA-211859,caffeine,2519
P16444,Dipeptidase 1,Reactome_R-HSA-211859,caffeine,2519
P18440,Arylamine N-acetyltransferase 1,Reactome_R-HSA-211859,caffeine,2519
P19099,"Cytochrome P450 11B2, mitochondrial",Reactome_R-HSA-211859,caffeine,2519
P19440,Glutathione hydrolase 1 proenzyme,Reactome_R-HSA-211859,caffeine,2519
P19793,Retinoic acid receptor RXR-alpha,Reactome_R-HSA-211859,caffeine,2519
P19801,Diamine oxidase [copper-containing],Reactome_R-HSA-211859,caffeine,2519
P21266,Glutathione S-transferase Mu 3,Reactome_R-HSA-211859,caffeine,2519
P21397,Amine oxidase [flavin-containing] A,Reactome_R-HSA-211859,caffeine,2519
P21964,Catechol O-methyltransferase,Reactome_R-HSA-211859,caffeine,2519
P22309,UDP-glucuronosyltransferase 1A1,Reactome_R-HSA-211859,caffeine,2519
P22310,UDP-glucuronosyltransferase 1A4,Reactome_R-HSA-211859,caffeine,2519
P22570,"NADPH:adrenodoxin oxidoreductase, mitochondrial",Reactome_R-HSA-211859,caffeine,2519
P22760,Arylacetamide deacetylase,Reactome_R-HSA-211859,caffeine,2519
P23219,Prostaglandin G/H synthase 1,Reactome_R-HSA-211859,caffeine,2519
P23526,Adenosylhomocysteinase,Reactome_R-HSA-211859,caffeine,2519
P24557,Thromboxane-A synthase,Reactome_R-HSA-211859,caffeine,2519
P27338,Amine oxidase [flavin-containing] B,Reactome_R-HSA-211859,caffeine,2519
P28161,Glutathione S-transferase Mu 2,Reactome_R-HSA-211859,caffeine,2519
P28332,Alcohol dehydrogenase 6,Reactome_R-HSA-211859,caffeine,2519
P30711,Glutathione S-transferase theta-1,Reactome_R-HSA-211859,caffeine,2519
P30837,"Aldehyde dehydrogenase X, mitochondrial",Reactome_R-HSA-211859,caffeine,2519
P30838,"Aldehyde dehydrogenase, dimeric NADP-preferring",Reactome_R-HSA-211859,caffeine,2519
P31153,S-adenosylmethionine synthase isoform type-2,Reactome_R-HSA-211859,caffeine,2519
P31513,Flavin-containing monooxygenase 3,Reactome_R-HSA-211859,caffeine,2519
P35869,Aryl hydrocarbon receptor,Reactome_R-HSA-211859,caffeine,2519
P36269,Glutathione hydrolase 5 proenzyme,Reactome_R-HSA-211859,caffeine,2519
P40261,Nicotinamide N-methyltransferase,Reactome_R-HSA-211859,caffeine,2519
P40394,All-trans-retinol dehydrogenase [NAD(+)] ADH7,Reactome_R-HSA-211859,caffeine,2519
P46439,Glutathione S-transferase Mu 5,Reactome_R-HSA-211859,caffeine,2519
P48506,Glutamate--cysteine ligase catalytic subunit,Reactome_R-HSA-211859,caffeine,2519
P48507,Glutamate--cysteine ligase regulatory subunit,Reactome_R-HSA-211859,caffeine,2519
P48637,Glutathione synthetase,Reactome_R-HSA-211859,caffeine,2519
P49888,Sulfotransferase 1E1,Reactome_R-HSA-211859,caffeine,2519
P50225,Sulfotransferase 1A1,Reactome_R-HSA-211859,caffeine,2519
P50226,Sulfotransferase 1A2,Reactome_R-HSA-211859,caffeine,2519
P51580,Thiopurine S-methyltransferase,Reactome_R-HSA-211859,caffeine,2519
P78417,Glutathione S-transferase omega-1,Reactome_R-HSA-211859,caffeine,2519
Q01740,Flavin-containing monooxygenase 1,Reactome_R-HSA-211859,caffeine,2519
Q02318,"Sterol 26-hydroxylase, mitochondrial",Reactome_R-HSA-211859,caffeine,2519
Q03013,Glutathione S-transferase Mu 4,Reactome_R-HSA-211859,caffeine,2519
Q03154,Aminoacylase-1,Reactome_R-HSA-211859,caffeine,2519
Q06520,Sulfotransferase 2A1,Reactome_R-HSA-211859,caffeine,2519
Q07973,"1,25-dihydroxyvitamin D(3) 24-hydroxylase, mitochondrial",Reactome_R-HSA-211859,caffeine,2519
Q15185,Prostaglandin E synthase 3,Reactome_R-HSA-211859,caffeine,2519
Q15596,Nuclear receptor coactivator 2,Reactome_R-HSA-211859,caffeine,2519
Q15788,Nuclear receptor coactivator 1,Reactome_R-HSA-211859,caffeine,2519
Q16678,Cytochrome P450 1B1,Reactome_R-HSA-211859,caffeine,2519
Q16696,Cytochrome P450 2A13,Reactome_R-HSA-211859,caffeine,2519
Q16772,Glutathione S-transferase A3,Reactome_R-HSA-211859,caffeine,2519
Q16850,Lanosterol 14-alpha demethylase,Reactome_R-HSA-211859,caffeine,2519
Q16851,UTP--glucose-1-phosphate uridylyltransferase,Reactome_R-HSA-211859,caffeine,2519
Q16853,Amine oxidase [copper-containing] 3,Reactome_R-HSA-211859,caffeine,2519
Q5VT66,Mitochondrial amidoxime-reducing component 1,Reactome_R-HSA-211859,caffeine,2519
Q6IMI4,Sulfotransferase 6B1,Reactome_R-HSA-211859,caffeine,2519
Q6NT55,Ultra-long-chain fatty acid omega-hydroxylase,Reactome_R-HSA-211859,caffeine,2519
Q6P531,Glutathione hydrolase 6,Reactome_R-HSA-211859,caffeine,2519
Q6QHF9,Peroxisomal N(1)-acetyl-spermine/spermidine oxidase,Reactome_R-HSA-211859,caffeine,2519
Q6UWW8,Carboxylesterase 3,Reactome_R-HSA-211859,caffeine,2519
Q6V0L0,Cytochrome P450 26C1,Reactome_R-HSA-211859,caffeine,2519
Q6VVX0,Vitamin D 25-hydroxylase,Reactome_R-HSA-211859,caffeine,2519
Q6ZWL3,Cytochrome P450 4V2,Reactome_R-HSA-211859,caffeine,2519
Q76EJ3,Nucleotide sugar transporter SLC35D2,Reactome_R-HSA-211859,caffeine,2519
Q7RTV2,Glutathione S-transferase A5,Reactome_R-HSA-211859,caffeine,2519
Q7Z449,Cytochrome P450 2U1,Reactome_R-HSA-211859,caffeine,2519
Q86WA6,Serine hydrolase BPHL,Reactome_R-HSA-211859,caffeine,2519
Q8NBZ7,UDP-glucuronic acid decarboxylase 1,Reactome_R-HSA-211859,caffeine,2519
Q8NHP1,Aflatoxin B1 aldehyde reductase member 4,Reactome_R-HSA-211859,caffeine,2519
Q969Z3,Mitochondrial amidoxime reducing component 2,Reactome_R-HSA-211859,caffeine,2519
Q96DG6,Carboxymethylenebutenolidase homolog,Reactome_R-HSA-211859,caffeine,2519
Q96HD9,N-acyl-aromatic-L-amino acid amidohydrolase (carboxylate-forming),Reactome_R-HSA-211859,caffeine,2519
Q96IU4,Putative protein-lysine deacylase ABHD14B,Reactome_R-HSA-211859,caffeine,2519
Q96KP4,Cytosolic non-specific dipeptidase,Reactome_R-HSA-211859,caffeine,2519
Q96RI1,Bile acid receptor,Reactome_R-HSA-211859,caffeine,2519
Q96SQ9,Cytochrome P450 2S1,Reactome_R-HSA-211859,caffeine,2519
Q99518,Flavin-containing monooxygenase 2,Reactome_R-HSA-211859,caffeine,2519
Q99707,Methionine synthase,Reactome_R-HSA-211859,caffeine,2519
Q99735,Microsomal glutathione S-transferase 2,Reactome_R-HSA-211859,caffeine,2519
Q9BR01,Sulfotransferase 4A1,Reactome_R-HSA-211859,caffeine,2519
Q9H4A9,Dipeptidase 2,Reactome_R-HSA-211859,caffeine,2519
Q9H4Y5,Glutathione S-transferase omega-2,Reactome_R-HSA-211859,caffeine,2519
Q9HAW8,UDP-glucuronosyltransferase 1A10,Reactome_R-HSA-211859,caffeine,2519
Q9HB55,Cytochrome P450 3A43,Reactome_R-HSA-211859,caffeine,2519
Q9HBK9,Arsenite methyltransferase,Reactome_R-HSA-211859,caffeine,2519
Q9NR19,"Acetyl-coenzyme A synthetase, cytoplasmic",Reactome_R-HSA-211859,caffeine,2519
Q9NTN3,Nucleotide sugar transporter SLC35D1,Reactome_R-HSA-211859,caffeine,2519
Q9NUB1,"Acetyl-coenzyme A synthetase 2-like, mitochondrial",Reactome_R-HSA-211859,caffeine,2519
Q9NUJ1,"Palmitoyl-protein thioesterase ABHD10, mitochondrial",Reactome_R-HSA-211859,caffeine,2519
Q9NWM0-3,SMOX_HUMAN,Reactome_R-HSA-211859,caffeine,2519
Q9NX62,"Golgi-resident adenosine 3',5'-bisphosphate 3'-phosphatase",Reactome_R-HSA-211859,caffeine,2519
Q9NYL5,24-hydroxycholesterol 7-alpha-hydroxylase,Reactome_R-HSA-211859,caffeine,2519
Q9NZ53,Podocalyxin-like protein 2,Reactome_R-HSA-211859,caffeine,2519
Q9NZL9,Methionine adenosyltransferase 2 subunit beta,Reactome_R-HSA-211859,caffeine,2519
Q9UBK8,Methionine synthase reductase,Reactome_R-HSA-211859,caffeine,2519
Q9UI30,Multifunctional methyltransferase subunit TRM112-like protein,Reactome_R-HSA-211859,caffeine,2519
Q9UJ14,Glutathione hydrolase 7,Reactome_R-HSA-211859,caffeine,2519
Q9UNU6,7-alpha-hydroxycholest-4-en-3-one 12-alpha-hydroxylase,Reactome_R-HSA-211859,caffeine,2519
Q9Y2Q3,Glutathione S-transferase kappa 1,Reactome_R-HSA-211859,caffeine,2519
Q9Y5N5,Methyltransferase HEMK2,Reactome_R-HSA-211859,caffeine,2519
Q9Y6A2,Cholesterol 24-hydroxylase,Reactome_R-HSA-211859,caffeine,2519
A9YTQ3,Aryl hydrocarbon receptor repressor,Reactome_R-HSA-211945,caffeine,2519
O00170,AH receptor-interacting protein,Reactome_R-HSA-211945,caffeine,2519
O15528,"25-hydroxyvitamin D-1 alpha hydroxylase, mitochondrial",Reactome_R-HSA-211945,caffeine,2519
O43169,Cytochrome b5 type B,Reactome_R-HSA-211945,caffeine,2519
O75106,Amine oxidase [copper-containing] 2,Reactome_R-HSA-211945,caffeine,2519
O75828,Carbonyl reductase [NADPH] 3,Reactome_R-HSA-211945,caffeine,2519
P00325,All-trans-retinol dehydrogenase [NAD(+)] ADH1B,Reactome_R-HSA-211945,caffeine,2519
P00326,Alcohol dehydrogenase 1C,Reactome_R-HSA-211945,caffeine,2519
P00352,Aldehyde dehydrogenase 1A1,Reactome_R-HSA-211945,caffeine,2519
P00387,NADH-cytochrome b5 reductase 3,Reactome_R-HSA-211945,caffeine,2519
P01189,Pro-opiomelanocortin,Reactome_R-HSA-211945,caffeine,2519
P04798,Cytochrome P450 1A1,Reactome_R-HSA-211945,caffeine,2519
P05091,"Aldehyde dehydrogenase, mitochondrial",Reactome_R-HSA-211945,caffeine,2519
P05108,"Cholesterol side-chain cleavage enzyme, mitochondrial",Reactome_R-HSA-211945,caffeine,2519
P05177,Cytochrome P450 1A2,Reactome_R-HSA-211945,caffeine,2519
P07099,Epoxide hydrolase 1,Reactome_R-HSA-211945,caffeine,2519
P07327,Alcohol dehydrogenase 1A,Reactome_R-HSA-211945,caffeine,2519
P08238,Heat shock protein HSP 90-beta,Reactome_R-HSA-211945,caffeine,2519
P08319,All-trans-retinol dehydrogenase [NAD(+)] ADH4,Reactome_R-HSA-211945,caffeine,2519
P08684,Cytochrome P450 3A4,Reactome_R-HSA-211945,caffeine,2519
P08686,Steroid 21-hydroxylase,Reactome_R-HSA-211945,caffeine,2519
P11511,Aromatase,Reactome_R-HSA-211945,caffeine,2519
P11766,Alcohol dehydrogenase class-3,Reactome_R-HSA-211945,caffeine,2519
P16083,Ribosyldihydronicotinamide dehydrogenase [quinone],Reactome_R-HSA-211945,caffeine,2519
P16435,NADPH--cytochrome P450 reductase,Reactome_R-HSA-211945,caffeine,2519
P19099,"Cytochrome P450 11B2, mitochondrial",Reactome_R-HSA-211945,caffeine,2519
P19793,Retinoic acid receptor RXR-alpha,Reactome_R-HSA-211945,caffeine,2519
P19801,Diamine oxidase [copper-containing],Reactome_R-HSA-211945,caffeine,2519
P21397,Amine oxidase [flavin-containing] A,Reactome_R-HSA-211945,caffeine,2519
P22570,"NADPH:adrenodoxin oxidoreductase, mitochondrial",Reactome_R-HSA-211945,caffeine,2519
P22760,Arylacetamide deacetylase,Reactome_R-HSA-211945,caffeine,2519
P23219,Prostaglandin G/H synthase 1,Reactome_R-HSA-211945,caffeine,2519
P24557,Thromboxane-A synthase,Reactome_R-HSA-211945,caffeine,2519
P27338,Amine oxidase [flavin-containing] B,Reactome_R-HSA-211945,caffeine,2519
P28332,Alcohol dehydrogenase 6,Reactome_R-HSA-211945,caffeine,2519
P30837,"Aldehyde dehydrogenase X, mitochondrial",Reactome_R-HSA-211945,caffeine,2519
P30838,"Aldehyde dehydrogenase, dimeric NADP-preferring",Reactome_R-HSA-211945,caffeine,2519
P31513,Flavin-containing monooxygenase 3,Reactome_R-HSA-211945,caffeine,2519
P35869,Aryl hydrocarbon receptor,Reactome_R-HSA-211945,caffeine,2519
P40394,All-trans-retinol dehydrogenase [NAD(+)] ADH7,Reactome_R-HSA-211945,caffeine,2519
Q01740,Flavin-containing monooxygenase 1,Reactome_R-HSA-211945,caffeine,2519
Q02318,"Sterol 26-hydroxylase, mitochondrial",Reactome_R-HSA-211945,caffeine,2519
Q07973,"1,25-dihydroxyvitamin D(3) 24-hydroxylase, mitochondrial",Reactome_R-HSA-211945,caffeine,2519
Q15185,Prostaglandin E synthase 3,Reactome_R-HSA-211945,caffeine,2519
Q15596,Nuclear receptor coactivator 2,Reactome_R-HSA-211945,caffeine,2519
Q15788,Nuclear receptor coactivator 1,Reactome_R-HSA-211945,caffeine,2519
Q16678,Cytochrome P450 1B1,Reactome_R-HSA-211945,caffeine,2519
Q16850,Lanosterol 14-alpha demethylase,Reactome_R-HSA-211945,caffeine,2519
Q16853,Amine oxidase [copper-containing] 3,Reactome_R-HSA-211945,caffeine,2519
Q5VT66,Mitochondrial amidoxime-reducing component 1,Reactome_R-HSA-211945,caffeine,2519
Q6NT55,Ultra-long-chain fatty acid omega-hydroxylase,Reactome_R-HSA-211945,caffeine,2519
Q6QHF9,Peroxisomal N(1)-acetyl-spermine/spermidine oxidase,Reactome_R-HSA-211945,caffeine,2519
Q6UWW8,Carboxylesterase 3,Reactome_R-HSA-211945,caffeine,2519
Q6V0L0,Cytochrome P450 26C1,Reactome_R-HSA-211945,caffeine,2519
Q6VVX0,Vitamin D 25-hydroxylase,Reactome_R-HSA-211945,caffeine,2519
Q6ZWL3,Cytochrome P450 4V2,Reactome_R-HSA-211945,caffeine,2519
Q7Z449,Cytochrome P450 2U1,Reactome_R-HSA-211945,caffeine,2519
Q86WA6,Serine hydrolase BPHL,Reactome_R-HSA-211945,caffeine,2519
Q969Z3,Mitochondrial amidoxime reducing component 2,Reactome_R-HSA-211945,caffeine,2519
Q96DG6,Carboxymethylenebutenolidase homolog,Reactome_R-HSA-211945,caffeine,2519
Q96RI1,Bile acid receptor,Reactome_R-HSA-211945,caffeine,2519
Q96SQ9,Cytochrome P450 2S1,Reactome_R-HSA-211945,caffeine,2519
Q99518,Flavin-containing monooxygenase 2,Reactome_R-HSA-211945,caffeine,2519
Q9HB55,Cytochrome P450 3A43,Reactome_R-HSA-211945,caffeine,2519
Q9NR19,"Acetyl-coenzyme A synthetase, cytoplasmic",Reactome_R-HSA-211945,caffeine,2519
Q9NUB1,"Acetyl-coenzyme A synthetase 2-like, mitochondrial",Reactome_R-HSA-211945,caffeine,2519
Q9NWM0-3,SMOX_HUMAN,Reactome_R-HSA-211945,caffeine,2519
Q9NYL5,24-hydroxycholesterol 7-alpha-hydroxylase,Reactome_R-HSA-211945,caffeine,2519
Q9UNU6,7-alpha-hydroxycholest-4-en-3-one 12-alpha-hydroxylase,Reactome_R-HSA-211945,caffeine,2519
Q9Y6A2,Cholesterol 24-hydroxylase,Reactome_R-HSA-211945,caffeine,2519
A9YTQ3,Aryl hydrocarbon receptor repressor,Reactome_R-HSA-211897,caffeine,2519
O15528,"25-hydroxyvitamin D-1 alpha hydroxylase, mitochondrial",Reactome_R-HSA-211897,caffeine,2519
P01189,Pro-opiomelanocortin,Reactome_R-HSA-211897,caffeine,2519
P04798,Cytochrome P450 1A1,Reactome_R-HSA-211897,caffeine,2519
P05108,"Cholesterol side-chain cleavage enzyme, mitochondrial",Reactome_R-HSA-211897,caffeine,2519
P05177,Cytochrome P450 1A2,Reactome_R-HSA-211897,caffeine,2519
P08686,Steroid 21-hydroxylase,Reactome_R-HSA-211897,caffeine,2519
P11511,Aromatase,Reactome_R-HSA-211897,caffeine,2519
P16435,NADPH--cytochrome P450 reductase,Reactome_R-HSA-211897,caffeine,2519
P19099,"Cytochrome P450 11B2, mitochondrial",Reactome_R-HSA-211897,caffeine,2519
P19793,Retinoic acid receptor RXR-alpha,Reactome_R-HSA-211897,caffeine,2519
P22570,"NADPH:adrenodoxin oxidoreductase, mitochondrial",Reactome_R-HSA-211897,caffeine,2519
P24557,Thromboxane-A synthase,Reactome_R-HSA-211897,caffeine,2519
P35869,Aryl hydrocarbon receptor,Reactome_R-HSA-211897,caffeine,2519
Q02318,"Sterol 26-hydroxylase, mitochondrial",Reactome_R-HSA-211897,caffeine,2519
Q07973,"1,25-dihydroxyvitamin D(3) 24-hydroxylase, mitochondrial",Reactome_R-HSA-211897,caffeine,2519
Q15596,Nuclear receptor coactivator 2,Reactome_R-HSA-211897,caffeine,2519
Q15788,Nuclear receptor coactivator 1,Reactome_R-HSA-211897,caffeine,2519
Q16678,Cytochrome P450 1B1,Reactome_R-HSA-211897,caffeine,2519
Q16850,Lanosterol 14-alpha demethylase,Reactome_R-HSA-211897,caffeine,2519
Q6NT55,Ultra-long-chain fatty acid omega-hydroxylase,Reactome_R-HSA-211897,caffeine,2519
Q6V0L0,Cytochrome P450 26C1,Reactome_R-HSA-211897,caffeine,2519
Q6VVX0,Vitamin D 25-hydroxylase,Reactome_R-HSA-211897,caffeine,2519
Q6ZWL3,Cytochrome P450 4V2,Reactome_R-HSA-211897,caffeine,2519
Q7Z449,Cytochrome P450 2U1,Reactome_R-HSA-211897,caffeine,2519
Q96RI1,Bile acid receptor,Reactome_R-HSA-211897,caffeine,2519
Q96SQ9,Cytochrome P450 2S1,Reactome_R-HSA-211897,caffeine,2519
Q9HB55,Cytochrome P450 3A43,Reactome_R-HSA-211897,caffeine,2519
Q9NYL5,24-hydroxycholesterol 7-alpha-hydroxylase,Reactome_R-HSA-211897,caffeine,2519
Q9UNU6,7-alpha-hydroxycholest-4-en-3-one 12-alpha-hydroxylase,Reactome_R-HSA-211897,caffeine,2519
Q9Y6A2,Cholesterol 24-hydroxylase,Reactome_R-HSA-211897,caffeine,2519
A9YTQ3,Aryl hydrocarbon receptor repressor,Reactome_R-HSA-211981,caffeine,2519
P04798,Cytochrome P450 1A1,Reactome_R-HSA-211981,caffeine,2519
P05177,Cytochrome P450 1A2,Reactome_R-HSA-211981,caffeine,2519
P35869,Aryl hydrocarbon receptor,Reactome_R-HSA-211981,caffeine,2519
P05177,Cytochrome P450 1A2,Reactome_R-HSA-211957,caffeine,2519
I7ASS7,TmuM,BioCyc_META_PWY-6633,caffeine,2519
H9N289,Methylxanthine N1-demethylase NdmA,BioCyc_META_PWY-6538,caffeine,2519
H9N290,Methylxanthine N3-demethylase NdmB,BioCyc_META_PWY-6538,caffeine,2519
H9N291,Oxidoreductase NdmD,BioCyc_META_PWY-6538,caffeine,2519
M1EY73,Methylxanthine N7-demethylase,BioCyc_META_PWY-6538,caffeine,2519
R9TPE4,Glutathione S-transferase ,BioCyc_META_PWY-6538,caffeine,2519
P06737,"Glycogen phosphorylase, liver form",BioCyc_META_PWY-5941,caffeine,2519
P06738,Glycogen phosphorylase,BioCyc_META_PWY-5941,caffeine,2519
P08019,"Glucoamylase, intracellular sporulation-specific",BioCyc_META_PWY-5941,caffeine,2519
P11216,"Glycogen phosphorylase, brain form",BioCyc_META_PWY-5941,caffeine,2519
P11217,"Glycogen phosphorylase, muscle form",BioCyc_META_PWY-5941,caffeine,2519
P33401,Phosphoglucomutase 1,BioCyc_META_PWY-5941,caffeine,2519
P35573,Glycogen debranching enzyme,BioCyc_META_PWY-5941,caffeine,2519
P36871,Phosphoglucomutase-1,BioCyc_META_PWY-5941,caffeine,2519
P37012,Phosphoglucomutase 2,BioCyc_META_PWY-5941,caffeine,2519
Q06625,Glycogen debranching enzyme,BioCyc_META_PWY-5941,caffeine,2519
Q96G03,Phosphopentomutase,BioCyc_META_PWY-5941,caffeine,2519
Q9XTL9,Glycogen phosphorylase,BioCyc_META_PWY-5941,caffeine,2519
A4Z6T7,Arylamine N-acetyltransferase ,PharmGKB_PA165884757,caffeine,2519
P05177,Cytochrome P450 1A2,PharmGKB_PA165884757,caffeine,2519
P05181,Cytochrome P450 2E1,PharmGKB_PA165884757,caffeine,2519
P08684,Cytochrome P450 3A4,PharmGKB_PA165884757,caffeine,2519
P11509,Cytochrome P450 2A6,PharmGKB_PA165884757,caffeine,2519
P47989,Xanthine dehydrogenase/oxidase,PharmGKB_PA165884757,caffeine,2519
P05177,Cytochrome P450 1A2,PharmGKB_PA165958541,caffeine,2519
P05181,Cytochrome P450 2E1,PharmGKB_PA165958541,caffeine,2519
P08684,Cytochrome P450 3A4,PharmGKB_PA165958541,caffeine,2519
P47989,Xanthine dehydrogenase/oxidase,PharmGKB_PA165958541,caffeine,2519
P05177,Cytochrome P450 1A2,PathBank_SMP0000028,caffeine,2519
P05181,Cytochrome P450 2E1,PathBank_SMP0000028,caffeine,2519
P08684,Cytochrome P450 3A4,PathBank_SMP0000028,caffeine,2519
P10632,Cytochrome P450 2C8,PathBank_SMP0000028,caffeine,2519
P11245,Arylamine N-acetyltransferase 2,PathBank_SMP0000028,caffeine,2519
P11509,Cytochrome P450 2A6,PathBank_SMP0000028,caffeine,2519
P11712,Cytochrome P450 2C9,PathBank_SMP0000028,caffeine,2519
P47989,Xanthine dehydrogenase/oxidase,PathBank_SMP0000028,caffeine,2519
