compound,geneid,description,symbol,uniprot_accession,uniprot_accessions
caffeine,10,N-acetyltransferase 2,NAT2,P11245,P11245;A4Z6T7;A9X7Q9
caffeine,10,N-acetyltransferase 2,NAT2,P11245,P11245;A4Z6T7;A9X7Q9
caffeine,10,N-acetyltransferase 2,NAT2,P11245,P11245;A4Z6T7;A9X7Q9
caffeine,10,N-acetyltransferase 2,NAT2,P11245,P11245;A4Z6T7;A9X7Q9
caffeine,10,N-acetyltransferase 2,NAT2,P11245,P11245;A4Z6T7;A9X7Q9
caffeine,10,N-acetyltransferase 2,NAT2,P11245,P11245;A4Z6T7;A9X7Q9
caffeine,10,N-acetyltransferase 2,NAT2,P11245,P11245;A4Z6T7;A9X7Q9
caffeine,10,N-acetyltransferase 2,NAT2,P11245,P11245;A4Z6T7;A9X7Q9
caffeine,16,alanyl-tRNA synthetase 1,AARS1,P49588,P49588;A0A6Q8PH44
caffeine,16,alanyl-tRNA synthetase 1,AARS1,P49588,P49588;A0A6Q8PH44
caffeine,18,4-aminobutyrate aminotransferase,ABAT,P80404,P80404;H3BNQ7;X5D8S1
caffeine,18,4-aminobutyrate aminotransferase,ABAT,P80404,P80404;H3BNQ7;X5D8S1
caffeine,18,4-aminobutyrate aminotransferase,ABAT,P80404,P80404;H3BNQ7;X5D8S1
caffeine,18,4-aminobutyrate aminotransferase,ABAT,P80404,P80404;H3BNQ7;X5D8S1
caffeine,19,ATP binding cassette subfamily A member 1,ABCA1,O95477,O95477;B2RUU2;B7XCW9
caffeine,19,ATP binding cassette subfamily A member 1,ABCA1,O95477,O95477;B2RUU2;B7XCW9
caffeine,20,ATP binding cassette subfamily A member 2,ABCA2,Q9BZC7,Q9BZC7
caffeine,20,ATP binding cassette subfamily A member 2,ABCA2,Q9BZC7,Q9BZC7
caffeine,21,ATP binding cassette subfamily A member 3,ABCA3,Q99758,Q99758
caffeine,23,ATP binding cassette subfamily F member 1,ABCF1,Q8NE71,Q8NE71;A0A1U9X609;Q2L6I2
caffeine,23,ATP binding cassette subfamily F member 1,ABCF1,Q8NE71,Q8NE71;A0A1U9X609;Q2L6I2
caffeine,25,"ABL proto-oncogene 1, non-receptor tyrosine kinase",ABL1,P00519,P00519;Q59FK4
caffeine,25,"ABL proto-oncogene 1, non-receptor tyrosine kinase",ABL1,P00519,P00519;Q59FK4
caffeine,27,"ABL proto-oncogene 2, non-receptor tyrosine kinase",ABL2,P42684,P42684
caffeine,27,"ABL proto-oncogene 2, non-receptor tyrosine kinase",ABL2,P42684,P42684
caffeine,31,acetyl-CoA carboxylase alpha,ACACA,Q13085,Q13085;Q7Z5W8
caffeine,31,acetyl-CoA carboxylase alpha,ACACA,Q13085,Q13085;Q7Z5W8
caffeine,31,acetyl-CoA carboxylase alpha,ACACA,Q13085,Q13085;Q7Z5W8
caffeine,31,acetyl-CoA carboxylase alpha,ACACA,Q13085,Q13085;Q7Z5W8
caffeine,32,acetyl-CoA carboxylase beta,ACACB,O00763,O00763
caffeine,32,acetyl-CoA carboxylase beta,ACACB,O00763,O00763
caffeine,39,acetyl-CoA acetyltransferase 2,ACAT2,Q9BWD1,Q9BWD1
caffeine,39,acetyl-CoA acetyltransferase 2,ACAT2,Q9BWD1,Q9BWD1
caffeine,43,acetylcholinesterase (Yt blood group),ACHE,P22303,P22303
caffeine,43,acetylcholinesterase (Yt blood group),ACHE,P22303,P22303
caffeine,43,acetylcholinesterase (Yt blood group),ACHE,P22303,P22303
caffeine,43,acetylcholinesterase (Yt blood group),ACHE,P22303,P22303
caffeine,43,acetylcholinesterase (Yt blood group),ACHE,P22303,P22303
caffeine,43,acetylcholinesterase (Yt blood group),ACHE,P22303,P22303
caffeine,43,acetylcholinesterase (Yt blood group),ACHE,P22303,P22303
caffeine,43,acetylcholinesterase (Yt blood group),ACHE,P22303,P22303
caffeine,43,acetylcholinesterase (Yt blood group),ACHE,P22303,P22303
caffeine,43,acetylcholinesterase (Yt blood group),ACHE,P22303,P22303
caffeine,47,ATP citrate lyase,ACLY,P53396,P53396
caffeine,47,ATP citrate lyase,ACLY,P53396,P53396
caffeine,47,ATP citrate lyase,ACLY,P53396,P53396
caffeine,47,ATP citrate lyase,ACLY,P53396,P53396
caffeine,51,acyl-CoA oxidase 1,ACOX1,Q15067,Q15067
caffeine,51,acyl-CoA oxidase 1,ACOX1,Q15067,Q15067
caffeine,59,"actin alpha 2, smooth muscle",ACTA2,P62736,P62736;A0AAQ5BGG7;A0AAQ5BGI6;D2JYH4
caffeine,59,"actin alpha 2, smooth muscle",ACTA2,P62736,P62736;A0AAQ5BGG7;A0AAQ5BGI6;D2JYH4
caffeine,60,actin beta,ACTB,P60709,P60709;Q1KLZ0
caffeine,60,actin beta,ACTB,P60709,P60709;Q1KLZ0
caffeine,60,actin beta,ACTB,P60709,P60709;Q1KLZ0
caffeine,60,actin beta,ACTB,P60709,P60709;Q1KLZ0
caffeine,81,actinin alpha 4,ACTN4,O43707,O43707;A0A0S2Z3G9;F5GXS2;H7C144
caffeine,81,actinin alpha 4,ACTN4,O43707,O43707;A0A0S2Z3G9;F5GXS2;H7C144
caffeine,86,actin like 6A,ACTL6A,O96019,O96019
caffeine,86,actin like 6A,ACTL6A,O96019,O96019
caffeine,87,actinin alpha 1,ACTN1,P12814,P12814;A0A024R694;A0A7I2V4Y4;A0A804HL31;A0A804HLF4;H9KV75
caffeine,87,actinin alpha 1,ACTN1,P12814,P12814;A0A024R694;A0A7I2V4Y4;A0A804HL31;A0A804HLF4;H9KV75
caffeine,100,adenosine deaminase,ADA,P00813,P00813;A0A0S2Z381;F5GWI4
caffeine,100,adenosine deaminase,ADA,P00813,P00813;A0A0S2Z381;F5GWI4
caffeine,100,adenosine deaminase,ADA,P00813,P00813;A0A0S2Z381;F5GWI4
caffeine,100,adenosine deaminase,ADA,P00813,P00813;A0A0S2Z381;F5GWI4
caffeine,103,adenosine deaminase RNA specific,ADAR,P55265,P55265;A0AAQ5BGH8
caffeine,103,adenosine deaminase RNA specific,ADAR,P55265,P55265;A0AAQ5BGH8
caffeine,104,adenosine deaminase RNA specific B1,ADARB1,P78563,P78563;A0A994J4V7;A0A994J7T5
caffeine,104,adenosine deaminase RNA specific B1,ADARB1,P78563,P78563;A0A994J4V7;A0A994J7T5
caffeine,111,adenylate cyclase 5,ADCY5,O95622,O95622;A0A384P5Q5;A0A8V8TP58;B3KWA8;B7Z2C7
caffeine,111,adenylate cyclase 5,ADCY5,O95622,O95622;A0A384P5Q5;A0A8V8TP58;B3KWA8;B7Z2C7
caffeine,113,adenylate cyclase 7,ADCY7,P51828,P51828;B3KSJ0;F5H4D1;Q86YI0
caffeine,113,adenylate cyclase 7,ADCY7,P51828,P51828;B3KSJ0;F5H4D1;Q86YI0
caffeine,115,adenylate cyclase 9,ADCY9,O60503,O60503
caffeine,115,adenylate cyclase 9,ADCY9,O60503,O60503
caffeine,118,adducin 1,ADD1,P35611,P35611;A0A804HL01
caffeine,118,adducin 1,ADD1,P35611,P35611;A0A804HL01
caffeine,120,adducin 3,ADD3,Q9UEY8,Q9UEY8;Q53FL4;Q59EK1;Q5VU08
caffeine,120,adducin 3,ADD3,Q9UEY8,Q9UEY8;Q53FL4;Q59EK1;Q5VU08
caffeine,123,perilipin 2,PLIN2,Q99541,Q99541;Q6FHZ7
caffeine,134,adenosine A1 receptor,ADORA1,P30542,P30542;B7Z1L9;B7Z379
caffeine,134,adenosine A1 receptor,ADORA1,P30542,P30542;B7Z1L9;B7Z379
caffeine,134,adenosine A1 receptor,ADORA1,P30542,P30542;B7Z1L9;B7Z379
caffeine,134,adenosine A1 receptor,ADORA1,P30542,P30542;B7Z1L9;B7Z379
caffeine,134,adenosine A1 receptor,ADORA1,P30542,P30542;B7Z1L9;B7Z379
caffeine,134,adenosine A1 receptor,ADORA1,P30542,P30542;B7Z1L9;B7Z379
caffeine,134,adenosine A1 receptor,ADORA1,P30542,P30542;B7Z1L9;B7Z379
caffeine,134,adenosine A1 receptor,ADORA1,P30542,P30542;B7Z1L9;B7Z379
caffeine,134,adenosine A1 receptor,ADORA1,P30542,P30542;B7Z1L9;B7Z379
caffeine,134,adenosine A1 receptor,ADORA1,P30542,P30542;B7Z1L9;B7Z379
caffeine,134,adenosine A1 receptor,ADORA1,P30542,P30542;B7Z1L9;B7Z379
caffeine,134,adenosine A1 receptor,ADORA1,P30542,P30542;B7Z1L9;B7Z379
caffeine,134,adenosine A1 receptor,ADORA1,P30542,P30542;B7Z1L9;B7Z379
caffeine,134,adenosine A1 receptor,ADORA1,P30542,P30542;B7Z1L9;B7Z379
caffeine,134,adenosine A1 receptor,ADORA1,P30542,P30542;B7Z1L9;B7Z379
caffeine,134,adenosine A1 receptor,ADORA1,P30542,P30542;B7Z1L9;B7Z379
caffeine,134,adenosine A1 receptor,ADORA1,P30542,P30542;B7Z1L9;B7Z379
caffeine,134,adenosine A1 receptor,ADORA1,P30542,P30542;B7Z1L9;B7Z379
caffeine,134,adenosine A1 receptor,ADORA1,P30542,P30542;B7Z1L9;B7Z379
caffeine,134,adenosine A1 receptor,ADORA1,P30542,P30542;B7Z1L9;B7Z379
caffeine,134,adenosine A1 receptor,ADORA1,P30542,P30542;B7Z1L9;B7Z379
caffeine,134,adenosine A1 receptor,ADORA1,P30542,P30542;B7Z1L9;B7Z379
caffeine,134,adenosine A1 receptor,ADORA1,P30542,P30542;B7Z1L9;B7Z379
caffeine,134,adenosine A1 receptor,ADORA1,P30542,P30542;B7Z1L9;B7Z379
caffeine,134,adenosine A1 receptor,ADORA1,P30542,P30542;B7Z1L9;B7Z379
caffeine,134,adenosine A1 receptor,ADORA1,P30542,P30542;B7Z1L9;B7Z379
caffeine,134,adenosine A1 receptor,ADORA1,P30542,P30542;B7Z1L9;B7Z379
caffeine,134,adenosine A1 receptor,ADORA1,P30542,P30542;B7Z1L9;B7Z379
caffeine,134,adenosine A1 receptor,ADORA1,P30542,P30542;B7Z1L9;B7Z379
caffeine,134,adenosine A1 receptor,ADORA1,P30542,P30542;B7Z1L9;B7Z379
caffeine,134,adenosine A1 receptor,ADORA1,P30542,P30542;B7Z1L9;B7Z379
caffeine,134,adenosine A1 receptor,ADORA1,P30542,P30542;B7Z1L9;B7Z379
caffeine,134,adenosine A1 receptor,ADORA1,P30542,P30542;B7Z1L9;B7Z379
caffeine,134,adenosine A1 receptor,ADORA1,P30542,P30542;B7Z1L9;B7Z379
caffeine,134,adenosine A1 receptor,ADORA1,P30542,P30542;B7Z1L9;B7Z379
caffeine,134,adenosine A1 receptor,ADORA1,P30542,P30542;B7Z1L9;B7Z379
caffeine,134,adenosine A1 receptor,ADORA1,P30542,P30542;B7Z1L9;B7Z379
caffeine,134,adenosine A1 receptor,ADORA1,P30542,P30542;B7Z1L9;B7Z379
caffeine,134,adenosine A1 receptor,ADORA1,P30542,P30542;B7Z1L9;B7Z379
caffeine,134,adenosine A1 receptor,ADORA1,P30542,P30542;B7Z1L9;B7Z379
caffeine,135,adenosine A2a receptor,ADORA2A,P29274,P29274;A8K1F6;B3KVQ4;X5DNB4
caffeine,135,adenosine A2a receptor,ADORA2A,P29274,P29274;A8K1F6;B3KVQ4;X5DNB4
caffeine,135,adenosine A2a receptor,ADORA2A,P29274,P29274;A8K1F6;B3KVQ4;X5DNB4
caffeine,135,adenosine A2a receptor,ADORA2A,P29274,P29274;A8K1F6;B3KVQ4;X5DNB4
caffeine,135,adenosine A2a receptor,ADORA2A,P29274,P29274;A8K1F6;B3KVQ4;X5DNB4
caffeine,135,adenosine A2a receptor,ADORA2A,P29274,P29274;A8K1F6;B3KVQ4;X5DNB4
caffeine,135,adenosine A2a receptor,ADORA2A,P29274,P29274;A8K1F6;B3KVQ4;X5DNB4
caffeine,135,adenosine A2a receptor,ADORA2A,P29274,P29274;A8K1F6;B3KVQ4;X5DNB4
caffeine,135,adenosine A2a receptor,ADORA2A,P29274,P29274;A8K1F6;B3KVQ4;X5DNB4
caffeine,135,adenosine A2a receptor,ADORA2A,P29274,P29274;A8K1F6;B3KVQ4;X5DNB4
caffeine,135,adenosine A2a receptor,ADORA2A,P29274,P29274;A8K1F6;B3KVQ4;X5DNB4
caffeine,135,adenosine A2a receptor,ADORA2A,P29274,P29274;A8K1F6;B3KVQ4;X5DNB4
caffeine,135,adenosine A2a receptor,ADORA2A,P29274,P29274;A8K1F6;B3KVQ4;X5DNB4
caffeine,135,adenosine A2a receptor,ADORA2A,P29274,P29274;A8K1F6;B3KVQ4;X5DNB4
caffeine,135,adenosine A2a receptor,ADORA2A,P29274,P29274;A8K1F6;B3KVQ4;X5DNB4
caffeine,135,adenosine A2a receptor,ADORA2A,P29274,P29274;A8K1F6;B3KVQ4;X5DNB4
caffeine,135,adenosine A2a receptor,ADORA2A,P29274,P29274;A8K1F6;B3KVQ4;X5DNB4
caffeine,135,adenosine A2a receptor,ADORA2A,P29274,P29274;A8K1F6;B3KVQ4;X5DNB4
caffeine,135,adenosine A2a receptor,ADORA2A,P29274,P29274;A8K1F6;B3KVQ4;X5DNB4
caffeine,135,adenosine A2a receptor,ADORA2A,P29274,P29274;A8K1F6;B3KVQ4;X5DNB4
caffeine,135,adenosine A2a receptor,ADORA2A,P29274,P29274;A8K1F6;B3KVQ4;X5DNB4
caffeine,135,adenosine A2a receptor,ADORA2A,P29274,P29274;A8K1F6;B3KVQ4;X5DNB4
caffeine,135,adenosine A2a receptor,ADORA2A,P29274,P29274;A8K1F6;B3KVQ4;X5DNB4
caffeine,135,adenosine A2a receptor,ADORA2A,P29274,P29274;A8K1F6;B3KVQ4;X5DNB4
caffeine,135,adenosine A2a receptor,ADORA2A,P29274,P29274;A8K1F6;B3KVQ4;X5DNB4
caffeine,135,adenosine A2a receptor,ADORA2A,P29274,P29274;A8K1F6;B3KVQ4;X5DNB4
caffeine,135,adenosine A2a receptor,ADORA2A,P29274,P29274;A8K1F6;B3KVQ4;X5DNB4
caffeine,135,adenosine A2a receptor,ADORA2A,P29274,P29274;A8K1F6;B3KVQ4;X5DNB4
caffeine,135,adenosine A2a receptor,ADORA2A,P29274,P29274;A8K1F6;B3KVQ4;X5DNB4
caffeine,135,adenosine A2a receptor,ADORA2A,P29274,P29274;A8K1F6;B3KVQ4;X5DNB4
caffeine,135,adenosine A2a receptor,ADORA2A,P29274,P29274;A8K1F6;B3KVQ4;X5DNB4
caffeine,135,adenosine A2a receptor,ADORA2A,P29274,P29274;A8K1F6;B3KVQ4;X5DNB4
caffeine,135,adenosine A2a receptor,ADORA2A,P29274,P29274;A8K1F6;B3KVQ4;X5DNB4
caffeine,135,adenosine A2a receptor,ADORA2A,P29274,P29274;A8K1F6;B3KVQ4;X5DNB4
caffeine,135,adenosine A2a receptor,ADORA2A,P29274,P29274;A8K1F6;B3KVQ4;X5DNB4
caffeine,135,adenosine A2a receptor,ADORA2A,P29274,P29274;A8K1F6;B3KVQ4;X5DNB4
caffeine,135,adenosine A2a receptor,ADORA2A,P29274,P29274;A8K1F6;B3KVQ4;X5DNB4
caffeine,135,adenosine A2a receptor,ADORA2A,P29274,P29274;A8K1F6;B3KVQ4;X5DNB4
caffeine,135,adenosine A2a receptor,ADORA2A,P29274,P29274;A8K1F6;B3KVQ4;X5DNB4
caffeine,135,adenosine A2a receptor,ADORA2A,P29274,P29274;A8K1F6;B3KVQ4;X5DNB4
caffeine,135,adenosine A2a receptor,ADORA2A,P29274,P29274;A8K1F6;B3KVQ4;X5DNB4
caffeine,135,adenosine A2a receptor,ADORA2A,P29274,P29274;A8K1F6;B3KVQ4;X5DNB4
caffeine,136,adenosine A2b receptor,ADORA2B,P29275,P29275
caffeine,136,adenosine A2b receptor,ADORA2B,P29275,P29275
caffeine,136,adenosine A2b receptor,ADORA2B,P29275,P29275
caffeine,136,adenosine A2b receptor,ADORA2B,P29275,P29275
caffeine,136,adenosine A2b receptor,ADORA2B,P29275,P29275
caffeine,136,adenosine A2b receptor,ADORA2B,P29275,P29275
caffeine,136,adenosine A2b receptor,ADORA2B,P29275,P29275
caffeine,136,adenosine A2b receptor,ADORA2B,P29275,P29275
caffeine,136,adenosine A2b receptor,ADORA2B,P29275,P29275
caffeine,136,adenosine A2b receptor,ADORA2B,P29275,P29275
caffeine,136,adenosine A2b receptor,ADORA2B,P29275,P29275
caffeine,136,adenosine A2b receptor,ADORA2B,P29275,P29275
caffeine,140,adenosine A3 receptor,ADORA3,P0DMS8,P0DMS8;A0A0J9YWR0;H6VQ59
caffeine,140,adenosine A3 receptor,ADORA3,P0DMS8,P0DMS8;A0A0J9YWR0;H6VQ59
caffeine,140,adenosine A3 receptor,ADORA3,P0DMS8,P0DMS8;A0A0J9YWR0;H6VQ59
caffeine,140,adenosine A3 receptor,ADORA3,P0DMS8,P0DMS8;A0A0J9YWR0;H6VQ59
caffeine,140,adenosine A3 receptor,ADORA3,P0DMS8,P0DMS8;A0A0J9YWR0;H6VQ59
caffeine,140,adenosine A3 receptor,ADORA3,P0DMS8,P0DMS8;A0A0J9YWR0;H6VQ59
caffeine,140,adenosine A3 receptor,ADORA3,P0DMS8,P0DMS8;A0A0J9YWR0;H6VQ59
caffeine,140,adenosine A3 receptor,ADORA3,P0DMS8,P0DMS8;A0A0J9YWR0;H6VQ59
caffeine,140,adenosine A3 receptor,ADORA3,P0DMS8,P0DMS8;A0A0J9YWR0;H6VQ59
caffeine,142,poly(ADP-ribose) polymerase 1,PARP1,P09874,P09874
caffeine,142,poly(ADP-ribose) polymerase 1,PARP1,P09874,P09874
caffeine,142,poly(ADP-ribose) polymerase 1,PARP1,P09874,P09874
caffeine,142,poly(ADP-ribose) polymerase 1,PARP1,P09874,P09874
caffeine,142,poly(ADP-ribose) polymerase 1,PARP1,P09874,P09874
caffeine,142,poly(ADP-ribose) polymerase 1,PARP1,P09874,P09874
caffeine,142,poly(ADP-ribose) polymerase 1,PARP1,P09874,P09874
caffeine,142,poly(ADP-ribose) polymerase 1,PARP1,P09874,P09874
caffeine,142,poly(ADP-ribose) polymerase 1,PARP1,P09874,P09874
caffeine,142,poly(ADP-ribose) polymerase 1,PARP1,P09874,P09874
caffeine,142,poly(ADP-ribose) polymerase 1,PARP1,P09874,P09874
caffeine,142,poly(ADP-ribose) polymerase 1,PARP1,P09874,P09874
caffeine,142,poly(ADP-ribose) polymerase 1,PARP1,P09874,P09874
caffeine,142,poly(ADP-ribose) polymerase 1,PARP1,P09874,P09874
caffeine,143,poly(ADP-ribose) polymerase family member 4,PARP4,Q9UKK3,Q9UKK3
caffeine,143,poly(ADP-ribose) polymerase family member 4,PARP4,Q9UKK3,Q9UKK3
caffeine,156,G protein-coupled receptor kinase 2,GRK2,P25098,P25098;A0A0S2Z392
caffeine,156,G protein-coupled receptor kinase 2,GRK2,P25098,P25098;A0A0S2Z392
caffeine,158,adenylosuccinate lyase,ADSL,P30566,P30566;A0A1B0GTG9;A0A1B0GWJ0;A0A7P0T8E4;A0A7P0Z472;X5D7W4;X5D8S6
caffeine,158,adenylosuccinate lyase,ADSL,P30566,P30566;A0A1B0GTG9;A0A1B0GWJ0;A0A7P0T8E4;A0A7P0Z472;X5D7W4;X5D8S6
caffeine,176,aggrecan,ACAN,P16112,P16112;A0A5K1VW97
caffeine,176,aggrecan,ACAN,P16112,P16112;A0A5K1VW97
caffeine,176,aggrecan,ACAN,P16112,P16112;A0A5K1VW97
caffeine,176,aggrecan,ACAN,P16112,P16112;A0A5K1VW97
caffeine,182,jagged canonical Notch ligand 1,JAG1,P78504,P78504;Q99740
caffeine,183,angiotensinogen,AGT,P01019,P01019;A0A7P0T8D1;B0ZBE2;B2R5S1
caffeine,183,angiotensinogen,AGT,P01019,P01019;A0A7P0T8D1;B0ZBE2;B2R5S1
caffeine,186,angiotensin II receptor type 2,AGTR2,P50052,P50052
caffeine,186,angiotensin II receptor type 2,AGTR2,P50052,P50052
caffeine,186,angiotensin II receptor type 2,AGTR2,P50052,P50052
caffeine,186,angiotensin II receptor type 2,AGTR2,P50052,P50052
caffeine,191,adenosylhomocysteinase,AHCY,P23526,P23526;A0A384MTQ3
caffeine,191,adenosylhomocysteinase,AHCY,P23526,P23526;A0A384MTQ3
caffeine,207,AKT serine/threonine kinase 1,AKT1,P31749,P31749;B0LPE5;B3KVH4
caffeine,207,AKT serine/threonine kinase 1,AKT1,P31749,P31749;B0LPE5;B3KVH4
caffeine,207,AKT serine/threonine kinase 1,AKT1,P31749,P31749;B0LPE5;B3KVH4
caffeine,207,AKT serine/threonine kinase 1,AKT1,P31749,P31749;B0LPE5;B3KVH4
caffeine,207,AKT serine/threonine kinase 1,AKT1,P31749,P31749;B0LPE5;B3KVH4
caffeine,207,AKT serine/threonine kinase 1,AKT1,P31749,P31749;B0LPE5;B3KVH4
caffeine,207,AKT serine/threonine kinase 1,AKT1,P31749,P31749;B0LPE5;B3KVH4
caffeine,207,AKT serine/threonine kinase 1,AKT1,P31749,P31749;B0LPE5;B3KVH4
caffeine,207,AKT serine/threonine kinase 1,AKT1,P31749,P31749;B0LPE5;B3KVH4
caffeine,207,AKT serine/threonine kinase 1,AKT1,P31749,P31749;B0LPE5;B3KVH4
caffeine,207,AKT serine/threonine kinase 1,AKT1,P31749,P31749;B0LPE5;B3KVH4
caffeine,207,AKT serine/threonine kinase 1,AKT1,P31749,P31749;B0LPE5;B3KVH4
caffeine,207,AKT serine/threonine kinase 1,AKT1,P31749,P31749;B0LPE5;B3KVH4
caffeine,207,AKT serine/threonine kinase 1,AKT1,P31749,P31749;B0LPE5;B3KVH4
caffeine,207,AKT serine/threonine kinase 1,AKT1,P31749,P31749;B0LPE5;B3KVH4
caffeine,207,AKT serine/threonine kinase 1,AKT1,P31749,P31749;B0LPE5;B3KVH4
caffeine,207,AKT serine/threonine kinase 1,AKT1,P31749,P31749;B0LPE5;B3KVH4
caffeine,207,AKT serine/threonine kinase 1,AKT1,P31749,P31749;B0LPE5;B3KVH4
caffeine,208,AKT serine/threonine kinase 2,AKT2,P31751,P31751;B4DG79
caffeine,208,AKT serine/threonine kinase 2,AKT2,P31751,P31751;B4DG79
caffeine,213,albumin,ALB,P02768,P02768
caffeine,213,albumin,ALB,P02768,P02768
caffeine,213,albumin,ALB,P02768,P02768
caffeine,213,albumin,ALB,P02768,P02768
caffeine,216,aldehyde dehydrogenase 1 family member A1,ALDH1A1,P00352,P00352;V9HW83
caffeine,216,aldehyde dehydrogenase 1 family member A1,ALDH1A1,P00352,P00352;V9HW83
caffeine,216,aldehyde dehydrogenase 1 family member A1,ALDH1A1,P00352,P00352;V9HW83
caffeine,216,aldehyde dehydrogenase 1 family member A1,ALDH1A1,P00352,P00352;V9HW83
caffeine,223,aldehyde dehydrogenase 9 family member A1,ALDH9A1,P49189,P49189
caffeine,223,aldehyde dehydrogenase 9 family member A1,ALDH9A1,P49189,P49189
caffeine,224,aldehyde dehydrogenase 3 family member A2,ALDH3A2,P51648,P51648
caffeine,224,aldehyde dehydrogenase 3 family member A2,ALDH3A2,P51648,P51648
caffeine,226,"aldolase, fructose-bisphosphate A",ALDOA,P04075,P04075;V9HWN7
caffeine,226,"aldolase, fructose-bisphosphate A",ALDOA,P04075,P04075;V9HWN7
caffeine,226,"aldolase, fructose-bisphosphate A",ALDOA,P04075,P04075;V9HWN7
caffeine,226,"aldolase, fructose-bisphosphate A",ALDOA,P04075,P04075;V9HWN7
caffeine,230,"aldolase, fructose-bisphosphate C",ALDOC,P09972,P09972;A0A024QZ64
caffeine,230,"aldolase, fructose-bisphosphate C",ALDOC,P09972,P09972;A0A024QZ64
caffeine,249,"alkaline phosphatase, biomineralization associated",ALPL,P05186,P05186
caffeine,249,"alkaline phosphatase, biomineralization associated",ALPL,P05186,P05186
caffeine,267,autocrine motility factor receptor,AMFR,Q9UKV5,Q9UKV5
caffeine,267,autocrine motility factor receptor,AMFR,Q9UKV5,Q9UKV5
caffeine,271,adenosine monophosphate deaminase 2,AMPD2,Q01433,Q01433
caffeine,271,adenosine monophosphate deaminase 2,AMPD2,Q01433,Q01433
caffeine,283,angiogenin,ANG,P03950,P03950;W0UV28
caffeine,283,angiogenin,ANG,P03950,P03950;W0UV28
caffeine,284,angiopoietin 1,ANGPT1,Q15389,Q15389;B4DTQ9
caffeine,284,angiopoietin 1,ANGPT1,Q15389,Q15389;B4DTQ9
caffeine,285,angiopoietin 2,ANGPT2,O15123,O15123
caffeine,285,angiopoietin 2,ANGPT2,O15123,O15123
caffeine,287,ankyrin 2,ANK2,Q01484,Q01484;A0A5F9ZGS5;A0A5F9ZGY1;A0A5F9ZGZ1;A0A5F9ZH03;A0A5F9ZH10;A0A5F9ZH17;A0A5F9ZH18;A0A5F9ZH34;A0A5F9ZH39;A0A5F9ZH58;A0A5F9ZH70;A0A5F9ZH99;A0A5F9ZHE2;A0A5F9ZHJ4;A0A5F9ZHJ6;A0A5F9ZHL3;A0A5F9ZHL9;A0A5F9ZHN0;A0A5F9ZHQ3;A0A5F9ZHR2;A0A5F9ZHY6;A0A5F9ZI08;A0A5F9ZI16;A0A5F9ZI36;A0A5F9ZI53;A0A5F9ZI56;A0A5F9ZI69;A0A5F9ZI81;E9PCH6;H0Y933
caffeine,287,ankyrin 2,ANK2,Q01484,Q01484;A0A5F9ZGS5;A0A5F9ZGY1;A0A5F9ZGZ1;A0A5F9ZH03;A0A5F9ZH10;A0A5F9ZH17;A0A5F9ZH18;A0A5F9ZH34;A0A5F9ZH39;A0A5F9ZH58;A0A5F9ZH70;A0A5F9ZH99;A0A5F9ZHE2;A0A5F9ZHJ4;A0A5F9ZHJ6;A0A5F9ZHL3;A0A5F9ZHL9;A0A5F9ZHN0;A0A5F9ZHQ3;A0A5F9ZHR2;A0A5F9ZHY6;A0A5F9ZI08;A0A5F9ZI16;A0A5F9ZI36;A0A5F9ZI53;A0A5F9ZI56;A0A5F9ZI69;A0A5F9ZI81;E9PCH6;H0Y933
caffeine,302,annexin A2,ANXA2,P07355,P07355;A0A024R5Z7;H0YL33
caffeine,302,annexin A2,ANXA2,P07355,P07355;A0A024R5Z7;H0YL33
caffeine,307,annexin A4,ANXA4,P09525,P09525;Q6P452
caffeine,307,annexin A4,ANXA4,P09525,P09525;Q6P452
caffeine,307,annexin A4,ANXA4,P09525,P09525;Q6P452
caffeine,307,annexin A4,ANXA4,P09525,P09525;Q6P452
caffeine,311,annexin A11,ANXA11,P50995,P50995;Q5T0G8
caffeine,311,annexin A11,ANXA11,P50995,P50995;Q5T0G8
caffeine,316,aldehyde oxidase 1,AOX1,Q06278,Q06278
caffeine,316,aldehyde oxidase 1,AOX1,Q06278,Q06278
caffeine,324,APC regulator of Wnt signaling pathway,APC,P25054,P25054;R4GMU6
caffeine,324,APC regulator of Wnt signaling pathway,APC,P25054,P25054;R4GMU6
caffeine,327,acylaminoacyl-peptide hydrolase,APEH,P13798,P13798
caffeine,327,acylaminoacyl-peptide hydrolase,APEH,P13798,P13798
caffeine,328,apurinic/apyrimidinic endodeoxyribonuclease 1,APEX1,P27695,P27695;Q5TZP7
caffeine,328,apurinic/apyrimidinic endodeoxyribonuclease 1,APEX1,P27695,P27695;Q5TZP7
caffeine,329,baculoviral IAP repeat containing 2,BIRC2,Q13490,Q13490
caffeine,329,baculoviral IAP repeat containing 2,BIRC2,Q13490,Q13490
caffeine,334,amyloid beta precursor like protein 2,APLP2,Q06481,Q06481;A0A140VJE9;B4E3I5
caffeine,334,amyloid beta precursor like protein 2,APLP2,Q06481,Q06481;A0A140VJE9;B4E3I5
caffeine,335,apolipoprotein A1,APOA1,P02647,P02647;A0A024R3E3
caffeine,335,apolipoprotein A1,APOA1,P02647,P02647;A0A024R3E3
caffeine,335,apolipoprotein A1,APOA1,P02647,P02647;A0A024R3E3
caffeine,335,apolipoprotein A1,APOA1,P02647,P02647;A0A024R3E3
caffeine,336,apolipoprotein A2,APOA2,P02652,P02652
caffeine,336,apolipoprotein A2,APOA2,P02652,P02652
caffeine,336,apolipoprotein A2,APOA2,P02652,P02652
caffeine,336,apolipoprotein A2,APOA2,P02652,P02652
caffeine,338,apolipoprotein B,APOB,P04114,P04114;A0AAG2UUW0;Q59HB3;Q7Z7Q0
caffeine,338,apolipoprotein B,APOB,P04114,P04114;A0AAG2UUW0;Q59HB3;Q7Z7Q0
caffeine,338,apolipoprotein B,APOB,P04114,P04114;A0AAG2UUW0;Q59HB3;Q7Z7Q0
caffeine,338,apolipoprotein B,APOB,P04114,P04114;A0AAG2UUW0;Q59HB3;Q7Z7Q0
caffeine,338,apolipoprotein B,APOB,P04114,P04114;A0AAG2UUW0;Q59HB3;Q7Z7Q0
caffeine,338,apolipoprotein B,APOB,P04114,P04114;A0AAG2UUW0;Q59HB3;Q7Z7Q0
caffeine,338,apolipoprotein B,APOB,P04114,P04114;A0AAG2UUW0;Q59HB3;Q7Z7Q0
caffeine,338,apolipoprotein B,APOB,P04114,P04114;A0AAG2UUW0;Q59HB3;Q7Z7Q0
caffeine,341,apolipoprotein C1,APOC1,P02654,P02654;K7EPF9
caffeine,341,apolipoprotein C1,APOC1,P02654,P02654;K7EPF9
caffeine,341,apolipoprotein C1,APOC1,P02654,P02654;K7EPF9
caffeine,341,apolipoprotein C1,APOC1,P02654,P02654;K7EPF9
caffeine,344,apolipoprotein C2,APOC2,P02655,P02655;A0A024R0T9
caffeine,344,apolipoprotein C2,APOC2,P02655,P02655;A0A024R0T9
caffeine,344,apolipoprotein C2,APOC2,P02655,P02655;A0A024R0T9
caffeine,344,apolipoprotein C2,APOC2,P02655,P02655;A0A024R0T9
caffeine,345,apolipoprotein C3,APOC3,P02656,P02656;A3KPE2
caffeine,345,apolipoprotein C3,APOC3,P02656,P02656;A3KPE2
caffeine,348,apolipoprotein E,APOE,P02649,P02649;A0A0S2Z3D5
caffeine,348,apolipoprotein E,APOE,P02649,P02649;A0A0S2Z3D5
caffeine,355,Fas cell surface death receptor,FAS,P25445,P25445;A0A8Q3SIR6;K9J972;Q59FU8
caffeine,355,Fas cell surface death receptor,FAS,P25445,P25445;A0A8Q3SIR6;K9J972;Q59FU8
caffeine,355,Fas cell surface death receptor,FAS,P25445,P25445;A0A8Q3SIR6;K9J972;Q59FU8
caffeine,355,Fas cell surface death receptor,FAS,P25445,P25445;A0A8Q3SIR6;K9J972;Q59FU8
caffeine,355,Fas cell surface death receptor,FAS,P25445,P25445;A0A8Q3SIR6;K9J972;Q59FU8
caffeine,355,Fas cell surface death receptor,FAS,P25445,P25445;A0A8Q3SIR6;K9J972;Q59FU8
caffeine,357,shroom family member 2,SHROOM2,Q13796,Q13796;B7Z682;F5H3B6
caffeine,357,shroom family member 2,SHROOM2,Q13796,Q13796;B7Z682;F5H3B6
caffeine,367,androgen receptor,AR,P10275,P10275;A0A087WUX9;F1D8N5;G4VV16;Q9NUA2
caffeine,367,androgen receptor,AR,P10275,P10275;A0A087WUX9;F1D8N5;G4VV16;Q9NUA2
caffeine,369,"A-Raf proto-oncogene, serine/threonine kinase",ARAF,P10398,P10398;A0A024R178;Q96II5
caffeine,369,"A-Raf proto-oncogene, serine/threonine kinase",ARAF,P10398,P10398;A0A024R178;Q96II5
caffeine,372,archain 1 coat protein complex I subunit delta,ARCN1,P48444,P48444;B0YIW5
caffeine,372,archain 1 coat protein complex I subunit delta,ARCN1,P48444,P48444;B0YIW5
caffeine,375,ARF GTPase 1,ARF1,P84077,P84077
caffeine,375,ARF GTPase 1,ARF1,P84077,P84077
caffeine,379,ARF like GTPase 4D,ARL4D,P49703,P49703
caffeine,379,ARF like GTPase 4D,ARL4D,P49703,P49703
caffeine,392,Rho GTPase activating protein 1,ARHGAP1,Q07960,Q07960
caffeine,392,Rho GTPase activating protein 1,ARHGAP1,Q07960,Q07960
caffeine,394,Rho GTPase activating protein 5,ARHGAP5,Q13017,Q13017
caffeine,394,Rho GTPase activating protein 5,ARHGAP5,Q13017,Q13017
caffeine,396,Rho GDP dissociation inhibitor alpha,ARHGDIA,P52565,P52565;J3QQX2;V9HWE8
caffeine,396,Rho GDP dissociation inhibitor alpha,ARHGDIA,P52565,P52565;J3QQX2;V9HWE8
caffeine,408,arrestin beta 1,ARRB1,P49407,P49407;B7Z1Q3
caffeine,408,arrestin beta 1,ARRB1,P49407,P49407;B7Z1Q3
caffeine,409,arrestin beta 2,ARRB2,P32121,P32121;K7ENA6;Q59EM5;Q68DZ5
caffeine,409,arrestin beta 2,ARRB2,P32121,P32121;K7ENA6;Q59EM5;Q68DZ5
caffeine,421,ARVCF delta catenin family member,ARVCF,O00192,O00192;C9JJX6;E9PDC3
caffeine,421,ARVCF delta catenin family member,ARVCF,O00192,O00192;C9JJX6;E9PDC3
caffeine,433,asialoglycoprotein receptor 2,ASGR2,P07307,P07307;Q7Z4G9
caffeine,433,asialoglycoprotein receptor 2,ASGR2,P07307,P07307;Q7Z4G9
caffeine,440,asparagine synthetase (glutamine-hydrolyzing),ASNS,P08243,P08243
caffeine,440,asparagine synthetase (glutamine-hydrolyzing),ASNS,P08243,P08243
caffeine,463,zinc finger homeobox 3,ZFHX3,Q15911,Q15911;Q8N2Y6
caffeine,463,zinc finger homeobox 3,ZFHX3,Q15911,Q15911;Q8N2Y6
caffeine,471,5-aminoimidazole-4-carboxamide ribonucleotide formyltransferase/IMP cyclohydrolase,ATIC,P31939,P31939;V9HWH7
caffeine,471,5-aminoimidazole-4-carboxamide ribonucleotide formyltransferase/IMP cyclohydrolase,ATIC,P31939,P31939;V9HWH7
caffeine,472,ATM serine/threonine kinase,ATM,Q13315,Q13315;A0AAQ5BH18;Q6P7P1
caffeine,472,ATM serine/threonine kinase,ATM,Q13315,Q13315;A0AAQ5BH18;Q6P7P1
caffeine,472,ATM serine/threonine kinase,ATM,Q13315,Q13315;A0AAQ5BH18;Q6P7P1
caffeine,472,ATM serine/threonine kinase,ATM,Q13315,Q13315;A0AAQ5BH18;Q6P7P1
caffeine,472,ATM serine/threonine kinase,ATM,Q13315,Q13315;A0AAQ5BH18;Q6P7P1
caffeine,472,ATM serine/threonine kinase,ATM,Q13315,Q13315;A0AAQ5BH18;Q6P7P1
caffeine,472,ATM serine/threonine kinase,ATM,Q13315,Q13315;A0AAQ5BH18;Q6P7P1
caffeine,472,ATM serine/threonine kinase,ATM,Q13315,Q13315;A0AAQ5BH18;Q6P7P1
caffeine,472,ATM serine/threonine kinase,ATM,Q13315,Q13315;A0AAQ5BH18;Q6P7P1
caffeine,472,ATM serine/threonine kinase,ATM,Q13315,Q13315;A0AAQ5BH18;Q6P7P1
caffeine,472,ATM serine/threonine kinase,ATM,Q13315,Q13315;A0AAQ5BH18;Q6P7P1
caffeine,472,ATM serine/threonine kinase,ATM,Q13315,Q13315;A0AAQ5BH18;Q6P7P1
caffeine,472,ATM serine/threonine kinase,ATM,Q13315,Q13315;A0AAQ5BH18;Q6P7P1
caffeine,472,ATM serine/threonine kinase,ATM,Q13315,Q13315;A0AAQ5BH18;Q6P7P1
caffeine,472,ATM serine/threonine kinase,ATM,Q13315,Q13315;A0AAQ5BH18;Q6P7P1
caffeine,472,ATM serine/threonine kinase,ATM,Q13315,Q13315;A0AAQ5BH18;Q6P7P1
caffeine,472,ATM serine/threonine kinase,ATM,Q13315,Q13315;A0AAQ5BH18;Q6P7P1
caffeine,472,ATM serine/threonine kinase,ATM,Q13315,Q13315;A0AAQ5BH18;Q6P7P1
caffeine,472,ATM serine/threonine kinase,ATM,Q13315,Q13315;A0AAQ5BH18;Q6P7P1
caffeine,472,ATM serine/threonine kinase,ATM,Q13315,Q13315;A0AAQ5BH18;Q6P7P1
caffeine,472,ATM serine/threonine kinase,ATM,Q13315,Q13315;A0AAQ5BH18;Q6P7P1
caffeine,472,ATM serine/threonine kinase,ATM,Q13315,Q13315;A0AAQ5BH18;Q6P7P1
caffeine,472,ATM serine/threonine kinase,ATM,Q13315,Q13315;A0AAQ5BH18;Q6P7P1
caffeine,472,ATM serine/threonine kinase,ATM,Q13315,Q13315;A0AAQ5BH18;Q6P7P1
caffeine,472,ATM serine/threonine kinase,ATM,Q13315,Q13315;A0AAQ5BH18;Q6P7P1
caffeine,472,ATM serine/threonine kinase,ATM,Q13315,Q13315;A0AAQ5BH18;Q6P7P1
caffeine,472,ATM serine/threonine kinase,ATM,Q13315,Q13315;A0AAQ5BH18;Q6P7P1
caffeine,472,ATM serine/threonine kinase,ATM,Q13315,Q13315;A0AAQ5BH18;Q6P7P1
caffeine,472,ATM serine/threonine kinase,ATM,Q13315,Q13315;A0AAQ5BH18;Q6P7P1
caffeine,472,ATM serine/threonine kinase,ATM,Q13315,Q13315;A0AAQ5BH18;Q6P7P1
caffeine,472,ATM serine/threonine kinase,ATM,Q13315,Q13315;A0AAQ5BH18;Q6P7P1
caffeine,472,ATM serine/threonine kinase,ATM,Q13315,Q13315;A0AAQ5BH18;Q6P7P1
caffeine,472,ATM serine/threonine kinase,ATM,Q13315,Q13315;A0AAQ5BH18;Q6P7P1
caffeine,472,ATM serine/threonine kinase,ATM,Q13315,Q13315;A0AAQ5BH18;Q6P7P1
caffeine,473,arginine-glutamic acid dipeptide repeats,RERE,Q9P2R6,Q9P2R6
caffeine,476,ATPase Na+/K+ transporting subunit alpha 1,ATP1A1,P05023,P05023
caffeine,476,ATPase Na+/K+ transporting subunit alpha 1,ATP1A1,P05023,P05023
caffeine,478,ATPase Na+/K+ transporting subunit alpha 3,ATP1A3,P13637,P13637;M0R116;Q53ES0
caffeine,478,ATPase Na+/K+ transporting subunit alpha 3,ATP1A3,P13637,P13637;M0R116;Q53ES0
caffeine,483,ATPase Na+/K+ transporting subunit beta 3,ATP1B3,P54709,P54709
caffeine,483,ATPase Na+/K+ transporting subunit beta 3,ATP1B3,P54709,P54709
caffeine,488,ATPase sarcoplasmic/endoplasmic reticulum Ca2+ transporting 2,ATP2A2,P16615,P16615;A0A0S2Z3L2
caffeine,488,ATPase sarcoplasmic/endoplasmic reticulum Ca2+ transporting 2,ATP2A2,P16615,P16615;A0A0S2Z3L2
caffeine,490,ATPase plasma membrane Ca2+ transporting 1,ATP2B1,P20020,P20020
caffeine,490,ATPase plasma membrane Ca2+ transporting 1,ATP2B1,P20020,P20020
caffeine,526,ATPase H+ transporting V1 subunit B2,ATP6V1B2,P21281,P21281;A0A140VK65
caffeine,526,ATPase H+ transporting V1 subunit B2,ATP6V1B2,P21281,P21281;A0A140VK65
caffeine,527,ATPase H+ transporting V0 subunit c,ATP6V0C,P27449,P27449
caffeine,527,ATPase H+ transporting V0 subunit c,ATP6V0C,P27449,P27449
caffeine,545,ATR checkpoint kinase,ATR,Q13535,Q13535
caffeine,545,ATR checkpoint kinase,ATR,Q13535,Q13535
caffeine,545,ATR checkpoint kinase,ATR,Q13535,Q13535
caffeine,545,ATR checkpoint kinase,ATR,Q13535,Q13535
caffeine,545,ATR checkpoint kinase,ATR,Q13535,Q13535
caffeine,545,ATR checkpoint kinase,ATR,Q13535,Q13535
caffeine,545,ATR checkpoint kinase,ATR,Q13535,Q13535
caffeine,545,ATR checkpoint kinase,ATR,Q13535,Q13535
caffeine,545,ATR checkpoint kinase,ATR,Q13535,Q13535
caffeine,545,ATR checkpoint kinase,ATR,Q13535,Q13535
caffeine,545,ATR checkpoint kinase,ATR,Q13535,Q13535
caffeine,545,ATR checkpoint kinase,ATR,Q13535,Q13535
caffeine,545,ATR checkpoint kinase,ATR,Q13535,Q13535
caffeine,545,ATR checkpoint kinase,ATR,Q13535,Q13535
caffeine,546,ATRX chromatin remodeler,ATRX,P46100,P46100;A4LAA3;B4DLW1
caffeine,546,ATRX chromatin remodeler,ATRX,P46100,P46100;A4LAA3;B4DLW1
caffeine,550,AUP1 lipid droplet regulating VLDL assembly factor,AUP1,Q9Y679,Q9Y679
caffeine,550,AUP1 lipid droplet regulating VLDL assembly factor,AUP1,Q9Y679,Q9Y679
caffeine,552,arginine vasopressin receptor 1A,AVPR1A,P37288,P37288;X5D2B0
caffeine,552,arginine vasopressin receptor 1A,AVPR1A,P37288,P37288;X5D2B0
caffeine,571,BTB domain and CNC homolog 1,BACH1,O14867,O14867
caffeine,571,BTB domain and CNC homolog 1,BACH1,O14867,O14867
caffeine,580,BRCA1 associated RING domain 1,BARD1,Q99728,Q99728;A0A087WZ19;A0AVN2;C9IYG1;F6MDI0;F6MDI1;F6MDI2
caffeine,580,BRCA1 associated RING domain 1,BARD1,Q99728,Q99728;A0A087WZ19;A0AVN2;C9IYG1;F6MDI0;F6MDI1;F6MDI2
caffeine,581,"BCL2 associated X, apoptosis regulator",BAX,Q07812,Q07812;I6LPK7;Q5ZPJ0;Q5ZPJ1
caffeine,581,"BCL2 associated X, apoptosis regulator",BAX,Q07812,Q07812;I6LPK7;Q5ZPJ0;Q5ZPJ1
caffeine,581,"BCL2 associated X, apoptosis regulator",BAX,Q07812,Q07812;I6LPK7;Q5ZPJ0;Q5ZPJ1
caffeine,581,"BCL2 associated X, apoptosis regulator",BAX,Q07812,Q07812;I6LPK7;Q5ZPJ0;Q5ZPJ1
caffeine,581,"BCL2 associated X, apoptosis regulator",BAX,Q07812,Q07812;I6LPK7;Q5ZPJ0;Q5ZPJ1
caffeine,581,"BCL2 associated X, apoptosis regulator",BAX,Q07812,Q07812;I6LPK7;Q5ZPJ0;Q5ZPJ1
caffeine,581,"BCL2 associated X, apoptosis regulator",BAX,Q07812,Q07812;I6LPK7;Q5ZPJ0;Q5ZPJ1
caffeine,581,"BCL2 associated X, apoptosis regulator",BAX,Q07812,Q07812;I6LPK7;Q5ZPJ0;Q5ZPJ1
caffeine,595,cyclin D1,CCND1,P24385,P24385;Q6FI00
caffeine,595,cyclin D1,CCND1,P24385,P24385;Q6FI00
caffeine,596,BCL2 apoptosis regulator,BCL2,P10415,P10415;A0A7I2V3S7
caffeine,596,BCL2 apoptosis regulator,BCL2,P10415,P10415;A0A7I2V3S7
caffeine,598,BCL2 like 1,BCL2L1,Q07817,Q07817;A0A0S2Z3C5;Q5TE63
caffeine,598,BCL2 like 1,BCL2L1,Q07817,Q07817;A0A0S2Z3C5;Q5TE63
caffeine,602,BCL3 transcription coactivator,BCL3,P20749,P20749;B7Z3N9
caffeine,602,BCL3 transcription coactivator,BCL3,P20749,P20749;B7Z3N9
caffeine,604,BCL6 transcription repressor,BCL6,P41182,P41182;B5B0A5
caffeine,604,BCL6 transcription repressor,BCL6,P41182,P41182;B5B0A5
caffeine,607,BCL9 transcription coactivator,BCL9,O00512,O00512;Q1JQ81
caffeine,607,BCL9 transcription coactivator,BCL9,O00512,O00512;Q1JQ81
caffeine,613,BCR activator of RhoGEF and GTPase,BCR,P11274,P11274
caffeine,613,BCR activator of RhoGEF and GTPase,BCR,P11274,P11274
caffeine,627,brain derived neurotrophic factor,BDNF,P23560,P23560;A0A0E3SU01
caffeine,627,brain derived neurotrophic factor,BDNF,P23560,P23560;A0A0E3SU01
caffeine,627,brain derived neurotrophic factor,BDNF,P23560,P23560;A0A0E3SU01
caffeine,627,brain derived neurotrophic factor,BDNF,P23560,P23560;A0A0E3SU01
caffeine,632,bone gamma-carboxyglutamate protein,BGLAP,P02818,P02818
caffeine,632,bone gamma-carboxyglutamate protein,BGLAP,P02818,P02818
caffeine,634,CEA cell adhesion molecule 1,CEACAM1,P13688,P13688;Q3KRG8
caffeine,634,CEA cell adhesion molecule 1,CEACAM1,P13688,P13688;Q3KRG8
caffeine,635,betaine--homocysteine S-methyltransferase,BHMT,Q93088,Q93088;V9HWA4
caffeine,635,betaine--homocysteine S-methyltransferase,BHMT,Q93088,Q93088;V9HWA4
caffeine,637,BH3 interacting domain death agonist,BID,P55957,P55957;A8ASI8;B2ZP79;B3KT21
caffeine,637,BH3 interacting domain death agonist,BID,P55957,P55957;A8ASI8;B2ZP79;B3KT21
caffeine,641,BLM RecQ like helicase,BLM,P54132,P54132;B7ZKN7;H0YNU5
caffeine,641,BLM RecQ like helicase,BLM,P54132,P54132;B7ZKN7;H0YNU5
caffeine,657,bone morphogenetic protein receptor type 1A,BMPR1A,P36894,P36894
caffeine,657,bone morphogenetic protein receptor type 1A,BMPR1A,P36894,P36894
caffeine,661,RNA polymerase III subunit D,POLR3D,P05423,P05423
caffeine,661,RNA polymerase III subunit D,POLR3D,P05423,P05423
caffeine,663,BCL2 interacting protein 2,BNIP2,Q12982,Q12982;H7C096
caffeine,663,BCL2 interacting protein 2,BNIP2,Q12982,Q12982;H7C096
caffeine,664,BCL2 interacting protein 3,BNIP3,Q12983,Q12983;Q6NVY4
caffeine,664,BCL2 interacting protein 3,BNIP3,Q12983,Q12983;Q6NVY4
caffeine,664,BCL2 interacting protein 3,BNIP3,Q12983,Q12983;Q6NVY4
caffeine,664,BCL2 interacting protein 3,BNIP3,Q12983,Q12983;Q6NVY4
caffeine,665,BCL2 interacting protein 3 like,BNIP3L,O60238,O60238;Q6IBV1
caffeine,665,BCL2 interacting protein 3 like,BNIP3L,O60238,O60238;Q6IBV1
caffeine,667,dystonin,DST,Q03001,Q03001;A0A7P0T890;B4DGY0;B4DSS9;E9PHM6;F6QMI7;F8W9J4;Q6P0N6
caffeine,667,dystonin,DST,Q03001,Q03001;A0A7P0T890;B4DGY0;B4DSS9;E9PHM6;F6QMI7;F8W9J4;Q6P0N6
caffeine,672,BRCA1 DNA repair associated,BRCA1,P38398,P38398;A0A0U1RRA9;A0A2R8Y7V5;A0A9Y1QPR4;A0A9Y1QPT7;A0A9Y1QPY6;A0A9Y1QQ47;A0A9Y1QQD3;A0A9Y1QQF1;A0A9Y1QQJ6;A0A9Y1QQK3;A0A9Y1QQK7;A0A9Y1VR53;A0A9Y1VVD0;A0A9Y1VVE2;B4DES0;C9IZW4;E7ENB7;E7EQW4;E7EUM2;H0Y850;H0Y8D8
caffeine,672,BRCA1 DNA repair associated,BRCA1,P38398,P38398;A0A0U1RRA9;A0A2R8Y7V5;A0A9Y1QPR4;A0A9Y1QPT7;A0A9Y1QPY6;A0A9Y1QQ47;A0A9Y1QQD3;A0A9Y1QQF1;A0A9Y1QQJ6;A0A9Y1QQK3;A0A9Y1QQK7;A0A9Y1VR53;A0A9Y1VVD0;A0A9Y1VVE2;B4DES0;C9IZW4;E7ENB7;E7EQW4;E7EUM2;H0Y850;H0Y8D8
caffeine,673,"B-Raf proto-oncogene, serine/threonine kinase",BRAF,P15056,P15056;A0A2R8Y8E0;A0A2U3TZI2;H7C560
caffeine,673,"B-Raf proto-oncogene, serine/threonine kinase",BRAF,P15056,P15056;A0A2R8Y8E0;A0A2U3TZI2;H7C560
caffeine,675,BRCA2 DNA repair associated,BRCA2,P51587,P51587;A0A7P0T9D7;A0A8V8TPZ2
caffeine,675,BRCA2 DNA repair associated,BRCA2,P51587,P51587;A0A7P0T9D7;A0A8V8TPZ2
caffeine,677,ZFP36 like 1 zinc finger CCCH-type,ZFP36L1,Q07352,Q07352;B3KNA8
caffeine,677,ZFP36 like 1 zinc finger CCCH-type,ZFP36L1,Q07352,Q07352;B3KNA8
caffeine,678,ZFP36 like 2 zinc finger CCCH-type,ZFP36L2,P47974,P47974
caffeine,678,ZFP36 like 2 zinc finger CCCH-type,ZFP36L2,P47974,P47974
caffeine,682,basigin (Ok blood group),BSG,P35613,P35613;Q54A51
caffeine,682,basigin (Ok blood group),BSG,P35613,P35613;Q54A51
caffeine,689,basic transcription factor 3,BTF3,P20290,P20290
caffeine,689,basic transcription factor 3,BTF3,P20290,P20290
caffeine,699,BUB1 mitotic checkpoint serine/threonine kinase,BUB1,O43683,O43683;B4DYG2
caffeine,699,BUB1 mitotic checkpoint serine/threonine kinase,BUB1,O43683,O43683;B4DYG2
caffeine,699,BUB1 mitotic checkpoint serine/threonine kinase,BUB1,O43683,O43683;B4DYG2
caffeine,699,BUB1 mitotic checkpoint serine/threonine kinase,BUB1,O43683,O43683;B4DYG2
caffeine,701,BUB1 mitotic checkpoint serine/threonine kinase B,BUB1B,O60566,O60566
caffeine,701,BUB1 mitotic checkpoint serine/threonine kinase B,BUB1B,O60566,O60566
caffeine,708,complement C1q binding protein,C1QBP,Q07021,Q07021
caffeine,708,complement C1q binding protein,C1QBP,Q07021,Q07021
caffeine,715,complement C1r,C1R,P00736,P00736;A0A3B3ISR2;B4DPQ0
caffeine,715,complement C1r,C1R,P00736,P00736;A0A3B3ISR2;B4DPQ0
caffeine,716,complement C1s,C1S,P09871,P09871;F8WCZ6
caffeine,716,complement C1s,C1S,P09871,P09871;F8WCZ6
caffeine,745,myelin regulatory factor,MYRF,Q9Y2G1,Q9Y2G1
caffeine,745,myelin regulatory factor,MYRF,Q9Y2G1,Q9Y2G1
caffeine,747,diacylglycerol lipase alpha,DAGLA,Q9Y4D2,Q9Y4D2
caffeine,747,diacylglycerol lipase alpha,DAGLA,Q9Y4D2,Q9Y4D2
caffeine,754,PTTG1 interacting protein,PTTG1IP,P53801,P53801;B4DPZ0
caffeine,755,cilia and flagella associated protein 410,CFAP410,O43822,O43822
caffeine,755,cilia and flagella associated protein 410,CFAP410,O43822,O43822
caffeine,759,carbonic anhydrase 1,CA1,P00915,P00915;V9HWE3
caffeine,760,carbonic anhydrase 2,CA2,P00918,P00918;V9HW21
caffeine,779,calcium voltage-gated channel subunit alpha1 S,CACNA1S,Q13698,Q13698;B1ALM3
caffeine,780,discoidin domain receptor tyrosine kinase 1,DDR1,Q08345,Q08345;A0A024RCQ1;A0A0A0MSX3;Q96T61;Q96T62
caffeine,780,discoidin domain receptor tyrosine kinase 1,DDR1,Q08345,Q08345;A0A024RCQ1;A0A0A0MSX3;Q96T61;Q96T62
caffeine,790,"carbamoyl-phosphate synthetase 2, aspartate transcarbamylase, and dihydroorotase",CAD,P27708,P27708;F8VPD4
caffeine,790,"carbamoyl-phosphate synthetase 2, aspartate transcarbamylase, and dihydroorotase",CAD,P27708,P27708;F8VPD4
caffeine,790,"carbamoyl-phosphate synthetase 2, aspartate transcarbamylase, and dihydroorotase",CAD,P27708,P27708;F8VPD4
caffeine,790,"carbamoyl-phosphate synthetase 2, aspartate transcarbamylase, and dihydroorotase",CAD,P27708,P27708;F8VPD4
caffeine,801,calmodulin 1,CALM1,P0DP23,P0DP23;P0DP24;P0DP25;B4DJ51;Q96HY3
caffeine,801,calmodulin 1,CALM1,P0DP23,P0DP23;P0DP24;P0DP25;B4DJ51;Q96HY3
caffeine,801,calmodulin 1,CALM1,P0DP23,P0DP23;P0DP24;P0DP25;B4DJ51;Q96HY3
caffeine,801,calmodulin 1,CALM1,P0DP23,P0DP23;P0DP24;P0DP25;B4DJ51;Q96HY3
caffeine,811,calreticulin,CALR,P27797,P27797;V9HW88
caffeine,811,calreticulin,CALR,P27797,P27797;V9HW88
caffeine,813,calumenin,CALU,O43852,O43852;B3KQF5;Q6IAW5
caffeine,813,calumenin,CALU,O43852,O43852;B3KQF5;Q6IAW5
caffeine,813,calumenin,CALU,O43852,O43852;B3KQF5;Q6IAW5
caffeine,813,calumenin,CALU,O43852,O43852;B3KQF5;Q6IAW5
caffeine,816,calcium/calmodulin dependent protein kinase II beta,CAMK2B,Q13554,Q13554;A4D2J9;B7Z1Z6
caffeine,816,calcium/calmodulin dependent protein kinase II beta,CAMK2B,Q13554,Q13554;A4D2J9;B7Z1Z6
caffeine,817,calcium/calmodulin dependent protein kinase II delta,CAMK2D,Q13557,Q13557;A0A8V8TN60;A0A8V8TN65;A0A8V8TN88;A0A8V8TNA1;A0A8V8TNA7;A0A8V8TPJ8;A0A8V8TPY4;A0A994J516;A0A994J5B0;D6R938;E9PBG7;E9PF82
caffeine,817,calcium/calmodulin dependent protein kinase II delta,CAMK2D,Q13557,Q13557;A0A8V8TN60;A0A8V8TN65;A0A8V8TN88;A0A8V8TNA1;A0A8V8TNA7;A0A8V8TPJ8;A0A8V8TPY4;A0A994J516;A0A994J5B0;D6R938;E9PBG7;E9PF82
caffeine,818,calcium/calmodulin dependent protein kinase II gamma,CAMK2G,Q13555,Q13555;A0A2Q3DQE3;B3KY86;H0Y6G2;Q13280;Q5SWX3
caffeine,818,calcium/calmodulin dependent protein kinase II gamma,CAMK2G,Q13555,Q13555;A0A2Q3DQE3;B3KY86;H0Y6G2;Q13280;Q5SWX3
caffeine,821,calnexin,CANX,P27824,P27824;A0A7P0T937;A0A7P0TAE9;A0A7P0TB65
caffeine,821,calnexin,CANX,P27824,P27824;A0A7P0T937;A0A7P0TAE9;A0A7P0TB65
caffeine,823,calpain 1,CAPN1,P07384,P07384;B2RDI5;B4DWH5
caffeine,823,calpain 1,CAPN1,P07384,P07384;B2RDI5;B4DWH5
caffeine,824,calpain 2,CAPN2,P17655,P17655;B4DN77;Q59EF6
caffeine,824,calpain 2,CAPN2,P17655,P17655;B4DN77;Q59EF6
caffeine,831,calpastatin,CAST,P20810,P20810;A0A6Q8PH20;A0ABB0MV66;B7Z6N0;E9PCH5;E9PDE4;Q59HE3;Q86YM9
caffeine,831,calpastatin,CAST,P20810,P20810;A0A6Q8PH20;A0ABB0MV66;B7Z6N0;E9PCH5;E9PDE4;Q59HE3;Q86YM9
caffeine,833,cysteinyl-tRNA synthetase 1,CARS1,P49589,P49589;B4DKY1;B4DPV7
caffeine,833,cysteinyl-tRNA synthetase 1,CARS1,P49589,P49589;B4DKY1;B4DPV7
caffeine,835,caspase 2,CASP2,P42575,P42575;A0A087WYM1;A0A0S2Z3H1
caffeine,835,caspase 2,CASP2,P42575,P42575;A0A087WYM1;A0A0S2Z3H1
caffeine,835,caspase 2,CASP2,P42575,P42575;A0A087WYM1;A0A0S2Z3H1
caffeine,835,caspase 2,CASP2,P42575,P42575;A0A087WYM1;A0A0S2Z3H1
caffeine,836,caspase 3,CASP3,P42574,P42574;A8MVM1
caffeine,836,caspase 3,CASP3,P42574,P42574;A8MVM1
caffeine,836,caspase 3,CASP3,P42574,P42574;A8MVM1
caffeine,836,caspase 3,CASP3,P42574,P42574;A8MVM1
caffeine,836,caspase 3,CASP3,P42574,P42574;A8MVM1
caffeine,836,caspase 3,CASP3,P42574,P42574;A8MVM1
caffeine,836,caspase 3,CASP3,P42574,P42574;A8MVM1
caffeine,836,caspase 3,CASP3,P42574,P42574;A8MVM1
caffeine,836,caspase 3,CASP3,P42574,P42574;A8MVM1
caffeine,836,caspase 3,CASP3,P42574,P42574;A8MVM1
caffeine,836,caspase 3,CASP3,P42574,P42574;A8MVM1
caffeine,836,caspase 3,CASP3,P42574,P42574;A8MVM1
caffeine,836,caspase 3,CASP3,P42574,P42574;A8MVM1
caffeine,836,caspase 3,CASP3,P42574,P42574;A8MVM1
caffeine,836,caspase 3,CASP3,P42574,P42574;A8MVM1
caffeine,836,caspase 3,CASP3,P42574,P42574;A8MVM1
caffeine,836,caspase 3,CASP3,P42574,P42574;A8MVM1
caffeine,836,caspase 3,CASP3,P42574,P42574;A8MVM1
caffeine,836,caspase 3,CASP3,P42574,P42574;A8MVM1
caffeine,836,caspase 3,CASP3,P42574,P42574;A8MVM1
caffeine,836,caspase 3,CASP3,P42574,P42574;A8MVM1
caffeine,836,caspase 3,CASP3,P42574,P42574;A8MVM1
caffeine,836,caspase 3,CASP3,P42574,P42574;A8MVM1
caffeine,836,caspase 3,CASP3,P42574,P42574;A8MVM1
caffeine,836,caspase 3,CASP3,P42574,P42574;A8MVM1
caffeine,836,caspase 3,CASP3,P42574,P42574;A8MVM1
caffeine,836,caspase 3,CASP3,P42574,P42574;A8MVM1
caffeine,836,caspase 3,CASP3,P42574,P42574;A8MVM1
caffeine,836,caspase 3,CASP3,P42574,P42574;A8MVM1
caffeine,836,caspase 3,CASP3,P42574,P42574;A8MVM1
caffeine,841,caspase 8,CASP8,Q14790,Q14790;A0A8Q3SID9
caffeine,841,caspase 8,CASP8,Q14790,Q14790;A0A8Q3SID9
caffeine,842,caspase 9,CASP9,P55211,P55211;F8VVS7
caffeine,842,caspase 9,CASP9,P55211,P55211;F8VVS7
caffeine,842,caspase 9,CASP9,P55211,P55211;F8VVS7
caffeine,842,caspase 9,CASP9,P55211,P55211;F8VVS7
caffeine,842,caspase 9,CASP9,P55211,P55211;F8VVS7
caffeine,842,caspase 9,CASP9,P55211,P55211;F8VVS7
caffeine,842,caspase 9,CASP9,P55211,P55211;F8VVS7
caffeine,842,caspase 9,CASP9,P55211,P55211;F8VVS7
caffeine,847,catalase,CAT,P04040,P04040;A0A384P5Q0
caffeine,847,catalase,CAT,P04040,P04040;A0A384P5Q0
caffeine,847,catalase,CAT,P04040,P04040;A0A384P5Q0
caffeine,847,catalase,CAT,P04040,P04040;A0A384P5Q0
caffeine,847,catalase,CAT,P04040,P04040;A0A384P5Q0
caffeine,847,catalase,CAT,P04040,P04040;A0A384P5Q0
caffeine,847,catalase,CAT,P04040,P04040;A0A384P5Q0
caffeine,847,catalase,CAT,P04040,P04040;A0A384P5Q0
caffeine,857,caveolin 1,CAV1,Q03135,Q03135;A9XTE5;Q2TNI1;Q59E85;Q7Z4F3
caffeine,857,caveolin 1,CAV1,Q03135,Q03135;A9XTE5;Q2TNI1;Q59E85;Q7Z4F3
caffeine,859,caveolin 3,CAV3,P56539,P56539
caffeine,859,caveolin 3,CAV3,P56539,P56539
caffeine,860,RUNX family transcription factor 2,RUNX2,Q13950,Q13950;A0A0D9SEN7;Q32MY8
caffeine,861,RUNX family transcription factor 1,RUNX1,Q01196,Q01196
caffeine,866,serpin family A member 6,SERPINA6,P08185,P08185;A0A2Z4LCH4
caffeine,866,serpin family A member 6,SERPINA6,P08185,P08185;A0A2Z4LCH4
caffeine,868,Cbl proto-oncogene B,CBLB,Q13191,Q13191;B3KSS7;B4DYP3;B7ZAG1
caffeine,868,Cbl proto-oncogene B,CBLB,Q13191,Q13191;B3KSS7;B4DYP3;B7ZAG1
caffeine,875,cystathionine beta-synthase,CBS,P35520,P35520;B7Z2D6
caffeine,875,cystathionine beta-synthase,CBS,P35520,P35520;B7Z2D6
caffeine,891,cyclin B1,CCNB1,P14635,P14635
caffeine,891,cyclin B1,CCNB1,P14635,P14635
caffeine,891,cyclin B1,CCNB1,P14635,P14635
caffeine,891,cyclin B1,CCNB1,P14635,P14635
caffeine,891,cyclin B1,CCNB1,P14635,P14635
caffeine,891,cyclin B1,CCNB1,P14635,P14635
caffeine,891,cyclin B1,CCNB1,P14635,P14635
caffeine,891,cyclin B1,CCNB1,P14635,P14635
caffeine,891,cyclin B1,CCNB1,P14635,P14635
caffeine,891,cyclin B1,CCNB1,P14635,P14635
caffeine,898,cyclin E1,CCNE1,P24864,P24864;A0A0G3DHS8;C9J2U0;V5W5X2
caffeine,898,cyclin E1,CCNE1,P24864,P24864;A0A0G3DHS8;C9J2U0;V5W5X2
caffeine,899,cyclin F,CCNF,P41002,P41002;Q59HD0
caffeine,899,cyclin F,CCNF,P41002,P41002;Q59HD0
caffeine,900,cyclin G1,CCNG1,P51959,P51959
caffeine,900,cyclin G1,CCNG1,P51959,P51959
caffeine,900,cyclin G1,CCNG1,P51959,P51959
caffeine,900,cyclin G1,CCNG1,P51959,P51959
caffeine,902,cyclin H,CCNH,P51946,P51946;A0A2R8YEM2
caffeine,902,cyclin H,CCNH,P51946,P51946;A0A2R8YEM2
caffeine,905,cyclin T2,CCNT2,O60583,O60583;B4DH21
caffeine,905,cyclin T2,CCNT2,O60583,O60583;B4DH21
caffeine,908,chaperonin containing TCP1 subunit 6A,CCT6A,P40227,P40227
caffeine,908,chaperonin containing TCP1 subunit 6A,CCT6A,P40227,P40227
caffeine,928,CD9 molecule,CD9,P21926,P21926;A0A087WU13;A6NNI4;B4DK09;G8JLH6
caffeine,928,CD9 molecule,CD9,P21926,P21926;A0A087WU13;A6NNI4;B4DK09;G8JLH6
caffeine,948,CD36 molecule (CD36 blood group),CD36,P16671,P16671;A4D1B1;B7Z6C3;E9PLT1
caffeine,948,CD36 molecule (CD36 blood group),CD36,P16671,P16671;A4D1B1;B7Z6C3;E9PLT1
caffeine,949,scavenger receptor class B member 1,SCARB1,Q8WTV0,Q8WTV0;A0A7P0Z4E3;B3KW46;B7ZKQ9
caffeine,949,scavenger receptor class B member 1,SCARB1,Q8WTV0,Q8WTV0;A0A7P0Z4E3;B3KW46;B7ZKQ9
caffeine,949,scavenger receptor class B member 1,SCARB1,Q8WTV0,Q8WTV0;A0A7P0Z4E3;B3KW46;B7ZKQ9
caffeine,949,scavenger receptor class B member 1,SCARB1,Q8WTV0,Q8WTV0;A0A7P0Z4E3;B3KW46;B7ZKQ9
caffeine,949,scavenger receptor class B member 1,SCARB1,Q8WTV0,Q8WTV0;A0A7P0Z4E3;B3KW46;B7ZKQ9
caffeine,949,scavenger receptor class B member 1,SCARB1,Q8WTV0,Q8WTV0;A0A7P0Z4E3;B3KW46;B7ZKQ9
caffeine,949,scavenger receptor class B member 1,SCARB1,Q8WTV0,Q8WTV0;A0A7P0Z4E3;B3KW46;B7ZKQ9
caffeine,949,scavenger receptor class B member 1,SCARB1,Q8WTV0,Q8WTV0;A0A7P0Z4E3;B3KW46;B7ZKQ9
caffeine,966,CD59 molecule (CD59 blood group),CD59,P13987,P13987;Q6FHM9
caffeine,966,CD59 molecule (CD59 blood group),CD59,P13987,P13987;Q6FHM9
caffeine,972,CD74 molecule,CD74,P04233,P04233
caffeine,972,CD74 molecule,CD74,P04233,P04233
caffeine,983,cyclin dependent kinase 1,CDK1,P06493,P06493;B7Z3D6;I6L9I5
caffeine,983,cyclin dependent kinase 1,CDK1,P06493,P06493;B7Z3D6;I6L9I5
caffeine,983,cyclin dependent kinase 1,CDK1,P06493,P06493;B7Z3D6;I6L9I5
caffeine,983,cyclin dependent kinase 1,CDK1,P06493,P06493;B7Z3D6;I6L9I5
caffeine,983,cyclin dependent kinase 1,CDK1,P06493,P06493;B7Z3D6;I6L9I5
caffeine,983,cyclin dependent kinase 1,CDK1,P06493,P06493;B7Z3D6;I6L9I5
caffeine,983,cyclin dependent kinase 1,CDK1,P06493,P06493;B7Z3D6;I6L9I5
caffeine,983,cyclin dependent kinase 1,CDK1,P06493,P06493;B7Z3D6;I6L9I5
caffeine,983,cyclin dependent kinase 1,CDK1,P06493,P06493;B7Z3D6;I6L9I5
caffeine,983,cyclin dependent kinase 1,CDK1,P06493,P06493;B7Z3D6;I6L9I5
caffeine,984,cyclin dependent kinase 11B,CDK11B,P21127,P21127;B4DII1
caffeine,984,cyclin dependent kinase 11B,CDK11B,P21127,P21127;B4DII1
caffeine,987,LPS responsive beige-like anchor protein,LRBA,P50851,P50851;A0A494BZW2;A0A494C1L5;A0A8V8TKR0
caffeine,988,cell division cycle 5 like,CDC5L,Q99459,Q99459
caffeine,988,cell division cycle 5 like,CDC5L,Q99459,Q99459
caffeine,989,septin 7,SEPTIN7,Q16181,Q16181;A0A023T695;A0A024RA87;A8K3D0;B4DNE4;G3V1Q4
caffeine,989,septin 7,SEPTIN7,Q16181,Q16181;A0A023T695;A0A024RA87;A8K3D0;B4DNE4;G3V1Q4
caffeine,990,cell division cycle 6,CDC6,Q99741,Q99741
caffeine,990,cell division cycle 6,CDC6,Q99741,Q99741
caffeine,991,cell division cycle 20,CDC20,Q12834,Q12834
caffeine,991,cell division cycle 20,CDC20,Q12834,Q12834
caffeine,994,cell division cycle 25B,CDC25B,P30305,P30305;B3KS38;B4DIG0;B4DQZ3;B4DRC3;E1YMX4;G8JLH2
caffeine,994,cell division cycle 25B,CDC25B,P30305,P30305;B3KS38;B4DIG0;B4DQZ3;B4DRC3;E1YMX4;G8JLH2
caffeine,994,cell division cycle 25B,CDC25B,P30305,P30305;B3KS38;B4DIG0;B4DQZ3;B4DRC3;E1YMX4;G8JLH2
caffeine,994,cell division cycle 25B,CDC25B,P30305,P30305;B3KS38;B4DIG0;B4DQZ3;B4DRC3;E1YMX4;G8JLH2
caffeine,995,cell division cycle 25C,CDC25C,P30307,P30307;B4DX61
caffeine,995,cell division cycle 25C,CDC25C,P30307,P30307;B4DX61
caffeine,995,cell division cycle 25C,CDC25C,P30307,P30307;B4DX61
caffeine,995,cell division cycle 25C,CDC25C,P30307,P30307;B4DX61
caffeine,995,cell division cycle 25C,CDC25C,P30307,P30307;B4DX61
caffeine,995,cell division cycle 25C,CDC25C,P30307,P30307;B4DX61
caffeine,996,cell division cycle 27,CDC27,P30260,P30260;B4DL80;G5EA36
caffeine,996,cell division cycle 27,CDC27,P30260,P30260;B4DL80;G5EA36
caffeine,999,cadherin 1,CDH1,P12830,P12830;A0A0U2ZQU7;B3GN61;Q9UII7
caffeine,999,cadherin 1,CDH1,P12830,P12830;A0A0U2ZQU7;B3GN61;Q9UII7
caffeine,999,cadherin 1,CDH1,P12830,P12830;A0A0U2ZQU7;B3GN61;Q9UII7
caffeine,999,cadherin 1,CDH1,P12830,P12830;A0A0U2ZQU7;B3GN61;Q9UII7
caffeine,1003,cadherin 5,CDH5,P33151,P33151;Q59EA3
caffeine,1003,cadherin 5,CDH5,P33151,P33151;Q59EA3
caffeine,1009,cadherin 11,CDH11,P55287,P55287;H3BUU9
caffeine,1009,cadherin 11,CDH11,P55287,P55287;H3BUU9
caffeine,1017,cyclin dependent kinase 2,CDK2,P24941,P24941;B4DDL9;E7ESI2;G3V5T9
caffeine,1017,cyclin dependent kinase 2,CDK2,P24941,P24941;B4DDL9;E7ESI2;G3V5T9
caffeine,1017,cyclin dependent kinase 2,CDK2,P24941,P24941;B4DDL9;E7ESI2;G3V5T9
caffeine,1017,cyclin dependent kinase 2,CDK2,P24941,P24941;B4DDL9;E7ESI2;G3V5T9
caffeine,1017,cyclin dependent kinase 2,CDK2,P24941,P24941;B4DDL9;E7ESI2;G3V5T9
caffeine,1017,cyclin dependent kinase 2,CDK2,P24941,P24941;B4DDL9;E7ESI2;G3V5T9
caffeine,1019,cyclin dependent kinase 4,CDK4,P11802,P11802
caffeine,1019,cyclin dependent kinase 4,CDK4,P11802,P11802
caffeine,1019,cyclin dependent kinase 4,CDK4,P11802,P11802
caffeine,1019,cyclin dependent kinase 4,CDK4,P11802,P11802
caffeine,1021,cyclin dependent kinase 6,CDK6,Q00534,Q00534
caffeine,1021,cyclin dependent kinase 6,CDK6,Q00534,Q00534
caffeine,1022,cyclin dependent kinase 7,CDK7,P50613,P50613;A0A0S2Z3F9;D6R9G1;D6RFL0
caffeine,1022,cyclin dependent kinase 7,CDK7,P50613,P50613;A0A0S2Z3F9;D6R9G1;D6RFL0
caffeine,1026,cyclin dependent kinase inhibitor 1A,CDKN1A,P38936,P38936
caffeine,1026,cyclin dependent kinase inhibitor 1A,CDKN1A,P38936,P38936
caffeine,1026,cyclin dependent kinase inhibitor 1A,CDKN1A,P38936,P38936
caffeine,1026,cyclin dependent kinase inhibitor 1A,CDKN1A,P38936,P38936
caffeine,1026,cyclin dependent kinase inhibitor 1A,CDKN1A,P38936,P38936
caffeine,1026,cyclin dependent kinase inhibitor 1A,CDKN1A,P38936,P38936
caffeine,1026,cyclin dependent kinase inhibitor 1A,CDKN1A,P38936,P38936
caffeine,1026,cyclin dependent kinase inhibitor 1A,CDKN1A,P38936,P38936
caffeine,1026,cyclin dependent kinase inhibitor 1A,CDKN1A,P38936,P38936
caffeine,1026,cyclin dependent kinase inhibitor 1A,CDKN1A,P38936,P38936
caffeine,1026,cyclin dependent kinase inhibitor 1A,CDKN1A,P38936,P38936
caffeine,1026,cyclin dependent kinase inhibitor 1A,CDKN1A,P38936,P38936
caffeine,1026,cyclin dependent kinase inhibitor 1A,CDKN1A,P38936,P38936
caffeine,1026,cyclin dependent kinase inhibitor 1A,CDKN1A,P38936,P38936
caffeine,1026,cyclin dependent kinase inhibitor 1A,CDKN1A,P38936,P38936
caffeine,1026,cyclin dependent kinase inhibitor 1A,CDKN1A,P38936,P38936
caffeine,1039,cerebellar degeneration related protein 2,CDR2,Q01850,Q01850
caffeine,1039,cerebellar degeneration related protein 2,CDR2,Q01850,Q01850
caffeine,1046,caudal type homeobox 4,CDX4,O14627,O14627
caffeine,1046,caudal type homeobox 4,CDX4,O14627,O14627
caffeine,1050,CCAAT enhancer binding protein alpha,CEBPA,P49715,P49715
caffeine,1050,CCAAT enhancer binding protein alpha,CEBPA,P49715,P49715
caffeine,1050,CCAAT enhancer binding protein alpha,CEBPA,P49715,P49715
caffeine,1050,CCAAT enhancer binding protein alpha,CEBPA,P49715,P49715
caffeine,1050,CCAAT enhancer binding protein alpha,CEBPA,P49715,P49715
caffeine,1050,CCAAT enhancer binding protein alpha,CEBPA,P49715,P49715
caffeine,1051,CCAAT enhancer binding protein beta,CEBPB,P17676,P17676
caffeine,1051,CCAAT enhancer binding protein beta,CEBPB,P17676,P17676
caffeine,1051,CCAAT enhancer binding protein beta,CEBPB,P17676,P17676
caffeine,1051,CCAAT enhancer binding protein beta,CEBPB,P17676,P17676
caffeine,1059,centromere protein B,CENPB,P07199,P07199
caffeine,1059,centromere protein B,CENPB,P07199,P07199
caffeine,1060,centromere protein C,CENPC,Q03188,Q03188
caffeine,1060,centromere protein C,CENPC,Q03188,Q03188
caffeine,1062,centromere protein E,CENPE,Q02224,Q02224
caffeine,1062,centromere protein E,CENPE,Q02224,Q02224
caffeine,1063,centromere protein F,CENPF,P49454,P49454;A0A9L9PXU7
caffeine,1063,centromere protein F,CENPF,P49454,P49454;A0A9L9PXU7
caffeine,1070,centrin 3,CETN3,O15182,O15182;E5RFM2;E5RJF8
caffeine,1070,centrin 3,CETN3,O15182,O15182;E5RFM2;E5RJF8
caffeine,1072,cofilin 1,CFL1,P23528,P23528;V9HWI5
caffeine,1072,cofilin 1,CFL1,P23528,P23528;V9HWI5
caffeine,1073,cofilin 2,CFL2,Q9Y281,Q9Y281;Q549N0
caffeine,1073,cofilin 2,CFL2,Q9Y281,Q9Y281;Q549N0
caffeine,1105,chromodomain helicase DNA binding protein 1,CHD1,O14646,O14646;A0A087WVF4;B3KT33
caffeine,1105,chromodomain helicase DNA binding protein 1,CHD1,O14646,O14646;A0A087WVF4;B3KT33
caffeine,1106,chromodomain helicase DNA binding protein 2,CHD2,O14647,O14647
caffeine,1106,chromodomain helicase DNA binding protein 2,CHD2,O14647,O14647
caffeine,1107,chromodomain helicase DNA binding protein 3,CHD3,Q12873,Q12873;A0A8V8TR54;B3KWV4;Q2TAZ1
caffeine,1107,chromodomain helicase DNA binding protein 3,CHD3,Q12873,Q12873;A0A8V8TR54;B3KWV4;Q2TAZ1
caffeine,1108,chromodomain helicase DNA binding protein 4,CHD4,Q14839,Q14839;A0A2U3TZM0;F5GWX5
caffeine,1108,chromodomain helicase DNA binding protein 4,CHD4,Q14839,Q14839;A0A2U3TZM0;F5GWX5
caffeine,1111,checkpoint kinase 1,CHEK1,O14757,O14757;B4DT73;E7EPP6
caffeine,1111,checkpoint kinase 1,CHEK1,O14757,O14757;B4DT73;E7EPP6
caffeine,1111,checkpoint kinase 1,CHEK1,O14757,O14757;B4DT73;E7EPP6
caffeine,1111,checkpoint kinase 1,CHEK1,O14757,O14757;B4DT73;E7EPP6
caffeine,1111,checkpoint kinase 1,CHEK1,O14757,O14757;B4DT73;E7EPP6
caffeine,1111,checkpoint kinase 1,CHEK1,O14757,O14757;B4DT73;E7EPP6
caffeine,1111,checkpoint kinase 1,CHEK1,O14757,O14757;B4DT73;E7EPP6
caffeine,1111,checkpoint kinase 1,CHEK1,O14757,O14757;B4DT73;E7EPP6
caffeine,1111,checkpoint kinase 1,CHEK1,O14757,O14757;B4DT73;E7EPP6
caffeine,1111,checkpoint kinase 1,CHEK1,O14757,O14757;B4DT73;E7EPP6
caffeine,1111,checkpoint kinase 1,CHEK1,O14757,O14757;B4DT73;E7EPP6
caffeine,1111,checkpoint kinase 1,CHEK1,O14757,O14757;B4DT73;E7EPP6
caffeine,1111,checkpoint kinase 1,CHEK1,O14757,O14757;B4DT73;E7EPP6
caffeine,1111,checkpoint kinase 1,CHEK1,O14757,O14757;B4DT73;E7EPP6
caffeine,1118,chitinase 1,CHIT1,Q13231,Q13231
caffeine,1118,chitinase 1,CHIT1,Q13231,Q13231
caffeine,1118,chitinase 1,CHIT1,Q13231,Q13231
caffeine,1118,chitinase 1,CHIT1,Q13231,Q13231
caffeine,1152,creatine kinase B,CKB,P12277,P12277;A0A0S2Z471;V9HWH2
caffeine,1152,creatine kinase B,CKB,P12277,P12277;A0A0S2Z471;V9HWH2
caffeine,1155,tubulin folding cofactor B,TBCB,Q99426,Q99426
caffeine,1155,tubulin folding cofactor B,TBCB,Q99426,Q99426
caffeine,1173,adaptor related protein complex 2 subunit mu 1,AP2M1,Q96CW1,Q96CW1;B4DNB9;E9PFW3
caffeine,1173,adaptor related protein complex 2 subunit mu 1,AP2M1,Q96CW1,Q96CW1;B4DNB9;E9PFW3
caffeine,1192,chloride intracellular channel 1,CLIC1,O00299,O00299;Q53FB0;Q5SRT3
caffeine,1192,chloride intracellular channel 1,CLIC1,O00299,O00299;Q53FB0;Q5SRT3
caffeine,1196,CDC like kinase 2,CLK2,P49760,P49760;A8K7I0;B1AVT0;B7Z8N6
caffeine,1196,CDC like kinase 2,CLK2,P49760,P49760;A8K7I0;B1AVT0;B7Z8N6
caffeine,1198,CDC like kinase 3,CLK3,P49761,P49761;B3KRI8
caffeine,1198,CDC like kinase 3,CLK3,P49761,P49761;B3KRI8
caffeine,1201,"CLN3 lysosomal/endosomal transmembrane protein, battenin",CLN3,Q13286,Q13286;B4DFF3;B4DMY6;Q2TA70
caffeine,1201,"CLN3 lysosomal/endosomal transmembrane protein, battenin",CLN3,Q13286,Q13286;B4DFF3;B4DMY6;Q2TA70
caffeine,1207,chloride nucleotide-sensitive channel 1A,CLNS1A,P54105,P54105;E9PJF4;E9PMI6;J3KN38
caffeine,1207,chloride nucleotide-sensitive channel 1A,CLNS1A,P54105,P54105;E9PJF4;E9PMI6;J3KN38
caffeine,1213,clathrin heavy chain,CLTC,Q00610,Q00610;A0A087WVQ6
caffeine,1213,clathrin heavy chain,CLTC,Q00610,Q00610;A0A087WVQ6
caffeine,1244,ATP binding cassette subfamily C member 2,ABCC2,Q92887,Q92887
caffeine,1244,ATP binding cassette subfamily C member 2,ABCC2,Q92887,Q92887
caffeine,1244,ATP binding cassette subfamily C member 2,ABCC2,Q92887,Q92887
caffeine,1244,ATP binding cassette subfamily C member 2,ABCC2,Q92887,Q92887
caffeine,1265,calponin 2,CNN2,Q99439,Q99439;B4DDF4;B4DUT8
caffeine,1265,calponin 2,CNN2,Q99439,Q99439;B4DDF4;B4DUT8
caffeine,1266,calponin 3,CNN3,Q15417,Q15417
caffeine,1266,calponin 3,CNN3,Q15417,Q15417
caffeine,1267,"2',3'-cyclic nucleotide 3' phosphodiesterase",CNP,P09543,P09543
caffeine,1267,"2',3'-cyclic nucleotide 3' phosphodiesterase",CNP,P09543,P09543
caffeine,1277,collagen type I alpha 1 chain,COL1A1,P02452,P02452
caffeine,1277,collagen type I alpha 1 chain,COL1A1,P02452,P02452
caffeine,1277,collagen type I alpha 1 chain,COL1A1,P02452,P02452
caffeine,1277,collagen type I alpha 1 chain,COL1A1,P02452,P02452
caffeine,1280,collagen type II alpha 1 chain,COL2A1,P02458,P02458
caffeine,1280,collagen type II alpha 1 chain,COL2A1,P02458,P02458
caffeine,1312,catechol-O-methyltransferase,COMT,P21964,P21964;A0A140VJG8
caffeine,1312,catechol-O-methyltransferase,COMT,P21964,P21964;A0A140VJG8
caffeine,1314,coat protein complex I subunit alpha,COPA,P53621,P53621
caffeine,1314,coat protein complex I subunit alpha,COPA,P53621,P53621
caffeine,1325,cortistatin,CORT,O00230,O00230;Q8IUV6
caffeine,1325,cortistatin,CORT,O00230,O00230;Q8IUV6
caffeine,1350,cytochrome c oxidase subunit 7C,COX7C,P15954,P15954
caffeine,1350,cytochrome c oxidase subunit 7C,COX7C,P15954,P15954
caffeine,1362,carboxypeptidase D,CPD,O75976,O75976
caffeine,1362,carboxypeptidase D,CPD,O75976,O75976
caffeine,1365,claudin 3,CLDN3,O15551,O15551;Q75L79
caffeine,1365,claudin 3,CLDN3,O15551,O15551;Q75L79
caffeine,1374,carnitine palmitoyltransferase 1A,CPT1A,P50416,P50416;B2RAQ8;Q8WZ48
caffeine,1374,carnitine palmitoyltransferase 1A,CPT1A,P50416,P50416;B2RAQ8;Q8WZ48
caffeine,1374,carnitine palmitoyltransferase 1A,CPT1A,P50416,P50416;B2RAQ8;Q8WZ48
caffeine,1374,carnitine palmitoyltransferase 1A,CPT1A,P50416,P50416;B2RAQ8;Q8WZ48
caffeine,1385,cAMP responsive element binding protein 1,CREB1,P16220,P16220;B7Z5C6;Q53X93;Q5U0J5
caffeine,1385,cAMP responsive element binding protein 1,CREB1,P16220,P16220;B7Z5C6;Q53X93;Q5U0J5
caffeine,1385,cAMP responsive element binding protein 1,CREB1,P16220,P16220;B7Z5C6;Q53X93;Q5U0J5
caffeine,1385,cAMP responsive element binding protein 1,CREB1,P16220,P16220;B7Z5C6;Q53X93;Q5U0J5
caffeine,1385,cAMP responsive element binding protein 1,CREB1,P16220,P16220;B7Z5C6;Q53X93;Q5U0J5
caffeine,1385,cAMP responsive element binding protein 1,CREB1,P16220,P16220;B7Z5C6;Q53X93;Q5U0J5
caffeine,1385,cAMP responsive element binding protein 1,CREB1,P16220,P16220;B7Z5C6;Q53X93;Q5U0J5
caffeine,1385,cAMP responsive element binding protein 1,CREB1,P16220,P16220;B7Z5C6;Q53X93;Q5U0J5
caffeine,1387,CREB binding lysine acetyltransferase,CREBBP,Q92793,Q92793
caffeine,1387,CREB binding lysine acetyltransferase,CREBBP,Q92793,Q92793
caffeine,1390,cAMP responsive element modulator,CREM,Q03060,Q03060;E9PAR2;E9PB41;G5E998
caffeine,1390,cAMP responsive element modulator,CREM,Q03060,Q03060;E9PAR2;E9PB41;G5E998
caffeine,1397,cysteine rich protein 2,CRIP2,P52943,P52943
caffeine,1397,cysteine rich protein 2,CRIP2,P52943,P52943
caffeine,1398,"CRK proto-oncogene, adaptor protein",CRK,P46108,P46108;A0A0S2Z3K9;A0A0S2Z3Q4;L7RT18
caffeine,1398,"CRK proto-oncogene, adaptor protein",CRK,P46108,P46108;A0A0S2Z3K9;A0A0S2Z3Q4;L7RT18
caffeine,1413,crystallin beta A4,CRYBA4,P53673,P53673;A0A097PIJ6
caffeine,1413,crystallin beta A4,CRYBA4,P53673,P53673;A0A097PIJ6
caffeine,1414,crystallin beta B1,CRYBB1,P53674,P53674
caffeine,1414,crystallin beta B1,CRYBB1,P53674,P53674
caffeine,1445,C-terminal Src kinase,CSK,P41240,P41240;A8K3B6;B2R6Q4
caffeine,1445,C-terminal Src kinase,CSK,P41240,P41240;A8K3B6;B2R6Q4
caffeine,1453,casein kinase 1 delta,CSNK1D,P48730,P48730;H7BYT1
caffeine,1453,casein kinase 1 delta,CSNK1D,P48730,P48730;H7BYT1
caffeine,1454,casein kinase 1 epsilon,CSNK1E,P49674,P49674;Q5U045
caffeine,1454,casein kinase 1 epsilon,CSNK1E,P49674,P49674;Q5U045
caffeine,1456,casein kinase 1 gamma 3,CSNK1G3,Q9Y6M4,Q9Y6M4;A0A8V8TKT3
caffeine,1456,casein kinase 1 gamma 3,CSNK1G3,Q9Y6M4,Q9Y6M4;A0A8V8TKT3
caffeine,1459,casein kinase 2 alpha 2,CSNK2A2,P19784,P19784
caffeine,1459,casein kinase 2 alpha 2,CSNK2A2,P19784,P19784
caffeine,1462,versican,VCAN,P13611,P13611;Q59FG9;Q86W61
caffeine,1462,versican,VCAN,P13611,P13611;Q59FG9;Q86W61
caffeine,1471,cystatin C,CST3,P01034,P01034;A0A0K0K1J1
caffeine,1471,cystatin C,CST3,P01034,P01034;A0A0K0K1J1
caffeine,1477,cleavage stimulation factor subunit 1,CSTF1,Q05048,Q05048
caffeine,1477,cleavage stimulation factor subunit 1,CSTF1,Q05048,Q05048
caffeine,1478,cleavage stimulation factor subunit 2,CSTF2,P33240,P33240;B3V096;B4DUD5;E7EWR4
caffeine,1478,cleavage stimulation factor subunit 2,CSTF2,P33240,P33240;B3V096;B4DUD5;E7EWR4
caffeine,1479,cleavage stimulation factor subunit 3,CSTF3,Q12996,Q12996
caffeine,1479,cleavage stimulation factor subunit 3,CSTF3,Q12996,Q12996
caffeine,1491,cystathionine gamma-lyase,CTH,P32929,P32929
caffeine,1491,cystathionine gamma-lyase,CTH,P32929,P32929
caffeine,1495,catenin alpha 1,CTNNA1,P35221,P35221;A0A384MDY0;B4DKT9;B4DU00;G3XAM7
caffeine,1495,catenin alpha 1,CTNNA1,P35221,P35221;A0A384MDY0;B4DKT9;B4DU00;G3XAM7
caffeine,1496,catenin alpha 2,CTNNA2,P26232,P26232;F6KRI5;Q49AD3
caffeine,1496,catenin alpha 2,CTNNA2,P26232,P26232;F6KRI5;Q49AD3
caffeine,1499,catenin beta 1,CTNNB1,P35222,P35222;B4DGU4
caffeine,1499,catenin beta 1,CTNNB1,P35222,P35222;B4DGU4
caffeine,1499,catenin beta 1,CTNNB1,P35222,P35222;B4DGU4
caffeine,1499,catenin beta 1,CTNNB1,P35222,P35222;B4DGU4
caffeine,1499,catenin beta 1,CTNNB1,P35222,P35222;B4DGU4
caffeine,1499,catenin beta 1,CTNNB1,P35222,P35222;B4DGU4
caffeine,1500,catenin delta 1,CTNND1,O60716,O60716
caffeine,1500,catenin delta 1,CTNND1,O60716,O60716
caffeine,1503,CTP synthase 1,CTPS1,P17812,P17812;A0A3B3IRQ8;A0A3B3ITB8;B4E1E0
caffeine,1503,CTP synthase 1,CTPS1,P17812,P17812;A0A3B3IRQ8;A0A3B3ITB8;B4E1E0
caffeine,1508,cathepsin B,CTSB,P07858,P07858;A0A024R374
caffeine,1508,cathepsin B,CTSB,P07858,P07858;A0A024R374
caffeine,1508,cathepsin B,CTSB,P07858,P07858;A0A024R374
caffeine,1508,cathepsin B,CTSB,P07858,P07858;A0A024R374
caffeine,1509,cathepsin D,CTSD,P07339,P07339;V9HWI3
caffeine,1509,cathepsin D,CTSD,P07339,P07339;V9HWI3
caffeine,1514,cathepsin L,CTSL,P07711,P07711;Q5T8F0;Q9HBQ7
caffeine,1514,cathepsin L,CTSL,P07711,P07711;Q5T8F0;Q9HBQ7
caffeine,1523,cut like homeobox 1,CUX1,P39880,P39880;Q13948;Q3LIA3
caffeine,1523,cut like homeobox 1,CUX1,P39880,P39880;Q13948;Q3LIA3
caffeine,1525,CXADR cell adhesion molecule,CXADR,P78310,P78310
caffeine,1525,CXADR cell adhesion molecule,CXADR,P78310,P78310
caffeine,1535,cytochrome b-245 alpha chain,CYBA,P13498,P13498;B4DT46;H3BNP7
caffeine,1535,cytochrome b-245 alpha chain,CYBA,P13498,P13498;B4DT46;H3BNP7
caffeine,1537,cytochrome c1,CYC1,P08574,P08574
caffeine,1537,cytochrome c1,CYC1,P08574,P08574
caffeine,1543,cytochrome P450 family 1 subfamily A member 1,CYP1A1,P04798,P04798;A0N0X8;E7EMT5
caffeine,1543,cytochrome P450 family 1 subfamily A member 1,CYP1A1,P04798,P04798;A0N0X8;E7EMT5
caffeine,1543,cytochrome P450 family 1 subfamily A member 1,CYP1A1,P04798,P04798;A0N0X8;E7EMT5
caffeine,1543,cytochrome P450 family 1 subfamily A member 1,CYP1A1,P04798,P04798;A0N0X8;E7EMT5
caffeine,1543,cytochrome P450 family 1 subfamily A member 1,CYP1A1,P04798,P04798;A0N0X8;E7EMT5
caffeine,1544,cytochrome P450 family 1 subfamily A member 2,CYP1A2,P05177,P05177
caffeine,1544,cytochrome P450 family 1 subfamily A member 2,CYP1A2,P05177,P05177
caffeine,1544,cytochrome P450 family 1 subfamily A member 2,CYP1A2,P05177,P05177
caffeine,1544,cytochrome P450 family 1 subfamily A member 2,CYP1A2,P05177,P05177
caffeine,1544,cytochrome P450 family 1 subfamily A member 2,CYP1A2,P05177,P05177
caffeine,1544,cytochrome P450 family 1 subfamily A member 2,CYP1A2,P05177,P05177
caffeine,1544,cytochrome P450 family 1 subfamily A member 2,CYP1A2,P05177,P05177
caffeine,1544,cytochrome P450 family 1 subfamily A member 2,CYP1A2,P05177,P05177
caffeine,1544,cytochrome P450 family 1 subfamily A member 2,CYP1A2,P05177,P05177
caffeine,1544,cytochrome P450 family 1 subfamily A member 2,CYP1A2,P05177,P05177
caffeine,1544,cytochrome P450 family 1 subfamily A member 2,CYP1A2,P05177,P05177
caffeine,1544,cytochrome P450 family 1 subfamily A member 2,CYP1A2,P05177,P05177
caffeine,1544,cytochrome P450 family 1 subfamily A member 2,CYP1A2,P05177,P05177
caffeine,1544,cytochrome P450 family 1 subfamily A member 2,CYP1A2,P05177,P05177
caffeine,1544,cytochrome P450 family 1 subfamily A member 2,CYP1A2,P05177,P05177
caffeine,1544,cytochrome P450 family 1 subfamily A member 2,CYP1A2,P05177,P05177
caffeine,1544,cytochrome P450 family 1 subfamily A member 2,CYP1A2,P05177,P05177
caffeine,1544,cytochrome P450 family 1 subfamily A member 2,CYP1A2,P05177,P05177
caffeine,1544,cytochrome P450 family 1 subfamily A member 2,CYP1A2,P05177,P05177
caffeine,1544,cytochrome P450 family 1 subfamily A member 2,CYP1A2,P05177,P05177
caffeine,1544,cytochrome P450 family 1 subfamily A member 2,CYP1A2,P05177,P05177
caffeine,1544,cytochrome P450 family 1 subfamily A member 2,CYP1A2,P05177,P05177
caffeine,1544,cytochrome P450 family 1 subfamily A member 2,CYP1A2,P05177,P05177
caffeine,1544,cytochrome P450 family 1 subfamily A member 2,CYP1A2,P05177,P05177
caffeine,1544,cytochrome P450 family 1 subfamily A member 2,CYP1A2,P05177,P05177
caffeine,1544,cytochrome P450 family 1 subfamily A member 2,CYP1A2,P05177,P05177
caffeine,1544,cytochrome P450 family 1 subfamily A member 2,CYP1A2,P05177,P05177
caffeine,1544,cytochrome P450 family 1 subfamily A member 2,CYP1A2,P05177,P05177
caffeine,1544,cytochrome P450 family 1 subfamily A member 2,CYP1A2,P05177,P05177
caffeine,1544,cytochrome P450 family 1 subfamily A member 2,CYP1A2,P05177,P05177
caffeine,1544,cytochrome P450 family 1 subfamily A member 2,CYP1A2,P05177,P05177
caffeine,1544,cytochrome P450 family 1 subfamily A member 2,CYP1A2,P05177,P05177
caffeine,1544,cytochrome P450 family 1 subfamily A member 2,CYP1A2,P05177,P05177
caffeine,1544,cytochrome P450 family 1 subfamily A member 2,CYP1A2,P05177,P05177
caffeine,1544,cytochrome P450 family 1 subfamily A member 2,CYP1A2,P05177,P05177
caffeine,1544,cytochrome P450 family 1 subfamily A member 2,CYP1A2,P05177,P05177
caffeine,1544,cytochrome P450 family 1 subfamily A member 2,CYP1A2,P05177,P05177
caffeine,1544,cytochrome P450 family 1 subfamily A member 2,CYP1A2,P05177,P05177
caffeine,1544,cytochrome P450 family 1 subfamily A member 2,CYP1A2,P05177,P05177
caffeine,1544,cytochrome P450 family 1 subfamily A member 2,CYP1A2,P05177,P05177
caffeine,1544,cytochrome P450 family 1 subfamily A member 2,CYP1A2,P05177,P05177
caffeine,1544,cytochrome P450 family 1 subfamily A member 2,CYP1A2,P05177,P05177
caffeine,1544,cytochrome P450 family 1 subfamily A member 2,CYP1A2,P05177,P05177
caffeine,1544,cytochrome P450 family 1 subfamily A member 2,CYP1A2,P05177,P05177
caffeine,1544,cytochrome P450 family 1 subfamily A member 2,CYP1A2,P05177,P05177
caffeine,1544,cytochrome P450 family 1 subfamily A member 2,CYP1A2,P05177,P05177
caffeine,1544,cytochrome P450 family 1 subfamily A member 2,CYP1A2,P05177,P05177
caffeine,1545,cytochrome P450 family 1 subfamily B member 1,CYP1B1,Q16678,Q16678;Q53TK1
caffeine,1545,cytochrome P450 family 1 subfamily B member 1,CYP1B1,Q16678,Q16678;Q53TK1
caffeine,1545,cytochrome P450 family 1 subfamily B member 1,CYP1B1,Q16678,Q16678;Q53TK1
caffeine,1548,cytochrome P450 family 2 subfamily A member 6,CYP2A6,P11509,P11509
caffeine,1548,cytochrome P450 family 2 subfamily A member 6,CYP2A6,P11509,P11509
caffeine,1548,cytochrome P450 family 2 subfamily A member 6,CYP2A6,P11509,P11509
caffeine,1548,cytochrome P450 family 2 subfamily A member 6,CYP2A6,P11509,P11509
caffeine,1548,cytochrome P450 family 2 subfamily A member 6,CYP2A6,P11509,P11509
caffeine,1557,cytochrome P450 family 2 subfamily C member 19,CYP2C19,P33261,P33261
caffeine,1558,cytochrome P450 family 2 subfamily C member 8,CYP2C8,P10632,P10632;B7Z1F5
caffeine,1558,cytochrome P450 family 2 subfamily C member 8,CYP2C8,P10632,P10632;B7Z1F5
caffeine,1559,cytochrome P450 family 2 subfamily C member 9,CYP2C9,P11712,P11712;S5RV20
caffeine,1559,cytochrome P450 family 2 subfamily C member 9,CYP2C9,P11712,P11712;S5RV20
caffeine,1559,cytochrome P450 family 2 subfamily C member 9,CYP2C9,P11712,P11712;S5RV20
caffeine,1559,cytochrome P450 family 2 subfamily C member 9,CYP2C9,P11712,P11712;S5RV20
caffeine,1559,cytochrome P450 family 2 subfamily C member 9,CYP2C9,P11712,P11712;S5RV20
caffeine,1565,cytochrome P450 family 2 subfamily D member 6 (gene/pseudogene),CYP2D6,P10635,P10635;C1ID52;Q5Y7H2
caffeine,1565,cytochrome P450 family 2 subfamily D member 6 (gene/pseudogene),CYP2D6,P10635,P10635;C1ID52;Q5Y7H2
caffeine,1565,cytochrome P450 family 2 subfamily D member 6 (gene/pseudogene),CYP2D6,P10635,P10635;C1ID52;Q5Y7H2
caffeine,1565,cytochrome P450 family 2 subfamily D member 6 (gene/pseudogene),CYP2D6,P10635,P10635;C1ID52;Q5Y7H2
caffeine,1565,cytochrome P450 family 2 subfamily D member 6 (gene/pseudogene),CYP2D6,P10635,P10635;C1ID52;Q5Y7H2
caffeine,1565,cytochrome P450 family 2 subfamily D member 6 (gene/pseudogene),CYP2D6,P10635,P10635;C1ID52;Q5Y7H2
caffeine,1571,cytochrome P450 family 2 subfamily E member 1,CYP2E1,P05181,P05181
caffeine,1571,cytochrome P450 family 2 subfamily E member 1,CYP2E1,P05181,P05181
caffeine,1571,cytochrome P450 family 2 subfamily E member 1,CYP2E1,P05181,P05181
caffeine,1576,cytochrome P450 family 3 subfamily A member 4,CYP3A4,P08684,P08684;Q6GRK0
caffeine,1576,cytochrome P450 family 3 subfamily A member 4,CYP3A4,P08684,P08684;Q6GRK0
caffeine,1576,cytochrome P450 family 3 subfamily A member 4,CYP3A4,P08684,P08684;Q6GRK0
caffeine,1576,cytochrome P450 family 3 subfamily A member 4,CYP3A4,P08684,P08684;Q6GRK0
caffeine,1576,cytochrome P450 family 3 subfamily A member 4,CYP3A4,P08684,P08684;Q6GRK0
caffeine,1576,cytochrome P450 family 3 subfamily A member 4,CYP3A4,P08684,P08684;Q6GRK0
caffeine,1576,cytochrome P450 family 3 subfamily A member 4,CYP3A4,P08684,P08684;Q6GRK0
caffeine,1580,cytochrome P450 family 4 subfamily B member 1,CYP4B1,P13584,P13584;B4DV41;Q8IZB0
caffeine,1580,cytochrome P450 family 4 subfamily B member 1,CYP4B1,P13584,P13584;B4DV41;Q8IZB0
caffeine,1583,cytochrome P450 family 11 subfamily A member 1,CYP11A1,P05108,P05108;A0A0S2Z3R3
caffeine,1583,cytochrome P450 family 11 subfamily A member 1,CYP11A1,P05108,P05108;A0A0S2Z3R3
caffeine,1584,cytochrome P450 family 11 subfamily B member 1,CYP11B1,P15538,P15538;Q8TDD0
caffeine,1584,cytochrome P450 family 11 subfamily B member 1,CYP11B1,P15538,P15538;Q8TDD0
caffeine,1585,cytochrome P450 family 11 subfamily B member 2,CYP11B2,P19099,P19099
caffeine,1585,cytochrome P450 family 11 subfamily B member 2,CYP11B2,P19099,P19099
caffeine,1586,cytochrome P450 family 17 subfamily A member 1,CYP17A1,P05093,P05093;Q1HB44
caffeine,1586,cytochrome P450 family 17 subfamily A member 1,CYP17A1,P05093,P05093;Q1HB44
caffeine,1588,cytochrome P450 family 19 subfamily A member 1,CYP19A1,P11511,P11511;A8K6W3;Q05CU4;Q8IYG4;Q8TCA4
caffeine,1588,cytochrome P450 family 19 subfamily A member 1,CYP19A1,P11511,P11511;A8K6W3;Q05CU4;Q8IYG4;Q8TCA4
caffeine,1589,cytochrome P450 family 21 subfamily A member 2,CYP21A2,P08686,P08686;Q08AG9
caffeine,1589,cytochrome P450 family 21 subfamily A member 2,CYP21A2,P08686,P08686;Q08AG9
caffeine,1601,DAB adaptor protein 2,DAB2,P98082,P98082;B2RAW0
caffeine,1601,DAB adaptor protein 2,DAB2,P98082,P98082;B2RAW0
caffeine,1603,defender against cell death 1,DAD1,P61803,P61803;Q53G02
caffeine,1603,defender against cell death 1,DAD1,P61803,P61803;Q53G02
caffeine,1609,diacylglycerol kinase theta,DGKQ,P52824,P52824;A0A140VKC1;Q59FF7
caffeine,1609,diacylglycerol kinase theta,DGKQ,P52824,P52824;A0A140VKC1;Q59FF7
caffeine,1613,death associated protein kinase 3,DAPK3,O43293,O43293;B3KNJ3
caffeine,1613,death associated protein kinase 3,DAPK3,O43293,O43293;B3KNJ3
caffeine,1616,death domain associated protein,DAXX,Q9UER7,Q9UER7;A0A024RCS3;B4E1C1;Q53F85
caffeine,1616,death domain associated protein,DAXX,Q9UER7,Q9UER7;A0A024RCS3;B4E1C1;Q53F85
caffeine,1627,drebrin 1,DBN1,Q16643,Q16643
caffeine,1627,drebrin 1,DBN1,Q16643,Q16643
caffeine,1632,enoyl-CoA delta isomerase 1,ECI1,P42126,P42126;A0A384NKJ3
caffeine,1632,enoyl-CoA delta isomerase 1,ECI1,P42126,P42126;A0A384NKJ3
caffeine,1633,deoxycytidine kinase,DCK,P27707,P27707;B4E0A5;F5CTF3
caffeine,1633,deoxycytidine kinase,DCK,P27707,P27707;B4E0A5;F5CTF3
caffeine,1636,angiotensin I converting enzyme,ACE,P12821,P12821;B4DKH4
caffeine,1636,angiotensin I converting enzyme,ACE,P12821,P12821;B4DKH4
caffeine,1638,dopachrome tautomerase,DCT,P40126,P40126
caffeine,1638,dopachrome tautomerase,DCT,P40126,P40126
caffeine,1638,dopachrome tautomerase,DCT,P40126,P40126
caffeine,1638,dopachrome tautomerase,DCT,P40126,P40126
caffeine,1654,DEAD-box helicase 3 X-linked,DDX3X,O00571,O00571;A0A2R8YDT5;A0A2R8YFS5
caffeine,1654,DEAD-box helicase 3 X-linked,DDX3X,O00571,O00571;A0A2R8YDT5;A0A2R8YFS5
caffeine,1655,DEAD-box helicase 5,DDX5,P17844,P17844;J3KTA4
caffeine,1655,DEAD-box helicase 5,DDX5,P17844,P17844;J3KTA4
caffeine,1657,Dmx like 1,DMXL1,Q9Y485,Q9Y485;B2RWN7;F1T0K4;F5H269
caffeine,1657,Dmx like 1,DMXL1,Q9Y485,Q9Y485;B2RWN7;F1T0K4;F5H269
caffeine,1659,DEAH-box helicase 8,DHX8,Q14562,Q14562;B7Z8F4;F5H658;K7END7;Q05CV4;Q86YB2
caffeine,1659,DEAH-box helicase 8,DHX8,Q14562,Q14562;B7Z8F4;F5H658;K7END7;Q05CV4;Q86YB2
caffeine,1662,DEAD-box helicase 10,DDX10,Q13206,Q13206
caffeine,1662,DEAD-box helicase 10,DDX10,Q13206,Q13206
caffeine,1675,complement factor D,CFD,P00746,P00746;A6XNE2;K7ERG9
caffeine,1675,complement factor D,CFD,P00746,P00746;A6XNE2;K7ERG9
caffeine,1676,DNA fragmentation factor subunit alpha,DFFA,O00273,O00273
caffeine,1676,DNA fragmentation factor subunit alpha,DFFA,O00273,O00273
caffeine,1678,translocase of inner mitochondrial membrane 8A,TIMM8A,O60220,O60220;A0A2R8YDA8
caffeine,1678,translocase of inner mitochondrial membrane 8A,TIMM8A,O60220,O60220;A0A2R8YDA8
caffeine,1687,gasdermin E,GSDME,O60443,O60443;A4FVA8
caffeine,1687,gasdermin E,GSDME,O60443,O60443;A4FVA8
caffeine,1690,cochlin,COCH,O43405,O43405;A0A2U3TZE7
caffeine,1690,cochlin,COCH,O43405,O43405;A0A2U3TZE7
caffeine,1717,7-dehydrocholesterol reductase,DHCR7,Q9UBM7,Q9UBM7;A0A024R5F7;A0A804HI25;A0A804HJQ7;A0A8I5KRR9;E9PM00
caffeine,1717,7-dehydrocholesterol reductase,DHCR7,Q9UBM7,Q9UBM7;A0A024R5F7;A0A804HI25;A0A804HJQ7;A0A8I5KRR9;E9PM00
caffeine,1718,24-dehydrocholesterol reductase,DHCR24,Q15392,Q15392
caffeine,1718,24-dehydrocholesterol reductase,DHCR24,Q15392,Q15392
caffeine,1723,dihydroorotate dehydrogenase (quinone),DHODH,Q02127,Q02127
caffeine,1723,dihydroorotate dehydrogenase (quinone),DHODH,Q02127,Q02127
caffeine,1728,NAD(P)H quinone dehydrogenase 1,NQO1,P15559,P15559;B4DLR8
caffeine,1728,NAD(P)H quinone dehydrogenase 1,NQO1,P15559,P15559;B4DLR8
caffeine,1728,NAD(P)H quinone dehydrogenase 1,NQO1,P15559,P15559;B4DLR8
caffeine,1728,NAD(P)H quinone dehydrogenase 1,NQO1,P15559,P15559;B4DLR8
caffeine,1728,NAD(P)H quinone dehydrogenase 1,NQO1,P15559,P15559;B4DLR8
caffeine,1728,NAD(P)H quinone dehydrogenase 1,NQO1,P15559,P15559;B4DLR8
caffeine,1729,diaphanous related formin 1,DIAPH1,O60610,O60610;A0A2R8Y5N1;Q6URC4
caffeine,1729,diaphanous related formin 1,DIAPH1,O60610,O60610;A0A2R8Y5N1;Q6URC4
caffeine,1736,dyskerin pseudouridine synthase 1,DKC1,O60832,O60832;A0A8Q3SIY6
caffeine,1736,dyskerin pseudouridine synthase 1,DKC1,O60832,O60832;A0A8Q3SIY6
caffeine,1739,discs large MAGUK scaffold protein 1,DLG1,Q12959,Q12959;A0A0C4DFT3;A0A590UJ08;A0A590UJ68;A0A590UJD9;A0A590UJX2;A0A590UK48;A0A590UKA8;B4DF78
caffeine,1739,discs large MAGUK scaffold protein 1,DLG1,Q12959,Q12959;A0A0C4DFT3;A0A590UJ08;A0A590UJ68;A0A590UJD9;A0A590UJX2;A0A590UK48;A0A590UKA8;B4DF78
caffeine,1746,distal-less homeobox 2,DLX2,Q07687,Q07687;Q53QU7;X5D7D8
caffeine,1746,distal-less homeobox 2,DLX2,Q07687,Q07687;Q53QU7;X5D7D8
caffeine,1756,dystrophin,DMD,P11532,P11532;A0A087WV90;A0A0S2Z3B5;A0A0S2Z3J7;A0A5H1ZRP9;A0A5H1ZRQ1;A0A5H1ZRQ8;A0A5H1ZRR9;A0A804HKY9;A7E212;Q16484;Q4G0X0
caffeine,1756,dystrophin,DMD,P11532,P11532;A0A087WV90;A0A0S2Z3B5;A0A0S2Z3J7;A0A5H1ZRP9;A0A5H1ZRQ1;A0A5H1ZRQ8;A0A5H1ZRR9;A0A804HKY9;A7E212;Q16484;Q4G0X0
caffeine,1762,"DM1 locus, WD repeat containing",DMWD,Q09019,Q09019;Q8WUW6
caffeine,1762,"DM1 locus, WD repeat containing",DMWD,Q09019,Q09019;Q8WUW6
caffeine,1778,dynein cytoplasmic 1 heavy chain 1,DYNC1H1,Q14204,Q14204
caffeine,1778,dynein cytoplasmic 1 heavy chain 1,DYNC1H1,Q14204,Q14204
caffeine,1781,dynein cytoplasmic 1 intermediate chain 2,DYNC1I2,Q13409,Q13409;A0A140VKE9;B4DPZ3
caffeine,1781,dynein cytoplasmic 1 intermediate chain 2,DYNC1I2,Q13409,Q13409;A0A140VKE9;B4DPZ3
caffeine,1783,dynein cytoplasmic 1 light intermediate chain 2,DYNC1LI2,O43237,O43237
caffeine,1783,dynein cytoplasmic 1 light intermediate chain 2,DYNC1LI2,O43237,O43237
caffeine,1785,dynamin 2,DNM2,P50570,P50570;Q8N1K8
caffeine,1785,dynamin 2,DNM2,P50570,P50570;Q8N1K8
caffeine,1786,DNA methyltransferase 1,DNMT1,P26358,P26358;I6L9H2;Q59FP7
caffeine,1786,DNA methyltransferase 1,DNMT1,P26358,P26358;I6L9H2;Q59FP7
caffeine,1786,DNA methyltransferase 1,DNMT1,P26358,P26358;I6L9H2;Q59FP7
caffeine,1786,DNA methyltransferase 1,DNMT1,P26358,P26358;I6L9H2;Q59FP7
caffeine,1788,DNA methyltransferase 3 alpha,DNMT3A,Q9Y6K1,Q9Y6K1;A0A0C4DG02;F8WE91;Q59HC6
caffeine,1788,DNA methyltransferase 3 alpha,DNMT3A,Q9Y6K1,Q9Y6K1;A0A0C4DG02;F8WE91;Q59HC6
caffeine,1788,DNA methyltransferase 3 alpha,DNMT3A,Q9Y6K1,Q9Y6K1;A0A0C4DG02;F8WE91;Q59HC6
caffeine,1788,DNA methyltransferase 3 alpha,DNMT3A,Q9Y6K1,Q9Y6K1;A0A0C4DG02;F8WE91;Q59HC6
caffeine,1789,DNA methyltransferase 3 beta,DNMT3B,Q9UBC3,Q9UBC3;A0A8Q3SIG2
caffeine,1789,DNA methyltransferase 3 beta,DNMT3B,Q9UBC3,Q9UBC3;A0A8Q3SIG2
caffeine,1789,DNA methyltransferase 3 beta,DNMT3B,Q9UBC3,Q9UBC3;A0A8Q3SIG2
caffeine,1789,DNA methyltransferase 3 beta,DNMT3B,Q9UBC3,Q9UBC3;A0A8Q3SIG2
caffeine,1793,dedicator of cytokinesis 1,DOCK1,Q14185,Q14185;A0A096LNH6;A0A2X0U2H5;B2RUU3
caffeine,1793,dedicator of cytokinesis 1,DOCK1,Q14185,Q14185;A0A096LNH6;A0A2X0U2H5;B2RUU3
caffeine,1796,docking protein 1,DOK1,Q99704,Q99704;B3KP83;B4DJN1;Q14CB2;Q2TA81
caffeine,1796,docking protein 1,DOK1,Q99704,Q99704;B3KP83;B4DJN1;Q14CB2;Q2TA81
caffeine,1803,dipeptidyl peptidase 4,DPP4,P27487,P27487;A0A7I2V2X8
caffeine,1803,dipeptidyl peptidase 4,DPP4,P27487,P27487;A0A7I2V2X8
caffeine,1808,dihydropyrimidinase like 2,DPYSL2,Q16555,Q16555;A0A1C7CYX9;Q59GB4
caffeine,1808,dihydropyrimidinase like 2,DPYSL2,Q16555,Q16555;A0A1C7CYX9;Q59GB4
caffeine,1810,down-regulator of transcription 1,DR1,Q01658,Q01658;Q658N3
caffeine,1810,down-regulator of transcription 1,DR1,Q01658,Q01658;Q658N3
caffeine,1813,dopamine receptor D2,DRD2,P14416,P14416;F8VUV1
caffeine,1813,dopamine receptor D2,DRD2,P14416,P14416;F8VUV1
caffeine,1813,dopamine receptor D2,DRD2,P14416,P14416;F8VUV1
caffeine,1813,dopamine receptor D2,DRD2,P14416,P14416;F8VUV1
caffeine,1813,dopamine receptor D2,DRD2,P14416,P14416;F8VUV1
caffeine,1813,dopamine receptor D2,DRD2,P14416,P14416;F8VUV1
caffeine,1813,dopamine receptor D2,DRD2,P14416,P14416;F8VUV1
caffeine,1813,dopamine receptor D2,DRD2,P14416,P14416;F8VUV1
caffeine,1820,AT-rich interaction domain 3A,ARID3A,Q99856,Q99856
caffeine,1820,AT-rich interaction domain 3A,ARID3A,Q99856,Q99856
caffeine,1822,atrophin 1,ATN1,P54259,P54259;Q86V38
caffeine,1822,atrophin 1,ATN1,P54259,P54259;Q86V38
caffeine,1824,desmocollin 2,DSC2,Q02487,Q02487;A0A3B3ISU0;A0AAQ5BGT5
caffeine,1824,desmocollin 2,DSC2,Q02487,Q02487;A0A3B3ISU0;A0AAQ5BGT5
caffeine,1832,desmoplakin,DSP,P15924,P15924;A0AAQ5BH43;B4DKX6
caffeine,1832,desmoplakin,DSP,P15924,P15924;A0AAQ5BH43;B4DKX6
caffeine,1833,epiphycan,EPYC,Q99645,Q99645
caffeine,1833,epiphycan,EPYC,Q99645,Q99645
caffeine,1836,solute carrier family 26 member 2,SLC26A2,P50443,P50443
caffeine,1836,solute carrier family 26 member 2,SLC26A2,P50443,P50443
caffeine,1837,dystrobrevin alpha,DTNA,Q9Y4J8,Q9Y4J8;A0A7P0T9L1;A0A7P0TBH9;A0A7P0Z4D7;B7Z3X3
caffeine,1837,dystrobrevin alpha,DTNA,Q9Y4J8,Q9Y4J8;A0A7P0T9L1;A0A7P0TBH9;A0A7P0Z4D7;B7Z3X3
caffeine,1850,dual specificity phosphatase 8,DUSP8,Q13202,Q13202
caffeine,1850,dual specificity phosphatase 8,DUSP8,Q13202,Q13202
caffeine,1852,dual specificity phosphatase 9,DUSP9,Q99956,Q99956;B2RAL9;Q6P9C2
caffeine,1852,dual specificity phosphatase 9,DUSP9,Q99956,Q99956;B2RAL9;Q6P9C2
caffeine,1856,dishevelled segment polarity protein 2,DVL2,O14641,O14641
caffeine,1856,dishevelled segment polarity protein 2,DVL2,O14641,O14641
caffeine,1857,dishevelled segment polarity protein 3,DVL3,Q92997,Q92997
caffeine,1857,dishevelled segment polarity protein 3,DVL3,Q92997,Q92997
caffeine,1859,dual specificity tyrosine phosphorylation regulated kinase 1A,DYRK1A,Q13627,Q13627;A0A2R8Y6I6
caffeine,1859,dual specificity tyrosine phosphorylation regulated kinase 1A,DYRK1A,Q13627,Q13627;A0A2R8Y6I6
caffeine,1869,E2F transcription factor 1,E2F1,Q01094,Q01094;Q9BSD8
caffeine,1869,E2F transcription factor 1,E2F1,Q01094,Q01094;Q9BSD8
caffeine,1874,E2F transcription factor 4,E2F4,Q16254,Q16254
caffeine,1874,E2F transcription factor 4,E2F4,Q16254,Q16254
caffeine,1893,extracellular matrix protein 1,ECM1,Q16610,Q16610;A0A140VJI7
caffeine,1893,extracellular matrix protein 1,ECM1,Q16610,Q16610;A0A140VJI7
caffeine,1894,epithelial cell transforming 2,ECT2,Q9H8V3,Q9H8V3
caffeine,1894,epithelial cell transforming 2,ECT2,Q9H8V3,Q9H8V3
caffeine,1906,endothelin 1,EDN1,P05305,P05305;Q6FH53
caffeine,1906,endothelin 1,EDN1,P05305,P05305;Q6FH53
caffeine,1915,eukaryotic translation elongation factor 1 alpha 1,EEF1A1,P68104,P68104;Q6IPS9
caffeine,1915,eukaryotic translation elongation factor 1 alpha 1,EEF1A1,P68104,P68104;Q6IPS9
caffeine,1915,eukaryotic translation elongation factor 1 alpha 1,EEF1A1,P68104,P68104;Q6IPS9
caffeine,1915,eukaryotic translation elongation factor 1 alpha 1,EEF1A1,P68104,P68104;Q6IPS9
caffeine,1933,eukaryotic translation elongation factor 1 beta 2,EEF1B2,P24534,P24534
caffeine,1933,eukaryotic translation elongation factor 1 beta 2,EEF1B2,P24534,P24534
caffeine,1936,eukaryotic translation elongation factor 1 delta,EEF1D,P29692,P29692;B2RAR6
caffeine,1936,eukaryotic translation elongation factor 1 delta,EEF1D,P29692,P29692;B2RAR6
caffeine,1936,eukaryotic translation elongation factor 1 delta,EEF1D,P29692,P29692;B2RAR6
caffeine,1936,eukaryotic translation elongation factor 1 delta,EEF1D,P29692,P29692;B2RAR6
caffeine,1937,eukaryotic translation elongation factor 1 gamma,EEF1G,P26641,P26641;Q53YD7
caffeine,1937,eukaryotic translation elongation factor 1 gamma,EEF1G,P26641,P26641;Q53YD7
caffeine,1938,eukaryotic translation elongation factor 2,EEF2,P13639,P13639
caffeine,1938,eukaryotic translation elongation factor 2,EEF2,P13639,P13639
caffeine,1938,eukaryotic translation elongation factor 2,EEF2,P13639,P13639
caffeine,1938,eukaryotic translation elongation factor 2,EEF2,P13639,P13639
caffeine,1942,ephrin A1,EFNA1,P20827,P20827
caffeine,1942,ephrin A1,EFNA1,P20827,P20827
caffeine,1949,ephrin B3,EFNB3,Q15768,Q15768
caffeine,1949,ephrin B3,EFNB3,Q15768,Q15768
caffeine,1958,early growth response 1,EGR1,P18146,P18146;Q546S1
caffeine,1958,early growth response 1,EGR1,P18146,P18146;Q546S1
caffeine,1958,early growth response 1,EGR1,P18146,P18146;Q546S1
caffeine,1958,early growth response 1,EGR1,P18146,P18146;Q546S1
caffeine,1962,enoyl-CoA hydratase and 3-hydroxyacyl CoA dehydrogenase,EHHADH,Q08426,Q08426
caffeine,1962,enoyl-CoA hydratase and 3-hydroxyacyl CoA dehydrogenase,EHHADH,Q08426,Q08426
caffeine,1969,EPH receptor A2,EPHA2,P29317,P29317
caffeine,1969,EPH receptor A2,EPHA2,P29317,P29317
caffeine,1975,eukaryotic translation initiation factor 4B,EIF4B,P23588,P23588;B4DRM3;E7EX17;Q7Z5Y0
caffeine,1975,eukaryotic translation initiation factor 4B,EIF4B,P23588,P23588;B4DRM3;E7EX17;Q7Z5Y0
caffeine,1977,eukaryotic translation initiation factor 4E,EIF4E,P06730,P06730;D6RBW1;Q32Q75;X5D7E3
caffeine,1977,eukaryotic translation initiation factor 4E,EIF4E,P06730,P06730;D6RBW1;Q32Q75;X5D7E3
caffeine,1977,eukaryotic translation initiation factor 4E,EIF4E,P06730,P06730;D6RBW1;Q32Q75;X5D7E3
caffeine,1977,eukaryotic translation initiation factor 4E,EIF4E,P06730,P06730;D6RBW1;Q32Q75;X5D7E3
caffeine,1978,eukaryotic translation initiation factor 4E binding protein 1,EIF4EBP1,Q13541,Q13541
caffeine,1978,eukaryotic translation initiation factor 4E binding protein 1,EIF4EBP1,Q13541,Q13541
caffeine,1978,eukaryotic translation initiation factor 4E binding protein 1,EIF4EBP1,Q13541,Q13541
caffeine,1978,eukaryotic translation initiation factor 4E binding protein 1,EIF4EBP1,Q13541,Q13541
caffeine,1979,eukaryotic translation initiation factor 4E binding protein 2,EIF4EBP2,Q13542,Q13542
caffeine,1979,eukaryotic translation initiation factor 4E binding protein 2,EIF4EBP2,Q13542,Q13542
caffeine,1981,eukaryotic translation initiation factor 4 gamma 1,EIF4G1,Q04637,Q04637;B2RU06;B2RU10;B4DSI9;O95065;Q96I65
caffeine,1981,eukaryotic translation initiation factor 4 gamma 1,EIF4G1,Q04637,Q04637;B2RU06;B2RU10;B4DSI9;O95065;Q96I65
caffeine,1983,eukaryotic translation initiation factor 5,EIF5,P55010,P55010
caffeine,1983,eukaryotic translation initiation factor 5,EIF5,P55010,P55010
caffeine,1983,eukaryotic translation initiation factor 5,EIF5,P55010,P55010
caffeine,1983,eukaryotic translation initiation factor 5,EIF5,P55010,P55010
caffeine,1984,eukaryotic translation initiation factor 5A,EIF5A,P63241,P63241
caffeine,1984,eukaryotic translation initiation factor 5A,EIF5A,P63241,P63241
caffeine,1992,serpin family B member 1,SERPINB1,P30740,P30740;V9HWH1
caffeine,1992,serpin family B member 1,SERPINB1,P30740,P30740;V9HWH1
caffeine,1994,ELAV like RNA binding protein 1,ELAVL1,Q15717,Q15717
caffeine,1994,ELAV like RNA binding protein 1,ELAVL1,Q15717,Q15717
caffeine,1997,E74 like ETS transcription factor 1,ELF1,P32519,P32519
caffeine,1997,E74 like ETS transcription factor 1,ELF1,P32519,P32519
caffeine,1998,E74 like ETS transcription factor 2,ELF2,Q15723,Q15723;B7Z720
caffeine,1998,E74 like ETS transcription factor 2,ELF2,Q15723,Q15723;B7Z720
caffeine,2000,E74 like ETS transcription factor 4,ELF4,Q99607,Q99607
caffeine,2000,E74 like ETS transcription factor 4,ELF4,Q99607,Q99607
caffeine,2010,emerin,EMD,P50402,P50402
caffeine,2010,emerin,EMD,P50402,P50402
caffeine,2011,microtubule affinity regulating kinase 2,MARK2,Q7KZI7,Q7KZI7;A0A140VJP1;A8K2S4
caffeine,2017,cortactin,CTTN,Q14247,Q14247;Q53HG7
caffeine,2017,cortactin,CTTN,Q14247,Q14247;Q53HG7
caffeine,2023,enolase 1,ENO1,P06733,P06733;A0A024R4F1;A0A2R8Y6G6
caffeine,2023,enolase 1,ENO1,P06733,P06733;A0A024R4F1;A0A2R8Y6G6
caffeine,2023,enolase 1,ENO1,P06733,P06733;A0A024R4F1;A0A2R8Y6G6
caffeine,2023,enolase 1,ENO1,P06733,P06733;A0A024R4F1;A0A2R8Y6G6
caffeine,2026,enolase 2,ENO2,P09104,P09104;Q6FHV6
caffeine,2026,enolase 2,ENO2,P09104,P09104;Q6FHV6
caffeine,2030,solute carrier family 29 member 1 (Augustine blood group),SLC29A1,Q99808,Q99808
caffeine,2030,solute carrier family 29 member 1 (Augustine blood group),SLC29A1,Q99808,Q99808
caffeine,2033,EP300 lysine acetyltransferase,EP300,Q09472,Q09472;A0A669KB12;Q7Z6C1
caffeine,2033,EP300 lysine acetyltransferase,EP300,Q09472,Q09472;A0A669KB12;Q7Z6C1
caffeine,2035,erythrocyte membrane protein band 4.1,EPB41,P11171,P11171;A0A2R8Y5G2;A0A2R8Y5Z6;A0A2R8Y6D0;A0A2R8Y7Y3;A0A2R8YD30;A0A2U3TZH6;A0A994J847;Q1WWM3;Q29RX4;Q59F12
caffeine,2035,erythrocyte membrane protein band 4.1,EPB41,P11171,P11171;A0A2R8Y5G2;A0A2R8Y5Z6;A0A2R8Y6D0;A0A2R8Y7Y3;A0A2R8YD30;A0A2U3TZH6;A0A994J847;Q1WWM3;Q29RX4;Q59F12
caffeine,2036,erythrocyte membrane protein band 4.1 like 1,EPB41L1,Q9H4G0,Q9H4G0;A0A0C4DH22;B7Z653
caffeine,2036,erythrocyte membrane protein band 4.1 like 1,EPB41L1,Q9H4G0,Q9H4G0;A0A0C4DH22;B7Z653
caffeine,2037,erythrocyte membrane protein band 4.1 like 2,EPB41L2,O43491,O43491;A0A994J5B1;B4DJ76;E9PHY5;E9PII3;I6L9B1;Q59FD8
caffeine,2037,erythrocyte membrane protein band 4.1 like 2,EPB41L2,O43491,O43491;A0A994J5B1;B4DJ76;E9PHY5;E9PII3;I6L9B1;Q59FD8
caffeine,2039,dematin actin binding protein,DMTN,Q08495,Q08495
caffeine,2039,dematin actin binding protein,DMTN,Q08495,Q08495
caffeine,2041,EPH receptor A1,EPHA1,P21709,P21709
caffeine,2041,EPH receptor A1,EPHA1,P21709,P21709
caffeine,2050,EPH receptor B4,EPHB4,P54760,P54760;Q541P7;Q96L35
caffeine,2050,EPH receptor B4,EPHB4,P54760,P54760;Q541P7;Q96L35
caffeine,2058,glutamyl-prolyl-tRNA synthetase 1,EPRS1,P07814,P07814
caffeine,2058,glutamyl-prolyl-tRNA synthetase 1,EPRS1,P07814,P07814
caffeine,2059,"EGFR pathway substrate 8, signaling adaptor",EPS8,Q12929,Q12929;B4E3T6
caffeine,2059,"EGFR pathway substrate 8, signaling adaptor",EPS8,Q12929,Q12929;B4E3T6
caffeine,2060,epidermal growth factor receptor pathway substrate 15,EPS15,P42566,P42566;A0A994J5A3;A0A994J5J3;B7Z240
caffeine,2060,epidermal growth factor receptor pathway substrate 15,EPS15,P42566,P42566;A0A994J5A3;A0A994J5J3;B7Z240
caffeine,2063,nuclear receptor subfamily 2 group F member 6,NR2F6,P10588,P10588;F1D8R3
caffeine,2063,nuclear receptor subfamily 2 group F member 6,NR2F6,P10588,P10588;F1D8R3
caffeine,2064,erb-b2 receptor tyrosine kinase 2,ERBB2,P04626,P04626;B4DTR1;F5H1T4;J3QLU9;X5DNK3
caffeine,2064,erb-b2 receptor tyrosine kinase 2,ERBB2,P04626,P04626;B4DTR1;F5H1T4;J3QLU9;X5DNK3
caffeine,2065,erb-b2 receptor tyrosine kinase 3,ERBB3,P21860,P21860
caffeine,2065,erb-b2 receptor tyrosine kinase 3,ERBB3,P21860,P21860
caffeine,2072,"ERCC excision repair 4, endonuclease catalytic subunit",ERCC4,Q92889,Q92889;A0A1W1GSK9;A0A804HKF9;B4DXD8
caffeine,2072,"ERCC excision repair 4, endonuclease catalytic subunit",ERCC4,Q92889,Q92889;A0A1W1GSK9;A0A804HKF9;B4DXD8
caffeine,2073,"ERCC excision repair 5, endonuclease",ERCC5,P28715,P28715
caffeine,2073,"ERCC excision repair 5, endonuclease",ERCC5,P28715,P28715
caffeine,2074,"ERCC excision repair 6, chromatin remodeling factor",ERCC6,P0DP91,P0DP91;Q03468;Q59FF6
caffeine,2074,"ERCC excision repair 6, chromatin remodeling factor",ERCC6,P0DP91,P0DP91;Q03468;Q59FF6
caffeine,2077,ETS2 repressor factor,ERF,P50548,P50548
caffeine,2077,ETS2 repressor factor,ERF,P50548,P50548
caffeine,2081,endoplasmic reticulum to nucleus signaling 1,ERN1,O75460,O75460
caffeine,2081,endoplasmic reticulum to nucleus signaling 1,ERN1,O75460,O75460
caffeine,2098,esterase D,ESD,P10768,P10768;A0A140VJJ2
caffeine,2098,esterase D,ESD,P10768,P10768;A0A140VJJ2
caffeine,2101,estrogen related receptor alpha,ESRRA,P11474,P11474;Q569H8
caffeine,2101,estrogen related receptor alpha,ESRRA,P11474,P11474;Q569H8
caffeine,2108,electron transfer flavoprotein subunit alpha,ETFA,P13804,P13804;A0A0S2Z3L0
caffeine,2108,electron transfer flavoprotein subunit alpha,ETFA,P13804,P13804;A0A0S2Z3L0
caffeine,2117,ETS variant transcription factor 3,ETV3,P41162,P41162
caffeine,2117,ETS variant transcription factor 3,ETV3,P41162,P41162
caffeine,2118,ETS variant transcription factor 4,ETV4,P43268,P43268
caffeine,2118,ETS variant transcription factor 4,ETV4,P43268,P43268
caffeine,2119,ETS variant transcription factor 5,ETV5,P41161,P41161
caffeine,2119,ETS variant transcription factor 5,ETV5,P41161,P41161
caffeine,2120,ETS variant transcription factor 6,ETV6,P41212,P41212;A0A0S2Z3C9;A0A0S2Z3N6
caffeine,2120,ETS variant transcription factor 6,ETV6,P41212,P41212;A0A0S2Z3C9;A0A0S2Z3N6
caffeine,2138,EYA transcriptional coactivator and phosphatase 1,EYA1,Q99502,Q99502;A0A2R8Y6K4;A0A2R8YET7;A0A2R8YGM9;A6NCB9;B3KXR1;F8WB53;Q0P517
caffeine,2138,EYA transcriptional coactivator and phosphatase 1,EYA1,Q99502,Q99502;A0A2R8Y6K4;A0A2R8YET7;A0A2R8YGM9;A6NCB9;B3KXR1;F8WB53;Q0P517
caffeine,2139,EYA transcriptional coactivator and phosphatase 2,EYA2,O00167,O00167;E7ETN2
caffeine,2139,EYA transcriptional coactivator and phosphatase 2,EYA2,O00167,O00167;E7ETN2
caffeine,2167,fatty acid binding protein 4,FABP4,P15090,P15090;E7DVW4
caffeine,2167,fatty acid binding protein 4,FABP4,P15090,P15090;E7DVW4
caffeine,2178,FA complementation group E,FANCE,Q9HB96,Q9HB96;A0A8Q3WL50;A0A8Q3WMB8
caffeine,2178,FA complementation group E,FANCE,Q9HB96,Q9HB96;A0A8Q3WL50;A0A8Q3WMB8
caffeine,2181,acyl-CoA synthetase long chain family member 3,ACSL3,O95573,O95573
caffeine,2181,acyl-CoA synthetase long chain family member 3,ACSL3,O95573,O95573
caffeine,2182,acyl-CoA synthetase long chain family member 4,ACSL4,O60488,O60488;Q8TAF6
caffeine,2182,acyl-CoA synthetase long chain family member 4,ACSL4,O60488,O60488;Q8TAF6
caffeine,2182,acyl-CoA synthetase long chain family member 4,ACSL4,O60488,O60488;Q8TAF6
caffeine,2182,acyl-CoA synthetase long chain family member 4,ACSL4,O60488,O60488;Q8TAF6
caffeine,2186,bromodomain PHD finger transcription factor,BPTF,Q12830,Q12830;J3QQK4
caffeine,2186,bromodomain PHD finger transcription factor,BPTF,Q12830,Q12830;J3QQK4
caffeine,2193,phenylalanyl-tRNA synthetase subunit alpha,FARSA,Q9Y285,Q9Y285;Q6IBR2
caffeine,2193,phenylalanyl-tRNA synthetase subunit alpha,FARSA,Q9Y285,Q9Y285;Q6IBR2
caffeine,2194,fatty acid synthase,FASN,P49327,P49327
caffeine,2194,fatty acid synthase,FASN,P49327,P49327
caffeine,2194,fatty acid synthase,FASN,P49327,P49327
caffeine,2194,fatty acid synthase,FASN,P49327,P49327
caffeine,2194,fatty acid synthase,FASN,P49327,P49327
caffeine,2194,fatty acid synthase,FASN,P49327,P49327
caffeine,2195,FAT atypical cadherin 1,FAT1,Q14517,Q14517
caffeine,2195,FAT atypical cadherin 1,FAT1,Q14517,Q14517
caffeine,2197,FAU ubiquitin like and ribosomal protein S30 fusion,FAU,P62861,P62861
caffeine,2197,FAU ubiquitin like and ribosomal protein S30 fusion,FAU,P62861,P62861
caffeine,2199,fibulin 2,FBLN2,P98095,P98095;Q86V58
caffeine,2199,fibulin 2,FBLN2,P98095,P98095;Q86V58
caffeine,2222,farnesyl-diphosphate farnesyltransferase 1,FDFT1,P37268,P37268;A0A1W2PQ47;B4DND3;B4DWP0;B7Z9R8;Q6IAX1
caffeine,2222,farnesyl-diphosphate farnesyltransferase 1,FDFT1,P37268,P37268;A0A1W2PQ47;B4DND3;B4DWP0;B7Z9R8;Q6IAX1
caffeine,2222,farnesyl-diphosphate farnesyltransferase 1,FDFT1,P37268,P37268;A0A1W2PQ47;B4DND3;B4DWP0;B7Z9R8;Q6IAX1
caffeine,2222,farnesyl-diphosphate farnesyltransferase 1,FDFT1,P37268,P37268;A0A1W2PQ47;B4DND3;B4DWP0;B7Z9R8;Q6IAX1
caffeine,2222,farnesyl-diphosphate farnesyltransferase 1,FDFT1,P37268,P37268;A0A1W2PQ47;B4DND3;B4DWP0;B7Z9R8;Q6IAX1
caffeine,2222,farnesyl-diphosphate farnesyltransferase 1,FDFT1,P37268,P37268;A0A1W2PQ47;B4DND3;B4DWP0;B7Z9R8;Q6IAX1
caffeine,2230,ferredoxin 1,FDX1,P10109,P10109
caffeine,2230,ferredoxin 1,FDX1,P10109,P10109
caffeine,2241,FER tyrosine kinase,FER,P16591,P16591;Q6PEJ9
caffeine,2241,FER tyrosine kinase,FER,P16591,P16591;Q6PEJ9
caffeine,2242,"FES proto-oncogene, tyrosine kinase",FES,P07332,P07332
caffeine,2242,"FES proto-oncogene, tyrosine kinase",FES,P07332,P07332
caffeine,2245,"FYVE, RhoGEF and PH domain containing 1",FGD1,P98174,P98174
caffeine,2245,"FYVE, RhoGEF and PH domain containing 1",FGD1,P98174,P98174
caffeine,2247,fibroblast growth factor 2,FGF2,P09038,P09038;D9ZGF5
caffeine,2247,fibroblast growth factor 2,FGF2,P09038,P09038;D9ZGF5
caffeine,2261,fibroblast growth factor receptor 3,FGFR3,P22607,P22607;F8W9L4;Q0IJ44;X5D2G8
caffeine,2261,fibroblast growth factor receptor 3,FGFR3,P22607,P22607;F8W9L4;Q0IJ44;X5D2G8
caffeine,2264,fibroblast growth factor receptor 4,FGFR4,P22455,P22455;B4DVP5;J3KPQ0
caffeine,2264,fibroblast growth factor receptor 4,FGFR4,P22455,P22455;B4DVP5;J3KPQ0
caffeine,2273,four and a half LIM domains 1,FHL1,Q13642,Q13642;B7Z9A1;Q5JXI2
caffeine,2273,four and a half LIM domains 1,FHL1,Q13642,Q13642;B7Z9A1;Q5JXI2
caffeine,2287,FKBP prolyl isomerase 3,FKBP3,Q00688,Q00688
caffeine,2287,FKBP prolyl isomerase 3,FKBP3,Q00688,Q00688
caffeine,2289,FKBP prolyl isomerase 5,FKBP5,Q13451,Q13451;Q2TA84
caffeine,2289,FKBP prolyl isomerase 5,FKBP5,Q13451,Q13451;Q2TA84
caffeine,2305,forkhead box M1,FOXM1,Q08050,Q08050;A0A0D9SFF0;A0A2P9DTZ0;A0A2P9DTZ1;A0A2P9DTZ8;A8K591;Q53Y49
caffeine,2305,forkhead box M1,FOXM1,Q08050,Q08050;A0A0D9SFF0;A0A2P9DTZ0;A0A2P9DTZ1;A0A2P9DTZ8;A8K591;Q53Y49
caffeine,2309,forkhead box O3,FOXO3,O43524,O43524;A0A856PRE8
caffeine,2309,forkhead box O3,FOXO3,O43524,O43524;A0A856PRE8
caffeine,2316,filamin A,FLNA,P21333,P21333;Q60FE5;Q6NXF2
caffeine,2316,filamin A,FLNA,P21333,P21333;Q60FE5;Q6NXF2
caffeine,2317,filamin B,FLNB,O75369,O75369
caffeine,2317,filamin B,FLNB,O75369,O75369
caffeine,2319,flotillin 2,FLOT2,Q14254,Q14254;J3QLD9;Q6FG43;Q9BTI6
caffeine,2319,flotillin 2,FLOT2,Q14254,Q14254;J3QLD9;Q6FG43;Q9BTI6
caffeine,2353,"Fos proto-oncogene, AP-1 transcription factor subunit",FOS,P01100,P01100;Q6FG41
caffeine,2353,"Fos proto-oncogene, AP-1 transcription factor subunit",FOS,P01100,P01100;Q6FG41
caffeine,2444,fyn related Src family tyrosine kinase,FRK,P42685,P42685
caffeine,2444,fyn related Src family tyrosine kinase,FRK,P42685,P42685
caffeine,2475,mechanistic target of rapamycin kinase,MTOR,P42345,P42345;A0A8V8TQ52
caffeine,2475,mechanistic target of rapamycin kinase,MTOR,P42345,P42345;A0A8V8TQ52
caffeine,2475,mechanistic target of rapamycin kinase,MTOR,P42345,P42345;A0A8V8TQ52
caffeine,2475,mechanistic target of rapamycin kinase,MTOR,P42345,P42345;A0A8V8TQ52
caffeine,2475,mechanistic target of rapamycin kinase,MTOR,P42345,P42345;A0A8V8TQ52
caffeine,2475,mechanistic target of rapamycin kinase,MTOR,P42345,P42345;A0A8V8TQ52
caffeine,2475,mechanistic target of rapamycin kinase,MTOR,P42345,P42345;A0A8V8TQ52
caffeine,2516,nuclear receptor subfamily 5 group A member 1,NR5A1,Q13285,Q13285;F1D8R8
caffeine,2516,nuclear receptor subfamily 5 group A member 1,NR5A1,Q13285,Q13285;F1D8R8
caffeine,2520,gastrin,GAST,P01350,P01350;A0A0E3VY36
caffeine,2520,gastrin,GAST,P01350,P01350;A0A0E3VY36
caffeine,2521,FUS RNA binding protein,FUS,P35637,P35637;A0AAQ5BIG2;Q13344;Q6IBQ5
caffeine,2521,FUS RNA binding protein,FUS,P35637,P35637;A0AAQ5BIG2;Q13344;Q6IBQ5
caffeine,2530,fucosyltransferase 8,FUT8,Q9BYC5,Q9BYC5;A8K8P8;Q546E0
caffeine,2530,fucosyltransferase 8,FUT8,Q9BYC5,Q9BYC5;A8K8P8;Q546E0
caffeine,2534,"FYN proto-oncogene, Src family tyrosine kinase",FYN,P06241,P06241
caffeine,2534,"FYN proto-oncogene, Src family tyrosine kinase",FYN,P06241,P06241
caffeine,2539,glucose-6-phosphate dehydrogenase,G6PD,P11413,P11413;A0A384NL00
caffeine,2539,glucose-6-phosphate dehydrogenase,G6PD,P11413,P11413;A0A384NL00
caffeine,2547,X-ray repair cross complementing 6,XRCC6,P12956,P12956;B1AHC9;B4DE32;B4E356
caffeine,2547,X-ray repair cross complementing 6,XRCC6,P12956,P12956;B1AHC9;B4DE32;B4E356
caffeine,2549,GRB2 associated binding protein 1,GAB1,Q13480,Q13480;B7Z3B9;Q9HA84
caffeine,2549,GRB2 associated binding protein 1,GAB1,Q13480,Q13480;B7Z3B9;Q9HA84
caffeine,2551,GA binding protein transcription factor subunit alpha,GABPA,Q06546,Q06546;A8IE48;Q8IYS3
caffeine,2551,GA binding protein transcription factor subunit alpha,GABPA,Q06546,Q06546;A8IE48;Q8IYS3
caffeine,2571,glutamate decarboxylase 1,GAD1,Q99259,Q99259;A0A0S2Z3V5;Q8IVA8
caffeine,2571,glutamate decarboxylase 1,GAD1,Q99259,Q99259;A0A0S2Z3V5;Q8IVA8
caffeine,2582,UDP-galactose-4-epimerase,GALE,Q14376,Q14376;A0A384NL38
caffeine,2582,UDP-galactose-4-epimerase,GALE,Q14376,Q14376;A0A384NL38
caffeine,2597,glyceraldehyde-3-phosphate dehydrogenase,GAPDH,P04406,P04406;V9HVZ4
caffeine,2597,glyceraldehyde-3-phosphate dehydrogenase,GAPDH,P04406,P04406;V9HVZ4
caffeine,2597,glyceraldehyde-3-phosphate dehydrogenase,GAPDH,P04406,P04406;V9HVZ4
caffeine,2597,glyceraldehyde-3-phosphate dehydrogenase,GAPDH,P04406,P04406;V9HVZ4
caffeine,2620,growth arrest specific 2,GAS2,O43903,O43903
caffeine,2620,growth arrest specific 2,GAS2,O43903,O43903
caffeine,2624,GATA binding protein 2,GATA2,P23769,P23769
caffeine,2624,GATA binding protein 2,GATA2,P23769,P23769
caffeine,2662,growth differentiation factor 10,GDF10,P55107,P55107
caffeine,2662,growth differentiation factor 10,GDF10,P55107,P55107
caffeine,2665,GDP dissociation inhibitor 2,GDI2,P50395,P50395;Q6IAT1
caffeine,2665,GDP dissociation inhibitor 2,GDI2,P50395,P50395;Q6IAT1
caffeine,2670,glial fibrillary acidic protein,GFAP,P14136,P14136;A0A1X7SBR3
caffeine,2670,glial fibrillary acidic protein,GFAP,P14136,P14136;A0A1X7SBR3
caffeine,2670,glial fibrillary acidic protein,GFAP,P14136,P14136;A0A1X7SBR3
caffeine,2670,glial fibrillary acidic protein,GFAP,P14136,P14136;A0A1X7SBR3
caffeine,2670,glial fibrillary acidic protein,GFAP,P14136,P14136;A0A1X7SBR3
caffeine,2670,glial fibrillary acidic protein,GFAP,P14136,P14136;A0A1X7SBR3
caffeine,2671,"growth factor, augmenter of liver regeneration",GFER,P55789,P55789
caffeine,2671,"growth factor, augmenter of liver regeneration",GFER,P55789,P55789
caffeine,2686,gamma-glutamyltransferase 7,GGT7,Q9UJ14,Q9UJ14;A0PJJ9
caffeine,2686,gamma-glutamyltransferase 7,GGT7,Q9UJ14,Q9UJ14;A0PJJ9
caffeine,2688,growth hormone 1,GH1,P01241,P01241;B1A4G6;B1A4G7
caffeine,2688,growth hormone 1,GH1,P01241,P01241;B1A4G6;B1A4G7
caffeine,2697,gap junction protein alpha 1,GJA1,P17302,P17302
caffeine,2697,gap junction protein alpha 1,GJA1,P17302,P17302
caffeine,2697,gap junction protein alpha 1,GJA1,P17302,P17302
caffeine,2697,gap junction protein alpha 1,GJA1,P17302,P17302
caffeine,2702,gap junction protein alpha 5,GJA5,P36382,P36382;X5D2H9
caffeine,2702,gap junction protein alpha 5,GJA5,P36382,P36382;X5D2H9
caffeine,2719,glypican 3,GPC3,P51654,P51654;B4DTD8;I6QTG3;Q53H15
caffeine,2719,glypican 3,GPC3,P51654,P51654;B4DTD8;I6QTG3;Q53H15
caffeine,2729,glutamate-cysteine ligase catalytic subunit,GCLC,P48506,P48506;E1CEI4;Q14TF0
caffeine,2729,glutamate-cysteine ligase catalytic subunit,GCLC,P48506,P48506;E1CEI4;Q14TF0
caffeine,2729,glutamate-cysteine ligase catalytic subunit,GCLC,P48506,P48506;E1CEI4;Q14TF0
caffeine,2729,glutamate-cysteine ligase catalytic subunit,GCLC,P48506,P48506;E1CEI4;Q14TF0
caffeine,2737,GLI family zinc finger 3,GLI3,P10071,P10071;A0A2R8YGX0
caffeine,2737,GLI family zinc finger 3,GLI3,P10071,P10071;A0A2R8YGX0
caffeine,2745,glutaredoxin,GLRX,P35754,P35754
caffeine,2745,glutaredoxin,GLRX,P35754,P35754
caffeine,2746,glutamate dehydrogenase 1,GLUD1,P00367,P00367;E9KL48
caffeine,2746,glutamate dehydrogenase 1,GLUD1,P00367,P00367;E9KL48
caffeine,2764,glia maturation factor beta,GMFB,P60983,P60983
caffeine,2764,glia maturation factor beta,GMFB,P60983,P60983
caffeine,2770,G protein subunit alpha i1,GNAI1,P63096,P63096
caffeine,2770,G protein subunit alpha i1,GNAI1,P63096,P63096
caffeine,2771,G protein subunit alpha i2,GNAI2,P04899,P04899;B3KP24;B3KX51
caffeine,2771,G protein subunit alpha i2,GNAI2,P04899,P04899;B3KP24;B3KX51
caffeine,2774,G protein subunit alpha L,GNAL,P38405,P38405;A8K1Y9
caffeine,2774,G protein subunit alpha L,GNAL,P38405,P38405;A8K1Y9
caffeine,2776,G protein subunit alpha q,GNAQ,P50148,P50148;A0A024R240
caffeine,2776,G protein subunit alpha q,GNAQ,P50148,P50148;A0A024R240
caffeine,2778,GNAS complex locus,GNAS,P63092,O95467;P63092;P84996;Q5JWF2;A0A0A0MR13;A0A0S2Z3H8;A0A0S2Z3S5;A0A590UJF0;A0A590UJQ9;A0A590UK28;A0A7I2V5R6;B0AZR9;Q14455;Q5FWY2;Q5JWD1;Q5JWE9
caffeine,2778,GNAS complex locus,GNAS,P63092,O95467;P63092;P84996;Q5JWF2;A0A0A0MR13;A0A0S2Z3H8;A0A0S2Z3S5;A0A590UJF0;A0A590UJQ9;A0A590UK28;A0A7I2V5R6;B0AZR9;Q14455;Q5FWY2;Q5JWD1;Q5JWE9
caffeine,2782,G protein subunit beta 1,GNB1,P62873,P62873;A0A140VJJ8;B3KVK2;F6X3N5
caffeine,2782,G protein subunit beta 1,GNB1,P62873,P62873;A0A140VJJ8;B3KVK2;F6X3N5
caffeine,2787,G protein subunit gamma 5,GNG5,P63218,P63218
caffeine,2787,G protein subunit gamma 5,GNG5,P63218,P63218
caffeine,2794,G protein nucleolar 1,GNL1,P36915,P36915;A0A024RCR2;B4DYK6
caffeine,2794,G protein nucleolar 1,GNL1,P36915,P36915;A0A024RCR2;B4DYK6
caffeine,2800,golgin A1,GOLGA1,Q92805,Q92805
caffeine,2800,golgin A1,GOLGA1,Q92805,Q92805
caffeine,2801,golgin A2,GOLGA2,Q08379,Q08379;A0A8I5KNZ1;A0A8I5KZ68;A0A8I5QJQ7;A0A8J9BZL8
caffeine,2801,golgin A2,GOLGA2,Q08379,Q08379;A0A8I5KNZ1;A0A8I5KZ68;A0A8I5QJQ7;A0A8J9BZL8
caffeine,2802,golgin A3,GOLGA3,Q08378,Q08378;A0A8I5KWY9
caffeine,2802,golgin A3,GOLGA3,Q08378,Q08378;A0A8I5KWY9
caffeine,2803,golgin A4,GOLGA4,Q13439,Q13439;A0A8V8TPI8;A0A8V8TQI6;A0A9L9PX25;C9J0Y3;H0Y6I0;Q49A56
caffeine,2803,golgin A4,GOLGA4,Q13439,Q13439;A0A8V8TPI8;A0A8V8TQI6;A0A9L9PX25;C9J0Y3;H0Y6I0;Q49A56
caffeine,2804,golgin B1,GOLGB1,Q14789,Q14789;A0A8J9C4H3;E7EU81
caffeine,2804,golgin B1,GOLGB1,Q14789,Q14789;A0A8J9C4H3;E7EU81
caffeine,2806,glutamic-oxaloacetic transaminase 2,GOT2,P00505,P00505
caffeine,2806,glutamic-oxaloacetic transaminase 2,GOT2,P00505,P00505
caffeine,2821,glucose-6-phosphate isomerase,GPI,P06744,P06744;A0A2U3TZU2;B4DE36
caffeine,2821,glucose-6-phosphate isomerase,GPI,P06744,P06744;A0A2U3TZU2;B4DE36
caffeine,2821,glucose-6-phosphate isomerase,GPI,P06744,P06744;A0A2U3TZU2;B4DE36
caffeine,2821,glucose-6-phosphate isomerase,GPI,P06744,P06744;A0A2U3TZU2;B4DE36
caffeine,2846,lysophosphatidic acid receptor 4,LPAR4,Q99677,Q99677
caffeine,2869,G protein-coupled receptor kinase 5,GRK5,P34947,P34947
caffeine,2869,G protein-coupled receptor kinase 5,GRK5,P34947,P34947
caffeine,2870,G protein-coupled receptor kinase 6,GRK6,P43250,P43250;B3KPS5
caffeine,2870,G protein-coupled receptor kinase 6,GRK6,P43250,P43250;B3KPS5
caffeine,2873,G protein pathway suppressor 1,GPS1,Q13098,Q13098;A0A096LP07;A0A096LPJ3;A0A9L9PX62;A0A9L9PXT0;A0ABJ7H8D6;A8K070;C9JFE4
caffeine,2873,G protein pathway suppressor 1,GPS1,Q13098,Q13098;A0A096LP07;A0A096LPJ3;A0A9L9PX62;A0A9L9PXT0;A0ABJ7H8D6;A8K070;C9JFE4
caffeine,2875,glutamic--pyruvic transaminase,GPT,P24298,P24298
caffeine,2875,glutamic--pyruvic transaminase,GPT,P24298,P24298
caffeine,2875,glutamic--pyruvic transaminase,GPT,P24298,P24298
caffeine,2875,glutamic--pyruvic transaminase,GPT,P24298,P24298
caffeine,2875,glutamic--pyruvic transaminase,GPT,P24298,P24298
caffeine,2875,glutamic--pyruvic transaminase,GPT,P24298,P24298
caffeine,2876,glutathione peroxidase 1,GPX1,P07203,P07203;A0A2R8Y6B6;A0A7I2UQ36;A0A7I2YMD7;Q7L4Q3
caffeine,2876,glutathione peroxidase 1,GPX1,P07203,P07203;A0A2R8Y6B6;A0A7I2UQ36;A0A7I2YMD7;Q7L4Q3
caffeine,2878,glutathione peroxidase 3,GPX3,P22352,P22352
caffeine,2878,glutathione peroxidase 3,GPX3,P22352,P22352
caffeine,2879,glutathione peroxidase 4,GPX4,P36969,P36969;Q6PI42;R4GNE4
caffeine,2879,glutathione peroxidase 4,GPX4,P36969,P36969;Q6PI42;R4GNE4
caffeine,2886,growth factor receptor bound protein 7,GRB7,Q14451,Q14451;A0A0S2Z4F6
caffeine,2886,growth factor receptor bound protein 7,GRB7,Q14451,Q14451;A0A0S2Z4F6
caffeine,2887,growth factor receptor bound protein 10,GRB10,Q13322,Q13322;A0A2R8YCL1
caffeine,2887,growth factor receptor bound protein 10,GRB10,Q13322,Q13322;A0A2R8YCL1
caffeine,2895,glutamate ionotropic receptor delta type subunit 2,GRID2,O43424,O43424
caffeine,2895,glutamate ionotropic receptor delta type subunit 2,GRID2,O43424,O43424
caffeine,2902,glutamate ionotropic receptor NMDA type subunit 1,GRIN1,Q05586,Q05586;Q59GW0;Q5VSF9
caffeine,2902,glutamate ionotropic receptor NMDA type subunit 1,GRIN1,Q05586,Q05586;Q59GW0;Q5VSF9
caffeine,2903,glutamate ionotropic receptor NMDA type subunit 2A,GRIN2A,Q12879,Q12879;A0A890YTL4;Q547U9;Q59EW6
caffeine,2903,glutamate ionotropic receptor NMDA type subunit 2A,GRIN2A,Q12879,Q12879;A0A890YTL4;Q547U9;Q59EW6
caffeine,2904,glutamate ionotropic receptor NMDA type subunit 2B,GRIN2B,Q13224,Q13224;A0A8D9PHB2
caffeine,2904,glutamate ionotropic receptor NMDA type subunit 2B,GRIN2B,Q13224,Q13224;A0A8D9PHB2
caffeine,2908,nuclear receptor subfamily 3 group C member 1,NR3C1,P04150,P04150;E5KQF5;E5KQF6;F1D8N4
caffeine,2908,nuclear receptor subfamily 3 group C member 1,NR3C1,P04150,P04150;E5KQF5;E5KQF6;F1D8N4
caffeine,2908,nuclear receptor subfamily 3 group C member 1,NR3C1,P04150,P04150;E5KQF5;E5KQF6;F1D8N4
caffeine,2908,nuclear receptor subfamily 3 group C member 1,NR3C1,P04150,P04150;E5KQF5;E5KQF6;F1D8N4
caffeine,2908,nuclear receptor subfamily 3 group C member 1,NR3C1,P04150,P04150;E5KQF5;E5KQF6;F1D8N4
caffeine,2908,nuclear receptor subfamily 3 group C member 1,NR3C1,P04150,P04150;E5KQF5;E5KQF6;F1D8N4
caffeine,2909,Rho GTPase activating protein 35,ARHGAP35,Q9NRY4,Q9NRY4
caffeine,2909,Rho GTPase activating protein 35,ARHGAP35,Q9NRY4,Q9NRY4
caffeine,2911,glutamate metabotropic receptor 1,GRM1,Q13255,Q13255;Q59HC2
caffeine,2911,glutamate metabotropic receptor 1,GRM1,Q13255,Q13255;Q59HC2
caffeine,2911,glutamate metabotropic receptor 1,GRM1,Q13255,Q13255;Q59HC2
caffeine,2911,glutamate metabotropic receptor 1,GRM1,Q13255,Q13255;Q59HC2
caffeine,2923,protein disulfide isomerase family A member 3,PDIA3,P30101,P30101;V9HVY3
caffeine,2923,protein disulfide isomerase family A member 3,PDIA3,P30101,P30101;V9HVY3
caffeine,2925,gastrin releasing peptide receptor,GRPR,P30550,P30550;X5D7H2
caffeine,2925,gastrin releasing peptide receptor,GRPR,P30550,P30550;X5D7H2
caffeine,2931,glycogen synthase kinase 3 alpha,GSK3A,P49840,P49840
caffeine,2931,glycogen synthase kinase 3 alpha,GSK3A,P49840,P49840
caffeine,2931,glycogen synthase kinase 3 alpha,GSK3A,P49840,P49840
caffeine,2931,glycogen synthase kinase 3 alpha,GSK3A,P49840,P49840
caffeine,2932,glycogen synthase kinase 3 beta,GSK3B,P49841,P49841;A0A3B3ITW1;Q6FI27
caffeine,2932,glycogen synthase kinase 3 beta,GSK3B,P49841,P49841;A0A3B3ITW1;Q6FI27
caffeine,2932,glycogen synthase kinase 3 beta,GSK3B,P49841,P49841;A0A3B3ITW1;Q6FI27
caffeine,2932,glycogen synthase kinase 3 beta,GSK3B,P49841,P49841;A0A3B3ITW1;Q6FI27
caffeine,2936,glutathione-disulfide reductase,GSR,P00390,P00390;V9HW90
caffeine,2936,glutathione-disulfide reductase,GSR,P00390,P00390;V9HW90
caffeine,2950,glutathione S-transferase pi 1,GSTP1,P09211,P09211;V9HWE9
caffeine,2950,glutathione S-transferase pi 1,GSTP1,P09211,P09211;V9HWE9
caffeine,2956,mutS homolog 6,MSH6,P52701,P52701;A0A494C0M1;A0A8V8TPJ4;Q3SWU9
caffeine,2956,mutS homolog 6,MSH6,P52701,P52701;A0A494C0M1;A0A8V8TPJ4;Q3SWU9
caffeine,2959,general transcription factor IIB,GTF2B,Q00403,Q00403
caffeine,2959,general transcription factor IIB,GTF2B,Q00403,Q00403
caffeine,2960,general transcription factor IIE subunit 1,GTF2E1,P29083,P29083
caffeine,2960,general transcription factor IIE subunit 1,GTF2E1,P29083,P29083
caffeine,2963,general transcription factor IIF subunit 2,GTF2F2,P13984,P13984
caffeine,2963,general transcription factor IIF subunit 2,GTF2F2,P13984,P13984
caffeine,2969,general transcription factor IIi,GTF2I,P78347,P78347;A8K9W7;Q499G6;X5D2J9;X5D939;X5DNP5;X5DR09
caffeine,2969,general transcription factor IIi,GTF2I,P78347,P78347;A8K9W7;Q499G6;X5D2J9;X5D939;X5DNP5;X5DR09
caffeine,2972,BRF1 general transcription factor IIIB subunit,BRF1,Q92994,Q92994;V9HVY2
caffeine,2972,BRF1 general transcription factor IIIB subunit,BRF1,Q92994,Q92994;V9HVY2
caffeine,2975,general transcription factor IIIC subunit 1,GTF3C1,Q12789,Q12789
caffeine,2975,general transcription factor IIIC subunit 1,GTF3C1,Q12789,Q12789
caffeine,2976,general transcription factor IIIC subunit 2,GTF3C2,Q8WUA4,Q8WUA4
caffeine,2976,general transcription factor IIIC subunit 2,GTF3C2,Q8WUA4,Q8WUA4
caffeine,2997,glycogen synthase 1,GYS1,P13807,P13807
caffeine,2997,glycogen synthase 1,GYS1,P13807,P13807
caffeine,3008,"H1.4 linker histone, cluster member",H1-4,P10412,P10412;A3R0T8
caffeine,3008,"H1.4 linker histone, cluster member",H1-4,P10412,P10412;A3R0T8
caffeine,3008,"H1.4 linker histone, cluster member",H1-4,P10412,P10412;A3R0T8
caffeine,3008,"H1.4 linker histone, cluster member",H1-4,P10412,P10412;A3R0T8
caffeine,3009,"H1.5 linker histone, cluster member",H1-5,P16401,P16401
caffeine,3009,"H1.5 linker histone, cluster member",H1-5,P16401,P16401
caffeine,3009,"H1.5 linker histone, cluster member",H1-5,P16401,P16401
caffeine,3009,"H1.5 linker histone, cluster member",H1-5,P16401,P16401
caffeine,3010,"H1.6 linker histone, cluster member",H1-6,P22492,P22492
caffeine,3010,"H1.6 linker histone, cluster member",H1-6,P22492,P22492
caffeine,3014,H2A.X variant histone,H2AX,P16104,P16104
caffeine,3014,H2A.X variant histone,H2AX,P16104,P16104
caffeine,3014,H2A.X variant histone,H2AX,P16104,P16104
caffeine,3014,H2A.X variant histone,H2AX,P16104,P16104
caffeine,3014,H2A.X variant histone,H2AX,P16104,P16104
caffeine,3014,H2A.X variant histone,H2AX,P16104,P16104
caffeine,3014,H2A.X variant histone,H2AX,P16104,P16104
caffeine,3014,H2A.X variant histone,H2AX,P16104,P16104
caffeine,3014,H2A.X variant histone,H2AX,P16104,P16104
caffeine,3014,H2A.X variant histone,H2AX,P16104,P16104
caffeine,3014,H2A.X variant histone,H2AX,P16104,P16104
caffeine,3014,H2A.X variant histone,H2AX,P16104,P16104
caffeine,3014,H2A.X variant histone,H2AX,P16104,P16104
caffeine,3014,H2A.X variant histone,H2AX,P16104,P16104
caffeine,3030,hydroxyacyl-CoA dehydrogenase trifunctional multienzyme complex subunit alpha,HADHA,P40939,P40939;E9KL44
caffeine,3030,hydroxyacyl-CoA dehydrogenase trifunctional multienzyme complex subunit alpha,HADHA,P40939,P40939;E9KL44
caffeine,3054,host cell factor C1,HCFC1,P51610,P51610;A6NEM2
caffeine,3054,host cell factor C1,HCFC1,P51610,P51610;A6NEM2
caffeine,3064,huntingtin,HTT,P42858,P42858
caffeine,3064,huntingtin,HTT,P42858,P42858
caffeine,3065,histone deacetylase 1,HDAC1,Q13547,Q13547;Q6IT96
caffeine,3065,histone deacetylase 1,HDAC1,Q13547,Q13547;Q6IT96
caffeine,3066,histone deacetylase 2,HDAC2,Q92769,Q92769
caffeine,3066,histone deacetylase 2,HDAC2,Q92769,Q92769
caffeine,3068,heparin binding growth factor,HDGF,P51858,P51858;A0A384NPW1;A8K8G0;B7Z958
caffeine,3068,heparin binding growth factor,HDGF,P51858,P51858;A0A384NPW1;A8K8G0;B7Z958
caffeine,3069,high density lipoprotein binding protein,HDLBP,Q00341,Q00341;A0A024R4E5;B2R5V9
caffeine,3069,high density lipoprotein binding protein,HDLBP,Q00341,Q00341;A0A024R4E5;B2R5V9
caffeine,3069,high density lipoprotein binding protein,HDLBP,Q00341,Q00341;A0A024R4E5;B2R5V9
caffeine,3069,high density lipoprotein binding protein,HDLBP,Q00341,Q00341;A0A024R4E5;B2R5V9
caffeine,3070,"helicase, lymphoid specific",HELLS,Q9NRZ9,Q9NRZ9;A0A087WSW7;A0A0B4J1V9;Q0VGL2;Q76H82
caffeine,3070,"helicase, lymphoid specific",HELLS,Q9NRZ9,Q9NRZ9;A0A087WSW7;A0A0B4J1V9;Q0VGL2;Q76H82
caffeine,3070,"helicase, lymphoid specific",HELLS,Q9NRZ9,Q9NRZ9;A0A087WSW7;A0A0B4J1V9;Q0VGL2;Q76H82
caffeine,3070,"helicase, lymphoid specific",HELLS,Q9NRZ9,Q9NRZ9;A0A087WSW7;A0A0B4J1V9;Q0VGL2;Q76H82
caffeine,3070,"helicase, lymphoid specific",HELLS,Q9NRZ9,Q9NRZ9;A0A087WSW7;A0A0B4J1V9;Q0VGL2;Q76H82
caffeine,3070,"helicase, lymphoid specific",HELLS,Q9NRZ9,Q9NRZ9;A0A087WSW7;A0A0B4J1V9;Q0VGL2;Q76H82
caffeine,3091,hypoxia inducible factor 1 subunit alpha,HIF1A,Q16665,Q16665;D0VY79
caffeine,3091,hypoxia inducible factor 1 subunit alpha,HIF1A,Q16665,Q16665;D0VY79
caffeine,3092,huntingtin interacting protein 1,HIP1,O00291,O00291;B4DK46
caffeine,3092,huntingtin interacting protein 1,HIP1,O00291,O00291;B4DK46
caffeine,3094,histidine triad nucleotide binding protein 1,HINT1,P49773,P49773;A0A384NPU2;D6RD60;D6RE99
caffeine,3094,histidine triad nucleotide binding protein 1,HINT1,P49773,P49773;A0A384NPU2;D6RD60;D6RE99
caffeine,3096,HIVEP zinc finger 1,HIVEP1,P15822,P15822;A0A0D9SFF3;A0AAQ5BHS1;H7BYU7
caffeine,3096,HIVEP zinc finger 1,HIVEP1,P15822,P15822;A0A0D9SFF3;A0AAQ5BHS1;H7BYU7
caffeine,3097,HIVEP zinc finger 2,HIVEP2,P31629,P31629
caffeine,3097,HIVEP zinc finger 2,HIVEP2,P31629,P31629
caffeine,3104,zinc finger and BTB domain containing 48,ZBTB48,P10074,P10074;A8K291;B2R702
caffeine,3104,zinc finger and BTB domain containing 48,ZBTB48,P10074,P10074;A8K291;B2R702
caffeine,3105,"major histocompatibility complex, class I, A",HLA-A,P04439,P04439;B1PKY1;B2R7U3;Q5SUL5
caffeine,3105,"major histocompatibility complex, class I, A",HLA-A,P04439,P04439;B1PKY1;B2R7U3;Q5SUL5
caffeine,3141,holocarboxylase synthetase,HLCS,P50747,P50747;A0A8C8QSB1
caffeine,3141,holocarboxylase synthetase,HLCS,P50747,P50747;A0A8C8QSB1
caffeine,3146,high mobility group box 1,HMGB1,P09429,P09429;B7Z965;Q5T7C4
caffeine,3146,high mobility group box 1,HMGB1,P09429,P09429;B7Z965;Q5T7C4
caffeine,3146,high mobility group box 1,HMGB1,P09429,P09429;B7Z965;Q5T7C4
caffeine,3146,high mobility group box 1,HMGB1,P09429,P09429;B7Z965;Q5T7C4
caffeine,3146,high mobility group box 1,HMGB1,P09429,P09429;B7Z965;Q5T7C4
caffeine,3146,high mobility group box 1,HMGB1,P09429,P09429;B7Z965;Q5T7C4
caffeine,3150,high mobility group nucleosome binding domain 1,HMGN1,P05114,P05114;Q6NSG7
caffeine,3150,high mobility group nucleosome binding domain 1,HMGN1,P05114,P05114;Q6NSG7
caffeine,3156,3-hydroxy-3-methylglutaryl-CoA reductase,HMGCR,P04035,P04035
caffeine,3156,3-hydroxy-3-methylglutaryl-CoA reductase,HMGCR,P04035,P04035
caffeine,3156,3-hydroxy-3-methylglutaryl-CoA reductase,HMGCR,P04035,P04035
caffeine,3156,3-hydroxy-3-methylglutaryl-CoA reductase,HMGCR,P04035,P04035
caffeine,3156,3-hydroxy-3-methylglutaryl-CoA reductase,HMGCR,P04035,P04035
caffeine,3156,3-hydroxy-3-methylglutaryl-CoA reductase,HMGCR,P04035,P04035
caffeine,3156,3-hydroxy-3-methylglutaryl-CoA reductase,HMGCR,P04035,P04035
caffeine,3156,3-hydroxy-3-methylglutaryl-CoA reductase,HMGCR,P04035,P04035
caffeine,3156,3-hydroxy-3-methylglutaryl-CoA reductase,HMGCR,P04035,P04035
caffeine,3156,3-hydroxy-3-methylglutaryl-CoA reductase,HMGCR,P04035,P04035
caffeine,3157,3-hydroxy-3-methylglutaryl-CoA synthase 1,HMGCS1,Q01581,Q01581
caffeine,3157,3-hydroxy-3-methylglutaryl-CoA synthase 1,HMGCS1,Q01581,Q01581
caffeine,3157,3-hydroxy-3-methylglutaryl-CoA synthase 1,HMGCS1,Q01581,Q01581
caffeine,3157,3-hydroxy-3-methylglutaryl-CoA synthase 1,HMGCS1,Q01581,Q01581
caffeine,3157,3-hydroxy-3-methylglutaryl-CoA synthase 1,HMGCS1,Q01581,Q01581
caffeine,3157,3-hydroxy-3-methylglutaryl-CoA synthase 1,HMGCS1,Q01581,Q01581
caffeine,3157,3-hydroxy-3-methylglutaryl-CoA synthase 1,HMGCS1,Q01581,Q01581
caffeine,3157,3-hydroxy-3-methylglutaryl-CoA synthase 1,HMGCS1,Q01581,Q01581
caffeine,3159,high mobility group AT-hook 1,HMGA1,P17096,P17096;A0A994J434;Q5T6U8
caffeine,3159,high mobility group AT-hook 1,HMGA1,P17096,P17096;A0A994J434;Q5T6U8
caffeine,3159,high mobility group AT-hook 1,HMGA1,P17096,P17096;A0A994J434;Q5T6U8
caffeine,3159,high mobility group AT-hook 1,HMGA1,P17096,P17096;A0A994J434;Q5T6U8
caffeine,3169,forkhead box A1,FOXA1,P55317,P55317
caffeine,3169,forkhead box A1,FOXA1,P55317,P55317
caffeine,3170,forkhead box A2,FOXA2,Q9Y261,Q9Y261;B0ZTD4
caffeine,3170,forkhead box A2,FOXA2,Q9Y261,Q9Y261;B0ZTD4
caffeine,3178,heterogeneous nuclear ribonucleoprotein A1,HNRNPA1,P09651,P09651;A0A024RB53
caffeine,3178,heterogeneous nuclear ribonucleoprotein A1,HNRNPA1,P09651,P09651;A0A024RB53
caffeine,3178,heterogeneous nuclear ribonucleoprotein A1,HNRNPA1,P09651,P09651;A0A024RB53
caffeine,3178,heterogeneous nuclear ribonucleoprotein A1,HNRNPA1,P09651,P09651;A0A024RB53
caffeine,3181,heterogeneous nuclear ribonucleoprotein A2/B1,HNRNPA2B1,P22626,P22626;A0A7I2V4N1
caffeine,3181,heterogeneous nuclear ribonucleoprotein A2/B1,HNRNPA2B1,P22626,P22626;A0A7I2V4N1
caffeine,3182,heterogeneous nuclear ribonucleoprotein A/B,HNRNPAB,Q99729,Q99729
caffeine,3182,heterogeneous nuclear ribonucleoprotein A/B,HNRNPAB,Q99729,Q99729
caffeine,3183,heterogeneous nuclear ribonucleoprotein C,HNRNPC,P07910,P07910
caffeine,3183,heterogeneous nuclear ribonucleoprotein C,HNRNPC,P07910,P07910
caffeine,3183,heterogeneous nuclear ribonucleoprotein C,HNRNPC,P07910,P07910
caffeine,3183,heterogeneous nuclear ribonucleoprotein C,HNRNPC,P07910,P07910
caffeine,3184,heterogeneous nuclear ribonucleoprotein D,HNRNPD,Q14103,Q14103
caffeine,3184,heterogeneous nuclear ribonucleoprotein D,HNRNPD,Q14103,Q14103
caffeine,3185,heterogeneous nuclear ribonucleoprotein F,HNRNPF,P52597,P52597
caffeine,3185,heterogeneous nuclear ribonucleoprotein F,HNRNPF,P52597,P52597
caffeine,3185,heterogeneous nuclear ribonucleoprotein F,HNRNPF,P52597,P52597
caffeine,3185,heterogeneous nuclear ribonucleoprotein F,HNRNPF,P52597,P52597
caffeine,3187,heterogeneous nuclear ribonucleoprotein H1,HNRNPH1,P31943,P31943;A0A384MEJ3;A0A9L9PY23;A0AAG2UWX3;E9PCY7;G8JLB6;H0YBD7
caffeine,3187,heterogeneous nuclear ribonucleoprotein H1,HNRNPH1,P31943,P31943;A0A384MEJ3;A0A9L9PY23;A0AAG2UWX3;E9PCY7;G8JLB6;H0YBD7
caffeine,3187,heterogeneous nuclear ribonucleoprotein H1,HNRNPH1,P31943,P31943;A0A384MEJ3;A0A9L9PY23;A0AAG2UWX3;E9PCY7;G8JLB6;H0YBD7
caffeine,3187,heterogeneous nuclear ribonucleoprotein H1,HNRNPH1,P31943,P31943;A0A384MEJ3;A0A9L9PY23;A0AAG2UWX3;E9PCY7;G8JLB6;H0YBD7
caffeine,3188,heterogeneous nuclear ribonucleoprotein H2,HNRNPH2,P55795,P55795;A0A384MDT2
caffeine,3188,heterogeneous nuclear ribonucleoprotein H2,HNRNPH2,P55795,P55795;A0A384MDT2
caffeine,3189,heterogeneous nuclear ribonucleoprotein H3,HNRNPH3,P31942,P31942;B4DHY1;Q53F48
caffeine,3189,heterogeneous nuclear ribonucleoprotein H3,HNRNPH3,P31942,P31942;B4DHY1;Q53F48
caffeine,3190,heterogeneous nuclear ribonucleoprotein K,HNRNPK,P61978,P61978;B4DUQ1
caffeine,3190,heterogeneous nuclear ribonucleoprotein K,HNRNPK,P61978,P61978;B4DUQ1
caffeine,3190,heterogeneous nuclear ribonucleoprotein K,HNRNPK,P61978,P61978;B4DUQ1
caffeine,3190,heterogeneous nuclear ribonucleoprotein K,HNRNPK,P61978,P61978;B4DUQ1
caffeine,3190,heterogeneous nuclear ribonucleoprotein K,HNRNPK,P61978,P61978;B4DUQ1
caffeine,3190,heterogeneous nuclear ribonucleoprotein K,HNRNPK,P61978,P61978;B4DUQ1
caffeine,3191,heterogeneous nuclear ribonucleoprotein L,HNRNPL,P14866,P14866;A0A3B3ITJ4;Q6NTA2
caffeine,3191,heterogeneous nuclear ribonucleoprotein L,HNRNPL,P14866,P14866;A0A3B3ITJ4;Q6NTA2
caffeine,3192,heterogeneous nuclear ribonucleoprotein U,HNRNPU,Q00839,Q00839;Q96BA7
caffeine,3192,heterogeneous nuclear ribonucleoprotein U,HNRNPU,Q00839,Q00839;Q96BA7
caffeine,3217,homeobox B7,HOXB7,P09629,P09629
caffeine,3217,homeobox B7,HOXB7,P09629,P09629
caffeine,3233,homeobox D4,HOXD4,P09016,P09016
caffeine,3233,homeobox D4,HOXD4,P09016,P09016
caffeine,3242,4-hydroxyphenylpyruvate dioxygenase,HPD,P32754,P32754
caffeine,3242,4-hydroxyphenylpyruvate dioxygenase,HPD,P32754,P32754
caffeine,3251,hypoxanthine phosphoribosyltransferase 1,HPRT1,P00492,P00492;A0A140VJL3
caffeine,3251,hypoxanthine phosphoribosyltransferase 1,HPRT1,P00492,P00492;A0A140VJL3
caffeine,3265,"HRas proto-oncogene, GTPase",HRAS,P01112,P01112;X5D945
caffeine,3265,"HRas proto-oncogene, GTPase",HRAS,P01112,P01112;X5D945
caffeine,3267,ArfGAP with FG repeats 1,AGFG1,P52594,P52594;A0A0S2Z444
caffeine,3267,ArfGAP with FG repeats 1,AGFG1,P52594,P52594;A0A0S2Z444
caffeine,3268,ArfGAP with FG repeats 2,AGFG2,O95081,O95081;A4D2D6
caffeine,3268,ArfGAP with FG repeats 2,AGFG2,O95081,O95081;A4D2D6
caffeine,3270,histidine rich calcium binding protein,HRC,P23327,P23327
caffeine,3270,histidine rich calcium binding protein,HRC,P23327,P23327
caffeine,3283,"hydroxy-delta-5-steroid dehydrogenase, 3 beta- and steroid delta-isomerase 1",HSD3B1,P14060,P14060
caffeine,3283,"hydroxy-delta-5-steroid dehydrogenase, 3 beta- and steroid delta-isomerase 1",HSD3B1,P14060,P14060
caffeine,3283,"hydroxy-delta-5-steroid dehydrogenase, 3 beta- and steroid delta-isomerase 1",HSD3B1,P14060,P14060
caffeine,3283,"hydroxy-delta-5-steroid dehydrogenase, 3 beta- and steroid delta-isomerase 1",HSD3B1,P14060,P14060
caffeine,3283,"hydroxy-delta-5-steroid dehydrogenase, 3 beta- and steroid delta-isomerase 1",HSD3B1,P14060,P14060
caffeine,3283,"hydroxy-delta-5-steroid dehydrogenase, 3 beta- and steroid delta-isomerase 1",HSD3B1,P14060,P14060
caffeine,3290,hydroxysteroid 11-beta dehydrogenase 1,HSD11B1,P28845,P28845;X5D2L1
caffeine,3290,hydroxysteroid 11-beta dehydrogenase 1,HSD11B1,P28845,P28845;X5D2L1
caffeine,3291,hydroxysteroid 11-beta dehydrogenase 2,HSD11B2,P80365,P80365
caffeine,3291,hydroxysteroid 11-beta dehydrogenase 2,HSD11B2,P80365,P80365
caffeine,3291,hydroxysteroid 11-beta dehydrogenase 2,HSD11B2,P80365,P80365
caffeine,3291,hydroxysteroid 11-beta dehydrogenase 2,HSD11B2,P80365,P80365
caffeine,3293,hydroxysteroid 17-beta dehydrogenase 3,HSD17B3,P37058,P37058;Q6FH62
caffeine,3293,hydroxysteroid 17-beta dehydrogenase 3,HSD17B3,P37058,P37058;Q6FH62
caffeine,3297,heat shock transcription factor 1,HSF1,Q00613,Q00613
caffeine,3297,heat shock transcription factor 1,HSF1,Q00613,Q00613
caffeine,3301,DnaJ heat shock protein family (Hsp40) member A1,DNAJA1,P31689,P31689;B7Z5C0
caffeine,3301,DnaJ heat shock protein family (Hsp40) member A1,DNAJA1,P31689,P31689;B7Z5C0
caffeine,3301,DnaJ heat shock protein family (Hsp40) member A1,DNAJA1,P31689,P31689;B7Z5C0
caffeine,3301,DnaJ heat shock protein family (Hsp40) member A1,DNAJA1,P31689,P31689;B7Z5C0
caffeine,3304,heat shock protein family A (Hsp70) member 1B,HSPA1B,P0DMV8,P0DMV8;P0DMV9;A8K5I0
caffeine,3304,heat shock protein family A (Hsp70) member 1B,HSPA1B,P0DMV8,P0DMV8;P0DMV9;A8K5I0
caffeine,3308,heat shock protein family A (Hsp70) member 4,HSPA4,P34932,P34932
caffeine,3308,heat shock protein family A (Hsp70) member 4,HSPA4,P34932,P34932
caffeine,3308,heat shock protein family A (Hsp70) member 4,HSPA4,P34932,P34932
caffeine,3308,heat shock protein family A (Hsp70) member 4,HSPA4,P34932,P34932
caffeine,3313,heat shock protein family A (Hsp70) member 9,HSPA9,P38646,P38646;A0A384P5G6
caffeine,3313,heat shock protein family A (Hsp70) member 9,HSPA9,P38646,P38646;A0A384P5G6
caffeine,3315,heat shock protein family B (small) member 1,HSPB1,P04792,P04792;V9HW43
caffeine,3315,heat shock protein family B (small) member 1,HSPB1,P04792,P04792;V9HW43
caffeine,3315,heat shock protein family B (small) member 1,HSPB1,P04792,P04792;V9HW43
caffeine,3315,heat shock protein family B (small) member 1,HSPB1,P04792,P04792;V9HW43
caffeine,3315,heat shock protein family B (small) member 1,HSPB1,P04792,P04792;V9HW43
caffeine,3315,heat shock protein family B (small) member 1,HSPB1,P04792,P04792;V9HW43
caffeine,3320,heat shock protein 90 alpha family class A member 1,HSP90AA1,P07900,P07900;K9JA46;Q86SX1
caffeine,3320,heat shock protein 90 alpha family class A member 1,HSP90AA1,P07900,P07900;K9JA46;Q86SX1
caffeine,3320,heat shock protein 90 alpha family class A member 1,HSP90AA1,P07900,P07900;K9JA46;Q86SX1
caffeine,3320,heat shock protein 90 alpha family class A member 1,HSP90AA1,P07900,P07900;K9JA46;Q86SX1
caffeine,3324,"heat shock protein 90 alpha family class A member 2, pseudogene",HSP90AA2P,,
caffeine,3324,"heat shock protein 90 alpha family class A member 2, pseudogene",HSP90AA2P,,
caffeine,3326,heat shock protein 90 alpha family class B member 1,HSP90AB1,P08238,P08238;B4DGL0;Q6PK50
caffeine,3326,heat shock protein 90 alpha family class B member 1,HSP90AB1,P08238,P08238;B4DGL0;Q6PK50
caffeine,3329,heat shock protein family D (Hsp60) member 1,HSPD1,P10809,P10809;A0A024R3X4
caffeine,3329,heat shock protein family D (Hsp60) member 1,HSPD1,P10809,P10809;A0A024R3X4
caffeine,3336,heat shock protein family E (Hsp10) member 1,HSPE1,P61604,P61604;A0A384N6A4
caffeine,3336,heat shock protein family E (Hsp10) member 1,HSPE1,P61604,P61604;A0A384N6A4
caffeine,3339,heparan sulfate proteoglycan 2,HSPG2,P98160,P98160
caffeine,3339,heparan sulfate proteoglycan 2,HSPG2,P98160,P98160
caffeine,3359,5-hydroxytryptamine receptor 3A,HTR3A,P46098,P46098;B4E398
caffeine,3359,5-hydroxytryptamine receptor 3A,HTR3A,P46098,P46098;B4E398
caffeine,3381,integrin binding sialoprotein,IBSP,P21815,P21815
caffeine,3381,integrin binding sialoprotein,IBSP,P21815,P21815
caffeine,3383,intercellular adhesion molecule 1,ICAM1,P05362,P05362;A0A384MEK5
caffeine,3383,intercellular adhesion molecule 1,ICAM1,P05362,P05362;A0A384MEK5
caffeine,3383,intercellular adhesion molecule 1,ICAM1,P05362,P05362;A0A384MEK5
caffeine,3383,intercellular adhesion molecule 1,ICAM1,P05362,P05362;A0A384MEK5
caffeine,3398,inhibitor of DNA binding 2,ID2,Q02363,Q02363;Q53T66
caffeine,3398,inhibitor of DNA binding 2,ID2,Q02363,Q02363;Q53T66
caffeine,3399,inhibitor of DNA binding 3,ID3,Q02535,Q02535
caffeine,3399,inhibitor of DNA binding 3,ID3,Q02535,Q02535
caffeine,3422,isopentenyl-diphosphate delta isomerase 1,IDI1,Q13907,Q13907;A0A8Q3WKR8
caffeine,3422,isopentenyl-diphosphate delta isomerase 1,IDI1,Q13907,Q13907;A0A8Q3WKR8
caffeine,3455,interferon alpha and beta receptor subunit 2,IFNAR2,P48551,P48551;Q9BUA0
caffeine,3455,interferon alpha and beta receptor subunit 2,IFNAR2,P48551,P48551;Q9BUA0
caffeine,3459,interferon gamma receptor 1,IFNGR1,P15260,P15260;A0A0S2Z3Y2;A0A2R8Y4U4;A0A2R8YFL3
caffeine,3459,interferon gamma receptor 1,IFNGR1,P15260,P15260;A0A0S2Z3Y2;A0A2R8Y4U4;A0A2R8YFL3
caffeine,3475,interferon related developmental regulator 1,IFRD1,O00458,O00458;A4D0U1
caffeine,3475,interferon related developmental regulator 1,IFRD1,O00458,O00458;A4D0U1
caffeine,3479,insulin like growth factor 1,IGF1,P05019,P05019;Q13429;Q59GC5;Q5U743
caffeine,3479,insulin like growth factor 1,IGF1,P05019,P05019;Q13429;Q59GC5;Q5U743
caffeine,3479,insulin like growth factor 1,IGF1,P05019,P05019;Q13429;Q59GC5;Q5U743
caffeine,3479,insulin like growth factor 1,IGF1,P05019,P05019;Q13429;Q59GC5;Q5U743
caffeine,3479,insulin like growth factor 1,IGF1,P05019,P05019;Q13429;Q59GC5;Q5U743
caffeine,3479,insulin like growth factor 1,IGF1,P05019,P05019;Q13429;Q59GC5;Q5U743
caffeine,3479,insulin like growth factor 1,IGF1,P05019,P05019;Q13429;Q59GC5;Q5U743
caffeine,3479,insulin like growth factor 1,IGF1,P05019,P05019;Q13429;Q59GC5;Q5U743
caffeine,3479,insulin like growth factor 1,IGF1,P05019,P05019;Q13429;Q59GC5;Q5U743
caffeine,3479,insulin like growth factor 1,IGF1,P05019,P05019;Q13429;Q59GC5;Q5U743
caffeine,3479,insulin like growth factor 1,IGF1,P05019,P05019;Q13429;Q59GC5;Q5U743
caffeine,3479,insulin like growth factor 1,IGF1,P05019,P05019;Q13429;Q59GC5;Q5U743
caffeine,3480,insulin like growth factor 1 receptor,IGF1R,P08069,P08069;C9J5X1
caffeine,3480,insulin like growth factor 1 receptor,IGF1R,P08069,P08069;C9J5X1
caffeine,3480,insulin like growth factor 1 receptor,IGF1R,P08069,P08069;C9J5X1
caffeine,3480,insulin like growth factor 1 receptor,IGF1R,P08069,P08069;C9J5X1
caffeine,3480,insulin like growth factor 1 receptor,IGF1R,P08069,P08069;C9J5X1
caffeine,3480,insulin like growth factor 1 receptor,IGF1R,P08069,P08069;C9J5X1
caffeine,3481,insulin like growth factor 2,IGF2,P01344,P01344;E3UN46
caffeine,3481,insulin like growth factor 2,IGF2,P01344,P01344;E3UN46
caffeine,3482,insulin like growth factor 2 receptor,IGF2R,P11717,P11717
caffeine,3482,insulin like growth factor 2 receptor,IGF2R,P11717,P11717
caffeine,3484,insulin like growth factor binding protein 1,IGFBP1,P08833,P08833
caffeine,3484,insulin like growth factor binding protein 1,IGFBP1,P08833,P08833
caffeine,3542,immunoglobulin lambda constant 6,IGLC6,,
caffeine,3542,immunoglobulin lambda constant 6,IGLC6,,
caffeine,3547,immunoglobulin superfamily member 1,IGSF1,Q8N6C5,Q8N6C5
caffeine,3547,immunoglobulin superfamily member 1,IGSF1,Q8N6C5,Q8N6C5
caffeine,3551,inhibitor of nuclear factor kappa B kinase subunit beta,IKBKB,O14920,O14920;A0A499FJS7;G3V105
caffeine,3551,inhibitor of nuclear factor kappa B kinase subunit beta,IKBKB,O14920,O14920;A0A499FJS7;G3V105
caffeine,3553,interleukin 1 beta,IL1B,P01584,P01584
caffeine,3553,interleukin 1 beta,IL1B,P01584,P01584
caffeine,3553,interleukin 1 beta,IL1B,P01584,P01584
caffeine,3553,interleukin 1 beta,IL1B,P01584,P01584
caffeine,3559,interleukin 2 receptor subunit alpha,IL2RA,P01589,P01589;H0Y5Z0;Q5W005
caffeine,3559,interleukin 2 receptor subunit alpha,IL2RA,P01589,P01589;H0Y5Z0;Q5W005
caffeine,3562,interleukin 3,IL3,P08700,P08700
caffeine,3562,interleukin 3,IL3,P08700,P08700
caffeine,3567,interleukin 5,IL5,P05113,P05113
caffeine,3567,interleukin 5,IL5,P05113,P05113
caffeine,3569,interleukin 6,IL6,P05231,P05231;B4DNQ5;B4DVM1;B5MC21;B5MCZ3;Q75MH2
caffeine,3569,interleukin 6,IL6,P05231,P05231;B4DNQ5;B4DVM1;B5MC21;B5MCZ3;Q75MH2
caffeine,3569,interleukin 6,IL6,P05231,P05231;B4DNQ5;B4DVM1;B5MC21;B5MCZ3;Q75MH2
caffeine,3569,interleukin 6,IL6,P05231,P05231;B4DNQ5;B4DVM1;B5MC21;B5MCZ3;Q75MH2
caffeine,3569,interleukin 6,IL6,P05231,P05231;B4DNQ5;B4DVM1;B5MC21;B5MCZ3;Q75MH2
caffeine,3572,interleukin 6 cytokine family signal transducer,IL6ST,P40189,P40189;A0A0A0N0L2;A0A0A0N0L5;A0A8V8TMJ9;A0A8V8TNI4;Q17RA0
caffeine,3572,interleukin 6 cytokine family signal transducer,IL6ST,P40189,P40189;A0A0A0N0L2;A0A0A0N0L5;A0A8V8TMJ9;A0A8V8TNI4;Q17RA0
caffeine,3576,C-X-C motif chemokine ligand 8,CXCL8,P10145,P10145;C9J4T6
caffeine,3576,C-X-C motif chemokine ligand 8,CXCL8,P10145,P10145;C9J4T6
caffeine,3576,C-X-C motif chemokine ligand 8,CXCL8,P10145,P10145;C9J4T6
caffeine,3576,C-X-C motif chemokine ligand 8,CXCL8,P10145,P10145;C9J4T6
caffeine,3586,interleukin 10,IL10,P22301,P22301;A0A286YEX3;Q6FGW4
caffeine,3586,interleukin 10,IL10,P22301,P22301;A0A286YEX3;Q6FGW4
caffeine,3588,interleukin 10 receptor subunit beta,IL10RB,Q08334,Q08334;A0A1B0GTI5;A0A1B0GU52
caffeine,3588,interleukin 10 receptor subunit beta,IL10RB,Q08334,Q08334;A0A1B0GTI5;A0A1B0GU52
caffeine,3588,interleukin 10 receptor subunit beta,IL10RB,Q08334,Q08334;A0A1B0GTI5;A0A1B0GU52
caffeine,3588,interleukin 10 receptor subunit beta,IL10RB,Q08334,Q08334;A0A1B0GTI5;A0A1B0GU52
caffeine,3592,interleukin 12A,IL12A,P29459,P29459;O60595
caffeine,3592,interleukin 12A,IL12A,P29459,P29459;O60595
caffeine,3593,interleukin 12B,IL12B,P29460,P29460
caffeine,3593,interleukin 12B,IL12B,P29460,P29460
caffeine,3607,forkhead box K2,FOXK2,Q01167,Q01167
caffeine,3607,forkhead box K2,FOXK2,Q01167,Q01167
caffeine,3609,interleukin enhancer binding factor 3,ILF3,Q12906,Q12906
caffeine,3609,interleukin enhancer binding factor 3,ILF3,Q12906,Q12906
caffeine,3615,inosine monophosphate dehydrogenase 2,IMPDH2,P12268,P12268;A0A7I2YQK5;E7ETK5;H0Y4R1
caffeine,3615,inosine monophosphate dehydrogenase 2,IMPDH2,P12268,P12268;A0A7I2YQK5;E7ETK5;H0Y4R1
caffeine,3619,inner centromere protein,INCENP,Q9NQS7,Q9NQS7
caffeine,3630,insulin,INS,P01308,P01308;I3WAC9
caffeine,3635,inositol polyphosphate-5-phosphatase D,INPP5D,Q92835,Q92835
caffeine,3635,inositol polyphosphate-5-phosphatase D,INPP5D,Q92835,Q92835
caffeine,3636,inositol polyphosphate phosphatase like 1,INPPL1,O15357,O15357
caffeine,3638,insulin induced gene 1,INSIG1,O15503,O15503;A4D2M9;F5H6P3
caffeine,3643,insulin receptor,INSR,P06213,P06213
caffeine,3643,insulin receptor,INSR,P06213,P06213
caffeine,3643,insulin receptor,INSR,P06213,P06213
caffeine,3654,interleukin 1 receptor associated kinase 1,IRAK1,P51617,P51617;D3YTB5
caffeine,3658,iron responsive element binding protein 2,IREB2,P48200,P48200
caffeine,3667,insulin receptor substrate 1,IRS1,P35568,P35568
caffeine,3676,integrin subunit alpha 4,ITGA4,P13612,P13612
caffeine,3684,integrin subunit alpha M,ITGAM,P11215,P11215
caffeine,3684,integrin subunit alpha M,ITGAM,P11215,P11215
caffeine,3688,integrin subunit beta 1,ITGB1,P05556,P05556
caffeine,3691,integrin subunit beta 4,ITGB4,P16144,P16144;B7ZLD8
caffeine,3692,eukaryotic translation initiation factor 6,EIF6,P56537,P56537
caffeine,3692,eukaryotic translation initiation factor 6,EIF6,P56537,P56537
caffeine,3698,inter-alpha-trypsin inhibitor heavy chain 2,ITIH2,P19823,P19823
caffeine,3698,inter-alpha-trypsin inhibitor heavy chain 2,ITIH2,P19823,P19823
caffeine,3706,inositol-trisphosphate 3-kinase A,ITPKA,P23677,P23677
caffeine,3708,"inositol 1,4,5-trisphosphate receptor type 1",ITPR1,Q14643,Q14643;B4DER3;B4DGH1;Q59H91
caffeine,3708,"inositol 1,4,5-trisphosphate receptor type 1",ITPR1,Q14643,Q14643;B4DER3;B4DGH1;Q59H91
caffeine,3708,"inositol 1,4,5-trisphosphate receptor type 1",ITPR1,Q14643,Q14643;B4DER3;B4DGH1;Q59H91
caffeine,3708,"inositol 1,4,5-trisphosphate receptor type 1",ITPR1,Q14643,Q14643;B4DER3;B4DGH1;Q59H91
caffeine,3708,"inositol 1,4,5-trisphosphate receptor type 1",ITPR1,Q14643,Q14643;B4DER3;B4DGH1;Q59H91
caffeine,3708,"inositol 1,4,5-trisphosphate receptor type 1",ITPR1,Q14643,Q14643;B4DER3;B4DGH1;Q59H91
caffeine,3709,"inositol 1,4,5-trisphosphate receptor type 2",ITPR2,Q14571,Q14571
caffeine,3709,"inositol 1,4,5-trisphosphate receptor type 2",ITPR2,Q14571,Q14571
caffeine,3709,"inositol 1,4,5-trisphosphate receptor type 2",ITPR2,Q14571,Q14571
caffeine,3710,"inositol 1,4,5-trisphosphate receptor type 3",ITPR3,Q14573,Q14573;A6H8K3;Q59ES2
caffeine,3710,"inositol 1,4,5-trisphosphate receptor type 3",ITPR3,Q14573,Q14573;A6H8K3;Q59ES2
caffeine,3710,"inositol 1,4,5-trisphosphate receptor type 3",ITPR3,Q14573,Q14573;A6H8K3;Q59ES2
caffeine,3710,"inositol 1,4,5-trisphosphate receptor type 3",ITPR3,Q14573,Q14573;A6H8K3;Q59ES2
caffeine,3710,"inositol 1,4,5-trisphosphate receptor type 3",ITPR3,Q14573,Q14573;A6H8K3;Q59ES2
caffeine,3718,Janus kinase 3,JAK3,P52333,P52333
caffeine,3720,jumonji and AT-rich interaction domain containing 2,JARID2,Q92833,Q92833
caffeine,3725,"Jun proto-oncogene, AP-1 transcription factor subunit",JUN,P05412,P05412
caffeine,3725,"Jun proto-oncogene, AP-1 transcription factor subunit",JUN,P05412,P05412
caffeine,3726,"JunB proto-oncogene, AP-1 transcription factor subunit",JUNB,P17275,P17275;Q5U079
caffeine,3726,"JunB proto-oncogene, AP-1 transcription factor subunit",JUNB,P17275,P17275;Q5U079
caffeine,3727,"JunD proto-oncogene, AP-1 transcription factor subunit",JUND,P17535,P17535
caffeine,3728,junction plakoglobin,JUP,P14923,P14923;A0A0S2Z487
caffeine,3735,lysyl-tRNA synthetase 1,KARS1,Q15046,Q15046
caffeine,3757,potassium voltage-gated channel subfamily H member 2,KCNH2,Q12809,Q12809;A0A090N7W1;A0A090N7X5;A0A090N8Q0;A0AAQ5BGQ9;Q15BH2
caffeine,3757,potassium voltage-gated channel subfamily H member 2,KCNH2,Q12809,Q12809;A0A090N7W1;A0A090N7X5;A0A090N8Q0;A0AAQ5BGQ9;Q15BH2
caffeine,3776,potassium two pore domain channel subfamily K member 2,KCNK2,O95069,O95069;Q6ZW95;U3N6F0;U3N834
caffeine,3776,potassium two pore domain channel subfamily K member 2,KCNK2,O95069,O95069;Q6ZW95;U3N6F0;U3N834
caffeine,3791,kinase insert domain receptor,KDR,P35968,P35968
caffeine,3801,kinesin family member C3,KIFC3,Q9BVG8,Q9BVG8;B7Z5U4;B7Z808;B7Z896;F5H3M2;H3BMZ5
caffeine,3835,kinesin family member 22,KIF22,Q14807,Q14807;A0A8I5QL17;B7Z9T5
caffeine,3837,karyopherin subunit beta 1,KPNB1,Q14974,Q14974;B7Z752
caffeine,3838,karyopherin subunit alpha 2,KPNA2,P52292,P52292
caffeine,3848,keratin 1,KRT1,P04264,P04264
caffeine,3875,keratin 18,KRT18,P05783,P05783
caffeine,3875,keratin 18,KRT18,P05783,P05783
caffeine,3890,keratin 84,KRT84,Q9NSB2,Q9NSB2
caffeine,3895,kinectin 1,KTN1,Q86UP2,Q86UP2
caffeine,3895,kinectin 1,KTN1,Q86UP2,Q86UP2
caffeine,3898,ladinin 1,LAD1,O00515,O00515
caffeine,3899,ALF transcription elongation factor 3,AFF3,P51826,P51826;Q8NAP7
caffeine,3899,ALF transcription elongation factor 3,AFF3,P51826,P51826;Q8NAP7
caffeine,3912,laminin subunit beta 1,LAMB1,P07942,P07942;A0A7I2V2T9;A0A7I2V5R0;Q8TAS6
caffeine,3925,stathmin 1,STMN1,P16949,P16949;A0A140VJW2
caffeine,3925,stathmin 1,STMN1,P16949,P16949;A0A140VJW2
caffeine,3925,stathmin 1,STMN1,P16949,P16949;A0A140VJW2
caffeine,3925,stathmin 1,STMN1,P16949,P16949;A0A140VJW2
caffeine,3927,LIM and SH3 protein 1,LASP1,Q14847,Q14847;B4DIC4
caffeine,3930,lamin B receptor,LBR,Q14739,Q14739
caffeine,3932,"LCK proto-oncogene, Src family tyrosine kinase",LCK,P06239,P06239;A0A0S2Z3Y8;E9PJ92;E9PKQ8;Q573B4
caffeine,3939,lactate dehydrogenase A,LDHA,P00338,P00338;V9HWB9
caffeine,3939,lactate dehydrogenase A,LDHA,P00338,P00338;V9HWB9
caffeine,3939,lactate dehydrogenase A,LDHA,P00338,P00338;V9HWB9
caffeine,3949,low density lipoprotein receptor,LDLR,P01130,P01130;H0YMQ3
caffeine,3949,low density lipoprotein receptor,LDLR,P01130,P01130;H0YMQ3
caffeine,3949,low density lipoprotein receptor,LDLR,P01130,P01130;H0YMQ3
caffeine,3952,leptin,LEP,P41159,P41159;A4D0Y8
caffeine,3952,leptin,LEP,P41159,P41159;A4D0Y8
caffeine,3952,leptin,LEP,P41159,P41159;A4D0Y8
caffeine,3953,leptin receptor,LEPR,P48357,P48357;Q4G138
caffeine,3953,leptin receptor,LEPR,P48357,P48357;Q4G138
caffeine,3953,leptin receptor,LEPR,P48357,P48357;Q4G138
caffeine,3957,galectin 2,LGALS2,P05162,P05162
caffeine,3978,DNA ligase 1,LIG1,P18858,P18858;A0A8V8TPH8;A0A8V8TQC4;B4DM52;F5GZ28
caffeine,3980,DNA ligase 3,LIG3,P49916,P49916;B7Z6I3
caffeine,3983,actin binding LIM protein 1,ABLIM1,O14639,O14639;A0A9L9PY99;B3KSG3;B4DQA3;B7Z4H1
caffeine,3983,actin binding LIM protein 1,ABLIM1,O14639,O14639;A0A9L9PY99;B3KSG3;B4DQA3;B7Z4H1
caffeine,3984,LIM domain kinase 1,LIMK1,P53667,P53667
caffeine,3985,LIM domain kinase 2,LIMK2,P53671,P53671
caffeine,3993,LLGL scribble cell polarity complex component 2,LLGL2,Q6P1M3,Q6P1M3;A0PJJ0;J3QRV5
caffeine,3993,LLGL scribble cell polarity complex component 2,LLGL2,Q6P1M3,Q6P1M3;A0PJJ0;J3QRV5
caffeine,4000,lamin A/C,LMNA,P02545,P02545;A0A384MQX1;H0YAB0;Q5TCI8
caffeine,4001,lamin B1,LMNB1,P20700,P20700;B4DZT3
caffeine,4001,lamin B1,LMNB1,P20700,P20700;B4DZT3
caffeine,4008,LIM domain 7,LMO7,Q8WWI1,Q8WWI1;A0A0A0MTE2;E9PMT2;F8J2B5;F8WD26
caffeine,4012,leucyl and cystinyl aminopeptidase,LNPEP,Q9UIQ6,Q9UIQ6
caffeine,4023,lipoprotein lipase,LPL,P06858,P06858;A0A1B1RVA9
caffeine,4023,lipoprotein lipase,LPL,P06858,P06858;A0A1B1RVA9
caffeine,4026,LIM domain containing preferred translocation partner in lipoma,LPP,Q93052,Q93052;B7Z871;B7Z8W0;B7ZLW0
caffeine,4034,leucine rich repeats and calponin homology domain containing 4,LRCH4,O75427,O75427;B4DYF8;H7C5D9
caffeine,4038,LDL receptor related protein 4,LRP4,O75096,O75096
caffeine,4040,LDL receptor related protein 6,LRP6,O75581,O75581;F5H7J9
caffeine,4040,LDL receptor related protein 6,LRP6,O75581,O75581;F5H7J9
caffeine,4047,lanosterol synthase,LSS,P48449,P48449;B2R694
caffeine,4059,basal cell adhesion molecule (Lutheran blood group),BCAM,P50895,P50895;A0A087WXM8
caffeine,4059,basal cell adhesion molecule (Lutheran blood group),BCAM,P50895,P50895;A0A087WXM8
caffeine,4076,cell cycle associated protein 1,CAPRIN1,Q14444,Q14444
caffeine,4076,cell cycle associated protein 1,CAPRIN1,Q14444,Q14444
caffeine,4077,NBR1 autophagy cargo receptor,NBR1,Q14596,Q14596;B7Z5R6
caffeine,4077,NBR1 autophagy cargo receptor,NBR1,Q14596,Q14596;B7Z5R6
caffeine,4082,myristoylated alanine rich protein kinase C substrate,MARCKS,P29966,P29966;Q6NVI1
caffeine,4082,myristoylated alanine rich protein kinase C substrate,MARCKS,P29966,P29966;Q6NVI1
caffeine,553420,major intrinsic protein of lens fiber b,MIPB,Q4ZJI3,Q4ZJI3
caffeine,5139,phosphodiesterase 3A,PDE3A,Q14432,Q14432
caffeine,5139,phosphodiesterase 3A,PDE3A,Q14432,Q14432
caffeine,50940,phosphodiesterase 11A,PDE11A,Q9HCR9,Q9HCR9
caffeine,50940,phosphodiesterase 11A,PDE11A,Q9HCR9,Q9HCR9
caffeine,55320,MIS18 binding protein 1,MIS18BP1,Q6P0N0,Q6P0N0
caffeine,4288,marker of proliferation Ki-67,MKI67,P46013,P46013
caffeine,51085,MLX interacting protein like,MLXIPL,Q9NP71,Q9NP71
caffeine,5151,phosphodiesterase 8A,PDE8A,O60658,O60658
caffeine,5151,phosphodiesterase 8A,PDE8A,O60658,O60658
caffeine,5158,phosphodiesterase 6B,PDE6B,P35913,P35913;B4DHV7
caffeine,5158,phosphodiesterase 6B,PDE6B,P35913,P35913;B4DHV7
caffeine,93380,membrane magnesium transporter 1,MMGT1,Q8N4V1,Q8N4V1
caffeine,4316,matrix metallopeptidase 7,MMP7,P09237,P09237
caffeine,5291,"phosphatidylinositol-4,5-bisphosphate 3-kinase catalytic subunit beta",PIK3CB,P42338,P42338;B4DER4
caffeine,5291,"phosphatidylinositol-4,5-bisphosphate 3-kinase catalytic subunit beta",PIK3CB,P42338,P42338;B4DER4
caffeine,23041,MON2 regulator of endosome-to-Golgi trafficking,MON2,Q7Z3U7,Q7Z3U7;A0A286YFF8;B7ZM73
caffeine,4343,Mov10 RNA helicase,MOV10,Q9HCE1,Q9HCE1;Q5JR04
caffeine,136647,M-phase specific PLK1 interacting protein,MPLKIP,Q8TAP9,Q8TAP9;A4D1W6
caffeine,6263,ryanodine receptor 3,RYR3,Q15413,Q15413;A0A0U1RRH1
caffeine,6263,ryanodine receptor 3,RYR3,Q15413,Q15413;A0A0U1RRH1
caffeine,6263,ryanodine receptor 3,RYR3,Q15413,Q15413;A0A0U1RRH1
caffeine,55257,MRG domain binding protein,MRGBP,Q9NV56,Q9NV56
caffeine,55052,mitochondrial ribosomal protein L20,MRPL20,Q9BYC9,Q9BYC9
caffeine,57591,myocardin related transcription factor A,MRTFA,Q969V6,Q969V6;A0A494BZX7;A0A499FIJ6;A4FUJ8;B0QY83;W0Z7M9
caffeine,6307,methylsterol monooxygenase 1,MSMO1,Q15800,Q15800
caffeine,64145,"rabenosyn, RAB effector",RBSN,Q9H1K0,Q9H1K0;A8K5H3
caffeine,23186,REST corepressor 1,RCOR1,Q9UKL0,Q9UKL0
caffeine,221035,receptor accessory protein 3,REEP3,Q6NUK4,Q6NUK4;X5DP57;X5DR89
caffeine,80346,receptor accessory protein 4,REEP4,Q9H6H4,Q9H6H4;E5RGS2
caffeine,768211,RELT like 1,RELL1,Q8IUW5,Q8IUW5
caffeine,5972,renin,REN,P00797,P00797
caffeine,5978,RE1 silencing transcription factor,REST,Q13127,Q13127;A0A1W2PQA1
caffeine,57455,RNA exonuclease 1 homolog,REXO1,Q8N1G1,Q8N1G1
caffeine,5982,replication factor C subunit 2,RFC2,P35250,P35250;A0A087WVY3;Q75MT5
caffeine,117584,ring finger and FYVE like domain containing E3 ubiquitin protein ligase,RFFL,Q8WZ73,Q8WZ73
caffeine,64864,regulatory factor X7,RFX7,Q2KHR2,Q2KHR2;A0A8C8UYX0;A0AAA9Y9D9
caffeine,400966,RANBP2 like and GRIP domain containing 1,RGPD1,P0DJD0,P0DJD0;A0A286YES2;F8VYC4
caffeine,10287,regulator of G protein signaling 19,RGS19,P49795,P49795;B4DP94
caffeine,121268,RHEB like 1,RHEBL1,Q8TAI7,Q8TAI7
caffeine,60626,RIC8 guanine nucleotide exchange factor A,RIC8A,Q9NPQ8,Q9NPQ8
caffeine,9610,Ras and Rab interactor 1,RIN1,Q13671,Q13671;A0A0S2Z4T5;A0A0S2Z4U0
caffeine,83732,RIO kinase 1,RIOK1,Q9BRS2,Q9BRS2
caffeine,8767,receptor interacting serine/threonine kinase 2,RIPK2,O43353,O43353;A0A0S2Z4Z8
caffeine,80010,RecQ mediated genome instability 1,RMI1,Q9H9A7,Q9H9A7
caffeine,84282,ring finger protein 135,RNF135,Q8IUD6,Q8IUD6;B3KV69
caffeine,727800,ring finger protein 208,RNF208,Q9H0X6,Q9H0X6
caffeine,64320,ring finger protein 25,RNF25,Q96BH1,Q96BH1
caffeine,9025,ring finger protein 8,RNF8,O76064,O76064
caffeine,9170,lysophosphatidic acid receptor 2,LPAR2,Q9HBW0,Q9HBW0
caffeine,6091,roundabout guidance receptor 1,ROBO1,Q9Y6N7,Q9Y6N7;Q1RMC8
caffeine,6118,replication protein A2,RPA2,P15927,P15927;B4DUL2
caffeine,6137,ribosomal protein L13,RPL13,P26373,P26373;A8K4C8
caffeine,6152,ribosomal protein L24,RPL24,P83731,P83731;V9HW01
caffeine,6122,ribosomal protein L3,RPL3,P39023,P39023;B3KS36;Q96QL0
caffeine,6124,ribosomal protein L4,RPL4,P36578,P36578
caffeine,6181,ribosomal protein lateral stalk subunit P2,RPLP2,P05387,P05387
caffeine,6185,ribophorin II,RPN2,P04844,P04844
caffeine,6205,ribosomal protein S11,RPS11,P62280,P62280
caffeine,6223,ribosomal protein S19,RPS19,P39019,P39019;B0ZBD0
caffeine,6223,ribosomal protein S19,RPS19,P39019,P39019;B0ZBD0
caffeine,6231,ribosomal protein S26,RPS26,P62854,P62854
caffeine,6188,ribosomal protein S3,RPS3,P23396,P23396
caffeine,6197,ribosomal protein S6 kinase A3,RPS6KA3,P51812,P51812;A0A384MDW3;B1AXG1;B4DG22;B7ZB17
caffeine,6198,ribosomal protein S6 kinase B1,RPS6KB1,P23443,P23443
caffeine,6239,ras responsive element binding protein 1,RREB1,Q92766,Q92766
caffeine,23223,ribosomal RNA processing 12 homolog,RRP12,Q5JTH9,Q5JTH9;B3KMR5
caffeine,23212,regulator of ribosome synthesis 1,RRS1,Q15050,Q15050
caffeine,84870,R-spondin 3,RSPO3,Q9BXY4,Q9BXY4
caffeine,57529,retrotransposon Gag like 9,RTL9,Q8NET4,Q8NET4
caffeine,146923,RUN domain containing 1,RUNDC1,Q96C34,Q96C34
caffeine,10069,RWD domain containing 2B,RWDD2B,P57060,P57060
caffeine,6261,ryanodine receptor 1,RYR1,P21817,P21817;A0A8I5KSR1;M0R014
caffeine,6261,ryanodine receptor 1,RYR1,P21817,P21817;A0A8I5KSR1;M0R014
caffeine,6261,ryanodine receptor 1,RYR1,P21817,P21817;A0A8I5KSR1;M0R014
caffeine,6261,ryanodine receptor 1,RYR1,P21817,P21817;A0A8I5KSR1;M0R014
caffeine,6261,ryanodine receptor 1,RYR1,P21817,P21817;A0A8I5KSR1;M0R014
caffeine,6261,ryanodine receptor 1,RYR1,P21817,P21817;A0A8I5KSR1;M0R014
caffeine,6261,ryanodine receptor 1,RYR1,P21817,P21817;A0A8I5KSR1;M0R014
caffeine,6262,ryanodine receptor 2,RYR2,Q92736,Q92736
caffeine,6284,S100 calcium binding protein A13,S100A13,Q99584,Q99584
caffeine,9667,scaffold attachment factor B2,SAFB2,Q14151,Q14151
caffeine,55095,sterile alpha motif domain containing 4B,SAMD4B,Q5PRF9,Q5PRF9;M0QZ22;Q66K25;Q8IXP7
caffeine,29115,SAP30 binding protein,SAP30BP,Q9UHR5,Q9UHR5
caffeine,23314,SATB homeobox 2,SATB2,Q9UPW6,Q9UPW6;B3KPQ9;Q59FT3
caffeine,58506,SR-related CTD associated factor 1,SCAF1,Q9H7N4,Q9H7N4
caffeine,10067,secretory carrier membrane protein 3,SCAMP3,O14828,O14828;A0AAQ5BHM9;A0AAQ5BHP8;A0AAQ5BHR3;A0AAQ5BHR7;A0AAQ5BHS3;A0AAQ5BHV0
caffeine,49855,S-phase cyclin A associated protein in the ER,SCAPER,Q9BY12,Q9BY12
caffeine,20249,stearoyl-Coenzyme A desaturase 1,SCD1,P13516,P13516;Q547C4
caffeine,10389,Scm polycomb group protein like 2,SCML2,Q9UQR0,Q9UQR0
caffeine,23513,scribble planar cell polarity protein,SCRIB,Q14160,Q14160;A0A0G2JNZ2;A0A0G2JPP5;A0PJK8
caffeine,6396,"SEC13 homolog, nuclear pore and COPII component",SEC13,P55735,P55735;A8MWR8
caffeine,9554,"SEC22 homolog B, vesicle trafficking protein",SEC22B,O75396,O75396
caffeine,11196,SEC23 interacting protein,SEC23IP,Q9Y6Y8,Q9Y6Y8;A0A994J542
caffeine,11231,SEC63 protein translocation regulator,SEC63,Q9UGP8,Q9UGP8;A0A0S2Z5M1
caffeine,57715,semaphorin 4G,SEMA4G,Q9NTN9,Q9NTN9;Q9NWU8
caffeine,205564,SUMO specific peptidase 5,SENP5,Q96HI0,Q96HI0;B2R9F5
caffeine,9739,"SET domain containing 1A, histone lysine methyltransferase",SETD1A,O15047,O15047
caffeine,26470,seizure related 6 homolog like 2,SEZ6L2,Q6UXD5,Q6UXD5;A0A087WYL5;A0A0A8K8P7;B7Z5L4
caffeine,23451,splicing factor 3b subunit 1,SF3B1,O75533,O75533;B4DGZ4
caffeine,6421,splicing factor proline and glutamine rich,SFPQ,P23246,P23246;A0A384N5Z8;Q86VG2
caffeine,6421,splicing factor proline and glutamine rich,SFPQ,P23246,P23246;A0A384N5Z8;Q86VG2
caffeine,6421,splicing factor proline and glutamine rich,SFPQ,P23246,P23246;A0A384N5Z8;Q86VG2
caffeine,119559,sideroflexin 4,SFXN4,Q6P4A7,Q6P4A7
caffeine,54557,small glutamine rich tetratricopeptide repeat co-chaperone beta,SGTB,Q96EQ0,Q96EQ0
caffeine,23616,SH3 domain binding protein 1,SH3BP1,Q9Y3L3,Q9Y3L3;A0A2X0SFX7
caffeine,30011,SH3 domain containing kinase binding protein 1,SH3KBP1,Q96B97,Q96B97;A0A8V8TNL0;A0A8V8TNT5;A0A8V8TNW8;A0A8V8TP27;A0A8V8TP33;A0A8V8TP40;A0A8V8TP63;A0A8V8TP69;A0A8V8TPM1;A0A8V8TQF6;A0A8V8TQU1;B7Z6E8;Q5JPT2;Q5JPT6
caffeine,81858,SHANK associated RH domain interactor,SHARPIN,Q9H0F6,Q9H0F6;Q6PJD5
caffeine,6461,SH2 domain containing adaptor protein B,SHB,Q15464,Q15464
caffeine,10280,sigma non-opioid intracellular receptor 1,SIGMAR1,Q99720,Q99720;A0A7P0T9D5;A0A7P0Z4C2;B4DR71
caffeine,23094,signal induced proliferation associated 1 like 3,SIPA1L3,O60292,O60292;B2RWP0
caffeine,23411,sirtuin 1,SIRT1,Q96EB6,Q96EB6;A8K128;B0QZ35;E9PC49
caffeine,23411,sirtuin 1,SIRT1,Q96EB6,Q96EB6;A8K128;B0QZ35;E9PC49
caffeine,23411,sirtuin 1,SIRT1,Q96EB6,Q96EB6;A8K128;B0QZ35;E9PC49
caffeine,51804,SIX homeobox 4,SIX4,Q9UIU6,Q9UIU6
caffeine,6498,SKI like proto-oncogene,SKIL,P12757,P12757
caffeine,6558,solute carrier family 12 member 2,SLC12A2,P55011,P55011;B7ZM24;Q53ZR1
caffeine,6566,solute carrier family 16 member 1,SLC16A1,P53985,P53985;B4DKS0
caffeine,26503,solute carrier family 17 member 5,SLC17A5,Q9NRA2,Q9NRA2
caffeine,26503,solute carrier family 17 member 5,SLC17A5,Q9NRA2,Q9NRA2
caffeine,6510,solute carrier family 1 member 5,SLC1A5,Q15758,Q15758;Q59ES3
caffeine,6576,solute carrier family 25 member 1,SLC25A1,P53007,P53007;D3DX16;D9HTE9
caffeine,6515,solute carrier family 2 member 3,SLC2A3,P11169,P11169
caffeine,6515,solute carrier family 2 member 3,SLC2A3,P11169,P11169
caffeine,55032,solute carrier family 35 member A5,SLC35A5,Q9BS91,Q9BS91;H7BXF8
caffeine,124565,solute carrier family 38 member 10,SLC38A10,Q9HBR0,Q9HBR0
caffeine,4495,metallothionein 1G,MT1G,P13640,P13640
caffeine,57504,metastasis associated 1 family member 3,MTA3,Q9BTC8,Q9BTC8;F6RRE2
caffeine,140710,microtubule crosslinking factor 2,MTCL2,O94964,O94964;X6R3R3
caffeine,113115,mitochondrial fission regulator 2,MTFR2,Q6P444,Q6P444
caffeine,64419,myotubularin related protein 14,MTMR14,Q8NCE2,Q8NCE2;Q8WYY9
caffeine,55028,mitochondrial nucleoid associated protein 1,MTNAP1,Q9BSJ5,Q9BSJ5;I3L072
caffeine,29985,solute carrier family 39 member 3,SLC39A3,Q9BRY0,Q9BRY0
caffeine,55244,solute carrier family 47 member 1,SLC47A1,Q96FL8,Q96FL8
caffeine,123264,SLC51 subunit beta,SLC51B,Q86UW2,Q86UW2
caffeine,11254,solute carrier family 6 member 14,SLC6A14,Q9UN76,Q9UN76;B2R8J1
caffeine,6531,solute carrier family 6 member 3,SLC6A3,Q01959,Q01959
caffeine,6531,solute carrier family 6 member 3,SLC6A3,Q01959,Q01959
caffeine,389015,solute carrier family 9 member A4,SLC9A4,Q6AI14,Q6AI14
caffeine,10479,solute carrier family 9 member A6,SLC9A6,Q92581,Q92581;A0A0D9SGH0;A0A1B0GV11;A0A7I2V2B0
caffeine,326845,"solute carrier organic anion transporter family, member 1D1",SLCO1D1,A0A8M9PU70,A0A8M9PU70
caffeine,9748,STE20 like kinase,SLK,Q9H2G2,Q9H2G2
caffeine,4087,SMAD family member 2,SMAD2,Q15796,Q15796;B7Z5N5;Q53XR6
caffeine,4093,SMAD family member 9,SMAD9,O15198,O15198
caffeine,56916,SNF2 related chromatin remodeling ATPase with DExD box 1,SMARCAD1,Q9H4L7,Q9H4L7
caffeine,6605,SWI/SNF related BAF chromatin remodeling complex subunit E1,SMARCE1,Q969G3,Q969G3
caffeine,23137,structural maintenance of chromosomes 5,SMC5,Q8IY18,Q8IY18
caffeine,55181,SMG8 nonsense mediated mRNA decay factor,SMG8,Q8ND04,Q8ND04
caffeine,10285,survival motor neuron domain containing 1,SMNDC1,O75940,O75940
caffeine,6525,smoothelin,SMTN,P53814,P53814;A0A087WVP4;A0A087X1R1;B4DI56;B4E229
caffeine,6621,small nuclear RNA activating complex polypeptide 4,SNAPC4,Q5SXM2,Q5SXM2
caffeine,54861,SNF related kinase,SNRK,Q9NRH2,Q9NRH2;A8K5P5;B4DHM9;E7EUC4
caffeine,6640,syntrophin alpha 1,SNTA1,Q13424,Q13424;B3KTR0
caffeine,8926,SNRPN upstream open reading frame,SNURF,Q9Y675,Q9Y675
caffeine,29907,sorting nexin 15,SNX15,Q9NRS6,Q9NRS6
caffeine,401548,sorting nexin family member 30,SNX30,Q5VWJ9,Q5VWJ9
caffeine,55084,sine oculis binding protein homolog,SOBP,A7XYQ1,A7XYQ1;Q24K27
caffeine,10580,sorbin and SH3 domain containing 1,SORBS1,Q9BX66,Q9BX66;A0A3B3IRW8;B4DTX5
caffeine,6654,SOS Ras/Rac guanine nucleotide exchange factor 1,SOS1,Q07889,Q07889;G5E9C8
caffeine,6659,SRY-box transcription factor 4,SOX4,Q06945,Q06945
caffeine,6662,SRY-box transcription factor 9,SOX9,P48436,P48436
caffeine,6662,SRY-box transcription factor 9,SOX9,P48436,P48436
caffeine,6662,SRY-box transcription factor 9,SOX9,P48436,P48436
caffeine,6670,Sp3 transcription factor,SP3,Q02447,Q02447;B7ZLN9;Q59FX5;Q86TP0
caffeine,6674,sperm associated antigen 1,SPAG1,Q07617,Q07617
caffeine,23111,spartin,SPART,Q8N0X7,Q8N0X7;A0A024RDV9
caffeine,92521,sperm antigen with calponin homology and coiled-coil domains 1,SPECC1,Q5M775,Q5M775;A0A7I2V416;A0A7I2YQJ3;A0A7P0TAS3;A0A7P0TBP2;B4DW07;B4E2A4;J3KRB9;J3KSG2
caffeine,152185,spindle and centriole associated protein 1,SPICE1,Q8N0Z3,Q8N0Z3
caffeine,9806,"SPARC (osteonectin), cwcv and kazal like domains proteoglycan 2",SPOCK2,Q92563,Q92563
caffeine,161742,sprouty related EVH1 domain containing 1,SPRED1,Q7Z699,Q7Z699
caffeine,503542,shadow of prion protein,SPRN,Q5BIV9,Q5BIV9
caffeine,84926,SPRY domain containing 3,SPRYD3,Q8NCJ5,Q8NCJ5
caffeine,6713,squalene epoxidase,SQLE,Q14534,Q14534
caffeine,6713,squalene epoxidase,SQLE,Q14534,Q14534
caffeine,6713,squalene epoxidase,SQLE,Q14534,Q14534
caffeine,8878,sequestosome 1,SQSTM1,Q13501,Q13501
caffeine,8878,sequestosome 1,SQSTM1,Q13501,Q13501
caffeine,8878,sequestosome 1,SQSTM1,Q13501,Q13501
caffeine,8878,sequestosome 1,SQSTM1,Q13501,Q13501
caffeine,8878,sequestosome 1,SQSTM1,Q13501,Q13501
caffeine,6714,"SRC proto-oncogene, non-receptor tyrosine kinase",SRC,P12931,P12931
caffeine,6720,sterol regulatory element binding transcription factor 1,SREBF1,P36956,P36956;B3KR77
caffeine,6720,sterol regulatory element binding transcription factor 1,SREBF1,P36956,P36956;B3KR77
caffeine,6721,sterol regulatory element binding transcription factor 2,SREBF2,Q12772,Q12772
caffeine,6721,sterol regulatory element binding transcription factor 2,SREBF2,Q12772,Q12772
caffeine,153443,serum response factor binding protein 1,SRFBP1,Q8NEF9,Q8NEF9
caffeine,6730,signal recognition particle 68,SRP68,Q9UHB9,Q9UHB9
caffeine,6731,signal recognition particle 72,SRP72,O76094,O76094;V9HWK0
caffeine,58477,SRP receptor subunit beta,SRPRB,Q9Y5M8,Q9Y5M8;Q549N5
caffeine,9295,serine and arginine rich splicing factor 11,SRSF11,Q05519,Q05519;Q5T757;Q5T760
caffeine,26278,sacsin molecular chaperone,SACS,Q9NZJ4,Q9NZJ4;A0A804HIQ1
caffeine,90378,sterile alpha motif domain containing 1,SAMD1,Q6SPF0,Q6SPF0
caffeine,79595,Sin3A associated protein 130,SAP130,Q9H0E3,Q9H0E3;A0A2R8YDB8;H7BXF5;Q96DP1
caffeine,9733,"spliceosome associated factor 3, U4/U6 recycling protein",SART3,Q15020,Q15020;A0A499FI31
caffeine,55206,strawberry notch homolog 1,SBNO1,A3KN83,A3KN83
caffeine,22828,SR-related CTD associated factor 8,SCAF8,Q9UPN6,Q9UPN6;A0A0A0MT33;B7Z3A4;B7Z876
caffeine,51282,SCAN domain containing 1,SCAND1,P57086,P57086;Q9NZG6
caffeine,51097,saccharopine dehydrogenase (putative),SCCPDH,Q8NBX0,Q8NBX0;A0A384NPM7
caffeine,23256,sec1 family domain containing 1,SCFD1,Q8WVM8,Q8WVM8;A0A7I2V590;B7Z5N7;B7Z738;H0YIZ7
caffeine,23256,sec1 family domain containing 1,SCFD1,Q8WVM8,Q8WVM8;A0A7I2V590;B7Z5N7;B7Z738;H0YIZ7
caffeine,6335,sodium voltage-gated channel alpha subunit 9,SCN9A,Q15858,Q15858
caffeine,6386,syndecan binding protein,SDCBP,O00560,O00560;B4DHN5;G5EA09
caffeine,9919,"SEC16 homolog A, endoplasmic reticulum export factor",SEC16A,O15027,O15027;A0A8I5KPG1;F1T0I1
caffeine,22872,"SEC31 homolog A, COPII component",SEC31A,O94979,O94979;A0A1S5UZ19;D6REX3
caffeine,57190,selenoprotein N,SELENON,Q9NZV5,Q9NZV5
caffeine,10501,semaphorin 6B,SEMA6B,Q9H3T3,Q9H3T3
caffeine,26054,SUMO specific peptidase 6,SENP6,Q9GZR1,Q9GZR1;B3KMM0;F8W6D9
caffeine,26135,SERPINE1 mRNA binding protein 1,SERBP1,Q8NC51,Q8NC51;Q5VU21
caffeine,5265,serpin family A member 1,SERPINA1,P01009,P01009;A0A024R6N5;A0A384MDQ7;E9KL23
caffeine,574036,SERTAD4 antisense RNA 1,SERTAD4-AS1,,
caffeine,29072,"SET domain containing 2, histone lysine methyltransferase",SETD2,Q9BYW2,Q9BYW2;A0A1W2PPX9
caffeine,9869,SET domain bifurcated histone lysine methyltransferase 1,SETDB1,Q15047,Q15047;A0A8I5KT93;X6R732
caffeine,10291,splicing factor 3a subunit 1,SF3A1,Q15459,Q15459
caffeine,6433,splicing factor SWAP,SFSWAP,Q12872,Q12872;Q8IV81
caffeine,81537,sphingosine-1-phosphate phosphatase 1,SGPP1,Q9BX95,Q9BX95
caffeine,10045,SH2 domain containing 3A,SH2D3A,Q9BRG2,Q9BRG2;A8K2M8
caffeine,6455,"SH3 domain containing GRB2 like 1, endophilin A2",SH3GL1,Q99961,Q99961;Q6FGM0
caffeine,285590,SH3 and PX domains 2B,SH3PXD2B,A1X283,A1X283;G3V144
caffeine,149840,shieldin complex subunit 1,SHLD1,Q8IYI0,Q8IYI0;Q5TGA6
caffeine,6478,siah E3 ubiquitin protein ligase 2,SIAH2,O43255,O43255
caffeine,6494,signal-induced proliferation-associated 1,SIPA1,Q96FS4,Q96FS4
caffeine,23410,sirtuin 3,SIRT3,Q9NTG7,Q9NTG7;E9PK80;E9PM75;E9PN58
caffeine,6497,SKI proto-oncogene,SKI,P12755,P12755
caffeine,84174,Src like adaptor 2,SLA2,Q9H6Q3,Q9H6Q3
caffeine,9990,solute carrier family 12 member 6,SLC12A6,Q9UHW9,Q9UHW9;Q6NSI7
caffeine,9120,solute carrier family 16 member 6,SLC16A6,O15403,O15403
caffeine,10560,solute carrier family 19 member 2,SLC19A2,O60779,O60779;A0A024R8Y5;A0A024R928
caffeine,6575,solute carrier family 20 member 2,SLC20A2,Q08357,Q08357;A0A384MR38;B2RBR4;B4DJ71
caffeine,51310,solute carrier family 22 member 17,SLC22A17,Q8WUG5,Q8WUG5
caffeine,91137,solute carrier family 25 member 46,SLC25A46,Q96AG3,Q96AG3;B4DY98
caffeine,6513,solute carrier family 2 member 1,SLC2A1,P11166,P11166;Q59GX2
caffeine,7779,solute carrier family 30 member 1,SLC30A1,Q9Y6M5,Q9Y6M5
caffeine,54978,solute carrier family 35 member F6,SLC35F6,Q8N357,Q8N357
caffeine,10991,solute carrier family 38 member 3,SLC38A3,Q99624,Q99624
caffeine,201266,solute carrier family 39 member 11,SLC39A11,Q8N1S5,Q8N1S5
caffeine,124935,solute carrier family 43 member 2,SLC43A2,Q8N370,Q8N370
caffeine,9497,solute carrier family 4 member 7,SLC4A7,Q9Y6M7,Q9Y6M7;B5M450;E9PFN4
caffeine,91749,solute carrier family 60 member 2,SLC60A2,Q5TF39,Q5TF39;B3KSA1
caffeine,80024,solute carrier family 8 member B1,SLC8B1,Q6J4K2,Q6J4K2
caffeine,133308,solute carrier family 9 member B2,SLC9B2,Q86UD5,Q86UD5;B7Z488;B7Z676;E9PE63
caffeine,55719,SMC5/6 complex localization factor 2,SLF2,Q8IX21,Q8IX21
caffeine,4086,SMAD family member 1,SMAD1,Q15797,Q15797
caffeine,4090,SMAD family member 5,SMAD5,Q99717,Q99717;Q68DB7
caffeine,8467,SNF2 related chromatin remodeling ATPase 5,SMARCA5,O60264,O60264
caffeine,6601,SWI/SNF related BAF chromatin remodeling complex subunit C2,SMARCC2,Q8TAQ2,Q8TAQ2;F8VXC8
caffeine,10051,structural maintenance of chromosomes 4,SMC4,Q9NTJ3,Q9NTJ3;B3KXX5;E9PD53;Q58F29
caffeine,9887,SMG7 nonsense mediated mRNA decay factor,SMG7,Q92540,Q92540;A0A8I5KSL3;A0A8I5KYV3;E9PD50;Q6TV06
caffeine,6606,"survival of motor neuron 1, telomeric",SMN1,Q16637,Q16637;B4DP61;E7EQZ4
caffeine,55627,sphingomyelin phosphodiesterase 4,SMPD4,Q9NXE4,Q9NXE4;A0A7P0TB24
caffeine,6616,synaptosome associated protein 25,SNAP25,P60880,P60880
caffeine,79753,Smad nuclear interacting protein 1,SNIP1,Q8TAD8,Q8TAD8;B1AK66
caffeine,6631,small nuclear ribonucleoprotein polypeptide C,SNRPC,P09234,P09234;Q5TAL4
caffeine,10073,snurportin 1,SNUPN,O95149,O95149
caffeine,23161,sorting nexin 13,SNX13,Q9Y5W8,Q9Y5W8;B3KN60;Q86XC4;Q9NSH0
caffeine,8724,sorting nexin 3,SNX3,O60493,O60493
caffeine,51429,sorting nexin 9,SNX9,Q9Y5X1,Q9Y5X1
caffeine,6647,superoxide dismutase 1,SOD1,P00441,P00441;V9HWC9
caffeine,6647,superoxide dismutase 1,SOD1,P00441,P00441;V9HWC9
caffeine,6651,SON DNA and RNA binding protein,SON,P18583,P18583;J3QSZ5;Q6ZRV7
caffeine,6653,sortilin related receptor 1,SORL1,Q92673,Q92673
caffeine,9580,SRY-box transcription factor 13,SOX13,Q9UN79,Q9UN79
caffeine,6668,Sp2 transcription factor,SP2,Q02086,Q02086
caffeine,9043,sperm associated antigen 9,SPAG9,O60271,O60271;Q5JB53
caffeine,26010,spermatogenesis associated serine rich 2 like,SPATS2L,Q9NUQ6,Q9NUQ6;B8ZZZ7
caffeine,80309,"SPHK1 interactor, AKAP domain containing",SPHKAP,Q2M3C7,Q2M3C7
caffeine,84501,spire type actin nucleation factor 2,SPIRE2,Q8WWL2,Q8WWL2
caffeine,6697,sepiapterin reductase,SPR,P35270,P35270
caffeine,81848,sprouty RTK signaling antagonist 4,SPRY4,Q9C004,Q9C004;A0A0C4DFS6
caffeine,55133,S1 RNA binding domain 1,SRBD1,Q8N5C6,Q8N5C6;B7Z6X7
caffeine,6722,serum response factor,SRF,P11831,P11831;B4DU24
caffeine,6723,spermidine synthase,SRM,P19623,P19623
caffeine,6733,SRSF protein kinase 2,SRPK2,P78362,P78362;A0A994J591;C9J2M4
caffeine,6426,serine and arginine rich splicing factor 1,SRSF1,Q07955,Q07955;Q59FA2
caffeine,6281,S100 calcium binding protein A10,S100A10,P60903,P60903
caffeine,6294,scaffold attachment factor B,SAFB,Q15424,Q15424;B7Z2F6;B7ZLP5
caffeine,23034,sterile alpha motif domain containing 4A,SAMD4A,Q9UPU9,Q9UPU9;G3V2R1;Q8WW19
caffeine,10284,Sin3A associated protein 18,SAP18,O00422,O00422
caffeine,23328,SAM and SH3 domain containing 1,SASH1,O94885,O94885
caffeine,6309,sterol-C5-desaturase,SC5D,O75845,O75845
caffeine,9522,secretory carrier membrane protein 1,SCAMP1,O15126,O15126;A0A087WXB0;B4E2V7
caffeine,22937,SREBF chaperone,SCAP,Q12770,Q12770;B7Z6H0
caffeine,6319,stearoyl-CoA desaturase,SCD,O00767,O00767
caffeine,6342,sterol carrier protein 2,SCP2,P22307,P22307;A0A384NY87;B2R761;E9PLD1;Q59HG9
caffeine,27111,syndecan binding protein 2,SDCBP2,Q9H190,Q9H190
caffeine,89866,"SEC16 homolog B, endoplasmic reticulum export factor",SEC16B,Q96JE7,Q96JE7;E9PK14
caffeine,10484,"SEC23 homolog A, COPII component",SEC23A,Q15436,Q15436
caffeine,10952,SEC61 translocon subunit beta,SEC61B,P60468,P60468
caffeine,10509,semaphorin 4B,SEMA4B,Q9NPR2,Q9NPR2
caffeine,26168,SUMO specific peptidase 3,SENP3,Q9H4L4,Q9H4L4
caffeine,22928,selenophosphate synthetase 2,SEPHS2,Q99611,Q99611
caffeine,10955,serine incorporator 3,SERINC3,Q13530,Q13530
caffeine,27244,sestrin 1,SESN1,Q9Y6P5,Q9Y6P5
caffeine,84193,"SET domain containing 3, actin N3(tau)-histidine methyltransferase",SETD3,Q86TU7,Q86TU7
caffeine,23064,senataxin,SETX,Q7Z333,Q7Z333
caffeine,10946,splicing factor 3a subunit 3,SF3A3,Q12874,Q12874;B4DW90
caffeine,81855,sideroflexin 3,SFXN3,Q9BWM7,Q9BWM7;B4DRS6
caffeine,27352,small G protein signaling modulator 3,SGSM3,Q96HU1,Q96HU1;B4DVE3;B9A6J5
caffeine,400745,SH2 domain containing 5,SH2D5,Q6ZV89,Q6ZV89
caffeine,56904,"SH3 domain containing GRB2 like, endophilin B2",SH3GLB2,Q9NR46,Q9NR46;B7ZC38;B7ZC39
caffeine,22941,SH3 and multiple ankyrin repeat domains 2,SHANK2,Q9UPX8,Q9UPX8;A0A590UJ45;A6NHU9
caffeine,134549,shroom family member 1,SHROOM1,Q2M3G4,Q2M3G4;A6NN40
caffeine,59307,single Ig and TIR domain containing,SIGIRR,Q6IA17,Q6IA17;C9JFX4;H0YDF8;H0YDR5
caffeine,26037,signal induced proliferation associated 1 like 1,SIPA1L1,O43166,O43166
caffeine,27240,signaling threshold regulating transmembrane adaptor 1,SIT1,Q9Y3P8,Q9Y3P8
caffeine,6499,SKI2 subunit of superkiller complex,SKIC2,Q15477,Q15477;A0A1U9X8J1;A0A8V8TLC0;H7C5N0
caffeine,57606,SLAIN motif family member 2,SLAIN2,Q9P270,Q9P270;A0A024R9T6
caffeine,6505,solute carrier family 1 member 1,SLC1A1,P43005,P43005
caffeine,9962,solute carrier family 23 member 2,SLC23A2,Q9UGH3,Q9UGH3;A0A140VK48
caffeine,81031,solute carrier family 2 member 10,SLC2A10,O95528,O95528
caffeine,148867,solute carrier family 30 member 7,SLC30A7,Q8NEW0,Q8NEW0
caffeine,80723,solute carrier family 35 member G2,SLC35G2,Q8TBE7,Q8TBE7
caffeine,23648,single stranded DNA binding protein 3,SSBP3,Q9BWW4,Q9BWW4;Q9NW25
caffeine,10846,phosphodiesterase 10A,PDE10A,Q9Y233,Q9Y233;A0A1B1UZQ1;A0A1B1UZR0
caffeine,5144,phosphodiesterase 4D,PDE4D,Q08499,Q08499;A0A140VJR0;A0A1B0GW84
caffeine,5138,phosphodiesterase 2A,PDE2A,O00408,O00408;Q8IW54
caffeine,5146,phosphodiesterase 6C,PDE6C,P51160,P51160
caffeine,8622,phosphodiesterase 8B,PDE8B,O95263,O95263;A0A2R8Y4E6;B3KN77
caffeine,5142,phosphodiesterase 4B,PDE4B,Q07343,Q07343;Q59GM8;X5DNX5;X5DR82
caffeine,5142,phosphodiesterase 4B,PDE4B,Q07343,Q07343;Q59GM8;X5DNX5;X5DR82
caffeine,5142,phosphodiesterase 4B,PDE4B,Q07343,Q07343;Q59GM8;X5DNX5;X5DR82
caffeine,5142,phosphodiesterase 4B,PDE4B,Q07343,Q07343;Q59GM8;X5DNX5;X5DR82
caffeine,5293,"phosphatidylinositol-4,5-bisphosphate 3-kinase catalytic subunit delta",PIK3CD,O00329,O00329;A0A2K8FKV1;A0A8V8TM62;A7E2E0;B7ZM44
caffeine,5293,"phosphatidylinositol-4,5-bisphosphate 3-kinase catalytic subunit delta",PIK3CD,O00329,O00329;A0A2K8FKV1;A0A8V8TM62;A7E2E0;B7ZM44
caffeine,58191,C-X-C motif chemokine ligand 16,CXCL16,Q9H2A7,Q9H2A7
caffeine,80777,cytochrome b5 type B,CYB5B,O43169,O43169
caffeine,23191,cytoplasmic FMR1 interacting protein 1,CYFIP1,Q7L576,Q7L576
caffeine,2768720,Cytochrome P450 12d1 distal,CYP12D1-D,Q7KR10,Q7KR10
caffeine,13079,"cytochrome P450, family 21, subfamily a, polypeptide 1",CYP21A1,P03940,P03940;A0A0R4J048;Q3UJ92
caffeine,13079,"cytochrome P450, family 21, subfamily a, polypeptide 1",CYP21A1,P03940,P03940;A0A0R4J048;Q3UJ92
caffeine,28971,adipogenesis associated Mth938 domain containing,AAMDC,Q9H7C9,Q9H7C9;E9PLK9;E9PNP3;E9PR47;K4DI89
caffeine,10152,abl interactor 2,ABI2,Q9NYB9,Q9NYB9;A0A0C4DG21;A0A7D9NKC8;B7Z836;E9PEZ7;F8WAL6
caffeine,84142,"abraxas 1, BRCA1 A complex subunit",ABRAXAS1,Q6UWZ7,Q6UWZ7
caffeine,59272,angiotensin converting enzyme 2,ACE2,Q9BYF1,Q9BYF1;A0A7I2V4H0
caffeine,51412,actin like 6B,ACTL6B,O94805,O94805
caffeine,10121,actin related protein 1A,ACTR1A,P61163,P61163;A0A384NQ21;B4DXP9
caffeine,57211,adhesion G protein-coupled receptor G6,ADGRG6,Q86SQ4,Q86SQ4
caffeine,23394,activity dependent neuroprotector homeobox,ADNP,Q9H2P0,Q9H2P0;A0A2R8Y6X0;A0A669KBJ7;Q6DHZ8
caffeine,79841,AGBL carboxypeptidase 2,AGBL2,Q5U5Z8,Q5U5Z8;A0A140VKH9
caffeine,27161,argonaute RISC catalytic component 2,AGO2,Q9UKV8,Q9UKV8
caffeine,27245,AT-hook DNA binding motif containing 1,AHDC1,Q5TGY3,Q5TGY3
caffeine,389813,apical junction component 1 homolog,AJM1,C9J069,C9J069
caffeine,11215,A-kinase anchoring protein 11,AKAP11,Q9UKA4,Q9UKA4
caffeine,10142,A-kinase anchoring protein 9,AKAP9,Q99996,Q99996;A0A2R8Y590;Q5GIA7;Q6PJH3
caffeine,4329,aldehyde dehydrogenase 6 family member A1,ALDH6A1,Q02252,Q02252;A0A024R6G4
caffeine,64682,anaphase promoting complex subunit 1,ANAPC1,Q9H1A4,Q9H1A4
caffeine,794315,actinodin1,AND1,E7F5V5,E7F5V5
caffeine,154664,ATP binding cassette subfamily A member 13,ABCA13,Q86UQ4,Q86UQ4
caffeine,7920,"abhydrolase domain containing 16A, phospholipase",ABHD16A,O95870,O95870;A0A1U9X777;B3KNX9
caffeine,23172,"abraxas 2, BRISC complex subunit",ABRAXAS2,Q15018,Q15018
caffeine,91452,acyl-CoA binding domain containing 5,ACBD5,Q5T8D3,Q5T8D3;A0A7I2V2M2;A0A7I2V347;A0A7I2V556;A0A7I2V690;A0A7I2YQE9;B7Z2A7;B7Z2R7;B7Z9D0
caffeine,22985,apoptotic chromatin condensation inducer 1,ACIN1,Q9UKV3,Q9UKV3;B4DQZ7;E7EQT4;S4R3H4
caffeine,22985,apoptotic chromatin condensation inducer 1,ACIN1,Q9UKV3,Q9UKV3;B4DQZ7;E7EQT4;S4R3H4
caffeine,641371,acyl-CoA thioesterase 1,ACOT1,Q86TX2,Q86TX2;E9KL42
caffeine,284325,actin maturation protease,ACTMAP,Q5BKX5,Q5BKX5
caffeine,22859,adhesion G protein-coupled receptor L1,ADGRL1,O94910,O94910
caffeine,121536,AE binding protein 2,AEBP2,Q6ZN18,Q6ZN18
caffeine,27125,ALF transcription elongation factor 4,AFF4,Q9UHB7,Q9UHB7
caffeine,79026,AHNAK nucleoprotein,AHNAK,Q09666,Q09666;B4DTV0;Q9BVU3
caffeine,84962,ajuba LIM protein,AJUBA,Q96IF1,Q96IF1
caffeine,9590,A-kinase anchoring protein 12,AKAP12,Q02952,Q02952;Q86TJ9
caffeine,55122,akirin 2,AKIRIN2,Q53H80,Q53H80;Q9NW35
caffeine,84335,AKT1 substrate 1,AKT1S1,Q96B36,Q96B36
caffeine,54890,"alkB homolog 5, RNA demethylase",ALKBH5,Q6P6C2,Q6P6C2
caffeine,57679,alsin Rho guanine nucleotide exchange factor ALS2,ALS2,Q96Q42,Q96Q42;A0A7P0T8F3;A0A7P0Z4I4;A8K4R4
caffeine,83607,AMMECR1 like,AMMECR1L,Q6DCA0,Q6DCA0;A0A7P0T9C2;A0A7P0TAB6;A0A7P0Z454
caffeine,29882,anaphase promoting complex subunit 2,ANAPC2,Q9UJX6,Q9UJX6
caffeine,566702,actinodin2,AND2,A9JRX1,A9JRX1
caffeine,80755,alanyl-tRNA synthetase domain containing 1,AARSD1,Q9BTE6,Q9BTE6
caffeine,5244,ATP binding cassette subfamily B member 4,ABCB4,P21439,P21439
caffeine,8714,ATP binding cassette subfamily C member 3,ABCC3,O15438,O15438;Q86VN9
caffeine,11057,"abhydrolase domain containing 2, acylglycerol lipase",ABHD2,P08910,P08910;A0A024RC89
caffeine,25841,ankyrin repeat and BTB domain containing 2,ABTB2,Q8N961,Q8N961
caffeine,65057,ACD shelterin complex subunit and telomerase recruitment factor,ACD,Q96AP0,Q96AP0;A0A8Q3WM11
caffeine,55902,acyl-CoA synthetase short chain family member 2,ACSS2,Q9NR19,Q9NR19;Q4G0E8;Q6DKJ3;Q96FY7
caffeine,345651,actin beta like 2,ACTBL2,Q562R1,Q562R1
caffeine,23536,adenosine deaminase tRNA specific 1,ADAT1,Q9BUB4,Q9BUB4
caffeine,23266,adhesion G protein-coupled receptor L2,ADGRL2,O95490,O95490;A0A6I8PIV6;A0A6I8PLG0;A0A6I8PTT2;A0A8I5KUX3
caffeine,4301,"afadin, adherens junction formation factor",AFDN,P55196,P55196;A0A1P7ZIN0;A0A804HJ20;A8MQ02;G1UI22;J3KN01
caffeine,54812,aftiphilin,AFTPH,Q6ULP2,Q6ULP2;A0A8Q3SI61;A0A8Q3SIA4;A0A8Q3WKU6;A0A8Q3WM48;Q53GW0
caffeine,11607,"angiotensin II receptor, type 1a",AGTR1A,P29754,P29754
caffeine,11607,"angiotensin II receptor, type 1a",AGTR1A,P29754,P29754
caffeine,25909,AT-hook containing transcription factor 1,AHCTF1,Q8WYP5,Q8WYP5
caffeine,83543,allograft inflammatory factor 1 like,AIF1L,Q9BQI0,Q9BQI0
caffeine,8165,A-kinase anchoring protein 1,AKAP1,Q92667,Q92667;A0A140VK05;B4DN86
caffeine,11214,A-kinase anchoring protein 13,AKAP13,Q12802,Q12802;A8MYJ1;B0AZU4
caffeine,80709,AT-hook transcription factor,AKNA,Q7Z591,Q7Z591;Q64FY1
caffeine,5832,aldehyde dehydrogenase 18 family member A1,ALDH18A1,P54886,P54886
caffeine,5832,aldehyde dehydrogenase 18 family member A1,ALDH18A1,P54886,P54886
caffeine,7840,ALMS1 centrosome and basal body associated protein,ALMS1,Q8TCU4,Q8TCU4
caffeine,7840,ALMS1 centrosome and basal body associated protein,ALMS1,Q8TCU4,Q8TCU4
caffeine,10189,Aly/REF export factor,ALYREF,Q86V81,Q86V81;E9PB61
caffeine,51421,angiomotin like 2,AMOTL2,Q9Y2J4,Q9Y2J4
caffeine,29945,anaphase promoting complex subunit 4,ANAPC4,Q9UJX5,Q9UJX5;B3KN47
caffeine,54946,solute carrier family 41 member 3,SLC41A3,Q96GZ6,Q96GZ6
caffeine,146802,solute carrier family 47 member 2,SLC47A2,Q86VL8,Q86VL8
caffeine,55117,solute carrier family 6 member 15,SLC6A15,Q9H2J7,Q9H2J7;A0A7P0T8I1;Q8IXG2;Q9NW50
caffeine,55117,solute carrier family 6 member 15,SLC6A15,Q9H2J7,Q9H2J7;A0A7P0T8I1;Q8IXG2;Q9NW50
caffeine,6535,solute carrier family 6 member 8,SLC6A8,P48029,P48029;Q59EV7;X5D9C4
caffeine,84679,solute carrier family 9 member A7,SLC9A7,Q96T83,Q96T83;A0A087WXD1
caffeine,28231,solute carrier organic anion transporter family member 4A1,SLCO4A1,Q96BD0,Q96BD0
caffeine,7871,sarcolemma associated protein,SLMAP,Q14BN4,Q14BN4;A0A590UJK3;A0A590UJS6;A0A5F9VB99;A0A994J5K5;B7Z6C7;B7Z863;B7Z964;H7C3M8;H7C5G9
caffeine,84464,SLX4 structure-specific endonuclease subunit,SLX4,Q8IY92,Q8IY92
caffeine,4088,SMAD family member 3,SMAD3,P84022,P84022;A0AAQ5BHI7;H3BQ00;Q9P0T0
caffeine,4088,SMAD family member 3,SMAD3,P84022,P84022;A0AAQ5BHI7;H3BQ00;Q9P0T0
caffeine,6594,SNF2 related chromatin remodeling ATPase 1,SMARCA1,P28370,P28370;A0A0A0MRP6;B7ZLQ5
caffeine,50485,SNF2 related chromatin remodeling annealing helicase 1,SMARCAL1,Q9NZC9,Q9NZC9
caffeine,8243,structural maintenance of chromosomes 1A,SMC1A,Q14683,Q14683;A0A384MR33;G8JLG1;Q68EN4
caffeine,140775,SMCR8-C9orf72 complex subunit,SMCR8,Q8TEV9,Q8TEV9
caffeine,56006,SMG9 nonsense mediated mRNA decay factor,SMG9,Q9H0W8,Q9H0W8
caffeine,54498,spermine oxidase,SMOX,Q9NWM0,Q9NWM0
caffeine,64750,SMAD specific E3 ubiquitin protein ligase 2,SMURF2,Q9HAU4,Q9HAU4;Q96DE7
caffeine,23557,SNAP associated protein,SNAPIN,O95295,O95295
caffeine,23020,small nuclear ribonucleoprotein U5 subunit 200,SNRNP200,O75643,O75643
caffeine,6641,syntrophin beta 1,SNTB1,Q13884,Q13884
caffeine,22938,SNW domain containing 1,SNW1,Q13573,Q13573;G3V3A4
caffeine,9784,sorting nexin 17,SNX17,Q15036,Q15036;B4DDM3;B4DQ37;B4DTB8
caffeine,257364,sorting nexin 33,SNX33,Q8WV41,Q8WV41
caffeine,9306,suppressor of cytokine signaling 6,SOCS6,O14544,O14544
caffeine,6648,superoxide dismutase 2,SOD2,P04179,P04179;A0A384NL29;G5E9P6;Q96AM7
caffeine,6648,superoxide dismutase 2,SOD2,P04179,P04179;A0A384NL29;G5E9P6;Q96AM7
caffeine,8470,sorbin and SH3 domain containing 2,SORBS2,O94875,O94875;A0A8Q3WKF2;A0A8Q3WKH1;A0A8Q3WKK4;B7Z3D7;B7Z997
caffeine,134548,sosondowah ankyrin repeat domain family member A,SOWAHA,Q2M3V2,Q2M3V2
caffeine,134548,sosondowah ankyrin repeat domain family member A,SOWAHA,Q2M3V2,Q2M3V2
caffeine,6660,SRY-box transcription factor 5,SOX5,P35711,P35711;F5H0I3;T2CYZ2
caffeine,6667,Sp1 transcription factor,SP1,P08047,P08047
caffeine,6671,Sp4 transcription factor,SP4,Q02446,Q02446;A0A3B3IRW4;Q32M51
caffeine,10615,sperm associated antigen 5,SPAG5,Q96R06,Q96R06
caffeine,6683,spastin,SPAST,Q9UBP0,Q9UBP0;A0A2R8Y4I8;A0A2R8YFW8;A0A2U3TZR0;E5KRP5;E5KRP6
caffeine,23384,sperm antigen with calponin homology and coiled-coil domains 1 like,SPECC1L,Q69YQ0,Q69YQ0;B2RMV2
caffeine,144097,spindlin interactor and repressor of chromatin binding,SPINDOC,Q9BUA3,Q9BUA3
caffeine,6696,secreted phosphoprotein 1,SPP1,P10451,P10451;B7Z351;Q3LGB0
caffeine,6696,secreted phosphoprotein 1,SPP1,P10451,P10451;B7Z351;Q3LGB0
caffeine,200734,sprouty related EVH1 domain containing 2,SPRED2,Q7Z698,Q7Z698;B3KPL5
caffeine,83932,SprT-like N-terminal domain,SPRTN,Q9H040,Q9H040
caffeine,6709,"spectrin alpha, non-erythrocytic 1",SPTAN1,Q13813,Q13813;A0A0D9SF54;A0A0D9SFF6;A0A0D9SGF6;A0A384P5S9;A0A994J6W3
caffeine,10847,Snf2 related CREBBP activator protein,SRCAP,Q6ZRS2,Q6ZRS2
caffeine,140890,splicing regulatory glutamic acid and lysine rich protein 1,SREK1,Q8WXA9,Q8WXA9
caffeine,57522,SLIT-ROBO Rho GTPase activating protein 1,SRGAP1,Q7Z6B7,Q7Z6B7
caffeine,6726,signal recognition particle 9,SRP9,P49458,P49458
caffeine,10250,serine and arginine repetitive matrix 1,SRRM1,Q8IYB3,Q8IYB3;A0A0S2Z4W1;A0A0S2Z4Z6;A0A994J4Y3;A0A994J7H1;A0A994J7V4;B7Z7U0
caffeine,22848,AP2 associated kinase 1,AAK1,Q2M2I8,Q2M2I8;E9PG46
caffeine,6427,serine and arginine rich splicing factor 2,SRSF2,Q01130,Q01130;Q53FN0
caffeine,6427,serine and arginine rich splicing factor 2,SRSF2,Q01130,Q01130;Q53FN0
caffeine,9625,apoptosis associated tyrosine kinase,AATK,Q6ZMQ8,Q6ZMQ8;H7C175
caffeine,4363,ATP binding cassette subfamily C member 1 (ABCC1 blood group),ABCC1,P33527,P33527;A0A7I2V2E0
caffeine,10257,ATP binding cassette subfamily C member 4 (PEL blood group),ABCC4,O15439,O15439;A8K2Q2
caffeine,10006,abl interactor 1,ABI1,Q8IZP0,Q8IZP0;A0A0A0MRT6;B6VEX3;B6VEX4;B6VEX5
caffeine,11096,ADAM metallopeptidase with thrombospondin type 1 motif 5,ADAMTS5,Q9UNA0,Q9UNA0
caffeine,79602,adiponectin receptor 2,ADIPOR2,Q86V24,Q86V24
caffeine,11047,ADRM1 26S proteasome ubiquitin receptor,ADRM1,Q16186,Q16186;A0A087WX59
caffeine,4299,ALF transcription elongation factor 1,AFF1,P51825,P51825;B4DJU9;Q14C88
caffeine,116986,"ArfGAP with GTPase domain, ankyrin repeat and PH domain 2",AGAP2,Q99490,Q99490
caffeine,55109,angiogenic factor with G-patch and FHA domains 1,AGGF1,Q8N302,Q8N302
caffeine,9049,AHR interacting HSP90 co-chaperone,AIP,O00170,O00170;A0A804HJ38;A0A804HKL7
caffeine,11216,A-kinase anchoring protein 10,AKAP10,O43572,O43572;A0A0S2Z4Z7;A0A0S2Z513;E7EMD6
caffeine,8227,A-kinase anchoring protein 17A,AKAP17A,Q02040,Q02040;Q05DA9
caffeine,10327,aldo-keto reductase family 1 member A1,AKR1A1,P14550,P14550;V9HWI0
caffeine,64400,AKT interacting protein,AKTIP,Q9H8T0,Q9H8T0
caffeine,8659,aldehyde dehydrogenase 4 family member A1,ALDH4A1,P30038,P30038;A0A024RAC7
caffeine,139285,APC membrane recruitment protein 1,AMER1,Q5JTC6,Q5JTC6
caffeine,51433,anaphase promoting complex subunit 5,ANAPC5,Q9UJX4,Q9UJX4;F5H0F9
caffeine,55238,solute carrier family 38 member 7,SLC38A7,Q9NVC3,Q9NVC3;H3BMC5
caffeine,8501,solute carrier family 43 member 1,SLC43A1,O75387,O75387;B3KNL1
caffeine,6522,solute carrier family 4 member 2,SLC4A2,P04920,P04920;Q59GF1
caffeine,160728,solute carrier family 5 member 8,SLC5A8,Q8N695,Q8N695
caffeine,84138,solute carrier family 7 member 6 opposite strand,SLC7A6OS,Q96CW6,Q96CW6
caffeine,23315,solute carrier family 9 member A8,SLC9A8,Q9Y2E8,Q9Y2E8;B4DIX7
caffeine,353189,solute carrier organic anion transporter family member 4C1,SLCO4C1,Q6ZQN7,Q6ZQN7
caffeine,79811,SAFB like transcription modulator,SLTM,Q9NWH9,Q9NWH9
caffeine,85395,SLX9 ribosome biogenesis factor,SLX9,Q9NSI2,Q9NSI2
caffeine,6595,SWI/SNF related BAF chromatin remodeling complex subunit ATPase 2,SMARCA2,P51531,P51531;B1ALF6;B4DNT1;B4DSC8;F6T8Q0;F6VDE0;Q56A76;Q8N9Q1
caffeine,6597,SWI/SNF related BAF chromatin remodeling complex subunit ATPase 4,SMARCA4,P51532,P51532;A0A2R8Y7S2;A7E2E1;B3KNW7;Q9HBD4
caffeine,6599,SWI/SNF related BAF chromatin remodeling complex subunit C1,SMARCC1,Q92922,Q92922;Q58EY4
caffeine,9126,structural maintenance of chromosomes 3,SMC3,Q9UQE7,Q9UQE7
caffeine,23049,SMG1 nonsense mediated mRNA decay associated PI3K related kinase,SMG1,Q96Q15,Q96Q15
caffeine,388588,small integral membrane protein 1 (Vel blood group),SMIM1,B2RUZ4,B2RUZ4;M4WDD3
caffeine,55512,sphingomyelin phosphodiesterase 3,SMPD3,Q9NY59,Q9NY59;A8K0T6
caffeine,8773,synaptosome associated protein 23,SNAP23,O00161,O00161;A8K287
caffeine,27044,staphylococcal nuclease and tudor domain containing 1,SND1,Q7KZF4,Q7KZF4;A0A140VK49
caffeine,9410,small nuclear ribonucleoprotein U5 subunit 40,SNRNP40,Q96DI7,Q96DI7;A0MNP2
caffeine,6627,small nuclear ribonucleoprotein polypeptide A',SNRPA1,P09661,P09661
caffeine,6645,syntrophin beta 2,SNTB2,Q13425,Q13425
caffeine,6642,sorting nexin 1,SNX1,Q13596,Q13596
caffeine,6643,sorting nexin 2,SNX2,O60749,O60749
caffeine,29886,sorting nexin 8,SNX8,Q9Y5X2,Q9Y5X2
caffeine,10174,sorbin and SH3 domain containing 3,SORBS3,O60504,O60504
caffeine,6672,SP100 nuclear antigen,SP100,P23497,P23497
caffeine,389058,Sp5 transcription factor,SP5,Q6BEB4,Q6BEB4
caffeine,9552,sperm associated antigen 7,SPAG7,O75391,O75391
caffeine,132671,spermatogenesis associated 18,SPATA18,Q8TC71,Q8TC71;A0A140VKF4
caffeine,23013,spen family transcriptional repressor,SPEN,Q96T58,Q96T58
caffeine,56907,spire type actin nucleation factor 1,SPIRE1,Q08AE8,Q08AE8;J3KNG6
caffeine,10252,sprouty RTK signaling antagonist 1,SPRY1,O43609,O43609
caffeine,6711,"spectrin beta, non-erythrocytic 1",SPTBN1,Q01082,Q01082;B2ZZ89
caffeine,149563,steroid receptor associated and regulated protein,SRARP,Q8NEQ6,Q8NEQ6
caffeine,80725,SRC kinase signaling inhibitor 1,SRCIN1,Q9C0H9,Q9C0H9
caffeine,285672,SREK1 interacting protein 1,SREK1IP1,Q8N9Q2,Q8N9Q2
caffeine,23380,SLIT-ROBO Rho GTPase activating protein 2,SRGAP2,O75044,O75044;A0A075B7B5;A0A1S5UZH8;B4DFE5;B7Z3G4;B7ZM87
caffeine,6732,SRSF protein kinase 1,SRPK1,Q96SB4,Q96SB4
caffeine,23524,serine/arginine repetitive matrix 2,SRRM2,Q9UQ35,Q9UQ35;A0A140VK53
caffeine,92154,MTSS I-BAR domain containing 2,MTSS2,Q765P7,Q765P7
caffeine,80198,MUS81 structure-specific endonuclease subunit,MUS81,Q96NY9,Q96NY9;Q53ES5
caffeine,4597,mevalonate diphosphate decarboxylase,MVD,P53602,P53602
caffeine,4605,MYB proto-oncogene like 2,MYBL2,P10244,P10244
caffeine,23077,MYC binding protein 2,MYCBP2,O75592,O75592
caffeine,4638,myosin light chain kinase,MYLK,Q15746,Q15746;A0A8I5KTQ1;A0A8I5KU53;Q05B97;Q05B98
caffeine,80179,myosin XIX,MYO19,Q96H55,Q96H55;B4E218;B7Z1T7
caffeine,4645,myosin VB,MYO5B,Q9ULV0,Q9ULV0;Q7Z7A5
caffeine,4649,myosin IXA,MYO9A,B2RTY4,B2RTY4
caffeine,9683,NEDD4 binding protein 1,N4BP1,O75113,O75113
caffeine,4665,NGFI-A binding protein 2,NAB2,Q15742,Q15742
caffeine,92345,nuclear assembly factor 1 ribonucleoprotein,NAF1,Q96HR8,Q96HR8
caffeine,65065,neurobeachin like 1,NBEAL1,Q6ZS30,Q6ZS30;A0A804HKS6
caffeine,23218,neurobeachin like 2,NBEAL2,Q6ZNJ1,Q6ZNJ1;A0A494C1V1
caffeine,23310,non-SMC condensin II complex subunit D3,NCAPD3,P42695,P42695;A0A8I5KT00
caffeine,23154,neurochondrin,NCDN,Q9UBB6,Q9UBB6
caffeine,8202,nuclear receptor coactivator 3,NCOA3,Q9Y6Q9,Q9Y6Q9;Q59EE8
caffeine,9612,nuclear receptor corepressor 2,NCOR2,Q9Y618,Q9Y618;C9J0Q5;C9JE98
caffeine,10397,N-myc downstream regulated 1,NDRG1,Q92597,Q92597;Q8N959
caffeine,4724,NADH:ubiquinone oxidoreductase subunit S4,NDUFS4,O43181,O43181;A0A0S2Z433
caffeine,121441,NEDD1 gamma-tubulin ring complex targeting factor,NEDD1,Q8NHV4,Q8NHV4;A8K1Z3
caffeine,252969,nei like DNA glycosylase 2,NEIL2,Q969S2,Q969S2
caffeine,10783,NIMA related kinase 6,NEK6,Q9HC98,Q9HC98
caffeine,7469,negative elongation factor complex member A,NELFA,Q9H3P2,Q9H3P2;A0A0C4DFX9
caffeine,10825,neuraminidase 3,NEU3,Q9UQ49,Q9UQ49;B4E0V4;E9PI40;E9PMZ3;E9PNK1;E9PR25
caffeine,4773,nuclear factor of activated T cells 2,NFATC2,Q13469,Q13469;B5B2P4
caffeine,4784,nuclear factor I X,NFIX,Q14938,Q14938;B4DHW2;D2DXM9
caffeine,4792,NFKB inhibitor alpha,NFKBIA,P25963,P25963
caffeine,4800,nuclear transcription factor Y subunit alpha,NFYA,P23511,P23511
caffeine,9351,NHERF family PDZ scaffold protein 2,NHERF2,Q15599,Q15599;H3BQS0
caffeine,84365,nucleolar protein interacting with the FHA domain of MKI67,NIFK,Q9BYG3,Q9BYG3
caffeine,11188,nischarin,NISCH,Q9Y2I1,Q9Y2I1;C9J715
caffeine,11188,nischarin,NISCH,Q9Y2I1,Q9Y2I1;C9J715
caffeine,4829,neuromedin B receptor,NMBR,P28336,P28336
caffeine,4836,N-myristoyltransferase 1,NMT1,P30419,P30419
caffeine,64318,NOC3 like DNA replication regulator,NOC3L,Q8WTT2,Q8WTT2
caffeine,55035,nucleolar protein 8,NOL8,Q76FK4,Q76FK4;A6H8Z4
caffeine,4839,NOP2 nucleolar protein,NOP2,P46087,P46087
caffeine,29997,NOP53 ribosome biogenesis factor,NOP53,Q9NZM5,Q9NZM5
caffeine,4843,nitric oxide synthase 2,NOS2,P35228,P35228
caffeine,4843,nitric oxide synthase 2,NOS2,P35228,P35228
caffeine,4851,notch receptor 1,NOTCH1,P46531,P46531
caffeine,4868,"NPHS1 adhesion molecule, nephrin",NPHS1,O60500,O60500
caffeine,4868,"NPHS1 adhesion molecule, nephrin",NPHS1,O60500,O60500
caffeine,4869,nucleophosmin 1,NPM1,P06748,P06748;A0A0S2Z491;A0A0S2Z4G7;A0A140VJQ2;E5RI98
caffeine,4879,natriuretic peptide B,NPPB,P16860,P16860
caffeine,29982,nuclear receptor binding factor 2,NRBF2,Q96F24,Q96F24
caffeine,8829,neuropilin 1,NRP1,O14786,O14786;A8K9V7;E9PEP6;Q59F20;Q6X907
caffeine,51129,angiopoietin like 4,ANGPTL4,Q9BY76,Q9BY76
caffeine,23141,ankyrin repeat and LEM domain containing 2,ANKLE2,Q86XL3,Q86XL3
caffeine,26057,ankyrin repeat domain 17,ANKRD17,O75179,O75179
caffeine,57182,ankyrin repeat domain 50,ANKRD50,Q9ULJ7,Q9ULJ7;Q8TB46
caffeine,84168,ANTXR cell adhesion molecule 1,ANTXR1,Q9H6X2,Q9H6X2;H0YC24;Q53FL1;Q96EC6
caffeine,164668,apolipoprotein B mRNA editing enzyme catalytic subunit 3H,APOBEC3H,Q6NTF7,Q6NTF7;A0A087WZI3;B7TQM3;B7TQM4;B7TQM8;B7TQM9
caffeine,55937,apolipoprotein M,APOM,O95445,O95445;A0A1U9X793
caffeine,55738,ARF GTPase activating protein 1,ARFGAP1,Q8N6T3,Q8N6T3;Q53F62
caffeine,10564,ARF guanine nucleotide exchange factor 2,ARFGEF2,Q9Y6D5,Q9Y6D5;A0A7P0T7Z2;Q59FR3;Q86TH5
caffeine,55082,arginine and glutamate rich 1,ARGLU1,Q9NWB6,Q9NWB6
caffeine,55114,Rho GTPase activating protein 17,ARHGAP17,Q68EM7,Q68EM7
caffeine,9411,Rho GTPase activating protein 29,ARHGAP29,Q52LW3,Q52LW3;A0A2X0U4J5
caffeine,23526,Rho GTPase activating protein 45,ARHGAP45,Q92619,Q92619;B3KVA9;B3KXW7;F5H1R4;K7ES92;K7ES98;Q8IYN3
caffeine,55160,Rho guanine nucleotide exchange factor 10 like,ARHGEF10L,Q9HCE6,Q9HCE6;B4DTL3;Q5VXI4
caffeine,9828,Rho guanine nucleotide exchange factor 17,ARHGEF17,Q96PE2,Q96PE2
caffeine,64283,Rho guanine nucleotide exchange factor 28,ARHGEF28,Q8N1W1,Q8N1W1
caffeine,9459,Rac/Cdc42 guanine nucleotide exchange factor 6,ARHGEF6,Q15052,Q15052;B7Z3C7;Q8N4Q3
caffeine,10865,AT-rich interaction domain 5A,ARID5A,Q03989,Q03989
caffeine,23204,ARL6 interacting reticulophagy regulator 1,ARL6IP1,Q15041,Q15041
caffeine,10095,actin related protein 2/3 complex subunit 1B,ARPC1B,O15143,O15143;A4D275
caffeine,8853,"ArfGAP with SH3 domain, ankyrin repeat and PH domain 2",ASAP2,O43150,O43150
caffeine,8623,acetylserotonin O-methyltransferase like,ASMTL,O95671,O95671;B3KM43
caffeine,171023,ASXL transcriptional regulator 1,ASXL1,Q8IXJ9,Q8IXJ9;A0A2R8Y5U1;Q498B9
caffeine,54454,ATPase family AAA domain containing 2B,ATAD2B,Q9ULI0,Q9ULI0;B3KWS5
caffeine,11016,activating transcription factor 7,ATF7,P17544,P17544
caffeine,10533,autophagy related 7,ATG7,O95352,O95352;B3KQM6
caffeine,6314,ataxin 7,ATXN7,O15265,O15265;Q9UPD8
caffeine,56970,ataxin 7 like 3,ATXN7L3,Q14CW9,Q14CW9
caffeine,9530,BAG cochaperone 4,BAG4,O95429,O95429
caffeine,80115,BAR/IMD domain containing adaptor protein 2 like 2,BAIAP2L2,Q6UXY1,Q6UXY1
caffeine,10409,brain abundant membrane attached signal protein 1,BASP1,P80723,P80723
caffeine,11176,bromodomain adjacent to zinc finger domain 2A,BAZ2A,Q9UIF9,Q9UIF9;F8VU39;J3KPG5
caffeine,56987,BBX high mobility group box domain containing,BBX,Q8WY36,Q8WY36;A8K6U2
caffeine,54828,BCAS3 microtubule associated cell migration factor,BCAS3,Q9H6U6,Q9H6U6;Q05D99
caffeine,9275,BAF chromatin remodeling complex subunit BCL7B,BCL7B,Q9BQE9,Q9BQE9;F2Z3H6
caffeine,9774,BCL2 associated transcription factor 1,BCLAF1,Q9NYF8,Q9NYF8;E9PK91
caffeine,57673,BEN domain containing 3,BEND3,Q5T5X7,Q5T5X7
caffeine,23299,BICD cargo adaptor 2,BICD2,Q8TD16,Q8TD16;Q96FU2
caffeine,57448,baculoviral IAP repeat containing 6,BIRC6,Q9NR09,Q9NR09;A0A8V8TQB4;A0A8V8TR92
caffeine,54887,bridge-like lipid transfer protein family member 3A,BLTP3A,Q6BDS2,Q6BDS2
caffeine,23246,BOP1 ribosomal biogenesis factor,BOP1,Q14137,Q14137
caffeine,119032,BLOC-1 related complex subunit 7,BORCS7,Q96B45,Q96B45
caffeine,8315,BRCA1 associated protein,BRAP,Q7Z569,Q7Z569;Q59H81
caffeine,6046,bromodomain containing 2,BRD2,P25440,P25440;A0A1U9X7A8;E9PIQ3;X5CF57
caffeine,10902,bromodomain containing 8,BRD8,Q9H0E9,Q9H0E9;B4DEG9;B4DMS9;B4DN43
caffeine,79173,break repair meiotic recombinase recruitment factor 1,BRME1,Q0VDD7,Q0VDD7;K7EMZ7
caffeine,54014,bromodomain and WD repeat domain containing 1,BRWD1,Q9NSI6,Q9NSI6
caffeine,84811,BUD13 spliceosome associated protein,BUD13,Q9BRD0,Q9BRD0
caffeine,388327,chromosome 17 open reading frame 100,C17ORF100,A8MU93,A8MU93
caffeine,400793,chromosome 1 open reading frame 226,C1ORF226,A1L170,A1L170
caffeine,9847,C2 calcium dependent domain containing 5,C2CD5,Q86YS7,Q86YS7;B7ZLK1
caffeine,9847,C2 calcium dependent domain containing 5,C2CD5,Q86YS7,Q86YS7;B7ZLK1
caffeine,51759,chromosome 9 open reading frame 78,C9ORF78,Q9NZ63,Q9NZ63
caffeine,9254,calcium voltage-gated channel auxiliary subunit alpha2delta 2,CACNA2D2,Q9NY47,Q9NY47;C9JE82
caffeine,10645,calcium/calmodulin dependent protein kinase kinase 2,CAMKK2,Q96RR4,Q96RR4
caffeine,23125,calmodulin binding transcription activator 2,CAMTA2,O94983,O94983;I3L3W6
caffeine,64170,caspase recruitment domain family member 9,CARD9,Q9H257,Q9H257
caffeine,255057,CACN subunit beta associated regulatory protein,CBARP,Q8N350,Q8N350
caffeine,10951,chromobox 1,CBX1,P83916,P83916;Q6IBN6
caffeine,57332,chromobox 8,CBX8,Q9HC52,Q9HC52
caffeine,90060,coiled-coil domain containing 120,CCDC120,Q96HB5,Q96HB5
caffeine,51244,coiled-coil domain containing 174,CCDC174,Q6PII3,Q6PII3;A0A0B4J1R8
caffeine,317762,coiled-coil domain containing 85C,CCDC85C,A6NKD9,A6NKD9
caffeine,26093,coiled-coil domain containing 9,CCDC9,Q9Y3X0,Q9Y3X0;A0A2R8Y4Z8;B4DXW2
caffeine,57018,cyclin L1,CCNL1,Q9UK58,Q9UK58
caffeine,151195,cyclin Y like 1,CCNYL1,Q8N7R7,Q8N7R7
caffeine,10575,chaperonin containing TCP1 subunit 4,CCT4,P50991,P50991
caffeine,51622,CCZ1 vacuolar protein trafficking and biogenesis associated,CCZ1,P86791,P86791
caffeine,51622,CCZ1 vacuolar protein trafficking and biogenesis associated,CCZ1,P86791,P86791
caffeine,4267,CD99 molecule (Xg blood group),CD99,P14209,P14209;A0A096LP69
caffeine,55664,"cell division cycle 37 like 1, HSP90 cochaperone",CDC37L1,Q7L3B6,Q7L3B6
caffeine,23580,CDC42 effector protein 4,CDC42EP4,Q9H3Q1,Q9H3Q1;B2R6D8
caffeine,113130,cell division cycle associated 5,CDCA5,Q96FF9,Q96FF9
caffeine,8621,cyclin dependent kinase 13,CDK13,Q14004,Q14004;Q9BVE2
caffeine,55602,CDKN2A interacting protein,CDKN2AIP,Q9NXV6,Q9NXV6;B3KTW3;J3KNE1
caffeine,55573,CDV3 homolog,CDV3,Q9UKY7,Q9UKY7;A0A8I5KX85;D6R9V8;D6RDN0;D6RFH2
caffeine,201161,centromere protein V,CENPV,Q7Z7K6,Q7Z7K6
caffeine,9859,centrosomal protein 170,CEP170,Q5SW79,Q5SW79
caffeine,9857,centrosomal protein 350,CEP350,Q5VT06,Q5VT06;Q5T2X4
caffeine,84131,centrosomal protein 78,CEP78,Q5JTW2,Q5JTW2;A0A2R8YCP0;A8MST6
caffeine,10087,ceramide transporter 1,CERT1,Q9Y5P4,Q9Y5P4;A0A2R8Y7C5
caffeine,57587,cilia and flagella associated protein 97,CFAP97,Q9P2B7,Q9P2B7
caffeine,57530,cingulin,CGN,Q9P2M7,Q9P2M7
caffeine,283489,chromosome alignment maintaining phosphoprotein 1,CHAMP1,Q96JM3,Q96JM3
caffeine,57680,chromodomain helicase DNA binding protein 8,CHD8,Q9HCK8,Q9HCK8
caffeine,11200,checkpoint kinase 2,CHEK2,O96017,O96017;A0A7P0MUT5
caffeine,11200,checkpoint kinase 2,CHEK2,O96017,O96017;A0A7P0MUT5
caffeine,11200,checkpoint kinase 2,CHEK2,O96017,O96017;A0A7P0MUT5
caffeine,11200,checkpoint kinase 2,CHEK2,O96017,O96017;A0A7P0MUT5
caffeine,11200,checkpoint kinase 2,CHEK2,O96017,O96017;A0A7P0MUT5
caffeine,11200,checkpoint kinase 2,CHEK2,O96017,O96017;A0A7P0MUT5
caffeine,11200,checkpoint kinase 2,CHEK2,O96017,O96017;A0A7P0MUT5
caffeine,11200,checkpoint kinase 2,CHEK2,O96017,O96017;A0A7P0MUT5
caffeine,10523,calcium homeostasis endoplasmic reticulum protein,CHERP,Q8IWX8,Q8IWX8
caffeine,79643,charged multivesicular body protein 6,CHMP6,Q96FZ7,Q96FZ7
caffeine,57019,cytokine induced apoptosis inhibitor 1,CIAPIN1,Q6FI81,Q6FI81;H3BT65
caffeine,30095,"creatine kinase, muscle a",CKMA,A2BHA3,A2BHA3
caffeine,23155,chloride channel CLIC like 1,CLCC1,Q96S66,Q96S66;A0A6Q8PG14
caffeine,9685,clathrin interactor 1,CLINT1,Q14677,Q14677;A0A0S2Z4Y4;A0A0S2Z5H3
caffeine,9575,clock circadian regulator,CLOCK,O15516,O15516;Q3ZCT4;Q53EU0
caffeine,146223,CKLF like MARVEL transmembrane domain containing 4,CMTM4,Q8IZR5,Q8IZR5
caffeine,10256,connector enhancer of kinase suppressor of Ras 1,CNKSR1,Q969H4,Q969H4;B4DL25;G3V160;Q53GM7
caffeine,54805,cyclin and CBS domain divalent metal cation transport mediator 2,CNNM2,Q9H8M5,Q9H8M5
caffeine,8533,COP9 signalosome subunit 3,COPS3,Q9UNS2,Q9UNS2;B4DN01
caffeine,132864,cytoplasmic polyadenylation element binding protein 2,CPEB2,Q7Z5Q1,Q7Z5Q1;A0A5K1VW61;A0A5K1VW71;A0A5K1VW79;A0A5K1VW93
caffeine,51692,cleavage and polyadenylation specific factor 3,CPSF3,Q9UKF6,Q9UKF6;G5E9W3
caffeine,9419,CXXC repeat containing interactor of PDZ3 domain,CRIPT,Q9P021,Q9P021
caffeine,200186,CREB regulated transcription coactivator 2,CRTC2,Q53ET0,Q53ET0
caffeine,200186,CREB regulated transcription coactivator 2,CRTC2,Q53ET0,Q53ET0
caffeine,335789,"crystallin, gamma MX",CRYGMX,Q5XTN0,Q5XTN0
caffeine,9150,CTD phosphatase subunit 1,CTDP1,Q9Y5B0,Q9Y5B0
caffeine,8727,catenin alpha like 1,CTNNAL1,Q9UBT7,Q9UBT7;B3KMX6
caffeine,56998,catenin beta interacting protein 1,CTNNBIP1,Q9NSA3,Q9NSA3
caffeine,8451,cullin 4A,CUL4A,Q13619,Q13619;A0A087WWN2;A0A0A0MR50
caffeine,143884,CWF19 like cell cycle control factor 2,CWF19L2,Q2TBE0,Q2TBE0
caffeine,54467,ankyrin repeat and IBR domain containing 1,ANKIB1,Q9P2G1,Q9P2G1
caffeine,88455,ankyrin repeat domain 13A,ANKRD13A,Q8IZ07,Q8IZ07;Q3ZTS7;Q9Y5A3
caffeine,353322,ankyrin repeat domain 37,ANKRD37,Q7Z713,Q7Z713;B4E066
caffeine,54443,"anillin, actin binding protein",ANLN,Q9NQW6,Q9NQW6;A8K5D9
caffeine,8907,adaptor related protein complex 1 subunit mu 1,AP1M1,Q9BXS5,Q9BXS5;B3KNH5;Q59EK3
caffeine,9546,amyloid beta precursor protein binding family A member 3,APBA3,O96018,O96018
caffeine,8542,apolipoprotein L1,APOL1,O14791,O14791;B1AH95;Q2KHQ6
caffeine,39226,Aps pyrophosphatase,APS,Q7JVG2,Q7JVG2
caffeine,10565,ARF guanine nucleotide exchange factor 1,ARFGEF1,Q9Y6D6,Q9Y6D6
caffeine,23647,ARF interacting protein 2,ARFIP2,P53365,P53365;A0A087X1E4;B4DUZ3;B4DXH2
caffeine,94134,Rho GTPase activating protein 12,ARHGAP12,Q8IWW6,Q8IWW6;Q1RLN5
caffeine,23092,Rho GTPase activating protein 26,ARHGAP26,Q9UNA1,Q9UNA1;A0A0S2Z536;A0A2R8YGB3
caffeine,80728,Rho GTPase activating protein 39,ARHGAP39,Q9C0H5,Q9C0H5;B3KS00;B4DK23
caffeine,9138,Rho guanine nucleotide exchange factor 1,ARHGEF1,Q92888,Q92888;M0QZR4
caffeine,27237,Rho guanine nucleotide exchange factor 16,ARHGEF16,Q5VV41,Q5VV41;B3KTS4
caffeine,26084,Rho guanine nucleotide exchange factor 26,ARHGEF26,Q96DR7,Q96DR7;A0A140VJU4;B3KXG0
caffeine,7984,Rho guanine nucleotide exchange factor 5,ARHGEF5,Q12774,Q12774
caffeine,196528,AT-rich interaction domain 2,ARID2,Q68CP9,Q68CP9;F8WCU9
caffeine,51742,AT-rich interaction domain 4B,ARID4B,Q4LE39,Q4LE39
caffeine,55156,armadillo repeat containing 1,ARMC1,Q9NVT9,Q9NVT9
caffeine,50807,"ArfGAP with SH3 domain, ankyrin repeat and PH domain 1",ASAP1,Q9ULH1,Q9ULH1;A0A0A0MRE5
caffeine,79058,"ASPSCR1 tether for SLC2A4, UBX domain containing",ASPSCR1,Q9BZE9,Q9BZE9
caffeine,29028,ATPase family AAA domain containing 2,ATAD2,Q6PL18,Q6PL18
caffeine,11101,arginyltransferase 1,ATE1,O95260,O95260;A0A8I5KNT9;A0A8I5KTH0;A0A8I5KZ24;A0A8I5KZ28;B3KWA3;B4DK25;B4E107;F5GXE4;F8WAC9
caffeine,55102,autophagy related 2B,ATG2B,Q96BY7,Q96BY7
caffeine,64225,atlastin GTPase 2,ATL2,Q8NHH9,Q8NHH9;B5MCN0;B7Z2H0
caffeine,11273,ataxin 2 like,ATXN2L,Q8WWM7,Q8WWM7;H3BUF6
caffeine,79572,ATPase 13A3,ATP13A3,Q9H7F0,Q9H7F0;A0A2R8Y635
caffeine,494489,"ATPase sarcoplasmic/endoplasmic reticulum Ca2+ transporting 1, like",ATP2A1L,A0A2R8RK22,A0A2R8RK22;A0JMP4
caffeine,23545,ATPase H+ transporting V0 subunit a2,ATP6V0A2,Q9Y487,Q9Y487
caffeine,64756,ATP synthase mitochondrial F1 complex assembly factor 1,ATPAF1,Q5TC12,Q5TC12;A8MRA7;I3L448
caffeine,8455,attractin,ATRN,O75882,O75882;B4DZ36
caffeine,6311,ataxin 2,ATXN2,Q99700,Q99700;A0A5F9ZI57;F8VQP2;Q2M2R5;V9GY86
caffeine,57099,apoptosis and caspase activation inhibitor,AVEN,Q9NQS1,Q9NQS1
caffeine,9531,BAG cochaperone 3,BAG3,O95817,O95817
caffeine,55971,BAR/IMD domain containing adaptor protein 2 like 1,BAIAP2L1,Q9UHR4,Q9UHR4
caffeine,9031,bromodomain adjacent to zinc finger domain 1B,BAZ1B,Q9UIG0,Q9UIG0
caffeine,27113,BCL2 binding component 3,BBC3,Q96PG8,Q96PG8;Q9BXH1
caffeine,27113,BCL2 binding component 3,BBC3,Q96PG8,Q96PG8;Q9BXH1
caffeine,8412,"BCAR3 adaptor protein, NSP family member",BCAR3,O75815,O75815;A0A384MTS3;B3KNL6;B3KP06
caffeine,570772,BCL2 apoptosis regulator a,BCL2A,Q564A4,Q564A4
caffeine,283149,BCL9 like,BCL9L,Q86UU0,Q86UU0;A0A087WZX0
caffeine,63035,BCL6 corepressor like 1,BCORL1,Q5H9F3,Q5H9F3
caffeine,8678,beclin 1,BECN1,Q14457,Q14457;A0A024R1X5;B4DQ36;E7EV84;W0FFG4
caffeine,9703,bridge-like lipid transfer protein family member 2,BLTP2,Q14667,Q14667
caffeine,55589,BMP2 inducible kinase,BMP2K,Q9NSY1,Q9NSY1
caffeine,51027,bolA family member 1,BOLA1,Q9Y3E2,Q9Y3E2
caffeine,54785,BLOC-1 related complex subunit 6,BORCS6,Q96GS4,Q96GS4
caffeine,36665,Cytochrome P450 6a21,CYP6A21,Q9V774,Q9V774
caffeine,23774,bromodomain containing 1,BRD1,O95696,O95696;Q59G93
caffeine,29117,bromodomain containing 7,BRD7,Q9NPI1,Q9NPI1;A0AA34QVS2
caffeine,83990,BRCA1 interacting DNA helicase 1,BRIP1,Q9BX63,Q9BX63;A0A804HJU1;A0A804HL36;J3QKX0
caffeine,27154,bromodomain and PHD finger containing 3,BRPF3,Q9ULD4,Q9ULD4;F6XDC4
caffeine,9044,B-TFIID TATA-box binding protein associated factor 1,BTAF1,O14981,O14981;Q2M1V9;Q8N6J1
caffeine,56905,chromosome 15 open reading frame 39,C15ORF39,Q6ZRI6,Q6ZRI6
caffeine,339448,chromosome 1 open reading frame 174,C1ORF174,Q8IYL3,Q8IYL3;A0A7P0TAC3
caffeine,65265,chromosome 8 open reading frame 33,C8ORF33,Q9H7E9,Q9H7E9
caffeine,91768,Cdk5 and Abl enzyme substrate 1,CABLES1,Q8TDN4,Q8TDN4;A7K6Y5
caffeine,55450,calcium/calmodulin dependent protein kinase II inhibitor 1,CAMK2N1,Q7Z7J9,Q7Z7J9
caffeine,57662,calmodulin regulated spectrin associated protein family member 3,CAMSAP3,Q9P1Y5,Q9P1Y5
caffeine,146206,capping protein regulator and myosin 1 linker 2,CARMIL2,Q6F5E8,Q6F5E8;A0A8Q3SIB7;A0A8Q3SII9
caffeine,552940,caveolae associated protein 4a,CAVIN4A,A1L260,A1L260
caffeine,23466,chromobox 6,CBX6,O95503,O95503;B0QXZ6
caffeine,150275,coiled-coil domain containing 117,CCDC117,Q8IWD4,Q8IWD4;B7Z820
caffeine,165055,coiled-coil domain containing 138,CCDC138,Q96M89,Q96M89
caffeine,729440,coiled-coil domain containing 61,CCDC61,Q9Y6R9,Q9Y6R9
caffeine,440193,coiled-coil and HOOK domain protein 88C,CCDC88C,Q9P219,Q9P219;B4DZB8
caffeine,8812,cyclin K,CCNK,O75909,O75909
caffeine,219771,cyclin Y,CCNY,Q8ND76,Q8ND76;B7Z8E4
caffeine,7203,chaperonin containing TCP1 subunit 3,CCT3,P49368,P49368;B3KX11;Q59H77
caffeine,10694,chaperonin containing TCP1 subunit 8,CCT8,P50990,P50990;Q7Z759
caffeine,10421,CD2 cytoplasmic tail binding protein 2,CD2BP2,O95400,O95400;A0A024QZC1
caffeine,8881,cell division cycle 16,CDC16,Q13042,Q13042;A0A3B3ISD2;B2RCW0
caffeine,11135,CDC42 effector protein 1,CDC42EP1,Q00587,Q00587
caffeine,157313,cell division cycle associated 2,CDCA2,Q69YH5,Q69YH5;A8K8Z0;B7Z5Q5;E9PEI0
caffeine,51755,cyclin dependent kinase 12,CDK12,Q9NYV4,Q9NYV4;H0YLT2
caffeine,41706,Cytochrome P450 6d5,CYP6D5,Q9VFP1,Q9VFP1
caffeine,5129,cyclin dependent kinase 18,CDK18,Q07002,Q07002;Q59G02
caffeine,23002,dishevelled associated activator of morphogenesis 1,DAAM1,Q9Y4D1,Q9Y4D1
caffeine,221955,diacylglycerol lipase beta,DAGLB,Q8NCG7,Q8NCG7
caffeine,81620,chromatin licensing and DNA replication factor 1,CDT1,Q9H211,Q9H211
caffeine,79682,centromere protein U,CENPU,Q71F23,Q71F23
caffeine,22897,centrosomal protein 164,CEP164,Q9UPV0,Q9UPV0
caffeine,11190,centrosomal protein 250,CEP250,Q9BV73,Q9BV73;A0A9L9PXD2
caffeine,23177,centrosomal protein 68,CEP68,Q76N32,Q76N32;A0A994J4E5
caffeine,79603,ceramide synthase 4,CERS4,Q9HA82,Q9HA82;Q53HF9
caffeine,144535,cilia and flagella associated protein 54,CFAP54,Q96N23,Q96N23
caffeine,8208,chromatin assembly factor 1 subunit B,CHAF1B,Q13112,Q13112
caffeine,55636,chromodomain helicase DNA binding protein 7,CHD7,Q9P2D1,Q9P2D1;Q6ZWF9
caffeine,51510,charged multivesicular body protein 5,CHMP5,Q9NZZ3,Q9NZZ3
caffeine,63922,chromosome transmission fidelity factor 18,CHTF18,Q8WVB6,Q8WVB6
caffeine,23122,cytoplasmic linker associated protein 2,CLASP2,O75122,O75122;A0A0U1RQI6;A0A804HJG7;E7ERI8;E7EW49;J3KR49
caffeine,137075,claudin 23,CLDN23,Q96B33,Q96B33
caffeine,22883,calsyntenin 1,CLSTN1,O94985,O94985;B4E3Q1
caffeine,80790,c-Maf inducing protein,CMIP,Q8IY22,Q8IY22;A0A087WU05
caffeine,55748,carnosine dipeptidase 2,CNDP2,Q96KP4,Q96KP4
caffeine,4848,CCR4-NOT transcription complex subunit 2,CNOT2,Q9NZN8,Q9NZN8;B2RDX7;B3KTL6;F8VUB4;F8VV52
caffeine,22837,cordon-bleu WH2 repeat protein like 1,COBLL1,Q53SF7,Q53SF7;A0A0D9SG04;A0A0X1KG75;B7Z2P5
caffeine,8161,coilin,COIL,P38432,P38432
caffeine,22820,coat protein complex I subunit gamma 1,COPG1,Q9Y678,Q9Y678
caffeine,56997,coenzyme Q8A,COQ8A,Q8NI60,Q8NI60
caffeine,53981,cleavage and polyadenylation specific factor 2,CPSF2,Q9P2I0,Q9P2I0
caffeine,79869,cleavage and polyadenylation specific factor 7,CPSF7,Q8N684,Q8N684;B4DGF8
caffeine,64764,cAMP responsive element binding protein 3 like 2,CREB3L2,Q70SY1,Q70SY1
caffeine,131544,crystallin beta-gamma domain containing 3,CRYBG3,Q68DQ2,Q68DQ2
caffeine,10664,CCCTC-binding factor,CTCF,P49711,P49711;A0A2R8YFL0
caffeine,56474,CTP synthase 2,CTPS2,Q9NRF8,Q9NRF8
caffeine,79004,CUE domain containing 2,CUEDC2,Q9H467,Q9H467
caffeine,54883,CWC25 spliceosome associated protein,CWC25,Q9NXE8,Q9NXE8
caffeine,80344,DDB1 and CUL4 associated factor 11,DCAF11,Q8TEB1,Q8TEB1;B3KSW2;Q59GN6
caffeine,80344,DDB1 and CUL4 associated factor 11,DCAF11,Q8TEB1,Q8TEB1;B3KSW2;Q59GN6
caffeine,8816,DDB1 and CUL4 associated factor 5,DCAF5,Q96JK2,Q96JK2;Q8TBB7
caffeine,51473,doublecortin domain containing 2,DCDC2,Q9UHG0,Q9UHG0
caffeine,196513,decapping mRNA 1B,DCP1B,Q8IZD4,Q8IZD4;B4DVJ6
caffeine,51181,dicarbonyl and L-xylulose reductase,DCXR,Q7Z4W1,Q7Z4W1;A0A384NY14
caffeine,65992,DDRGK domain containing 1,DDRGK1,Q96HY6,Q96HY6
caffeine,10521,DEAD-box helicase 17,DDX17,Q92841,Q92841;A0A5H1ZRQ2;Q59F66
caffeine,9188,DExD-box helicase 21,DDX21,Q9NR30,Q9NR30;A0A8I5KYZ4
caffeine,10212,DExD-box helicase 39A,DDX39A,O00148,O00148
caffeine,10212,DExD-box helicase 39A,DDX39A,O00148,O00148
caffeine,11325,DEAD-box helicase 42,DDX42,Q86XP3,Q86XP3
caffeine,317781,DEAD-box helicase 51,DDX51,Q8N8A6,Q8N8A6
caffeine,10522,DEAF1 transcription factor,DEAF1,O75398,O75398;A0A804HIS1
caffeine,6764,DENN domain containing 2B,DENND2B,P78524,P78524
caffeine,201627,DENN domain containing 6A,DENND6A,Q8IWF6,Q8IWF6
caffeine,54487,DGCR8 microprocessor complex subunit,DGCR8,Q8WYQ5,Q8WYQ5
caffeine,85464,slingshot protein phosphatase 2,SSH2,Q76I76,Q76I76;A0A3B3ITS1;B4DK64;F5H527
caffeine,10274,STAG1 cohesin complex component,STAG1,Q8WVM7,Q8WVM7
caffeine,170506,DEAH-box helicase 36,DHX36,Q9H2U1,Q9H2U1
caffeine,6770,steroidogenic acute regulatory protein,STAR,P49675,P49675;Q6IBK0
caffeine,6770,steroidogenic acute regulatory protein,STAR,P49675,P49675;Q6IBK0
caffeine,6770,steroidogenic acute regulatory protein,STAR,P49675,P49675;Q6IBK0
caffeine,6770,steroidogenic acute regulatory protein,STAR,P49675,P49675;Q6IBK0
caffeine,83930,STARD3 N-terminal like,STARD3NL,O95772,O95772;C9JKL2
caffeine,6777,signal transducer and activator of transcription 5B,STAT5B,P51692,P51692
caffeine,81624,diaphanous related formin 3,DIAPH3,Q9NSV4,Q9NSV4;B4DPV3
caffeine,57609,DIP2 acetate--CoA ligase B (putative),DIP2B,Q9P265,Q9P265;Q96IB4
caffeine,8987,starch binding domain 1,STBD1,O95210,O95210
caffeine,6786,stromal interaction molecule 1,STIM1,Q13586,Q13586;A0A8V8TMF0;A0A8V8TMG1;A0A8V8TNW0;A0A8V8TP73;E9PRZ7;G0XQ39;H0YDB2
caffeine,6786,stromal interaction molecule 1,STIM1,Q13586,Q13586;A0A8V8TMF0;A0A8V8TMG1;A0A8V8TNW0;A0A8V8TP73;E9PRZ7;G0XQ39;H0YDB2
caffeine,114790,serine/threonine kinase 11 interacting protein,STK11IP,Q8N1F8,Q8N1F8
caffeine,9787,DLG associated protein 5,DLGAP5,Q15398,Q15398
caffeine,6788,serine/threonine kinase 3,STK3,Q13188,Q13188;A0A087WZ06;A0A384MR07
caffeine,55437,STE20 related adaptor beta,STRADB,Q9C0K7,Q9C0K7
caffeine,56521,DnaJ heat shock protein family (Hsp40) member C12,DNAJC12,Q9UKB3,Q9UKB3;Q6IAH1
caffeine,85369,striatin interacting protein 1,STRIP1,Q5VSL9,Q5VSL9
caffeine,8677,syntaxin 10,STX10,O60499,O60499;Q5U8S2;X6R2W0
caffeine,6810,syntaxin 4,STX4,Q12846,Q12846;B7Z425
caffeine,252983,syntaxin binding protein 4,STXBP4,Q6ZWJ1,Q6ZWJ1;B5MCT9
caffeine,64426,SIN3A corepressor complex component SDS3,SUDS3,Q9H7L9,Q9H7L9
caffeine,6817,sulfotransferase family 1A member 1,SULT1A1,P50225,P50225
caffeine,30836,deoxynucleotidyltransferase terminal interacting protein 2,DNTTIP2,Q5QJE6,Q5QJE6
caffeine,85440,dedicator of cytokinesis 7,DOCK7,Q96N67,Q96N67
caffeine,23033,DOP1 leucine zipper like protein A,DOP1A,Q5JWR5,Q5JWR5;B2RWN9;Q5TA12
caffeine,8813,"dolichyl-phosphate mannosyltransferase subunit 1, catalytic",DPM1,O60762,O60762;A0A0S2Z4Y5;H0Y368;Q5QPK2
caffeine,25777,Sad1 and UNC84 domain containing 2,SUN2,Q9UH99,Q9UH99;B0QY60;B0QY64;B4E2A6
caffeine,9913,"SPT7 like, STAGA complex subunit gamma",SUPT7L,O94864,O94864
caffeine,4968,8-oxoguanine DNA glycosylase,OGG1,O15527,O15527;A0A9L9PXU1;E5KPM5;E5KPM6;E5KPM7;E5KPM8;E5KPM9;E5KPN0;E5KPN1
caffeine,51514,denticleless E3 ubiquitin protein ligase adapter,DTL,Q9NZJ0,Q9NZJ0;B4E0E6;F5GZ90
caffeine,23220,deltex E3 ubiquitin ligase 4,DTX4,Q9Y2E6,Q9Y2E6
caffeine,94056,synapse associated protein 1,SYAP1,Q96A49,Q96A49
caffeine,23345,spectrin repeat containing nuclear envelope protein 1,SYNE1,Q8NF91,Q8NF91;A0A0C4DG40;B4E3R1;B7Z9Y6;F8WAI0
caffeine,11346,synaptopodin,SYNPO,Q8N3V7,Q8N3V7
caffeine,4907,5'-nucleotidase ecto,NT5E,P21589,P21589;Q6NZX3
caffeine,4907,5'-nucleotidase ecto,NT5E,P21589,P21589;Q6NZX3
caffeine,6741,small RNA binding exonuclease protection factor La,SSB,P05455,P05455
caffeine,5137,phosphodiesterase 1C,PDE1C,Q14123,Q14123;A0A0A0MS69
caffeine,5143,phosphodiesterase 4C,PDE4C,P78505,Q08493;O43849;P78505;Q32MM7;Q7KYS4
caffeine,27115,phosphodiesterase 7B,PDE7B,Q9NP56,Q9NP56
caffeine,8654,phosphodiesterase 5A,PDE5A,O76074,O76074;G5E9C5
caffeine,8654,phosphodiesterase 5A,PDE5A,O76074,O76074;G5E9C5
caffeine,8654,phosphodiesterase 5A,PDE5A,O76074,O76074;G5E9C5
caffeine,9615,guanine deaminase,GDA,Q9Y2T3,Q9Y2T3
caffeine,9615,guanine deaminase,GDA,Q9Y2T3,Q9Y2T3
caffeine,6387,C-X-C motif chemokine ligand 12,CXCL12,P48061,P48061
caffeine,30827,CXXC finger protein 1,CXXC1,Q9P0U4,Q9P0U4
caffeine,54205,"cytochrome c, somatic",CYCS,P99999,P99999;G4XXL9
caffeine,17750,metallothionein 2,MT2,P02798,P02798
caffeine,27085,MDM2 binding protein,MTBP,Q96DY7,Q96DY7
caffeine,92140,metadherin,MTDH,Q86UE4,Q86UE4
caffeine,25902,methylenetetrahydrofolate dehydrogenase (NADP+ dependent) 1 like,MTHFD1L,Q6UB35,Q6UB35;A0A087WVM4;B2RD24;B7ZM99
caffeine,8776,myotubularin related protein 1,MTMR1,Q13613,Q13613;B7Z3D5;E9PPP8;F8WA39;Q8NEC6
caffeine,8898,myotubularin related protein 2,MTMR2,Q13614,Q13614;A0A6Q8PGS5;A0A6Q8PHL9;A0A6Q8PHS7
caffeine,54882,ankyrin repeat and KH domain containing 1,ANKHD1,Q8IWZ3,Q8IWZ3
caffeine,23253,ankyrin repeat domain 12,ANKRD12,Q6UB98,Q6UB98
caffeine,84079,ankyrin repeat domain 27,ANKRD27,Q96NW4,Q96NW4
caffeine,23294,ankyrin repeat and sterile alpha motif domain containing 1A,ANKS1A,Q92625,Q92625;Q05CP0
caffeine,55435,adaptor related protein complex 1 associated regulatory protein,AP1AR,Q63HQ0,Q63HQ0
caffeine,23431,adaptor related protein complex 4 subunit epsilon 1,AP4E1,Q9UPM8,Q9UPM8;B4DM48
caffeine,26060,"adaptor protein, phosphotyrosine interacting with PH domain and leucine zipper 1",APPL1,Q9UKG1,Q9UKG1
caffeine,26286,ARF GTPase activating protein 3,ARFGAP3,Q9NP61,Q9NP61
caffeine,27236,ARF interacting protein 1,ARFIP1,P53367,P53367;B4E273;Q8N8M9
caffeine,9824,Rho GTPase activating protein 11A,ARHGAP11A,Q6P4F7,Q6P4F7
caffeine,57584,Rho GTPase activating protein 21,ARHGAP21,Q5T5U3,Q5T5U3;A0A805TBS0
caffeine,23365,Rho guanine nucleotide exchange factor 12,ARHGEF12,Q9NZN5,Q9NZN5;B4E2K6;E9PMR6
caffeine,9181,Rho/Rac guanine nucleotide exchange factor 2,ARHGEF2,Q92974,Q92974
caffeine,55701,Rho guanine nucleotide exchange factor 40,ARHGEF40,Q8TER5,Q8TER5
caffeine,57492,AT-rich interaction domain 1B,ARID1B,Q8NFD5,Q8NFD5;A0A1B0GTJ8;A0A1B0GVK1;A0A3F2YNW7;A0A6Q8NVI4;A0A8J9GB59;H0Y7H8
caffeine,5926,AT-rich interaction domain 4A,ARID4A,P29374,P29374;Q05CG0
caffeine,200894,ARF like GTPase 13B,ARL13B,Q3SXY8,Q3SXY8;A0A7P0T892;A0A7P0T933;A0A7P0Z473
caffeine,151188,ARF like GTPase 6 interacting protein 6,ARL6IP6,Q8N6S5,Q8N6S5;A0A8I5KQ30;B3KMZ5
caffeine,57412,arsenite methyltransferase,AS3MT,Q9HBK9,Q9HBK9
caffeine,25842,anti-silencing function 1A histone chaperone,ASF1A,Q9Y294,Q9Y294
caffeine,259266,assembly factor for spindle microtubules,ASPM,Q8IZT6,Q8IZT6;B3KWI2
caffeine,84896,ATPase family AAA domain containing 1,ATAD1,Q8NBU5,Q8NBU5;A0A7P0T9B4;A0A7P0T9U2
caffeine,79915,ATPase family AAA domain containing 5,ATAD5,Q96QE3,Q96QE3
caffeine,23130,autophagy related 2A,ATG2A,Q2TAZ0,Q2TAZ0
caffeine,57130,ATPase 13A1,ATP13A1,Q9HD20,Q9HD20
caffeine,9551,ATP synthase membrane subunit f,ATP5MF,P56134,P56134
caffeine,51382,ATPase H+ transporting V1 subunit D,ATP6V1D,Q9Y5K8,Q9Y5K8
caffeine,84126,ATR interacting protein,ATRIP,Q8WXE1,Q8WXE1
caffeine,342371,ataxin 1 like,ATXN1L,P0C7T5,P0C7T5
caffeine,26053,activator of transcription and developmental regulator AUTS2,AUTS2,Q8WXX7,Q8WXX7;A0A024RDL5;A0A2R8Y8C6
caffeine,10458,BAR/IMD domain containing adaptor protein 2,BAIAP2,Q9UQB8,Q9UQB8;I3L4C2
caffeine,8314,BRCA1 associated deubiquitinase 1,BAP1,Q92560,Q92560;F8W6N3
caffeine,11177,bromodomain adjacent to zinc finger domain 1A,BAZ1A,Q9NRL2,Q9NRL2
caffeine,9564,"BCAR1 scaffold protein, Cas family member",BCAR1,P56945,P56945;B3KWE2
caffeine,54880,BCL6 corepressor,BCOR,Q6W2J9,Q6W2J9;H7BZ37;H7C231
caffeine,84162,bridge-like lipid transfer protein family member 1,BLTP1,Q2LD37,Q2LD37;A0A7P0T938
caffeine,8548,basic leucine zipper nuclear factor 1,BLZF1,Q9H2G9,Q9H2G9
caffeine,259282,biorientation of chromosomes in cell division 1 like 1,BOD1L1,Q8NFC6,Q8NFC6;H0Y9Y2
caffeine,118426,BLOC-1 related complex subunit 5,BORCS5,Q969J3,Q969J3;G3V1P3
caffeine,23476,bromodomain containing 4,BRD4,O60885,O60885
caffeine,7862,bromodomain and PHD finger containing 1,BRPF1,P55201,P55201;A0A804HI52;A0A804HIN1;A0A804HKY8;A0A804HL48;A0A8C8KWW5
caffeine,91894,chromosome 11 open reading frame 52,C11ORF52,Q96A22,Q96A22
caffeine,126526,chromosome 19 open reading frame 47,C19ORF47,Q8N9M1,Q8N9M1;A0A804HLH2
caffeine,9854,C2CD2 like,C2CD2L,O14523,O14523
caffeine,55322,chromosome 5 open reading frame 22,C5ORF22,Q49AR2,Q49AR2
caffeine,23523,calcineurin binding protein 1,CABIN1,Q9Y6J0,Q9Y6J0;A0A087WWW8
caffeine,23271,calmodulin regulated spectrin associated protein family member 2,CAMSAP2,Q08AD1,Q08AD1;B3KTI4
caffeine,55832,cullin associated and neddylation dissociated 1,CAND1,Q86VP6,Q86VP6
caffeine,55832,cullin associated and neddylation dissociated 1,CAND1,Q86VP6,Q86VP6
caffeine,55604,capping protein regulator and myosin 1 linker 1,CARMIL1,Q5VZK9,Q5VZK9;A0A8V8TRE2
caffeine,57513,CASK interacting protein 2,CASKIN2,Q8WXE0,Q8WXE0
caffeine,8436,caveolae associated protein 2,CAVIN2,O95810,O95810
caffeine,23624,Cbl proto-oncogene C,CBLC,Q9ULV8,Q9ULV8
caffeine,23468,chromobox 5,CBX5,P45973,P45973;V9HWG0
caffeine,57805,cell cycle and apoptosis regulator 2,CCAR2,Q8N163,Q8N163
caffeine,115098,coiled-coil domain containing 124,CCDC124,Q96CT7,Q96CT7
caffeine,115098,coiled-coil domain containing 124,CCDC124,Q96CT7,Q96CT7
caffeine,8030,coiled-coil domain containing 6,CCDC6,Q16204,Q16204;Q05CP8
caffeine,55704,coiled-coil and HOOK domain protein 88A,CCDC88A,Q3V6T2,Q3V6T2;O14997
caffeine,83605,CCM2 scaffold protein,CCM2,Q9BSQ5,Q9BSQ5;B7Z8D5
caffeine,56990,CDC42 small effector 2,CDC42SE2,Q9NRR3,Q9NRR3
caffeine,10576,chaperonin containing TCP1 subunit 2,CCT2,P78371,P78371;V9HW96
caffeine,23607,CD2 associated protein,CD2AP,Q9Y5K6,Q9Y5K6
caffeine,8555,cell division cycle 14B,CDC14B,O60729,O60729;A0A9L9PY50
caffeine,246184,cell division cycle 26,CDC26,Q8NHZ8,Q8NHZ8
caffeine,55561,CDC42 binding protein kinase gamma,CDC42BPG,Q6DT37,Q6DT37
caffeine,5128,cyclin dependent kinase 17,CDK17,Q00537,Q00537
caffeine,9425,chromodomain Y like,CDYL,Q9Y232,Q9Y232
caffeine,79172,centromere protein O,CENPO,Q9BU64,Q9BU64
caffeine,22994,centrosomal protein 131,CEP131,Q9UPN4,Q9UPN4;I3L2J8
caffeine,55125,centrosomal protein 192,CEP192,Q8TEP8,Q8TEP8
caffeine,11116,centrosomal protein 43,CEP43,O95684,O95684;A0A087WV25;B4DH64
caffeine,90799,centrosomal protein 95,CEP95,Q96GE4,Q96GE4
caffeine,10036,chromatin assembly factor 1 subunit A,CHAF1A,Q13111,Q13111
caffeine,9557,chromodomain helicase DNA binding protein 1 like,CHD1L,Q86WJ1,Q86WJ1;A0A0A0MRH8;A0A0A0MSH9
caffeine,84181,chromodomain helicase DNA binding protein 6,CHD6,Q8TD26,Q8TD26
caffeine,25978,charged multivesicular body protein 2B,CHMP2B,Q9UQN3,Q9UQN3;A0A087WW88;B2RE76
caffeine,26973,cysteine and histidine rich domain containing 1,CHORDC1,Q9UHD1,Q9UHD1;E9PPQ5
caffeine,26586,cytoskeleton associated protein 2,CKAP2,Q8WWK9,Q8WWK9
caffeine,23332,cytoplasmic linker associated protein 1,CLASP1,Q7Z460,Q7Z460;A0A8V8TLP7;A0A8V8TRF6
caffeine,9069,claudin 12,CLDN12,P56749,P56749;B2R687
caffeine,23274,C-type lectin domain containing 16A,CLEC16A,Q2KHT3,Q2KHT3;A0A8V8TR67
caffeine,7461,CAP-Gly domain containing linker protein 2,CLIP2,Q9UDT6,Q9UDT6;A0A140VJG6;A7E2F7
caffeine,63967,claspin,CLSPN,Q9HAW4,Q9HAW4
caffeine,134147,carboxymethylenebutenolidase homolog,CMBL,Q96DG6,Q96DG6
caffeine,23070,cap methyltransferase 1,CMTR1,Q8N1G2,Q8N1G2
caffeine,23019,CCR4-NOT transcription complex subunit 1,CNOT1,A5YKK6,A5YKK6
caffeine,23242,cordon-bleu WH2 repeat protein,COBL,O75128,O75128
caffeine,23242,cordon-bleu WH2 repeat protein,COBL,O75128,O75128
caffeine,91949,component of oligomeric golgi complex 7,COG7,P83436,P83436;A0A0S2Z652
caffeine,11316,coat protein complex I subunit epsilon,COPE,O14579,O14579;M0QXB4
caffeine,64708,COP9 signalosome subunit 7B,COPS7B,Q9H9Q2,Q9H9Q2;A0A087X1P5;J3KQ34;J3KQ41;Q6ZTQ7
caffeine,29894,cleavage and polyadenylation specific factor 1,CPSF1,Q10570,Q10570
caffeine,11052,cleavage and polyadenylation specific factor 6,CPSF6,Q16630,Q16630
caffeine,57585,cramped chromatin regulator 1,CRAMP1,Q96RY5,Q96RY5;A7MD53;B2RNX8
caffeine,51232,cysteine rich transmembrane BMP regulator 1,CRIM1,Q9NZV1,Q9NZV1
caffeine,23373,CREB regulated transcription coactivator 1,CRTC1,Q6UUV9,Q6UUV9
caffeine,415139,"crystallin, beta A2a",CRYBA2A,Q6IQU2,Q6IQU2
caffeine,560055,"crystallin, beta B1, like 2",CRYBB1L2,A7E2K5,A7E2K5
caffeine,79848,centrosome and spindle pole associated protein 1,CSPP1,Q1MSJ5,Q1MSJ5;A0A6Q8PF96;A0A6Q8PGS3;A0A6Q8PHN8;A0A7I2PHE7;A0A7I2V3Z9;A0A7I2V4R5;A0A7I2V5J9;A0A7I2V5L8;A0A7I2V5N5;A0A7I2V5W3;A0A7I2YQH9;Q9H688
caffeine,348180,cytosolic thiouridylase subunit 2,CTU2,Q2VPK5,Q2VPK5;H3BSW6
caffeine,29123,ankyrin repeat domain 11,ANKRD11,Q6UB99,Q6UB99
caffeine,22852,ankyrin repeat domain 26,ANKRD26,Q9UPS8,Q9UPS8;E7ESJ3
caffeine,129138,ankyrin repeat domain 54,ANKRD54,Q6NXT1,Q6NXT1;B5MCX7
caffeine,8943,adaptor related protein complex 3 subunit delta 1,AP3D1,O14617,O14617;A0A8V8TQW4
caffeine,6429,serine and arginine rich splicing factor 4,SRSF4,Q08170,Q08170
caffeine,136853,scavenger receptor cysteine rich family member with 4 domains,SSC4D,Q8WTU2,Q8WTU2
caffeine,139322,apolipoprotein O like,APOOL,Q6UXV4,Q6UXV4
caffeine,116985,"ArfGAP with RhoGAP domain, ankyrin repeat and PH domain 1",ARAP1,Q96P48,Q96P48;E7EU13
caffeine,84364,ARF GTPase activating protein 2,ARFGAP2,Q8N6H7,Q8N6H7;E9PN48;G5E9L0
caffeine,57221,ARFGEF family member 3,ARFGEF3,Q5TH69,Q5TH69
caffeine,93663,Rho GTPase activating protein 18,ARHGAP18,Q8N392,Q8N392
caffeine,9743,Rho GTPase activating protein 32,ARHGAP32,A7KAX9,A7KAX9;A0A804HK06
caffeine,9826,Rho guanine nucleotide exchange factor 11,ARHGEF11,O15085,O15085;A0AAQ5BIK5
caffeine,23370,Rho/Rac guanine nucleotide exchange factor 18,ARHGEF18,Q6ZSZ5,Q6ZSZ5;A0A087WZG4;A0A3B3IPE9
caffeine,445328,Rho guanine nucleotide exchange factor 35,ARHGEF35,A5YM69,A5YM69;A0A5F9ZH52
caffeine,8289,AT-rich interaction domain 1A,ARID1A,O14497,O14497
caffeine,10620,AT-rich interaction domain 3B,ARID3B,Q8IVW6,Q8IVW6
caffeine,147339,arkadia (RNF111) N-terminal like PKA signaling regulator 2N,ARK2N,Q96B23,Q96B23
caffeine,51329,ARF like GTPase 6 interacting protein 4,ARL6IP4,Q66PJ3,Q66PJ3;A0A0C4DG62;A0A0C4DH18;A0A8C8KBE9;F8WCT1;F8WEP2
caffeine,10094,actin related protein 2/3 complex subunit 3,ARPC3,O15145,O15145
caffeine,170302,aristaless related homeobox,ARX,Q96QS3,Q96QS3
caffeine,55616,"ArfGAP with SH3 domain, ankyrin repeat and PH domain 3",ASAP3,Q8TDY4,Q8TDY4;A0AAA9YHE6;B4DRP2
caffeine,55252,ASXL transcriptional regulator 2,ASXL2,Q76L83,Q76L83
caffeine,55210,ATPase family AAA domain containing 3A,ATAD3A,Q9NVI7,Q9NVI7
caffeine,55729,activating transcription factor 7 interacting protein,ATF7IP,Q6VMQ6,Q6VMQ6;B3KNI7;B3KQF8
caffeine,79065,autophagy related 9A,ATG9A,Q7Z3C6,Q7Z3C6
caffeine,6310,ataxin 1,ATXN1,P54253,P54253;A0A2R8YCF3;Q96FF1
caffeine,8313,axin 2,AXIN2,Q9Y2T1,Q9Y2T1;B7ZKL5;E7ES00
caffeine,7917,BAG cochaperone 6,BAG6,P46379,P46379;A0A1U9X7A6;A0A7P0MQS5
caffeine,8815,barrier to autointegration nuclear assembly factor 1,BANF1,O75531,O75531
caffeine,58081,"BCL2 associated X, apoptosis regulator a",BAXA,Q9I9N4,Q9I9N4
caffeine,29994,bromodomain adjacent to zinc finger domain 2B,BAZ2B,Q9UIF8,Q9UIF8
caffeine,10295,branched chain keto acid dehydrogenase kinase,BCKDK,O14874,O14874
caffeine,83596,BCL2 like 12,BCL2L12,Q9HB09,Q9HB09;A0A0X8ASA9;A0A0X8AT42;A0A0X8AXX1;I6LJZ5;I6LJZ6;I6LJZ7;I6LJZ8;I6LJZ9;M0R1K0
caffeine,9274,BAF chromatin remodeling complex subunit BCL7C,BCL7C,Q8WUZ0,Q8WUZ0;I3L1Q2
caffeine,256643,BCLAF1 and THRAP3 family member 3,BCLAF3,A2AJT9,A2AJT9
caffeine,51272,Bet1 golgi vesicular membrane trafficking protein like,BET1L,Q9NYM9,Q9NYM9;A0A0C4DH16
caffeine,23506,BICRA like chromatin remodeling complex associated protein,BICRAL,Q6AI39,Q6AI39
caffeine,23074,bridge-like lipid transfer protein family member 3B,BLTP3B,A0JNW5,A0JNW5
caffeine,9790,BMS1 ribosome biogenesis factor,BMS1,Q14692,Q14692
caffeine,79866,BORA aurora kinase A activator,BORA,Q6PGQ7,Q6PGQ7;A0A087WV86;B5LMG6
caffeine,729991,BLOC-1 related complex subunit 8,BORCS8,Q96FH0,Q96FH0
caffeine,8019,bromodomain containing 3,BRD3,Q15059,Q15059
caffeine,65980,bromodomain containing 9,BRD9,Q9H8M2,Q9H8M2;B4DXI2
caffeine,25855,BRMS1 transcriptional repressor and anoikis regulator,BRMS1,Q9HCU9,Q9HCU9;G5E9I4
caffeine,55108,BSD domain containing 1,BSDC1,Q9NW68,Q9NW68
caffeine,28969,basic leucine zipper and W2 domains 2,BZW2,Q9Y6E2,Q9Y6E2;B5MCE7
caffeine,64149,chromosome 17 open reading frame 75,C17ORF75,Q9HAS0,Q9HAS0
caffeine,79078,chromosome 1 open reading frame 50,C1ORF50,Q9BV19,Q9BV19
caffeine,25966,C2 calcium dependent domain containing 2,C2CD2,Q9Y426,Q9Y426
caffeine,257407,chromosome 2 open reading frame 72,C2ORF72,A6NCS6,A6NCS6
caffeine,79886,caspase activity and apoptosis inhibitor 1,CAAP1,Q9H8G2,Q9H8G2;A0A3B3ISJ3
caffeine,27101,calcyclin binding protein,CACYBP,Q9HB71,Q9HB71
caffeine,157922,calmodulin regulated spectrin associated protein 1,CAMSAP1,Q5T5Y3,Q5T5Y3;A0A384NY94
caffeine,6650,calpain 15,CAPN15,O75808,O75808
caffeine,23589,calcium regulated heat stable protein 1,CARHSP1,Q9Y2V2,Q9Y2V2
caffeine,22794,CASC3 exon junction complex subunit,CASC3,O15234,O15234
caffeine,9994,caspase 8 associated protein 2,CASP8AP2,Q9UKL3,Q9UKL3
caffeine,284119,caveolae associated protein 1,CAVIN1,Q6NZI2,Q6NZI2
caffeine,8535,chromobox 4,CBX4,O00257,O00257;A0A0S2Z5B2
caffeine,55749,cell division cycle and apoptosis regulator 1,CCAR1,Q8IX12,Q8IX12
caffeine,152137,coiled-coil domain containing 50,CCDC50,Q8IVM0,Q8IVM0
caffeine,79080,coiled-coil domain containing 86,CCDC86,Q9H6F5,Q9H6F5
caffeine,6348,C-C motif chemokine ligand 3,CCL3,P10147,P10147;A0N0R1
caffeine,81669,cyclin L2,CCNL2,Q96S94,Q96S94
caffeine,54462,coiled-coil serine rich protein 2,CCSER2,Q9H7U1,Q9H7U1
caffeine,22948,chaperonin containing TCP1 subunit 5,CCT5,P48643,P48643;B4DDU6;B4DX08;B4DYC8;B7ZAR1;E7ENZ3;E9PCA1;V9HW37
caffeine,146059,codanin 1,CDAN1,Q8IWY9,Q8IWY9
caffeine,8476,CDC42 binding protein kinase alpha,CDC42BPA,Q5VT25,Q5VT25;A0A0A0MRJ0;A0A0A0MRJ1
caffeine,5127,cyclin dependent kinase 16,CDK16,Q00536,Q00536;A0A140VK97;Q9BRL4
caffeine,55755,CDK5 regulatory subunit associated protein 2,CDK5RAP2,Q96SN8,Q96SN8;A0A0A0MRG9;A0A8I5KXG0;A0A8I5QKL1;B3KVI2;B9EG74
caffeine,441549,cerebral dopamine neurotrophic factor,CDNF,Q49AH0,Q49AH0
caffeine,23670,cell migration inducing hyaluronidase 2,CEMIP2,Q9UHN6,Q9UHN6
caffeine,145508,centrosomal protein 128,CEP128,Q6ZU80,Q6ZU80;Q86TS1
caffeine,283638,centrosomal protein 170B,CEP170B,Q9Y4F5,Q9Y4F5
caffeine,95681,centrosomal protein 41,CEP41,Q9BYV8,Q9BYV8;A0A6Q8PF12;A0A6Q8PH03
caffeine,84902,centrosomal protein 89,CEP89,Q96ST8,Q96ST8
caffeine,84952,cingulin like 1,CGNL1,Q0VF96,Q0VF96
caffeine,84310,cholesin,CHLSN,Q9BRJ6,Q9BRJ6
caffeine,91782,charged multivesicular body protein 7,CHMP7,Q8WUX9,Q8WUX9;B3KMN6;B3KRZ9;B3KUH0
caffeine,23152,capicua transcriptional repressor,CIC,Q96RK0,Q96RK0;A0A0A0MQR4;I3L2J0
caffeine,12716,"creatine kinase, mitochondrial 1, ubiquitous",CKMT1,P30275,P30275;Q545N7
caffeine,5010,claudin 11,CLDN11,O75508,O75508
caffeine,9074,claudin 6,CLDN6,P56747,P56747
caffeine,6249,CAP-Gly domain containing linker protein 1,CLIP1,P30622,P30622;B3KXA5
caffeine,79789,calmin,CLMN,Q96JQ2,Q96JQ2;Q6NUQ2
caffeine,10978,cleavage factor polyribonucleotide kinase subunit 1,CLP1,Q92989,Q92989
caffeine,23277,CLUH binding protein of NUMT mRNA,CLUH,O75153,O75153;A0A494C0R8
caffeine,54918,CKLF like MARVEL transmembrane domain containing 6,CMTM6,Q9NX76,Q9NX76
caffeine,154043,CNKSR family member 3,CNKSR3,Q6P9H4,Q6P9H4;A0A5H1ZRR2
caffeine,26505,cyclin and CBS domain divalent metal cation transport mediator 3,CNNM3,Q8NE01,Q8NE01
caffeine,25839,component of oligomeric golgi complex 4,COG4,Q9H9E3,Q9H9E3;A0A0A0MS45;A0A6I8PIQ6;J3KNI1;Q8N8L9
caffeine,9276,coat protein complex I subunit beta 2,COPB2,P35606,P35606
caffeine,50813,COP9 signalosome subunit 7A,COPS7A,Q9UBW8,Q9UBW8
caffeine,9167,cytochrome c oxidase subunit 7A2 like,COX7A2L,O14548,O14548;Q6FGA0
caffeine,80315,cytoplasmic polyadenylation element binding protein 4,CPEB4,Q17RY0,Q17RY0;B7ZLQ8;E5RFP2
caffeine,10898,cleavage and polyadenylation specific factor 4,CPSF4,O95639,O95639;B7Z7B0
caffeine,64784,CREB regulated transcription coactivator 3,CRTC3,Q6UUV7,Q6UUV7
caffeine,553473,"crystallin, beta B1, like 1",CRYBB1L1,E7F8M1,E7F8M1
caffeine,55917,CTTNBP2 N-terminal like,CTTNBP2NL,Q9P2B4,Q9P2B4
caffeine,8450,cullin 4B,CUL4B,Q13620,Q13620;K4DI93
caffeine,5136,phosphodiesterase 1A,PDE1A,P54750,P54750;B7Z226;B7Z3A7;B7Z7A2;Q9Y633
caffeine,5141,phosphodiesterase 4A,PDE4A,P27815,P27815
caffeine,5141,phosphodiesterase 4A,PDE4A,P27815,P27815
caffeine,5152,phosphodiesterase 9A,PDE9A,O76083,O76083;A0A0S2Z475;A0A0S2Z4A3;A0A0S2Z4T6
caffeine,4129,monoamine oxidase B,MAOB,P27338,P27338;B7Z242
caffeine,6376,C-X3-C motif chemokine ligand 1,CX3CL1,P78423,P78423;A0N0N7
caffeine,246648,Cytochrome P450 12d1 proximal,CYP12D1-P,P82712,P82712;A0A0B4LF45
caffeine,140634,"cytochrome P450, family 1, subfamily A",CYP1A,Q8UW07,Q8UW07
caffeine,6432,serine and arginine rich splicing factor 7,SRSF7,Q16629,Q16629;C9JAB2
caffeine,5153,phosphodiesterase 1B,PDE1B,Q01064,Q01064;B3KX78;B4DK72
caffeine,5140,phosphodiesterase 3B,PDE3B,Q13370,Q13370;A7E2E5
caffeine,5140,phosphodiesterase 3B,PDE3B,Q13370,Q13370;A7E2E5
caffeine,5150,phosphodiesterase 7A,PDE7A,Q13946,Q13946
caffeine,5145,phosphodiesterase 6A,PDE6A,P16499,P16499;F1T0K3
caffeine,5837,"glycogen phosphorylase, muscle associated",PYGM,P11217,P11217
caffeine,5290,"phosphatidylinositol-4,5-bisphosphate 3-kinase catalytic subunit alpha",PIK3CA,P42336,P42336
caffeine,60640,"cytochrome P450, family 19, subfamily A, polypeptide 1b",CYP19A1B,A0A8M9PGW6,A0A8M9PGW6;A0AB32TJ68;Q5U870
caffeine,13086,"cytochrome P450, family 2, subfamily a, polypeptide 4",CYP2A4,P15392,P15392
caffeine,25369,adenosine A2a receptor,ADORA2A,P30543,P30543;A6JKL4
caffeine,25369,adenosine A2a receptor,ADORA2A,P30543,P30543;A6JKL4
caffeine,25369,adenosine A2a receptor,ADORA2A,P30543,P30543;A6JKL4
caffeine,25369,adenosine A2a receptor,ADORA2A,P30543,P30543;A6JKL4
caffeine,9112,metastasis associated 1,MTA1,Q13330,Q13330;E7ESY4;Q9BRL8
caffeine,23787,mitochondrial carrier 1,MTCH1,Q9NZJ7,Q9NZJ7;A0A8Q3WKC8;A8YXX5;H0Y8C3
caffeine,22823,metal response element binding transcription factor 2,MTF2,Q9Y483,Q9Y483;B4DZ69;B4DZG1;Q7Z534
caffeine,441024,methylenetetrahydrofolate dehydrogenase (NADP+ dependent) 2 like,MTHFD2L,Q9H903,Q9H903
caffeine,54893,myotubularin related protein 10,MTMR10,Q9NXD2,Q9NXD2;X5D963
caffeine,8897,myotubularin related protein 3,MTMR3,Q13615,Q13615
caffeine,8446,dual specificity phosphatase 11,DUSP11,O75319,O75319
caffeine,51143,dynein cytoplasmic 1 light intermediate chain 1,DYNC1LI1,Q9Y6G9,Q9Y6G9;B3KM42;E9PHI6
caffeine,341359,synaptotagmin 10,SYT10,Q6XYQ8,Q6XYQ8
caffeine,23334,SZT2 subunit of KICSTOR complex,SZT2,Q5T011,Q5T011
caffeine,10579,transforming acidic coiled-coil containing protein 2,TACC2,O95359,O95359;B2RWP4;B7ZMJ9;D6RAA5;E7EMZ9;E9PBC6;Q4VXL4;Q4VXL8
caffeine,9666,DAZ interacting zinc finger protein 3,DZIP3,Q86Y13,Q86Y13
caffeine,79733,E2F transcription factor 8,E2F8,A0AVK6,A0AVK6
caffeine,10682,EBP cholestenol delta-isomerase,EBP,Q15125,Q15125;A0A024QYX0
caffeine,6873,TATA-box binding protein associated factor 2,TAF2,Q6P1X5,Q6P1X5;A0A8I5KSY6;A0A8I5KV60;A0A8I5QJR0;B3KMD8
caffeine,10629,TATA-box binding protein associated factor 6 like,TAF6L,Q9Y6J9,Q9Y6J9;A8K0D4
caffeine,9718,endothelin converting enzyme 2,ECE2,P0DPD6,P0DPD6
caffeine,8411,early endosome antigen 1,EEA1,Q15075,Q15075
caffeine,57551,TAO kinase 1,TAOK1,Q7L7X3,Q7L7X3
caffeine,23435,TAR DNA binding protein,TARDBP,Q13148,Q13148;Q9H256
caffeine,30851,Tax1 binding protein 3,TAX1BP3,O14907,O14907;A0A087X282
caffeine,25771,TBC1 domain family member 22A,TBC1D22A,Q8WUA7,Q8WUA7;A0A0A0MRY0;B0QYI1
caffeine,9882,TBC1 domain family member 4,TBC1D4,O60343,O60343
caffeine,23061,TBC1 domain family member 9B,TBC1D9B,Q66K14,Q66K14;B3KM54;Q9BW24
caffeine,84897,transforming growth factor beta regulator 1,TBRG1,Q3YBR2,Q3YBR2
caffeine,6917,transcription elongation factor A1,TCEA1,P23193,P23193;A0A384MTX4;B7Z4W0
caffeine,494044,EGF-like fibulin extracellular matrix protein 2a,EFEMP2A,Q5PR37,Q5PR37
caffeine,23167,EFR3 homolog A,EFR3A,Q14156,Q14156
caffeine,6920,transcription elongation factor A3,TCEA3,O75764,O75764;B4DUM4;S4R3M9
caffeine,6942,transcription factor 20,TCF20,Q9UGU0,Q9UGU0;W5ZR30
caffeine,6950,t-complex 1,TCP1,P17987,P17987;E7EQR6
caffeine,6950,t-complex 1,TCP1,P17987,P17987;E7EQR6
caffeine,23301,EH domain binding protein 1,EHBP1,Q8NDI1,Q8NDI1;A0A140VK17;A8K930
caffeine,23301,EH domain binding protein 1,EHBP1,Q8NDI1,Q8NDI1;A0A140VK17;A8K930
caffeine,30846,EH domain containing 2,EHD2,Q9NZN4,Q9NZN4
caffeine,9538,EI24 autophagy associated transmembrane protein,EI24,O14681,O14681;E9PK61
caffeine,10289,eukaryotic translation initiation factor 1B,EIF1B,O60739,O60739;Q6FG85
caffeine,440275,eukaryotic translation initiation factor 2 alpha kinase 4,EIF2AK4,Q9P2K8,Q9P2K8
caffeine,8662,eukaryotic translation initiation factor 3 subunit B,EIF3B,P55884,P55884
caffeine,8662,eukaryotic translation initiation factor 3 subunit B,EIF3B,P55884,P55884
caffeine,23424,tudor domain containing 7,TDRD7,Q8NHU6,Q8NHU6
caffeine,146705,TEPSIN adaptor related protein complex 4 accessory protein,TEPSIN,Q96N21,Q96N21;A0A1B0GV70
caffeine,8665,eukaryotic translation initiation factor 3 subunit F,EIF3F,O00303,O00303
caffeine,27335,eukaryotic translation initiation factor 3 subunit K,EIF3K,Q9UBQ5,Q9UBQ5;K7EK53;K7ERF1;U3LUI4
caffeine,7023,transcription factor AP-4,TFAP4,Q01664,Q01664
caffeine,10342,trafficking from ER to golgi regulator,TFG,Q92734,Q92734;Q05BK6
caffeine,7037,transferrin receptor,TFRC,P02786,P02786;A0A8V8TM46;A8K6Q8;B7Z2I6;G3V0E5
caffeine,7037,transferrin receptor,TFRC,P02786,P02786;A0A8V8TM46;A8K6Q8;B7Z2I6;G3V0E5
caffeine,7458,eukaryotic translation initiation factor 4H,EIF4H,Q15056,Q15056
caffeine,7040,transforming growth factor beta 1,TGFB1,P01137,P01137;A0A499FJK2
caffeine,7040,transforming growth factor beta 1,TGFB1,P01137,P01137;A0A499FJK2
caffeine,60436,TGFB induced factor homeobox 2,TGIF2,Q9GZN2,Q9GZN2
caffeine,7054,tyrosine hydroxylase,TH,P07101,P07101;P78428
caffeine,7054,tyrosine hydroxylase,TH,P07101,P07101;P78428
caffeine,9669,eukaryotic translation initiation factor 5B,EIF5B,O60841,O60841;Q8N5A0
caffeine,8178,elongation factor for RNA polymerase II,ELL,P55199,P55199;U3KQ90
caffeine,8178,elongation factor for RNA polymerase II,ELL,P55199,P55199;U3KQ90
caffeine,8563,THO complex subunit 5,THOC5,Q13769,Q13769
caffeine,80731,thrombospondin type 1 domain containing 7B,THSD7B,Q9C0I4,Q9C0I4
caffeine,6924,elongin A,ELOA,Q14241,Q14241
caffeine,83460,ER membrane protein complex subunit 6,EMC6,Q9BV81,Q9BV81
caffeine,27436,EMAP like 4,EML4,Q9HC35,Q9HC35;B5MBZ0
caffeine,9414,tight junction protein 2,TJP2,Q9UDY2,Q9UDY2;A0A3B3IU51;B7Z2R3;B7Z954
caffeine,7089,"TLE family member 2, transcriptional corepressor",TLE2,Q04725,Q04725;K7EMK7
caffeine,5167,ectonucleotide pyrophosphatase/phosphodiesterase 1,ENPP1,P22413,P22413
caffeine,9874,tousled like kinase 1,TLK1,Q9UKI8,Q9UKI8;B3KRP1
caffeine,10548,transmembrane 9 superfamily member 1,TM9SF1,O15321,O15321;B4E3A9;G3V1B9
caffeine,9911,transmembrane and coiled-coil domain family 2,TMCC2,O75069,O75069;A0A0C4DFR1;Q8IW47
caffeine,54566,erythrocyte membrane protein band 4.1 like 4B,EPB41L4B,Q9H329,Q9H329;Q59GC2;Q9NX84
caffeine,30199,ependymin,EPD,P17561,P17561
caffeine,284114,transmembrane protein 102,TMEM102,Q8N9M5,Q8N9M5
caffeine,54972,transmembrane protein 132A,TMEM132A,Q24JP5,Q24JP5
caffeine,84928,transmembrane protein 209,TMEM209,Q96SK2,Q96SK2;A0A140VJX5
caffeine,83481,epiplakin 1,EPPK1,P58107,P58107
caffeine,83481,epiplakin 1,EPPK1,P58107,P58107
caffeine,84065,transmembrane protein 222,TMEM222,Q9H0R3,Q9H0R3
caffeine,55287,transmembrane protein 40,TMEM40,Q8WWA1,Q8WWA1;B4DXI0
caffeine,51249,transmembrane protein 69,TMEM69,Q5SWH9,Q5SWH9
caffeine,23085,ELKS/RAB6-interacting/CAST family member 1,ERC1,Q8IUD2,Q8IUD2;G8JLD3;X6RLX0;X6RM00
caffeine,54821,"ERCC excision repair 6 like, spindle assembly checkpoint helicase",ERCC6L,Q2NKX8,Q2NKX8;B5MDQ0
caffeine,23071,endoplasmic reticulum protein 44,ERP44,Q9BS26,Q9BS26;A0A384MEE7
caffeine,109579,esterase 2,ES2,,
caffeine,51575,ESF1 nucleolar pre-rRNA processing protein,ESF1,Q9H501,Q9H501
caffeine,8220,ess-2 spliceosome associated protein,ESS2,Q96DF8,Q96DF8;F8WEF8
caffeine,27346,transmembrane protein 97,TMEM97,Q5BJF2,Q5BJF2
caffeine,7112,thymopoietin,TMPO,P42166,P42166;P42167;G5E972;Q59G12
caffeine,81542,thioredoxin related transmembrane protein 1,TMX1,Q9H3N1,Q9H3N1
caffeine,57488,extended synaptotagmin 2,ESYT2,A0FGR8,A0FGR8;A0A499FIX8;H7BXI1
caffeine,57488,extended synaptotagmin 2,ESYT2,A0FGR8,A0FGR8;A0A499FIX8;H7BXI1
caffeine,55763,exocyst complex component 1,EXOC1,Q9NV70,Q9NV70
caffeine,7124,tumor necrosis factor,TNF,P01375,P01375;Q5STB3
caffeine,7124,tumor necrosis factor,TNF,P01375,P01375;Q5STB3
caffeine,7124,tumor necrosis factor,TNF,P01375,P01375;Q5STB3
caffeine,7124,tumor necrosis factor,TNF,P01375,P01375;Q5STB3
caffeine,7124,tumor necrosis factor,TNF,P01375,P01375;Q5STB3
caffeine,55504,TNF receptor superfamily member 19,TNFRSF19,Q9NS68,Q9NS68
caffeine,31193,Cytochrome P450 4ae1,CYP4AE1,O46054,O46054
caffeine,35587,Cytochrome P450 6a2,CYP6A2,P33270,P33270;A0A075BR14
caffeine,42682,Cytochrome P450 6d4,CYP6D4,Q9VCW1,Q9VCW1
caffeine,9420,cytochrome P450 family 7 subfamily B member 1,CYP7B1,O75881,O75881;Q05C57
caffeine,55152,DALR anticodon binding domain containing 3,DALRD3,Q5D0E6,Q5D0E6
caffeine,10926,DBF4-CDC7 kinase regulatory subunit,DBF4,Q9UBU7,Q9UBU7;B4DXK0;B7Z8C6
caffeine,79269,DDB1 and CUL4 associated factor 10,DCAF10,Q5QP82,Q5QP82;A0A0A0MQT4
caffeine,90379,DDB1 and CUL4 associated factor 15,DCAF15,Q66K64,Q66K64
caffeine,131566,"discoidin, CUB and LCCL domain containing 2",DCBLD2,Q96PD2,Q96PD2;B7Z7Y3
caffeine,55802,decapping mRNA 1A,DCP1A,Q9NPI6,Q9NPI6
caffeine,79077,dCTP pyrophosphatase 1,DCTPP1,Q9H773,Q9H773
caffeine,11218,DEAD-box helicase 20,DDX20,Q9UHI6,Q9UHI6;Q9H4N4
caffeine,51428,DEAD-box helicase 41,DDX41,Q9UJV9,Q9UJV9;B3KRK2
caffeine,83479,DEAD-box helicase 59,DDX59,Q5T1V6,Q5T1V6;B7Z5N6
caffeine,57706,DENN domain containing 1A,DENND1A,Q8TEH3,Q8TEH3;A0A0A0MS48;Q9HCG4
caffeine,160518,DENN domain containing 5B,DENND5B,Q6ZUT9,Q6ZUT9;G3V1S3
caffeine,8694,diacylglycerol O-acyltransferase 1,DGAT1,O75907,O75907
caffeine,54434,slingshot protein phosphatase 1,SSH1,Q8WYL5,Q8WYL5
caffeine,6767,ST13 Hsp70 interacting protein,ST13,P50502,P50502;A0A140VKA6;B4E0U6;Q0IJ56
caffeine,22907,DExH-box helicase 30,DHX30,Q7L2E3,Q7L2E3;H7BXY3
caffeine,90627,StAR related lipid transfer domain containing 13,STARD13,Q9Y3M8,Q9Y3M8;B2R789;B3KRK6;H3BRG5
caffeine,6774,signal transducer and activator of transcription 3,STAT3,P40763,P40763;A0A7I2V395;A0A7I2V444;A0A7I2V4C8;A0A7I2V4R2;A0A7I2V4R3;A0A7I2V552;A0A7I2YQD2;A0A7I2YQR5
caffeine,23181,DIP2 acetate--CoA ligase A,DIP2A,Q14689,Q14689;A0A494C143;Q96NX2
caffeine,10395,DLC1 Rho GTPase activating protein,DLC1,Q96QB1,Q96QB1;A8K119
caffeine,27067,staufen double-stranded RNA binding protein 2,STAU2,Q9NUL3,Q9NUL3;A8K276
caffeine,6793,serine/threonine kinase 10,STK10,O94804,O94804
caffeine,23312,Dmx like 2,DMXL2,Q8TDJ6,Q8TDJ6;H0YLM8
caffeine,9262,serine/threonine kinase 17b,STK17B,O94768,O94768;Q53QE7
caffeine,27347,serine/threonine kinase 39,STK39,Q9UEW8,Q9UEW8;A0A8V8TKT5
caffeine,56977,storkhead box 2,STOX2,Q9P2F5,Q9P2F5
caffeine,4189,DnaJ heat shock protein family (Hsp40) member B9,DNAJB9,Q9UBS3,Q9UBS3;Q6FIF1
caffeine,80331,DnaJ heat shock protein family (Hsp40) member C5,DNAJC5,Q9H3Z4,Q9H3Z4
caffeine,201595,STT3 oligosaccharyltransferase complex catalytic subunit B,STT3B,Q8TCJ2,Q8TCJ2;A0ABB0MVB2
caffeine,55014,syntaxin 17,STX17,P56962,P56962
caffeine,9482,syntaxin 8,STX8,Q9UNK0,Q9UNK0
caffeine,51430,SUN domain containing ossification factor,SUCO,Q9UBS9,Q9UBS9;A0A087WV04;B4DYM4
caffeine,10910,SGT1 assembly cochaperone of MIS12 kinetochore complex,SUGT1,Q9Y2Z0,Q9Y2Z0;A8K7W3;B4DYC6
caffeine,80005,dedicator of cytokinesis 5,DOCK5,Q9H7D0,Q9H7D0;B9A015
caffeine,29980,DNA replication fork stabilization factor DONSON,DONSON,Q9NYP3,Q9NYP3
caffeine,5977,double PHD fingers 2,DPF2,Q92785,Q92785;J3KMZ8
caffeine,6822,sulfotransferase family 2A member 1,SULT2A1,Q06520,Q06520;A8K015
caffeine,6822,sulfotransferase family 2A member 1,SULT2A1,Q06520,Q06520;A8K015
caffeine,6830,"SPT6 homolog, histone chaperone and transcription elongation factor",SUPT6H,Q7KZ85,Q7KZ85
caffeine,23512,SUZ12 polycomb repressive complex 2 subunit,SUZ12,Q15022,Q15022;J3QQW9
caffeine,92675,D-aminoacyl-tRNA deacylase 1,DTD1,Q8TEA8,Q8TEA8;A0A2R8Y6X2
caffeine,151636,deltex E3 ubiquitin ligase 3L,DTX3L,Q8TDB6,Q8TDB6
caffeine,6840,supervillin,SVIL,O95425,O95425;A0A6I8PIX7;Q569J5
caffeine,10492,synaptotagmin binding cytoplasmic RNA interacting protein,SYNCRIP,O60506,O60506;A0A7I2V309;A0A7I2YQN2;B7Z645;Q59GL1
caffeine,8871,synaptojanin 2,SYNJ2,O15056,O15056;A0A1W2PR85;B4DG94
caffeine,9788,MTSS I-BAR domain containing 1,MTSS1,O43312,O43312;A5YM41
caffeine,94025,"mucin 16, cell surface associated",MUC16,Q8WXI7,Q8WXI7;A0AAG2UXK0;B3KY81
caffeine,89853,multivesicular body subunit 12B,MVB12B,Q9H7P6,Q9H7P6
caffeine,10514,MYB binding protein 1a,MYBBP1A,Q9BQG0,Q9BQG0
caffeine,4609,"MYC proto-oncogene, bHLH transcription factor",MYC,P01106,P01106
caffeine,4609,"MYC proto-oncogene, bHLH transcription factor",MYC,P01106,P01106
caffeine,140465,myosin light chain 6B,MYL6B,P14649,P14649
caffeine,399687,myosin XVIIIA,MYO18A,Q92614,Q92614;A0A994J771;Q9NYE8
caffeine,4644,myosin VA,MYO5A,Q9Y4I1,Q9Y4I1;A0A8I5KTF1;A0A8J8YWI7;A8CDT9;Q9UES4
caffeine,4647,myosin VIIA,MYO7A,Q13402,Q13402
caffeine,4664,NGFI-A binding protein 1,NAB1,Q13506,Q13506;A8K8T1;B4DKG1;B8ZZS2
caffeine,133686,"NAD kinase 2, mitochondrial",NADK2,Q4G0N4,Q4G0N4;B7Z8V7
caffeine,4678,nuclear autoantigenic sperm protein,NASP,P49321,P49321;Q5T626
caffeine,89797,neuron navigator 2,NAV2,Q8IVL1,Q8IVL1;A7E2D6
caffeine,9918,non-SMC condensin I complex subunit D2,NCAPD2,Q15021,Q15021;B3KMS0;B3KY03
caffeine,55421,nuclear cap binding subunit 3,NCBP3,Q53F19,Q53F19
caffeine,10499,nuclear receptor coactivator 2,NCOA2,Q15596,Q15596;B4DPW8
caffeine,9611,nuclear receptor corepressor 1,NCOR1,O75376,O75376;A0A994J5B8;H0Y459;Q6PGR4
caffeine,10403,NDC80 kinetochore complex component,NDC80,O14777,O14777;A8K031
caffeine,81565,nudE neurodevelopment protein 1 like 1,NDEL1,Q9GZM8,Q9GZM8;A6NIZ0
caffeine,4711,NADH:ubiquinone oxidoreductase subunit B5,NDUFB5,O43674,O43674;A0A087WYD0
caffeine,5819,nectin cell adhesion molecule 2,NECTIN2,Q92692,Q92692
caffeine,25945,nectin cell adhesion molecule 3,NECTIN3,Q9NQS3,Q9NQS3
caffeine,4744,neurofilament heavy chain,NEFH,P12036,P12036
caffeine,6787,NIMA related kinase 4,NEK4,P51957,P51957;Q05DF6
caffeine,10763,nestin,NES,P48681,P48681;Q9H6U9
caffeine,10725,nuclear factor of activated T cells 5,NFAT5,O94916,O94916
caffeine,4782,nuclear factor I C,NFIC,P08651,P08651;B7Z4T6
caffeine,4791,nuclear factor kappa B subunit 2,NFKB2,Q00653,Q00653
caffeine,4798,nuclear factor related to kappaB binding protein,NFRKB,Q6P4R8,Q6P4R8
caffeine,4799,"nuclear transcription factor, X-box binding 1",NFX1,Q12986,Q12986
caffeine,9368,NHERF family PDZ scaffold protein 1,NHERF1,O14745,O14745
caffeine,64855,niban apoptosis regulator 2,NIBAN2,Q96TA1,Q96TA1
caffeine,4820,natural killer cell triggering receptor,NKTR,P30414,P30414
caffeine,64802,nicotinamide nucleotide adenylyltransferase 1,NMNAT1,Q9HAN9,Q9HAN9;B1AN62
caffeine,26155,NOC2 like nucleolar associated transcriptional repressor,NOC2L,Q9Y3T9,Q9Y3T9
caffeine,140688,nucleolar protein 4 like,NOL4L,Q96MY1,Q96MY1;A0A087X0N3
caffeine,4841,non-POU domain containing octamer binding,NONO,Q15233,Q15233;A0A0S2Z4Z9
caffeine,9722,nitric oxide synthase 1 adaptor protein,NOS1AP,O75052,O75052
caffeine,51070,nitric oxide synthase interacting protein,NOSIP,Q9Y314,Q9Y314;A0A075B6F9
caffeine,261734,nephrocystin 4,NPHP4,O75161,O75161;B3KW36
caffeine,80896,N-acetylneuraminate pyruvate lyase,NPL,Q9BXD5,Q9BXD5;A0A087WZ70
caffeine,4878,natriuretic peptide A,NPPA,P01160,P01160
caffeine,4878,natriuretic peptide A,NPPA,P01160,P01160
caffeine,8204,nuclear receptor interacting protein 1,NRIP1,P48552,P48552;A8K171
caffeine,4905,"N-ethylmaleimide sensitive factor, vesicle fusing ATPase",NSF,P46459,P46459;A0A384MTI6
caffeine,45706,Cytochrome P450 4d14,CYP4D14,O46051,O46051;M9PGI4
caffeine,36316,Cytochrome P450 6g1,CYP6G1,Q9V674,Q9V674;B6IDY5
caffeine,28988,drebrin like,DBNL,Q9UJU6,Q9UJU6;B4DUF9
caffeine,55827,DDB1 and CUL4 associated factor 6,DCAF6,Q58WW2,Q58WW2
caffeine,10540,dynactin subunit 2,DCTN2,Q13561,Q13561;A0A384MDU9;A8K8J9;B3KTX4;V9HW58
caffeine,80821,DDHD domain containing 1,DDHD1,Q8NEL9,Q8NEL9
caffeine,100008972,"glycogen phosphorylase, muscle associated",PYGM,P00489,P00489
caffeine,100008972,"glycogen phosphorylase, muscle associated",PYGM,P00489,P00489
caffeine,8886,DEAD-box helicase 18,DDX18,Q9NVP1,Q9NVP1;Q8N254
caffeine,57062,DEAD-box helicase 24,DDX24,Q9GZR7,Q9GZR7
caffeine,7919,DExD-box helicase 39B,DDX39B,Q13838,Q13838;A0A024RCM3
caffeine,9879,DEAD-box helicase 46,DDX46,Q7L014,Q7L014;A0A0C4DG89
caffeine,79039,DEAD-box helicase 54,DDX54,Q8TDD1,Q8TDD1
caffeine,7913,DEK proto-oncogene,DEK,P35659,P35659;H0Y8X0
caffeine,10260,DENN domain containing 4A,DENND4A,Q7Z401,Q7Z401;A0A0U1RR27;A0A7I2RAZ6;Q05C90
caffeine,9681,"DEP domain containing 5, GATOR1 subcomplex subunit",DEPDC5,O75140,O75140;A0A2R8Y5T1;A0A2R8Y6H3;A0A2R8Y6V4;H0Y770
caffeine,139189,diacylglycerol kinase kappa,DGKK,Q5KSL6,Q5KSL6
caffeine,6469,sonic hedgehog signaling molecule,SHH,Q15465,Q15465
caffeine,6747,signal sequence receptor subunit 3,SSR3,Q9UNL2,Q9UNL2;C9J365
caffeine,10735,STAG2 cohesin complex component,STAG2,Q8N3U4,Q8N3U4
caffeine,8525,diacylglycerol kinase zeta,DGKZ,Q13574,Q13574
caffeine,8449,DEAH-box helicase 16,DHX16,O60231,O60231;A0A1U9X7L7;B4DZ28;Q5SQH4;Q5SQH5
caffeine,134429,StAR related lipid transfer domain containing 4,STARD4,Q96DR4,Q96DR4;B0AZS2
caffeine,6778,signal transducer and activator of transcription 6,STAT6,P42226,P42226;A8K4S9;B4DQB3
caffeine,23405,"dicer 1, ribonuclease III",DICER1,Q9UPY3,Q9UPY3;H0YJZ6
caffeine,129563,DIS3 like 3'-5' exoribonuclease 2,DIS3L2,Q8IYB7,Q8IYB7
caffeine,9231,discs large MAGUK scaffold protein 5,DLG5,Q8TDM6,Q8TDM6
caffeine,8614,stanniocalcin 2,STC2,O76061,O76061;Q6FHC9
caffeine,57620,stromal interaction molecule 2,STIM2,Q9P246,Q9P246;B3KUB5;H0Y860
caffeine,9263,serine/threonine kinase 17a,STK17A,Q9UEE5,Q9UEE5
caffeine,55351,serine/threonine kinase 32B,STK32B,Q9NY57,Q9NY57;B2R9M8
caffeine,55342,spermatid perinuclear RNA binding protein,STRBP,Q96SI9,Q96SI9;A0A0S2Z5K8;V9HWK4
caffeine,23341,DnaJ heat shock protein family (Hsp40) member C16,DNAJC16,Q9Y2G8,Q9Y2G8
caffeine,23268,dynamin binding protein,DNMBP,Q6XZF7,Q6XZF7;A0A1B0GTX1;A0A1C7CYY6;B3KY33;B4E0Q3
caffeine,6801,striatin,STRN,O43815,O43815
caffeine,23673,syntaxin 12,STX12,Q86Y82,Q86Y82
caffeine,20909,syntaxin 4A (placental),STX4A,P70452,P70452
caffeine,134957,syntaxin binding protein 5,STXBP5,Q5T5C0,Q5T5C0;A0A9L9PXY2;H0Y332
caffeine,51684,SUFU negative regulator of hedgehog signaling,SUFU,Q9UMX1,Q9UMX1;A0A223LX15
caffeine,9980,DOP1 leucine zipper like protein B,DOP1B,Q9Y3R5,Q9Y3R5
caffeine,445329,sulfotransferase family 1A member 4,SULT1A4,P0DMM9,P0DMM9;P0DMN0
caffeine,55578,"SPT20 homolog, SAGA complex component",SUPT20H,Q8NEM7,Q8NEM7;A8K8L1;R4GND2
caffeine,6838,surfeit 6,SURF6,O75683,O75683
caffeine,56931,dihydrouridine synthase 3 like,DUS3L,Q96G46,Q96G46;B2RDV7
caffeine,8189,symplekin scaffold protein,SYMPK,Q92797,Q92797
caffeine,23224,spectrin repeat containing nuclear envelope protein 2,SYNE2,Q8WXH0,Q8WXH0
caffeine,35822,Cytochrome P450 4e2,CYP4E2,Q27606,Q27606;A0A0B4LFT2
caffeine,36666,Cytochrome P450 6a8,CYP6A8,Q27593,Q27593
caffeine,35543,Cytochrome P450 6w1,CYP6W1,Q9V9L1,Q9V9L1;A0A0B4LEU2
caffeine,153090,DAB2 interacting protein,DAB2IP,Q5VWQ8,Q5VWQ8
caffeine,26528,DAZ associated protein 1,DAZAP1,Q96EP5,Q96EP5;A0A0S2Z569;K7EK33;K7EQ55
caffeine,9730,DDB1 and CUL4 associated factor 1,DCAF1,Q9Y4B6,Q9Y4B6
caffeine,25853,DDB1 and CUL4 associated factor 12,DCAF12,Q5T6F0,Q5T6F0
caffeine,285761,"discoidin, CUB and LCCL domain containing 1",DCBLD1,Q8N8Z6,Q8N8Z6
caffeine,9937,DNA cross-link repair 1A,DCLRE1A,Q6PJP8,Q6PJP8
caffeine,51164,dynactin subunit 4,DCTN4,Q9UJW0,Q9UJW0;A0A0S2Z5D4
caffeine,84301,DDI proteasomal shuttling factor 2,DDI2,Q5TDH0,Q5TDH0
caffeine,55308,DEAD-box helicase 19A,DDX19A,Q9NUU7,Q9NUU7;B4DS24;I3L0H8
caffeine,64794,DEAD-box helicase 31,DDX31,Q9H8H2,Q9H8H2;A0AAK2PNZ4
caffeine,51202,DEAD-box helicase 47,DDX47,Q9H0S4,Q9H0S4
caffeine,57696,DEAD-box helicase 55,DDX55,Q8NHQ9,Q8NHQ9
caffeine,55667,DENN domain containing 4C,DENND4C,Q5VZ89,Q5VZ89
caffeine,7220,transient receptor potential cation channel subfamily C member 1,TRPC1,P48995,P48995
caffeine,117178,SSX family member 2 interacting protein,SSX2IP,Q9Y2D8,Q9Y2D8;B7ZB07
caffeine,8027,signal transducing adaptor molecule,STAM,Q92783,Q92783;B4DZT2
caffeine,54505,DExH-box helicase 29,DHX29,Q7Z478,Q7Z478
caffeine,6772,signal transducer and activator of transcription 1,STAT1,P42224,P42224;A0A669KB68;A0A8V8TN81
caffeine,6780,staufen double-stranded RNA binding protein 1,STAU1,O95793,O95793;B3KRE0;Q59F99;Q6PJX3
caffeine,11083,death inducer-obliterator 1,DIDO1,Q9BTC0,Q9BTC0
caffeine,22839,DLG associated protein 4,DLGAP4,Q9Y2H0,Q9Y2H0;A0A0B4J2C2
caffeine,26872,STEAP family member 1,STEAP1,Q9UHE8,Q9UHE8
caffeine,10963,stress induced phosphoprotein 1,STIP1,P31948,P31948;V9HW72
caffeine,55929,DNA methyltransferase 1 associated protein 1,DMAP1,Q9NPF5,Q9NPF5
caffeine,374407,DnaJ heat shock protein family (Hsp40) member B13,DNAJB13,P59910,P59910
caffeine,282974,serine/threonine kinase 32C,STK32C,Q86UX6,Q86UX6;A0A140VJW0;B7Z7J1;H0Y349;H0Y431
caffeine,219736,storkhead box 1,STOX1,Q6ZVD7,Q6ZVD7
caffeine,10049,DnaJ heat shock protein family (Hsp40) member B6,DNAJB6,O75190,O75190;A0A0J9YX62;E9PH18
caffeine,27000,DnaJ heat shock protein family (Hsp40) member C2,DNAJC2,Q99543,Q99543
caffeine,29966,striatin 3,STRN3,Q13033,Q13033
caffeine,8675,syntaxin 16,STX16,O14662,O14662;B4DJX9
caffeine,10228,syntaxin 6,STX6,O43752,O43752
caffeine,8417,syntaxin 7,STX7,O15400,O15400
caffeine,10923,SUB1 regulator of transcription,SUB1,P53999,P53999;Q6IBA2
caffeine,10147,SURP and G-patch domain containing 2,SUGP2,Q8IX01,Q8IX01;A8K5G0;M0R2Z9
caffeine,9732,dedicator of cytokinesis 4,DOCK4,Q8N1I0,Q8N1I0
caffeine,55715,docking protein 4,DOK4,Q8TEW6,Q8TEW6;H3BQ19
caffeine,84444,DOT1 like histone lysine methyltransferase,DOT1L,Q8TEK3,Q8TEK3;A0A8I5QL06
caffeine,91039,dipeptidyl peptidase 9,DPP9,Q86TI2,Q86TI2;M0R2A8
caffeine,6829,"SPT5 homolog, DSIF elongation factor subunit",SUPT5H,O00267,O00267
caffeine,6839,SUV39H1 histone lysine methyltransferase,SUV39H1,O43463,O43463
caffeine,84062,dystrobrevin binding protein 1,DTNBP1,Q96EV8,Q96EV8;A0A087WYP9;A0A0S2Z5U8;A6NFV8;D6RJC6
caffeine,374969,small vasohibin binding protein,SVBP,Q8N300,Q8N300
caffeine,6853,synapsin I,SYN1,P17600,P17600
caffeine,8867,synaptojanin 1,SYNJ1,O43426,O43426;A0A0D9SGJ6;B9EGN3;Q05CZ1
caffeine,4924,nucleobindin 1,NUCB1,Q02818,Q02818;A8K7Q1
caffeine,8650,NUMB endocytic adaptor protein,NUMB,P49757,P49757
caffeine,23165,nucleoporin 205,NUP205,Q92621,Q92621
caffeine,10762,nucleoporin 50,NUP50,Q9UKX7,Q9UKX7;B4E2D3
caffeine,9688,nucleoporin 93,NUP93,Q8N1F7,Q8N1F7
caffeine,57495,NACHT and WD repeat domain containing 2,NWD2,Q9ULI1,Q9ULI1
caffeine,54940,OCIA domain containing 1,OCIAD1,Q9NX40,Q9NX40
caffeine,10724,O-GlcNAcase,OGA,O60502,O60502
caffeine,167826,oligodendrocyte transcription factor 3,OLIG3,Q7RTU3,Q7RTU3
caffeine,23594,origin recognition complex subunit 6,ORC6,Q9Y5N6,Q9Y5N6
caffeine,5007,oxysterol binding protein,OSBP,P22059,P22059
caffeine,114882,oxysterol binding protein like 8,OSBPL8,Q9BZF1,Q9BZF1
caffeine,26578,osteoclast stimulating factor 1,OSTF1,Q92882,Q92882
caffeine,55593,OTU deubiquitinase 5,OTUD5,Q96G74,Q96G74
caffeine,286530,P2Y receptor family member 8,P2RY8,Q86VZ1,Q86VZ1
caffeine,23241,phosphofurin acidic cluster sorting protein 2,PACS2,Q86VP3,Q86VP3
caffeine,10605,poly(A) binding protein interacting protein 1,PAIP1,Q9H074,Q9H074
caffeine,5062,p21 (RAC1) activated kinase 2,PAK2,Q13177,Q13177;A8K5M4
caffeine,5062,p21 (RAC1) activated kinase 2,PAK2,Q13177,Q13177;A8K5M4
caffeine,5062,p21 (RAC1) activated kinase 2,PAK2,Q13177,Q13177;A8K5M4
caffeine,445815,PALM2 and AKAP2 fusion,PALM2AKAP2,Q9Y2D5,Q9Y2D5
caffeine,255967,poly(A) specific ribonuclease subunit PAN3,PAN3,Q58A45,Q58A45
caffeine,55229,pantothenate kinase 4 (inactive),PANK4,Q9NVE7,Q9NVE7
caffeine,84612,par-6 family cell polarity regulator beta,PARD6B,Q9BYG5,Q9BYG5
caffeine,23598,POZ/BTB and AT hook containing zinc finger 1,PATZ1,Q9HBE1,Q9HBE1
caffeine,55872,PDZ binding kinase,PBK,Q96KB5,Q96KB5;V9HWH0
caffeine,5093,poly(rC) binding protein 1,PCBP1,Q15365,Q15365;Q53SS8
caffeine,63935,phosphorylated CTD interacting factor 1,PCIF1,Q9H4Z3,Q9H4Z3
caffeine,5111,proliferating cell nuclear antigen,PCNA,P12004,P12004
caffeine,399909,pecanex 3,PCNX3,Q9H6A9,Q9H6A9
caffeine,5130,"phosphate cytidylyltransferase 1A, choline",PCYT1A,P49585,P49585;B4E322
caffeine,22984,programmed cell death 11,PDCD11,Q14690,Q14690;A0A3B3IUD7
caffeine,64236,PDZ and LIM domain 2,PDLIM2,Q96JY6,Q96JY6
caffeine,23047,PDS5 cohesin associated factor B,PDS5B,Q9NTI5,Q9NTI5
caffeine,118987,PDZ domain containing 8,PDZD8,Q8NEN9,Q8NEN9
caffeine,55825,peroxisomal trans-2-enoyl-CoA reductase,PECR,Q9BY49,Q9BY49
caffeine,5194,peroxisomal biogenesis factor 13,PEX13,Q92968,Q92968
caffeine,5209,"6-phosphofructo-2-kinase/fructose-2,6-biphosphatase 3",PFKFB3,Q16875,Q16875;A0A1W2PR17;B7Z8A0
caffeine,5216,profilin 1,PFN1,P07737,P07737
caffeine,55286,PDCD10 and GCKIII kinases associated 1,PGCKA1,Q8IY42,Q8IY42
caffeine,5230,phosphoglycerate kinase 1,PGK1,P00558,P00558;V9HWF4
caffeine,55276,phosphoglucomutase 2,PGM2,Q96G03,Q96G03
caffeine,9749,phosphatase and actin regulator 2,PHACTR2,O75167,O75167;J3KP75
caffeine,5245,prohibitin 1,PHB1,P35232,P35232;A8K401;Q53FV0
caffeine,5245,prohibitin 1,PHB1,P35232,P35232;A8K401;Q53FV0
caffeine,5252,PHD finger protein 1,PHF1,O43189,O43189;A0A140VJR4;A0A1U9X8A3
caffeine,5253,PHD finger protein 2,PHF2,O75151,O75151
caffeine,7430,ezrin,EZR,P15311,P15311
caffeine,7430,ezrin,EZR,P15311,P15311
caffeine,10188,tyrosine kinase non receptor 2,TNK2,Q07912,Q07912;A0A499FJ16;A0A5F9ZGX5;A0A5F9ZHJ2;A0A5F9ZHP4;A0A5F9ZI29;B3KXJ4;C9J1X3
caffeine,10188,tyrosine kinase non receptor 2,TNK2,Q07912,Q07912;A0A499FJ16;A0A5F9ZGX5;A0A5F9ZHJ2;A0A5F9ZHP4;A0A5F9ZI29;B3KXJ4;C9J1X3
caffeine,27327,trinucleotide repeat containing adaptor 6A,TNRC6A,Q8NDV7,Q8NDV7
caffeine,23371,tensin 2,TNS2,Q63HR2,Q63HR2
caffeine,81558,family with sequence similarity 117 member A,FAM117A,Q9C073,Q9C073
caffeine,23201,family with sequence similarity 168 member A,FAM168A,Q92567,Q92567
caffeine,283635,family with sequence similarity 177 member A1,FAM177A1,Q8N128,Q8N128
caffeine,146691,target of myb1 like 2 membrane trafficking protein,TOM1L2,Q6ZVM7,Q6ZVM7;B7Z2U2;B7Z671;F5H3S6
caffeine,7150,DNA topoisomerase I,TOP1,P11387,P11387;Q9BVT2
caffeine,7150,DNA topoisomerase I,TOP1,P11387,P11387;Q9BVT2
caffeine,51307,family with sequence similarity 53 member C,FAM53C,Q9NYF3,Q9NYF3
caffeine,644815,scaffolding CK1 anchoring protein G,SACK1G,A6ND36,A6ND36
caffeine,10210,"TOP1 binding arginine/serine rich protein, E3 ubiquitin ligase",TOPORS,Q9NS56,Q9NS56
caffeine,7157,tumor protein p53,TP53,P04637,P04637;A0A087WT22;A0A087WXZ1;A0A087X1Q1;H2EHT1;K7PPA8;Q53GA5
caffeine,7157,tumor protein p53,TP53,P04637,P04637;A0A087WT22;A0A087WXZ1;A0A087X1Q1;H2EHT1;K7PPA8;Q53GA5
caffeine,7157,tumor protein p53,TP53,P04637,P04637;A0A087WT22;A0A087WXZ1;A0A087X1Q1;H2EHT1;K7PPA8;Q53GA5
caffeine,7157,tumor protein p53,TP53,P04637,P04637;A0A087WT22;A0A087WXZ1;A0A087X1Q1;H2EHT1;K7PPA8;Q53GA5
caffeine,7157,tumor protein p53,TP53,P04637,P04637;A0A087WT22;A0A087WXZ1;A0A087X1Q1;H2EHT1;K7PPA8;Q53GA5
caffeine,7157,tumor protein p53,TP53,P04637,P04637;A0A087WT22;A0A087WXZ1;A0A087X1Q1;H2EHT1;K7PPA8;Q53GA5
caffeine,7157,tumor protein p53,TP53,P04637,P04637;A0A087WT22;A0A087WXZ1;A0A087X1Q1;H2EHT1;K7PPA8;Q53GA5
caffeine,7157,tumor protein p53,TP53,P04637,P04637;A0A087WT22;A0A087WXZ1;A0A087X1Q1;H2EHT1;K7PPA8;Q53GA5
caffeine,7157,tumor protein p53,TP53,P04637,P04637;A0A087WT22;A0A087WXZ1;A0A087X1Q1;H2EHT1;K7PPA8;Q53GA5
caffeine,7157,tumor protein p53,TP53,P04637,P04637;A0A087WT22;A0A087WXZ1;A0A087X1Q1;H2EHT1;K7PPA8;Q53GA5
caffeine,7157,tumor protein p53,TP53,P04637,P04637;A0A087WT22;A0A087WXZ1;A0A087X1Q1;H2EHT1;K7PPA8;Q53GA5
caffeine,7157,tumor protein p53,TP53,P04637,P04637;A0A087WT22;A0A087WXZ1;A0A087X1Q1;H2EHT1;K7PPA8;Q53GA5
caffeine,7157,tumor protein p53,TP53,P04637,P04637;A0A087WT22;A0A087WXZ1;A0A087X1Q1;H2EHT1;K7PPA8;Q53GA5
caffeine,7157,tumor protein p53,TP53,P04637,P04637;A0A087WT22;A0A087WXZ1;A0A087X1Q1;H2EHT1;K7PPA8;Q53GA5
caffeine,7157,tumor protein p53,TP53,P04637,P04637;A0A087WT22;A0A087WXZ1;A0A087X1Q1;H2EHT1;K7PPA8;Q53GA5
caffeine,7157,tumor protein p53,TP53,P04637,P04637;A0A087WT22;A0A087WXZ1;A0A087X1Q1;H2EHT1;K7PPA8;Q53GA5
caffeine,55215,FA complementation group I,FANCI,Q9NVI1,Q9NVI1;A0A6Q8PGF4;A0A8Q3SIW9;B3KNW8
caffeine,7163,tumor protein D52,TPD52,P55327,P55327
caffeine,7167,triosephosphate isomerase 1,TPI1,P60174,P60174;Q53HE2;V9HWK1
caffeine,64319,fibrosin,FBRS,Q9HAH7,Q9HAH7;B3KTZ7;J3KNZ9
caffeine,131601,transmembrane protein adipocyte associated 1,TPRA1,Q86W33,Q86W33
caffeine,84231,TNF receptor associated factor 7,TRAF7,Q6Q0C0,Q6Q0C0;B3KQY7
caffeine,55262,trafficking protein particle complex subunit 14,TRAPPC14,Q8WVR3,Q8WVR3;B3KNS5
caffeine,54620,F-box and leucine rich repeat protein 19,FBXL19,Q6PCT2,Q6PCT2;H3BPZ0;H3BVB1
caffeine,26271,F-box protein 5,FBXO5,Q9UKT4,Q9UKT4
caffeine,115352,Fc receptor like 3,FCRL3,Q96P31,Q96P31
caffeine,57761,tribbles pseudokinase 3,TRIB3,Q96RU7,Q96RU7;B4DMM9;J3KR25
caffeine,10155,tripartite motif containing 28,TRIM28,Q13263,Q13263
caffeine,10155,tripartite motif containing 28,TRIM28,Q13263,Q13263
caffeine,55521,tripartite motif containing 36,TRIM36,Q9NQ86,Q9NQ86;E9PBG3;Q4R1Q4
caffeine,10979,FERM domain containing kindlin 2,FERMT2,Q96AC1,Q96AC1
caffeine,55785,"FYVE, RhoGEF and PH domain containing 6",FGD6,Q6ZV73,Q6ZV73
caffeine,131405,tripartite motif containing 71,TRIM71,Q2Q1W2,Q2Q1W2
caffeine,9321,thyroid hormone receptor interactor 11,TRIP11,Q15643,Q15643
caffeine,51504,tRNA methyltransferase activator subunit 11-2,TRMT112,Q9UI30,Q9UI30
caffeine,84067,FHF complex subunit HOOK interacting protein 1B,FHIP1B,Q8N612,Q8N612
caffeine,11259,filamin A interacting protein 1 like,FILIP1L,Q4L180,Q4L180;H7C4M0
caffeine,22059,transformation related protein 53,TRP53,P02340,P02340;Q3UGQ1;Q549C9;Q80ZA1
caffeine,22059,transformation related protein 53,TRP53,P02340,P02340;Q3UGQ1;Q549C9;Q80ZA1
caffeine,22059,transformation related protein 53,TRP53,P02340,P02340;Q3UGQ1;Q549C9;Q80ZA1
caffeine,51393,transient receptor potential cation channel subfamily V member 2,TRPV2,Q9Y5S1,Q9Y5S1
caffeine,8848,TSC22 domain family member 1,TSC22D1,Q15714,Q15714;A8K3Y6
caffeine,8848,TSC22 domain family member 1,TSC22D1,Q15714,Q15714;A8K3Y6
caffeine,283989,tRNA splicing endonuclease subunit 54,TSEN54,Q7Z6J9,Q7Z6J9
caffeine,151613,tetratricopeptide repeat domain 14,TTC14,Q96N46,Q96N46
caffeine,84256,FLYWCH-type zinc finger 1,FLYWCH1,Q4VC44,Q4VC44
caffeine,23360,formin binding protein 4,FNBP4,Q8N3X1,Q8N3X1
caffeine,9654,tubulin tyrosine ligase like 4,TTLL4,Q14679,Q14679
caffeine,79861,tubulin alpha like 3,TUBAL3,A6NHL2,A6NHL2
caffeine,200081,taxilin alpha,TXLNA,P40222,P40222
caffeine,96459,folliculin interacting protein 1,FNIP1,Q8TF40,Q8TF40;J3KNG8
caffeine,55787,taxilin gamma,TXLNG,Q9NUQ3,Q9NUQ3
caffeine,7298,thymidylate synthetase,TYMS,P04818,P04818;Q53Y97
caffeine,11338,U2 small nuclear RNA auxiliary factor 2,U2AF2,P26368,P26368
caffeine,116113,forkhead box P4,FOXP4,Q8IVH2,Q8IVH2;B7ZBM3
caffeine,122786,FERM domain containing 6,FRMD6,Q96NE9,Q96NE9
caffeine,10129,FRY microtubule binding protein,FRY,Q5TBA9,Q5TBA9;A0A286YFA9
caffeine,7317,ubiquitin like modifier activating enzyme 1,UBA1,P22314,P22314;A0A024R1A3
caffeine,7317,ubiquitin like modifier activating enzyme 1,UBA1,P22314,P22314;A0A024R1A3
caffeine,51271,ubiquitin associated protein 1,UBAP1,Q9NZ09,Q9NZ09;A0A6G6AA68
caffeine,7316,ubiquitin C,UBC,P0CG48,P0CG48
caffeine,65264,ubiquitin conjugating enzyme E2 Z,UBE2Z,Q9H832,Q9H832
caffeine,8266,ubiquitin like 4A,UBL4A,P11441,P11441
caffeine,23304,ubiquitin protein ligase E3 component n-recognin 2,UBR2,Q8IWV8,Q8IWV8;B3KXG6
caffeine,285527,FRY like transcription coactivator,FRYL,O94915,O94915;A0A2C9F2R7;B3KXG5;Q6ZR29
caffeine,8939,far upstream element binding protein 3,FUBP3,Q96I24,Q96I24
caffeine,9513,FMR1 autosomal homolog 2,FXR2,P51116,P51116
caffeine,51366,ubiquitin protein ligase E3 component n-recognin 5,UBR5,O95071,O95071
caffeine,80700,UBX domain protein 6,UBXN6,Q9BZV1,Q9BZV1
caffeine,54963,uridine-cytidine kinase 1 like 1,UCKL1,Q9NWZ5,Q9NWZ5;Q53HM1
caffeine,7855,frizzled class receptor 5,FZD5,Q13467,Q13467
caffeine,115426,ubiquitin like with PHD and ring finger domains 2,UHRF2,Q96PU4,Q96PU4
caffeine,8408,unc-51 like autophagy activating kinase 1,ULK1,O75385,O75385
caffeine,55898,unc-45 myosin chaperone A,UNC45A,Q9H3U1,Q9H3U1
caffeine,26130,GTPase activating protein and VPS9 domains 1,GAPVD1,Q14C86,Q14C86;B0QZ65;B4DGD8;F8W9S7
caffeine,85451,unk zinc finger,UNK,Q9C0B0,Q9C0B0
caffeine,7384,ubiquinol-cytochrome c reductase core protein 1,UQCRC1,P31930,P31930
caffeine,8729,golgi brefeldin A resistant guanine nucleotide exchange factor 1,GBF1,Q92538,Q92538;A0A669KB10;A0A669KBG8;A0A7I2V2L5;A0A7I2V452;A0A7I2V514;A0A7I2YQ65
caffeine,9100,ubiquitin specific peptidase 10,USP10,Q14694,Q14694;A0A7G6J4N4
caffeine,57646,ubiquitin specific peptidase 28,USP28,Q96RU2,Q96RU2;A0A8V8TLZ9;B4E3L3
caffeine,57602,ubiquitin specific peptidase 36,USP36,Q9P275,Q9P275;A0A075B784
caffeine,11276,synergin gamma,SYNRG,Q9UMZ2,Q9UMZ2
caffeine,26099,SUZ RNA binding domain containing 1,SZRD1,Q7Z422,Q7Z422
caffeine,6867,transforming acidic coiled-coil containing protein 1,TACC1,O75410,O75410;B7Z3G3;E5RFM9;E7ET87;E7EVI4
caffeine,144455,E2F transcription factor 7,E2F7,Q96AV8,Q96AV8
caffeine,9166,estrogen receptor binding site associated antigen 9,EBAG9,O00559,O00559
caffeine,79101,"TATA-box binding protein associated factor, RNA polymerase I subunit D",TAF1D,Q9H5J8,Q9H5J8
caffeine,6878,TATA-box binding protein associated factor 6,TAF6,P49848,P49848;A4D299
caffeine,51616,TATA-box binding protein associated factor 9b,TAF9B,Q9HBM6,Q9HBM6
caffeine,10010,TRAF family member associated NFKB activator,TANK,Q92844,Q92844;B2R7S3;Q6NW12
caffeine,6895,TARBP2 subunit of RISC loading complex,TARBP2,Q15633,Q15633
caffeine,9797,TatD DNase domain containing 2,TATDN2,Q93075,Q93075
caffeine,128637,TBC1 domain family member 20,TBC1D20,Q96BZ9,Q96BZ9;Q9Y2V8
caffeine,23329,TBC1 domain family member 30,TBC1D30,Q9Y2I9,Q9Y2I9;F8VZ81
caffeine,399818,EEF1A lysine methyltransferase 2,EEF1AKMT2,Q5JPI9,Q5JPI9;Q8TC28
caffeine,399665,estrogen-induced osteoclastogenesis regulator 1,EEIG1,Q5T9C2,Q5T9C2
caffeine,54885,TBC1 domain family member 8B,TBC1D8B,Q0IIM8,Q0IIM8
caffeine,54885,TBC1 domain family member 8B,TBC1D8B,Q0IIM8,Q0IIM8
caffeine,6907,transducin beta like 1 X-linked,TBL1X,O60907,O60907
caffeine,6926,T-box transcription factor 3,TBX3,O15119,O15119
caffeine,80820,endonuclease/exonuclease/phosphatase family domain containing 1,EEPD1,Q7L9B9,Q7L9B9
caffeine,54583,egl-9 family hypoxia inducible factor 1,EGLN1,Q9GZT9,Q9GZT9;R4SCQ0
caffeine,6939,transcription factor 15,TCF15,Q12870,Q12870;A4LBB6;Q6NVX3
caffeine,6949,treacle ribosome biogenesis factor 1,TCOF1,Q13428,Q13428;B4DRA2;E7ETY2
caffeine,10938,EH domain containing 1,EHD1,Q9H4M9,Q9H4M9;A0A024R571;B2R5U3
caffeine,10919,euchromatic histone lysine methyltransferase 2,EHMT2,Q96KQ7,Q96KQ7;A0A024RCN9;A2ABF8;A2ABF9;B7Z852;Q59FM7
caffeine,10209,eukaryotic translation initiation factor 1,EIF1,P41567,P41567;Q6IAV3
caffeine,10209,eukaryotic translation initiation factor 1,EIF1,P41567,P41567;Q6IAV3
caffeine,9451,eukaryotic translation initiation factor 2 alpha kinase 3,EIF2AK3,Q9NZJ5,Q9NZJ5;A0A804HIT4;B3KY45
caffeine,8661,eukaryotic translation initiation factor 3 subunit A,EIF3A,Q14152,Q14152
caffeine,81550,tudor domain containing 3,TDRD3,Q9H7E2,Q9H7E2
caffeine,9894,telomere maintenance 2,TELO2,Q9Y4R8,Q9Y4R8;B4DXS2
caffeine,54881,testis expressed 10,TEX10,Q9NXF1,Q9NXF1
caffeine,8663,eukaryotic translation initiation factor 3 subunit C,EIF3C,Q99613,Q99613
caffeine,8669,eukaryotic translation initiation factor 3 subunit J,EIF3J,O75822,O75822
caffeine,9775,eukaryotic translation initiation factor 4A3,EIF4A3,P38919,P38919;I3L3H2
caffeine,7019,"transcription factor A, mitochondrial",TFAM,Q00059,Q00059;E5KSU5
caffeine,7030,transcription factor binding to IGHM enhancer 3,TFE3,P19532,P19532;B4DIA5
caffeine,7048,transforming growth factor beta receptor 2,TGFBR2,P37173,P37173;A0AAQ5BI06;A3QNQ0;D2JYI1
caffeine,60528,elaC ribonuclease Z 2,ELAC2,Q9BQ52,Q9BQ52;A0A0S2Z5M8
caffeine,57187,THO complex subunit 2,THOC2,Q8NI27,Q8NI27
caffeine,7069,thyroid hormone responsive,THRSP,Q92748,Q92748
caffeine,7074,TIAM Rac1 associated GEF 1,TIAM1,Q13009,Q13009;A0A1B0GW57;A0A2X0TW27;A0A8V8TN84
caffeine,80237,elongation factor for RNA polymerase II 3,ELL3,Q9HB65,Q9HB65
caffeine,51234,ER membrane protein complex subunit 4,EMC4,Q5J8M3,Q5J8M3;A0A024R9N3;A0A0S2Z598
caffeine,256364,EMAP like 3,EML3,Q32P44,Q32P44;B4DL97;B7WPE2
caffeine,8914,timeless circadian regulator,TIMELESS,Q9UNS1,Q9UNS1
caffeine,7082,tight junction protein 1,TJP1,Q07157,Q07157;A0A087X0K9;A0A0G2JNH2;A0A7I2V5U5;A9CQZ8;B4DZK4;G3V1L9;G5E9E7
caffeine,116238,TLC domain containing 1,TLCD1,Q96CP7,Q96CP7
caffeine,23052,endonuclease domain containing 1,ENDOD1,O94919,O94919
caffeine,58478,enolase-phosphatase 1,ENOPH1,Q9UHY7,Q9UHY7;D6RA00
caffeine,7090,"TLE family member 3, transcriptional corepressor",TLE3,Q04726,Q04726;B3KUA2;H0YL70;Q6PRX3
caffeine,83660,talin 2,TLN2,Q9Y4G6,Q9Y4G6
caffeine,23023,transmembrane and coiled-coil domain family 1,TMCC1,O94876,O94876;A0A8V8TLJ9;E9PC87;Q6N039
caffeine,26122,enhancer of polycomb 2,EPC2,Q52LR7,Q52LR7
caffeine,283578,transmembrane p24 trafficking protein family member 8,TMED8,Q6PL24,Q6PL24
caffeine,23505,transmembrane protein 131,TMEM131,Q92545,Q92545
caffeine,199953,transmembrane protein 201,TMEM201,Q5SNT2,Q5SNT2
caffeine,58513,epidermal growth factor receptor pathway substrate 15 like 1,EPS15L1,Q9UBC2,Q9UBC2;A0AAQ5BI61
caffeine,54867,transmembrane protein 214,TMEM214,Q6NUQ4,Q6NUQ4;H7C0H8
caffeine,23731,transmembrane protein 245,TMEM245,Q9H330,Q9H330;H7C0G1
caffeine,55092,transmembrane protein 51,TMEM51,Q9NW97,Q9NW97;Q9BSA0
caffeine,9772,transmembrane protein 94,TMEM94,Q12767,Q12767;B7Z9U5;J3QLC5;J3QRY7;J3QSG7
caffeine,29766,tropomodulin 3,TMOD3,Q9NYL9,Q9NYL9
caffeine,79089,transmembrane and ubiquitin like domain containing 2,TMUB2,Q71RG4,Q71RG4;B4DFQ1;E7ESS3
caffeine,55194,eva-1 homolog B,EVA1B,Q9NVM1,Q9NVM1
caffeine,8797,TNF receptor superfamily member 10a,TNFRSF10A,O00220,O00220
caffeine,10318,TNFAIP3 interacting protein 1,TNIP1,Q15025,Q15025;A0A0A0MRZ4;A8K4N4;B7Z8K2
caffeine,4552,5-methyltetrahydrofolate-homocysteine methyltransferase reductase,MTRR,Q9UBK8,Q9UBK8
caffeine,4552,5-methyltetrahydrofolate-homocysteine methyltransferase reductase,MTRR,Q9UBK8,Q9UBK8
caffeine,57509,microtubule associated scaffold protein 1,MTUS1,Q9ULD2,Q9ULD2
caffeine,4595,mutY DNA glycosylase,MUTYH,Q9UIF7,Q9UIF7;A0AAQ5BGW7;E5KP25;E5KP26;E5KP27;E5KP28;E9PM53;E9PP34
caffeine,4598,mevalonate kinase,MVK,Q03426,Q03426;B2RDU6;B7Z1C2;B7Z301;F5H8H2
caffeine,4607,myosin binding protein C3,MYBPC3,Q14896,Q14896;A5YM48
caffeine,4628,myosin heavy chain 10,MYH10,P35580,P35580;A0A8I5KZ38;G1UI33
caffeine,447930,"myosin light chain, phosphorylatable, fast skeletal muscle b",MYLPFB,Q66I73,Q66I73
caffeine,4641,myosin IC,MYO1C,O00159,O00159;F5H6E2
caffeine,4650,myosin IXB,MYO9B,Q13459,Q13459;B0I1T6;Q8WVD2
caffeine,4650,myosin IXB,MYO9B,Q13459,Q13459;B0I1T6;Q8WVD2
caffeine,8260,"N-alpha-acetyltransferase 10, NatA catalytic subunit",NAA10,P41227,P41227;B7Z9N2
caffeine,4673,nucleosome assembly protein 1 like 1,NAP1L1,P55209,P55209;B7Z2V4;F5H4R6;F8W543;Q9H2B0
caffeine,4683,nibrin,NBN,O60934,O60934;A0A0C4DG07
caffeine,64151,non-SMC condensin I complex subunit G,NCAPG,Q9BPX3,Q9BPX3
caffeine,4690,NCK adaptor protein 1,NCK1,P16333,P16333;A0A0S2Z4Y3
caffeine,4691,nucleolin,NCL,P19338,P19338;B3KM80
caffeine,4691,nucleolin,NCL,P19338,P19338;B3KM80
caffeine,57727,nuclear receptor coactivator 5,NCOA5,Q9HCD5,Q9HCD5
caffeine,374383,natural killer cell cytotoxicity receptor 3 ligand 1,NCR3LG1,Q68D85,Q68D85
caffeine,57447,NDRG family member 2,NDRG2,Q9UN36,Q9UN36
caffeine,4703,nebulin,NEB,P20929,P20929;Q05C45;Q96MF8
caffeine,23327,NEDD4 like E3 ubiquitin protein ligase,NEDD4L,Q96PU5,Q96PU5;A0A1B0GVY1;B7Z2P9;B7Z6K0
caffeine,4750,NIMA related kinase 1,NEK1,Q96PY6,Q96PY6;A0A8I5KUL6
caffeine,91754,NIMA related kinase 9,NEK9,Q8TD19,Q8TD19;A0A7I2V454;A0A7I2V5R1;Q6PKF2
caffeine,7936,negative elongation factor complex member E,NELFE,P18615,P18615;A0A1U9X830
caffeine,63973,neurogenin 2,NEUROG2,Q9H2A3,Q9H2A3
caffeine,84901,nuclear factor of activated T cells 2 interacting protein,NFATC2IP,Q8NCF5,Q8NCF5
caffeine,4780,NFE2 like bZIP transcription factor 2,NFE2L2,Q16236,Q16236;A0A8V8TN14;A0A8V8TPA8
caffeine,4790,nuclear factor kappa B subunit 1,NFKB1,P19838,P19838
caffeine,4790,nuclear factor kappa B subunit 1,NFKB1,P19838,P19838
caffeine,4794,NFKB inhibitor epsilon,NFKBIE,O00221,O00221;Q7LC14;Q96F31
caffeine,25983,neuroguidin,NGDN,Q8NEJ9,Q8NEJ9
caffeine,57224,NHS like 1,NHSL1,Q5SYE7,Q5SYE7;H0YDF6
caffeine,51199,ninein,NIN,Q8N4C6,Q8N4C6;C9J066;E9PN67;Q5XUU0
caffeine,85407,NKD inhibitor of Wnt signaling pathway 1,NKD1,Q969G9,Q969G9
caffeine,51068,NMD3 ribosome export adaptor,NMD3,Q96D46,Q96D46;C9JA08
caffeine,79159,nucleolar protein 12,NOL12,Q9UGY1,Q9UGY1
caffeine,9221,nucleolar and coiled-body phosphoprotein 1,NOLC1,Q14978,Q14978;B2RAU8;Q96J17
caffeine,10528,NOP56 ribonucleoprotein,NOP56,O00567,O00567
caffeine,4862,neuronal PAS domain protein 2,NPAS2,Q99743,Q99743;A2I2P5
caffeine,10361,nucleophosmin/nucleoplasmin 2,NPM2,Q86SE8,Q86SE8
caffeine,404039,nephrosin,NPSN,F1REP3,F1REP3;Q05AP0
caffeine,10062,nuclear receptor subfamily 1 group H member 3,NR1H3,Q13133,Q13133;B4DXU5;B5MBY7;F1D8N1
caffeine,4897,neuronal cell adhesion molecule,NRCAM,Q92823,Q92823;A0A1S5UZH4;B7Z670;C9JYY6;Q14CA1
caffeine,10412,NSA2 ribosome biogenesis factor,NSA2,O95478,O95478;A0A0A0MQZ6;Q5J7U2
caffeine,80824,dual specificity phosphatase 16,DUSP16,Q9BY84,Q9BY84
caffeine,6860,synaptotagmin 4,SYT4,Q9H2B2,Q9H2B2
caffeine,10454,TGF-beta activated kinase 1 (MAP3K7) binding protein 1,TAB1,Q15750,Q15750;A8K6K3
caffeine,10460,transforming acidic coiled-coil containing protein 3,TACC3,Q9Y6A5,Q9Y6A5;A0A087WUE2
caffeine,85403,ELL associated factor 1,EAF1,Q96JC9,Q96JC9
caffeine,84650,EBP like,EBPL,Q9BY08,Q9BY08;A0A0A0MRV2
caffeine,8148,TATA-box binding protein associated factor 15,TAF15,Q92804,Q92804
caffeine,83860,TATA-box binding protein associated factor 3,TAF3,Q5VWG9,Q5VWG9;A0A8I5KR98
caffeine,6879,TATA-box binding protein associated factor 7,TAF7,Q15545,Q15545
caffeine,80153,enhancer of mRNA decapping 3,EDC3,Q96F86,Q96F86
caffeine,6876,transgelin,TAGLN,Q01995,Q01995;Q5U0D2
caffeine,9344,TAO kinase 2,TAOK2,Q9UL54,Q9UL54
caffeine,6897,threonyl-tRNA synthetase 1,TARS1,P26639,P26639
caffeine,26000,TBC1 domain family member 10B,TBC1D10B,Q4KMP7,Q4KMP7
caffeine,55633,TBC1 domain family member 22B,TBC1D22B,Q9NU19,Q9NU19
caffeine,9779,TBC1 domain family member 5,TBC1D5,Q92609,Q92609;B9A6K1
caffeine,158078,eukaryotic translation elongation factor 1 alpha 1 pseudogene 5,EEF1A1P5,,
caffeine,9238,transforming growth factor beta regulator 4,TBRG4,Q969Z0,Q969Z0;B3KM73;B3KRS4;B4DU42
caffeine,79180,EF-hand domain family member D2,EFHD2,Q96C19,Q96C19;A0A024QZ77
caffeine,9343,elongation factor Tu GTP binding domain containing 2,EFTUD2,Q15029,Q15029;B3KX19
caffeine,79921,transcription elongation factor A like 4,TCEAL4,Q96EI5,Q96EI5;A0A384NKK0
caffeine,6929,transcription factor 3,TCF3,P15923,P15923
caffeine,30844,EH domain containing 4,EHD4,Q9H223,Q9H223;A8K9B9
caffeine,83939,eukaryotic translation initiation factor 2A,EIF2A,Q9BY44,Q9BY44;F8WAE5
caffeine,8890,eukaryotic translation initiation factor 2B subunit delta,EIF2B4,Q9UI10,Q9UI10;B4DUP5;E7ERK9;F8W8L6;Q71US4;Q9HBP7
caffeine,6999,"tryptophan 2,3-dioxygenase",TDO2,P48775,P48775
caffeine,6999,"tryptophan 2,3-dioxygenase",TDO2,P48775,P48775
caffeine,11022,tudor and KH domain containing,TDRKH,Q9Y2W6,Q9Y2W6;B4DJ68
caffeine,54386,TERF2 interacting protein,TERF2IP,Q9NYB0,Q9NYB0
caffeine,8666,eukaryotic translation initiation factor 3 subunit G,EIF3G,O75821,O75821
caffeine,51386,eukaryotic translation initiation factor 3 subunit L,EIF3L,Q9Y262,Q9Y262;B0QY90
caffeine,7027,transcription factor Dp-1,TFDP1,Q14186,Q14186
caffeine,7027,transcription factor Dp-1,TFDP1,Q14186,Q14186
caffeine,24144,tuftelin interacting protein 11,TFIP11,Q9UBB9,Q9UBB9
caffeine,7041,transforming growth factor beta 1 induced transcript 1,TGFB1I1,O43294,O43294
caffeine,10618,trans-golgi network protein 2,TGOLN2,O43493,O43493;A0A5F9UY30
caffeine,90326,THAP domain containing 3,THAP3,Q8WTV1,Q8WTV1
caffeine,79228,THO complex subunit 6,THOC6,Q86W42,Q86W42
caffeine,55623,THUMP domain 1 NAT10 acetyltransferase adaptor,THUMPD1,Q9NXG2,Q9NXG2
caffeine,8518,elongator acetyltransferase complex subunit 1,ELP1,O95163,O95163;A0A6Q8PGW3;A0A6Q8PHA0;B3KNB2;B4E3I9;F5H2T0;Q8N516
caffeine,56946,"EMSY transcriptional repressor, BRCA2 interacting",EMSY,Q7Z589,Q7Z589
caffeine,114609,TIR domain containing adaptor protein,TIRAP,P58753,P58753
caffeine,27134,tight junction protein 3,TJP3,O95049,O95049
caffeine,11011,tousled like kinase 2,TLK2,Q86UE8,Q86UE8;A0A804HJZ9;A0A804HK10;B4DUC2;J3QLK5
caffeine,11322,transmembrane channel like 6,TMC6,Q7Z403,Q7Z403;A0A8V8TLY1
caffeine,145942,transmembrane and coiled-coil domains 5A,TMCO5A,Q8N6Q1,Q8N6Q1;A0A024R9I9
caffeine,57669,erythrocyte membrane protein band 4.1 like 5,EPB41L5,Q9HCM4,Q9HCM4
caffeine,57724,ectopic P-granules 5 autophagy tethering factor,EPG5,Q9HCE0,Q9HCE0;A0A8Q3SIJ2;A0A8Q3SIU6;Q9BTI0
caffeine,29924,epsin 1,EPN1,Q9Y6I3,Q9Y6I3
caffeine,113277,transmembrane protein 106A,TMEM106A,Q96A25,Q96A25;B7Z779
caffeine,135932,transmembrane protein 139,TMEM139,Q8IV31,Q8IV31
caffeine,64787,EPS8 signaling adaptor L2,EPS8L2,Q9H6S3,Q9H6S3
caffeine,161145,transmembrane protein 229B,TMEM229B,Q8NBD8,Q8NBD8
caffeine,440026,transmembrane protein 41B,TMEM41B,Q5BJD5,Q5BJD5
caffeine,84910,transmembrane protein 87B,TMEM87B,Q96K49,Q96K49;A0A494BZZ8
caffeine,375748,ERCC excision repair 6 like 2,ERCC6L2,Q5T890,Q5T890;A0A590UJ12;A0A590UJA1;A0A590UJK0;A0A5F9UKL4;A0A804HJ75;A0A804HK79;A0AAQ5BIG0
caffeine,54206,ERBB receptor feedback inhibitor 1,ERRFI1,Q9UJM3,Q9UJM3;B3KTV8;I6S2Y9
caffeine,114799,establishment of sister chromatid cohesion N-acetyltransferase 1,ESCO1,Q5FWF5,Q5FWF5
caffeine,9700,"extra spindle pole bodies like 1, separase",ESPL1,Q14674,Q14674
caffeine,23344,extended synaptotagmin 1,ESYT1,Q9BSJ8,Q9BSJ8
caffeine,7110,TATA element modulatory factor 1,TMF1,P82094,P82094;Q6PII6
caffeine,84000,transmembrane serine protease 13,TMPRSS13,Q9BYE2,Q9BYE2
caffeine,51075,thioredoxin related transmembrane protein 2,TMX2,Q9Y320,Q9Y320
caffeine,11336,exocyst complex component 3,EXOC3,O60645,O60645
caffeine,27242,TNF receptor superfamily member 21,TNFRSF21,O75509,O75509
caffeine,84958,synaptotagmin like 1,SYTL1,Q8IYJ3,Q8IYJ3
caffeine,23118,TGF-beta activated kinase 1 (MAP3K7) binding protein 2,TAB2,Q9NYJ8,Q9NYJ8;B4DIR9
caffeine,55840,ELL associated factor 2,EAF2,Q96CJ1,Q96CJ1;B4DWJ3
caffeine,11319,ecdysoneless cell cycle regulator,ECD,O95905,O95905
caffeine,9013,"TATA-box binding protein associated factor, RNA polymerase I subunit C",TAF1C,Q15572,Q15572;B3KUE8
caffeine,6874,TATA-box binding protein associated factor 4,TAF4,O00268,O00268
caffeine,6880,TATA-box binding protein associated factor 9,TAF9,Q16594,Q16594
caffeine,10455,enoyl-CoA delta isomerase 2,ECI2,O75521,O75521;A0A0C4DGA2
caffeine,23644,enhancer of mRNA decapping 4,EDC4,Q6P2E9,Q6P2E9;A0A8B0RAT7
caffeine,85461,"tetratricopeptide repeat, ankyrin repeat and coiled-coil containing 1",TANC1,Q9C0D5,Q9C0D5;B9EK39
caffeine,202018,transmembrane anterior posterior transformation 1,TAPT1,Q6NXT6,Q6NXT6;B4DJJ3
caffeine,54906,transcription activation suppressor family member 2,TASOR2,Q5VWN6,Q5VWN6;A0A2R8YH03;A0A8Q3SI84
caffeine,125058,TBC1 domain family member 16,TBC1D16,Q8TBP0,Q8TBP0
caffeine,55773,TBC1 domain family member 23,TBC1D23,Q9NUY8,Q9NUY8
caffeine,11138,TBC1 domain family member 8,TBC1D8,O95759,O95759;J3KQ40
caffeine,221143,EEF1A lysine methyltransferase 1,EEF1AKMT1,Q8WVE0,Q8WVE0;B2RE94
caffeine,29904,eukaryotic elongation factor 2 kinase,EEF2K,O00418,O00418;A0AAG2TFE4
caffeine,29110,TANK binding kinase 1,TBK1,Q9UHD2,Q9UHD2
caffeine,6909,T-box transcription factor 2,TBX2,Q13207,Q13207
caffeine,51162,EGF like domain multiple 7,EGFL7,Q9UHF1,Q9UHF1
caffeine,6938,transcription factor 12,TCF12,Q99081,Q99081;F5GY10
caffeine,84260,trichoplein keratin filament binding,TCHP,Q9BT92,Q9BT92
caffeine,254102,EH domain binding protein 1 like 1,EHBP1L1,Q8N3D4,Q8N3D4
caffeine,27102,eukaryotic translation initiation factor 2 alpha kinase 1,EIF2AK1,Q9BQI3,Q9BQI3
caffeine,8894,eukaryotic translation initiation factor 2 subunit beta,EIF2S2,P20042,P20042;Q6IBR8
caffeine,51567,tyrosyl-DNA phosphodiesterase 2,TDP2,O95551,O95551;A0A384MDM5
caffeine,7005,TEA domain transcription factor 3,TEAD3,Q99594,Q99594;A0A7P0SNI2
caffeine,54790,tet methylcytosine dioxygenase 2,TET2,Q6N021,Q6N021;A0A158SIU0
caffeine,8667,eukaryotic translation initiation factor 3 subunit H,EIF3H,O15372,O15372;Q6IB98
caffeine,10480,eukaryotic translation initiation factor 3 subunit M,EIF3M,Q7L2H7,Q7L2H7
caffeine,55852,testis expressed 2,TEX2,Q8IWB9,Q8IWB9
caffeine,29844,TCF3 fusion partner,TFPT,P0C1Z6,P0C1Z6
caffeine,56478,eukaryotic translation initiation factor 4E nuclear import factor 1,EIF4ENIF1,Q9NRA8,Q9NRA8
caffeine,7046,transforming growth factor beta receptor 1,TGFBR1,P36897,P36897;B4DXN7;B4DY26;F8W0K6;Q5T7S2
caffeine,96764,trimethylguanosine synthase 1,TGS1,Q96RS0,Q96RS0
caffeine,7260,EARP complex and GARP complex interacting protein 1,EIPR1,Q53HC9,Q53HC9;A8MUM1
caffeine,22936,elongation factor for RNA polymerase II 2,ELL2,O00472,O00472;Q59FW6
caffeine,9984,THO complex subunit 1,THOC1,Q96FV9,Q96FV9
caffeine,9967,thyroid hormone receptor associated protein 3,THRAP3,Q9Y2W1,Q9Y2W1
caffeine,25917,THUMP domain 3 tRNA guanosine methyltransferase,THUMPD3,Q9BV44,Q9BV44
caffeine,55140,elongator acetyltransferase complex subunit 3,ELP3,Q9H9T3,Q9H9T3;B4DKA4;B4DXV1
caffeine,10436,EMG1 N1-specific pseudouridine methyltransferase,EMG1,Q92979,Q92979
caffeine,90381,TOPBP1 interacting checkpoint and replication regulator,TICRR,Q7Z2Z1,Q7Z2Z1
caffeine,93643,tight junction associated protein 1,TJAP1,Q5JTD0,Q5JTD0
caffeine,7086,transketolase,TKT,P29401,P29401;V9HWD9
caffeine,57634,E1A binding protein p400,EP400,Q96L91,Q96L91
caffeine,7094,talin 1,TLN1,Q9Y490,Q9Y490
caffeine,79905,transmembrane channel like 7,TMC7,Q7Z402,Q7Z402;H3BNW8
caffeine,80314,enhancer of polycomb 1,EPC1,Q9H2F5,Q9H2F5
caffeine,50999,transmembrane p24 trafficking protein 5,TMED5,Q9Y3A6,Q9Y3A6;M0R072
caffeine,54664,transmembrane protein 106B,TMEM106B,Q9NUM4,Q9NUM4
caffeine,92691,transmembrane protein 169,TMEM169,Q96HH4,Q96HH4
caffeine,79574,EPS8 signaling adaptor L3,EPS8L3,Q8TE67,Q8TE67;A8K2J6
caffeine,55914,erbb2 interacting protein,ERBIN,Q96RT1,Q96RT1;A0A8V8TML4;A0A8V8TPC7
caffeine,29058,transmembrane protein 230,TMEM230,Q96A57,Q96A57;A0A087WTT2
caffeine,120224,transmembrane protein 45B,TMEM45B,Q96B21,Q96B21
caffeine,157570,establishment of sister chromatid cohesion N-acetyltransferase 2,ESCO2,Q56NI9,Q56NI9
caffeine,83715,espin,ESPN,B1AK53,B1AK53
caffeine,126259,transmembrane and immunoglobulin domain containing 2,TMIGD2,Q96BF3,Q96BF3;A0A0B4J2A9
caffeine,83590,transmembrane and ubiquitin like domain containing 1,TMUB1,Q9BVT8,Q9BVT8;A0A090N8Q3
caffeine,84141,"eva-1 homolog A, regulator of programmed cell death",EVA1A,Q9H8M9,Q9H8M9
caffeine,60412,exocyst complex component 4,EXOC4,Q96A65,Q96A65;Q6NX51
caffeine,7128,TNF alpha induced protein 3,TNFAIP3,P21580,P21580
caffeine,7292,TNF superfamily member 4,TNFSF4,P23510,P23510;A0A024R937
caffeine,4580,metaxin 1,MTX1,Q13505,Q13505
caffeine,93343,multivesicular body subunit 12A,MVB12A,Q96EY5,Q96EY5
caffeine,439921,matrix remodeling associated 7,MXRA7,P84157,P84157;Q6ZR64
caffeine,4625,myosin heavy chain 7,MYH7,P12883,P12883
caffeine,4627,myosin heavy chain 9,MYH9,P35579,P35579
caffeine,80022,myosin XVB,MYO15B,Q96JP2,Q96JP2;Q9H614
caffeine,4643,myosin IE,MYO1E,Q12965,Q12965;Q4KMR3
caffeine,4646,myosin VI,MYO6,Q9UM54,Q9UM54;A0A0A0MRM8;A0A1Y0BRN3;A0A590UJ40
caffeine,26509,myoferlin,MYOF,Q9NZM1,Q9NZM1
caffeine,122830,"N-alpha-acetyltransferase 30, NatC catalytic subunit",NAA30,Q147X3,Q147X3;B3KS28
caffeine,65220,NAD kinase,NADK,O95544,O95544;A0A0A0MR98
caffeine,8774,NSF attachment protein gamma,NAPG,Q99747,Q99747;Q6FHY4
caffeine,23397,non-SMC condensin I complex subunit H,NCAPH,Q15003,Q15003;B4DRG7
caffeine,51517,NCK interacting protein with SH3 domain,NCKIPSD,Q9NZQ3,Q9NZQ3
caffeine,135112,nuclear receptor coactivator 7,NCOA7,Q8NI08,Q8NI08;B3KXK4;H0Y5F6
caffeine,55706,NDC1 transmembrane nucleoporin,NDC1,Q9BTX1,Q9BTX1
caffeine,54820,nudE neurodevelopment protein 1,NDE1,Q9NXR1,Q9NXR1;X5DP35;X5DR54
caffeine,57446,NDRG family member 3,NDRG3,Q9UGV2,Q9UGV2;Q5TH30
caffeine,55707,NECAP endocytosis associated 2,NECAP2,Q9NVZ3,Q9NVZ3;F6SKB8
caffeine,4739,"neural precursor cell expressed, developmentally down-regulated 9",NEDD9,Q14511,Q14511;A0A087WUD2
caffeine,4752,NIMA related kinase 3,NEK3,P51956,P51956;Q6ZN64
caffeine,9147,nuclear export mediator factor,NEMF,O60524,O60524
caffeine,4763,neurofibromin 1,NF1,P21359,P21359
caffeine,4775,nuclear factor of activated T cells 3,NFATC3,Q12968,Q12968;B5B2S0;B5B2S1
caffeine,4774,nuclear factor I A,NFIA,Q12857,Q12857
caffeine,4795,NFKB inhibitor like 1,NFKBIL1,Q9UBC1,Q9UBC1;A0A0A0MRT5;A8K778;Q5STV6
caffeine,79840,non-homologous end joining factor 1,NHEJ1,Q9H9Q4,Q9H9Q4;H7C0G7
caffeine,57648,NHS like 3,NHSL3,Q9P206,Q9P206
caffeine,25836,NIPBL cohesin loading factor,NIPBL,Q6KC79,Q6KC79;A0A590UJS4
caffeine,55922,NFKB repressing factor,NKRF,O15226,O15226;A0AAG2UWQ9;A3F769
caffeine,4831,NME/NM23 nucleoside diphosphate kinase 2,NME2,P22392,P22392;F6XY72;Q6FHN3
caffeine,28987,NIN1 (RPN12) binding protein 1 homolog,NOB1,Q9ULX3,Q9ULX3
caffeine,8996,nucleolar protein 3,NOL3,O60936,O60936;Q5TZN6
caffeine,408050,NODAL modulator 3,NOMO3,P69849,P69849;J3KN36;Q1LZN2
caffeine,51602,NOP58 ribonucleoprotein,NOP58,Q9Y2X3,Q9Y2X3
caffeine,4846,nitric oxide synthase 3,NOS3,P29474,P29474;A0S0A6
caffeine,29881,NPC1 like intracellular cholesterol transporter 1,NPC1L1,Q9UHC9,Q9UHC9;A0A0C4DFX6
caffeine,7827,"NPHS2 stomatin family member, podocin",NPHS2,Q9NP85,Q9NP85
caffeine,7182,nuclear receptor subfamily 2 group C member 2,NR2C2,P49116,P49116;F2YGU2
caffeine,4306,nuclear receptor subfamily 3 group C member 2,NR3C2,P08235,P08235;B0ZBF6
caffeine,4899,nuclear respiratory factor 1,NRF1,Q16656,Q16656
caffeine,7468,nuclear receptor binding SET domain protein 2,NSD2,O96028,O96028
caffeine,29290,adenosine A1 receptor,ADORA1,P25099,P25099;A6ICB1
caffeine,29290,adenosine A1 receptor,ADORA1,P25099,P25099;A6ICB1
caffeine,29290,adenosine A1 receptor,ADORA1,P25099,P25099;A6ICB1
caffeine,29316,adenosine A2B receptor,ADORA2B,P29276,P29276;A6HF93;F7EVK1
caffeine,29316,adenosine A2B receptor,ADORA2B,P29276,P29276;A6HF93;F7EVK1
caffeine,11541,adenosine A2b receptor,ADORA2B,Q60614,Q60614
caffeine,11541,adenosine A2b receptor,ADORA2B,Q60614,Q60614
caffeine,5591,"protein kinase, DNA-activated, catalytic subunit",PRKDC,P78527,P78527
caffeine,5591,"protein kinase, DNA-activated, catalytic subunit",PRKDC,P78527,P78527
caffeine,54960,gem nuclear organelle associated protein 8,GEMIN8,Q9NWZ8,Q9NWZ8
caffeine,85476,G elongation factor mitochondrial 1,GFM1,Q96RP9,Q96RP9;C9IZ01;E5KND5
caffeine,84132,ubiquitin specific peptidase 42,USP42,Q9H9J4,Q9H9J4
caffeine,159195,ubiquitin specific peptidase 54,USP54,Q70EL1,Q70EL1;A0A7P0T9K1;B7Z7X1
caffeine,54994,GID complex subunit 8 homolog,GID8,Q9NWU2,Q9NWU2
caffeine,54810,GIPC PDZ domain containing family member 2,GIPC2,Q8TF65,Q8TF65;A0A384P5H2
caffeine,10813,UTP14A small subunit processome component,UTP14A,Q9BVJ6,Q9BVJ6
caffeine,8673,vesicle associated membrane protein 8,VAMP8,Q9BV40,Q9BV40;B8ZZT4
caffeine,7408,vasodilator stimulated phosphoprotein,VASP,P50552,P50552;A0A024R0V4
caffeine,389741,glioblastoma down-regulated RNA,GLIDR,,
caffeine,84656,glyoxylate reductase 1 homolog,GLYR1,Q49A26,Q49A26;Q9NZ78
caffeine,7410,vav guanine nucleotide exchange factor 2,VAV2,P52735,P52735
caffeine,7415,valosin containing protein,VCP,P55072,P55072;C9JUP7
caffeine,7415,valosin containing protein,VCP,P55072,P55072;C9JUP7
caffeine,7422,vascular endothelial growth factor A,VEGFA,P15692,P15692;A0A0Y0IMM4;A2A2V4
caffeine,7422,vascular endothelial growth factor A,VEGFA,P15692,P15692;A0A0Y0IMM4;A2A2V4
caffeine,7422,vascular endothelial growth factor A,VEGFA,P15692,P15692;A0A0Y0IMM4;A2A2V4
caffeine,51291,GEM interacting protein,GMIP,Q9P107,Q9P107;A0A024R7N1;B4DLZ1
caffeine,7429,villin 1,VIL1,P09327,P09327;Q53F91
caffeine,55187,vacuolar protein sorting 13 homolog D,VPS13D,Q5THJ4,Q5THJ4
caffeine,55737,VPS35 retromer complex component,VPS35,Q96QK1,Q96QK1
caffeine,113201,golgi membrane protein 2,GOLM2,Q6P4E1,Q6P4E1
caffeine,27072,VPS41 subunit of HOPS complex,VPS41,P49754,P49754
caffeine,9605,VPS9 domain containing 1,VPS9D1,Q9Y2B5,Q9Y2B5
caffeine,51322,WW domain containing adaptor with coiled-coil,WAC,Q9BTA9,Q9BTA9
caffeine,64689,golgi reassembly stacking protein 1,GORASP1,Q9BQQ3,Q9BQQ3;A0A8Q3SHU6;A0A8Q3WL08;B3KPY8;B4E1H8
caffeine,57678,"glycerol-3-phosphate acyltransferase, mitochondrial",GPAM,Q9HCL2,Q9HCL2;Q8N1G6
caffeine,23325,WASH complex subunit 4,WASHC4,Q2M389,Q2M389;A0A087X256;B7ZKT9
caffeine,57590,WD repeat and FYVE domain containing 1,WDFY1,Q8IWB7,Q8IWB7;Q9H8N9
caffeine,84219,WD repeat domain 24,WDR24,Q96S15,Q96S15
caffeine,27238,G-patch domain and KOW motifs,GPKOW,Q92917,Q92917
caffeine,23160,WD repeat domain 43,WDR43,Q15061,Q15061
caffeine,284403,WD repeat domain 62,WDR62,O43379,O43379;A0A7P0T9D9;A0A7P0TAK3;A0A7P0Z436
caffeine,123720,"WASP homolog associated with actin, golgi membranes and microtubules",WHAMM,Q8TF30,Q8TF30
caffeine,65266,WNK lysine deficient protein kinase 4,WNK4,Q96J92,Q96J92
caffeine,7486,WRN RecQ like helicase,WRN,Q14191,Q14191
caffeine,9380,glyoxylate and hydroxypyruvate reductase,GRHPR,Q9UBQ7,Q9UBQ7;A0A384N605
caffeine,7498,xanthine dehydrogenase,XDH,P47989,P47989
caffeine,7498,xanthine dehydrogenase,XDH,P47989,P47989
caffeine,23214,exportin 6,XPO6,Q96QU8,Q96QU8
caffeine,83743,glutamate rich WD repeat containing 1,GRWD1,Q9BQ67,Q9BQ67
caffeine,83743,glutamate rich WD repeat containing 1,GRWD1,Q9BQ67,Q9BQ67
caffeine,48335,Glutathione S transferase D2,GSTD2,Q9VG98,Q9VG98
caffeine,7520,X-ray repair cross complementing 5,XRCC5,P13010,P13010
caffeine,7520,X-ray repair cross complementing 5,XRCC5,P13010,P13010
caffeine,10138,YY1 associated factor 2,YAF2,Q8IY57,Q8IY57;B4DJQ9;G3V212
caffeine,55689,YEATS domain containing 2,YEATS2,Q9ULM3,Q9ULM3
caffeine,37106,Glutathione S transferase E1,GSTE1,Q7KK90,Q7KK90
caffeine,56252,YLP motif containing 1,YLPM1,P49750,P49750;F8VU51
caffeine,51441,YTH N6-methyladenosine RNA binding protein F2,YTHDF2,Q9Y5A9,Q9Y5A9
caffeine,7532,tyrosine 3-monooxygenase/tryptophan 5-monooxygenase activation protein gamma,YWHAG,P61981,P61981
caffeine,7532,tyrosine 3-monooxygenase/tryptophan 5-monooxygenase activation protein gamma,YWHAG,P61981,P61981
caffeine,23560,GTP binding protein 4,GTPBP4,Q9BZE4,Q9BZE4;D2CFK9
caffeine,100381270,zinc finger BED-type containing 6,ZBED6,P86452,P86452
caffeine,49854,zinc finger and BTB domain containing 21,ZBTB21,Q9ULJ3,Q9ULJ3
caffeine,10773,zinc finger and BTB domain containing 6,ZBTB6,Q15916,Q15916
caffeine,9877,zinc finger CCCH-type containing 11A,ZC3H11A,O75152,O75152
caffeine,124245,zinc finger CCCH-type containing 18,ZC3H18,Q86VM9,Q86VM9;B4DTK7;E7ERS3
caffeine,8294,H4 clustered histone 9,H4C9,P62805,P62805
caffeine,23211,zinc finger CCCH-type containing 4,ZC3H4,Q9UPT8,Q9UPT8
caffeine,92092,ZC3HAV1 like,ZC3HAV1L,Q96H79,Q96H79
caffeine,55596,zinc finger CCHC-type containing 8,ZCCHC8,Q6NZY4,Q6NZY4
caffeine,10767,HBS1 like translational GTPase,HBS1L,Q9Y450,Q9Y450;B7Z524;D9YZV0
caffeine,9759,histone deacetylase 4,HDAC4,P56524,P56524;A0A7I2SVS4;B7Z8G5
caffeine,51020,HD domain containing 2,HDDC2,Q7Z4H3,Q7Z4H3;A0A140VJK7
caffeine,84243,zDHHC palmitoyltransferase 18,ZDHHC18,Q9NUE0,Q9NUE0
caffeine,29801,zDHHC palmitoyltransferase 8,ZDHHC8,Q9ULC8,Q9ULC8
caffeine,7763,zinc finger AN1-type containing 5,ZFAND5,O76080,O76080
caffeine,84717,HDGF like 2,HDGFL2,Q7Z4V5,Q7Z4V5
caffeine,55127,HEAT repeat containing 1,HEATR1,Q9H583,Q9H583;A2VDI1;B2RWN5
caffeine,51696,HECA ribonucleoprotein granule regulator,HECA,Q9UBI9,Q9UBI9
caffeine,199990,FA core complex associated protein 20,FAAP20,Q6NZ36,Q6NZ36;F6S8H2;H7C361;Q6ZRT9;Q7Z4P6
caffeine,642273,family with sequence similarity 110 member C,FAM110C,Q1W6H9,Q1W6H9
caffeine,84629,trinucleotide repeat containing 18,TNRC18,O15417,O15417;A3KMH2
caffeine,7145,tensin 1,TNS1,Q9HBL0,Q9HBL0;A0A2R8Y4T1;A1L0S7;B2RU35;B7Z6H8;E9PF55;E9PGF5;Q0VG54;Q0VG55;Q59G71;Q86VB0
caffeine,10827,family with sequence similarity 114 member A2,FAM114A2,Q9NRY5,Q9NRY5;A0A140VKG4;B3KTE4;B4DQT0;E7ESJ7;I6L9D5
caffeine,57579,family with sequence similarity 135 member A,FAM135A,Q9P2D6,Q9P2D6;D6RCC7
caffeine,221061,family with sequence similarity 171 member A1,FAM171A1,Q5VUB5,Q5VUB5;B3KMX9
caffeine,10043,target of myb1 membrane trafficking protein,TOM1,O60784,O60784;B3KUF5
caffeine,9868,translocase of outer mitochondrial membrane 70,TOMM70,O94826,O94826
caffeine,11073,DNA topoisomerase II binding protein 1,TOPBP1,Q92547,Q92547;A0A2R8YD63;A0AV47;A7E2X7;Q05BV8
caffeine,9679,family with sequence similarity 53 member B,FAM53B,Q14153,Q14153
caffeine,81610,scaffolding CK1 anchoring protein D,SACK1D,Q9H4H8,Q9H4H8
caffeine,157769,family with sequence similarity 91 member A1,FAM91A1,Q658Y4,Q658Y4;B4DUD8;E7ER68
caffeine,9878,TOX high mobility group box family member 4,TOX4,O94842,O94842
caffeine,9855,"FERM, ARH/RhoGEF and pleckstrin domain protein 2",FARP2,O94887,O94887
caffeine,112858,TP53 regulating kinase,TP53RK,Q96S44,Q96S44
caffeine,121278,tryptophan hydroxylase 2,TPH2,Q8IWU9,Q8IWU9
caffeine,121278,tryptophan hydroxylase 2,TPH2,Q8IWU9,Q8IWU9
caffeine,79072,FAST kinase domains 3,FASTKD3,Q14CZ7,Q14CZ7;D6RAR6
caffeine,64839,F-box and leucine rich repeat protein 17,FBXL17,Q9UF56,Q9UF56
caffeine,7175,"translocated promoter region, nuclear basket protein",TPR,P12270,P12270
caffeine,6434,transformer 2 beta homolog,TRA2B,P62995,P62995
caffeine,51112,trafficking protein particle complex subunit 12,TRAPPC12,Q8WVT3,Q8WVT3;A0A0J9YXQ9
caffeine,81545,F-box protein 38,FBXO38,Q6PIJ6,Q6PIJ6;Q6AZE0
caffeine,9873,FCH and double SH3 domains 2,FCHSD2,O94868,O94868
caffeine,83696,trafficking protein particle complex subunit 9,TRAPPC9,Q96Q05,Q96Q05
caffeine,7706,tripartite motif containing 25,TRIM25,Q14258,Q14258
caffeine,51592,tripartite motif containing 33,TRIM33,Q9UPN9,Q9UPN9;B3KN30
caffeine,55612,FERM domain containing kindlin 1,FERMT1,Q9BQL6,Q9BQL6;Q49AC8;Q54A15
caffeine,89846,"FYVE, RhoGEF and PH domain containing 3",FGD3,Q5JSP0,Q5JSP0;A8K9G1
caffeine,81844,tripartite motif containing 56,TRIM56,Q9BRZ2,Q9BRZ2
caffeine,9322,thyroid hormone receptor interactor 10,TRIP10,Q15642,Q15642;W4VSQ9
caffeine,55621,tRNA methyltransferase 1,TRMT1,Q9NXH9,Q9NXH9
caffeine,114827,forkhead associated phosphopeptide binding domain 1,FHAD1,B1AJZ9,B1AJZ9;A0A804HIA4
caffeine,29109,formin homology 2 domain containing 1,FHOD1,Q9Y613,Q9Y613;A0A068F7M9
caffeine,10024,trophinin associated protein,TROAP,Q12815,Q12815;F8W130
caffeine,7222,transient receptor potential cation channel subfamily C member 3,TRPC3,Q13507,Q13507
caffeine,7248,TSC complex subunit 1,TSC1,Q92574,Q92574;A0A2R8Y5M3;A0A2R8Y5N2;A0A2R8Y5S3;A0A2R8Y6S1;A0A2R8YD74;A0A2R8YFV7;Q32NF0;Q86WV8;X5D9D2
caffeine,7249,TSC complex subunit 2,TSC2,P49815,P49815;A0A2R8Y6C9;A0A2R8YDZ2;B3KWH7;H3BMQ0;Q5HYF7;X5D2U8;X5D7Q2
caffeine,80746,tRNA splicing endonuclease subunit 2,TSEN2,Q8NCE0,Q8NCE0;A0A7P0T8F8;A0A7P0T914;A0A7P0TA86;C9J7Z4
caffeine,7265,tetratricopeptide repeat domain 1,TTC1,Q99614,Q99614
caffeine,201163,folliculin,FLCN,Q8NFG4,Q8NFG4;A0A0S2Z5Y7
caffeine,28982,FLVCR choline and heme transporter 1,FLVCR1,Q9Y5Y0,Q9Y5Y0;B2RB38
caffeine,54874,formin binding protein 1 like,FNBP1L,Q5T0N5,Q5T0N5;B4DSI7
caffeine,8458,transcription termination factor 2,TTF2,Q9UNY4,Q9UNY4
caffeine,10376,tubulin alpha 1b,TUBA1B,P68363,P68363
caffeine,5756,twinfilin actin binding protein 1,TWF1,Q12792,Q12792
caffeine,64778,fibronectin type III domain containing 3B,FNDC3B,Q53EP0,Q53EP0
caffeine,8061,"FOS like 1, AP-1 transcription factor subunit",FOSL1,P15407,P15407;A0A0S2Z595;E9PKL5;E9PPX2
caffeine,221937,forkhead box K1,FOXK1,P85037,P85037
caffeine,7296,thioredoxin reductase 1,TXNRD1,Q16881,Q16881;B7Z2S5
caffeine,7296,thioredoxin reductase 1,TXNRD1,Q16881,Q16881;B7Z2S5
caffeine,129450,tRNA-yW synthesizing protein 5,TYW5,A2RUC4,A2RUC4
caffeine,10818,fibroblast growth factor receptor substrate 2,FRS2,Q8WU20,Q8WU20;L7RTG7
caffeine,55236,ubiquitin like modifier activating enzyme 6,UBA6,A0AVT1,A0AVT1
caffeine,7314,ubiquitin B,UBB,P0CG47,P0CG47;Q5U5U6
caffeine,63893,ubiquitin conjugating enzyme E2 O,UBE2O,Q9C0C9,Q9C0C9
caffeine,29914,UbiA prenyltransferase domain containing 1,UBIAD1,Q9Y5Z9,Q9Y5Z9
caffeine,197131,ubiquitin protein ligase E3 component n-recognin 1,UBR1,Q8IWV7,Q8IWV7
caffeine,8880,far upstream element binding protein 1,FUBP1,Q96AE4,Q96AE4;A0A384MDX9;A0A994J3Q8;B4DT31;C9JSZ1
caffeine,8087,FMR1 autosomal homolog 1,FXR1,P51114,P51114;A0A0F7KYT8;A0A0F7L0Q8;A0A0F7L1S3;A0A8V8TMQ1;A0A8V8TNP6;E7EU85;E9PFF5
caffeine,23190,UBX domain protein 4,UBXN4,Q92575,Q92575
caffeine,83549,uridine-cytidine kinase 1,UCK1,Q9HA47,Q9HA47;A0A024R8E7;A0A0S2Z5Y6
caffeine,84248,forty-two-three domain containing 1,FYTTD1,Q96QD9,Q96QD9
caffeine,9908,G3BP stress granule assembly factor 2,G3BP2,Q9UN86,Q9UN86;A0A7I2V3P9;A0A7I2V647
caffeine,29128,ubiquitin like with PHD and ring finger domains 1,UHRF1,Q96T88,Q96T88;A0A087WVR3
caffeine,79465,UL16 binding protein 3,ULBP3,Q9BZM4,Q9BZM4
caffeine,440279,unc-13 homolog C,UNC13C,Q8NB66,Q8NB66;A0A3B3ISZ1
caffeine,9710,granule associated Rac and RHOG effector 1,GARRE1,O15063,O15063
caffeine,7374,uracil DNA glycosylase,UNG,P13051,P13051;E5KTA5;E5KTA6
caffeine,65109,UPF3B regulator of nonsense mediated mRNA decay,UPF3B,Q9BZI7,Q9BZI7
caffeine,7390,uroporphyrinogen III synthase,UROS,P10746,P10746;A0A0S2Z4T8;A0A0S2Z5C5;A0A3B3ISM6;A0A3B3ITJ2;Q5T3L8
caffeine,51313,golgi associated kinase 1B,GASK1B,Q6UWH4,Q6UWH4;Q9NYZ0
caffeine,57459,GATA zinc finger domain containing 2B,GATAD2B,Q8WXI9,Q8WXI9
caffeine,7398,ubiquitin specific peptidase 1,USP1,O94782,O94782
caffeine,23358,ubiquitin specific peptidase 24,USP24,Q9UPU5,Q9UPU5
caffeine,9736,ubiquitin specific peptidase 34,USP34,Q70CQ2,Q70CQ2
caffeine,54888,NOP2/Sun RNA methyltransferase 2,NSUN2,Q08J23,Q08J23
caffeine,4682,"NUBP iron-sulfur cluster assembly factor 1, cytosolic",NUBP1,P53384,P53384
caffeine,57532,nuclear FMR1 interacting protein 2,NUFIP2,Q7Z417,Q7Z417
caffeine,4926,nuclear mitotic apparatus protein 1,NUMA1,Q14980,Q14980;Q3SYK8
caffeine,23511,nucleoporin 188,NUP188,Q5SRE5,Q5SRE5
caffeine,129401,nucleoporin 35,NUP35,Q8NFH5,Q8NFH5
caffeine,23636,nucleoporin 62,NUP62,P37198,P37198
caffeine,51203,nucleolar and spindle associated protein 1,NUSAP1,Q9BXS6,Q9BXS6
caffeine,79596,ORC ubiquitin ligase 1,OBI1,Q5W0B1,Q5W0B1
caffeine,8481,OFD1 centriole and centriolar satellite protein,OFD1,O75665,O75665;E9KL37
caffeine,11339,Opa interacting protein 5,OIP5,O43482,O43482
caffeine,4998,origin recognition complex subunit 1,ORC1,Q13415,Q13415;B7Z8H0;Q96F82
caffeine,5005,orosomucoid 2,ORM2,P19652,P19652
caffeine,26031,oxysterol binding protein like 3,OSBPL3,Q9H4L5,Q9H4L5
caffeine,9180,oncostatin M receptor,OSMR,Q99650,Q99650
caffeine,54726,OTU deubiquitinase 4,OTUD4,Q01804,Q01804
caffeine,9943,oxidative stress responsive kinase 1,OXSR1,O95747,O95747
caffeine,116224,PP2A Aalpha (PPP2R1A) and B55A (PPP2R2A) interacting phosphatase regulator 1,PABIR1,Q96E09,Q96E09;B3KX07
caffeine,55690,phosphofurin acidic cluster sorting protein 1,PACS1,Q6VY07,Q6VY07
caffeine,5053,phenylalanine hydroxylase,PAH,P00439,P00439
caffeine,5058,p21 (RAC1) activated kinase 1,PAK1,Q13153,Q13153;B3KNX7;E9PM17
caffeine,5058,p21 (RAC1) activated kinase 1,PAK1,Q13153,Q13153;B3KNX7;E9PM17
caffeine,79728,partner and localizer of BRCA2,PALB2,Q86YC2,Q86YC2;A0A8V8TLC8;A0A8V8TMK8;A0AAQ5BGU0;H3BN63;I3L1Z5
caffeine,9924,poly(A) specific ribonuclease subunit PAN2,PAN2,Q504Q3,Q504Q3
caffeine,80025,pantothenate kinase 2,PANK2,Q9BZ23,Q9BZ23;Q6P1K9
caffeine,56288,par-3 family cell polarity regulator,PARD3,Q8TEW0,Q8TEW0
caffeine,64761,poly(ADP-ribose) polymerase family member 12,PARP12,Q9H0J9,Q9H0J9;A4D1T0;G5E9U9
caffeine,10207,PATJ crumbs cell polarity complex component,PATJ,Q8NI35,Q8NI35;A0A2R8Y549
caffeine,94104,PAX3 and PAX7 binding protein 1,PAXBP1,Q9Y5B6,Q9Y5B6;Q8N6E6
caffeine,388939,photoreceptor cilium actin regulator,PCARE,A6NGG8,A6NGG8
caffeine,26167,protocadherin beta 5,PCDHB5,Q9Y5E4,Q9Y5E4;Q59FR6
caffeine,51585,PCF11 cleavage and polyadenylation factor subunit,PCF11,O94913,O94913;A0A8I5KX04
caffeine,5108,pericentriolar material 1,PCM1,Q15154,Q15154;A0A4W8VX11;A0A5H1ZRS1;A2RUU9;B9EIS5;E9PGW9
caffeine,22990,pecanex 1,PCNX1,Q96RV3,Q96RV3
caffeine,255738,proprotein convertase subtilisin/kexin type 9,PCSK9,Q8NBP7,Q8NBP7;A0A669KBG0;A0AAQ5BGX4
caffeine,255738,proprotein convertase subtilisin/kexin type 9,PCSK9,Q8NBP7,Q8NBP7;A0A669KBG0;A0AAQ5BGX4
caffeine,11333,PDGFA associated protein 1,PDAP1,Q13442,Q13442
caffeine,8050,pyruvate dehydrogenase complex component X,PDHX,O00330,O00330;A0A8C8MSB2
caffeine,9124,PDZ and LIM domain 1,PDLIM1,O00151,O00151;V9HW92
caffeine,5170,3-phosphoinositide dependent protein kinase 1,PDPK1,O15530,O15530;E9PER6
caffeine,23042,pyridoxal dependent decarboxylase domain containing 1,PDXDC1,Q6P996,Q6P996;B4DHL7;Q86XE2
caffeine,5037,phosphatidylethanolamine binding protein 1,PEBP1,P30086,P30086;D9IAI1
caffeine,5189,peroxisomal biogenesis factor 1,PEX1,O43933,O43933;A0A0C4DG33;B4DER6
caffeine,5208,"6-phosphofructo-2-kinase/fructose-2,6-biphosphatase 2",PFKFB2,O60825,O60825;B0FLL2
caffeine,5214,"phosphofructokinase, platelet",PFKP,Q01813,Q01813;A0A7I2V3Z0;A0A8V8TMY4;B1APP6
caffeine,267004,piggyBac transposable element derived 3,PGBD3,Q8N328,Q8N328
caffeine,5228,placental growth factor,PGF,P49763,P49763;G3XA84;Q53XY6;Q86TW6
caffeine,5236,phosphoglucomutase 1,PGM1,P36871,P36871;B4DDQ8;B7Z6C2
caffeine,10424,progesterone receptor membrane component 2,PGRMC2,O15173,O15173
caffeine,5251,phosphate regulating endopeptidase X-linked,PHEX,P78562,P78562;B4DNS0;B4DWG8
caffeine,9678,PHD finger protein 14,PHF14,O94880,O94880;B4DG57
caffeine,50848,F11 receptor,F11R,Q9Y624,Q9Y624;Q6FIB4
caffeine,83641,family with sequence similarity 107 member B,FAM107B,Q9H098,Q9H098
caffeine,79155,TNFAIP3 interacting protein 2,TNIP2,Q8NFZ5,Q8NFZ5;D6RGJ2
caffeine,80351,tankyrase 2,TNKS2,Q9H2K2,Q9H2K2
caffeine,57690,trinucleotide repeat containing adaptor 6C,TNRC6C,Q9HCJ0,Q9HCJ0
caffeine,23196,family with sequence similarity 120 member A,FAM120A,Q9NZB2,Q9NZB2;A0A8V8TNY3
caffeine,26049,family with sequence similarity 169 member A,FAM169A,Q9Y6X4,Q9Y6X4
caffeine,114034,"target of EGR1, exonuclease",TOE1,Q96GM8,Q96GM8;B4DP23
caffeine,100188893,translocase of outer mitochondrial membrane 6,TOMM6,Q96B49,Q96B49
caffeine,7155,DNA topoisomerase II beta,TOP2B,Q02880,Q02880;Q59H80
caffeine,57184,family with sequence similarity 219 member B,FAM219B,Q5XKK7,Q5XKK7
caffeine,143684,family with sequence similarity 76 member B,FAM76B,Q5HYJ3,Q5HYJ3;F5GX09
caffeine,51439,family with sequence similarity 8 member A1,FAM8A1,Q9UBU6,Q9UBU6
caffeine,163590,torsin 1A interacting protein 2,TOR1AIP2,Q8NFQ8,Q8NFQ8;Q9H496;A0A6B9D1Q5
caffeine,10160,"FERM, ARH/RhoGEF and pleckstrin domain protein 1",FARP1,Q9Y4F1,Q9Y4F1;A0A2X0TVY0;C9JME2
caffeine,7159,tumor protein p53 binding protein 2,TP53BP2,Q13625,Q13625
caffeine,22868,FAST kinase domains 2,FASTKD2,Q9NYY8,Q9NYY8
caffeine,84893,F-box DNA helicase 1,FBH1,Q8NFZ0,Q8NFZ0;B3KV95;F6UZG9;Q2TAK1
caffeine,222235,F-box and leucine rich repeat protein 13,FBXL13,Q8NEE6,Q8NEE6;A0A8Q3WK56;A0A8Q3WKA2;C9JI88;Q8N1P0
caffeine,7174,tripeptidyl peptidase 2,TPP2,P29144,P29144;Q5VZU9
caffeine,22974,TPX2 microtubule nucleation factor,TPX2,Q9ULW0,Q9ULW0;Q643R0
caffeine,10293,TRAF interacting protein,TRAIP,Q9BWF2,Q9BWF2
caffeine,80204,F-box protein 11,FBXO11,Q86XK2,Q86XK2;A0A804HK63
caffeine,115548,FCH and mu domain containing endocytic adaptor 2,FCHO2,Q0JRZ9,Q0JRZ9
caffeine,8805,tripartite motif containing 24,TRIM24,O15164,O15164
caffeine,22954,tripartite motif containing 32,TRIM32,Q13049,Q13049
caffeine,91107,tripartite motif containing 47,TRIM47,Q96LD4,Q96LD4
caffeine,11078,TRIO and F-actin binding protein,TRIOBP,Q9H2D6,Q9H2D6
caffeine,54802,tRNA isopentenyltransferase 1,TRIT1,Q9H3H1,Q9H3H1;Q3T7C7;Q53F11
caffeine,23307,FKBP prolyl isomerase family member 15,FKBP15,Q5T1M5,Q5T1M5
caffeine,81627,tRNA methyltransferase 1L,TRMT1L,Q7Z2T5,Q7Z2T5;B4DXX1
caffeine,142940,TruB pseudouridine synthase family member 1,TRUB1,Q8WWH5,Q8WWH5
caffeine,81628,TSC22 domain family member 4,TSC22D4,Q9Y3Q8,Q9Y3Q8;B4DKI8
caffeine,84630,tau tubulin kinase 1,TTBK1,Q5TCY1,Q5TCY1
caffeine,114793,formin like 2,FMNL2,Q96PY5,Q96PY5;A0ABJ7H3E2;A0ABJ7H8L6
caffeine,7268,tetratricopeptide repeat domain 4,TTC4,O95801,O95801
caffeine,80727,tweety family member 3,TTYH3,Q9C0H2,Q9C0H2
caffeine,201158,trans-golgi network vesicle protein 23 homolog C,TVP23C,Q96ET8,Q96ET8
caffeine,7421,vitamin D receptor,VDR,P11473,P11473;A0A5K1VW50;F1D8P8
caffeine,22862,fibronectin type III domain containing 3A,FNDC3A,Q9Y2H6,Q9Y2H6
caffeine,55810,forkhead box J2,FOXJ2,Q9P0K8,Q9P0K8
caffeine,127253,tRNA-yW synthesizing protein 3 homolog,TYW3,Q6IPR3,Q6IPR3;Q96GE7
caffeine,55075,uveal autoantigen with coiled-coil domains and ankyrin repeats,UACA,Q9BZF9,Q9BZF9
caffeine,80144,Fraser extracellular matrix complex subunit 1,FRAS1,Q86XX4,Q86XX4
caffeine,84443,FERM and PDZ domain containing 3,FRMPD3,Q5JV73,Q5JV73;A0A804HJA6
caffeine,79876,ubiquitin like modifier activating enzyme 5,UBA5,Q9GZZ9,Q9GZZ9
caffeine,9898,ubiquitin associated protein 2 like,UBAP2L,Q14157,Q14157;A0AA34QVE6;B4DYY5;F8W726
caffeine,10277,ubiquitination factor E4B,UBE4B,O95155,O95155
caffeine,56893,ubiquilin 4,UBQLN4,Q9NRR5,Q9NRR5;B4DZF6;Q59F94
caffeine,117246,FtsJ RNA 2'-O-methyltransferase 3,FTSJ3,Q8IY81,Q8IY81
caffeine,5349,FXYD domain containing ion transport regulator 3,FXYD3,Q14802,Q14802;A0A1S5UZ23;S4R445
caffeine,137886,UBX domain protein 2B,UBXN2B,Q14CS0,Q14CS0;E5RJ36
caffeine,7345,ubiquitin C-terminal hydrolase L1,UCHL1,P09936,P09936;V9HW74
caffeine,7358,UDP-glucose 6-dehydrogenase,UGDH,O60701,O60701
caffeine,10146,G3BP stress granule assembly factor 1,G3BP1,Q13283,Q13283;Q5U0Q1;Q6ZP53
caffeine,9846,GRB2 associated binding protein 2,GAB2,Q9UQC2,Q9UQC2
caffeine,54658,UDP glucuronosyltransferase family 1 member A1,UGT1A1,P22309,P22309;Q5DT03
caffeine,80328,UL16 binding protein 2,ULBP2,Q9BZM5,Q9BZM5
caffeine,10497,unc-13 homolog B,UNC13B,O14795,O14795;A0A1B0GUS7;A0A1B0GVW8
caffeine,84253,GTPase activating Rap/RanGAP domain like 3,GARNL3,Q5VVW2,Q5VVW2;B4DH81
caffeine,340260,UNC homeobox,UNCX,A6NJT0,A6NJT0
caffeine,65110,UPF3A regulator of nonsense mediated mRNA decay,UPF3A,Q9H1J1,Q9H1J1;B3KUE7
caffeine,8725,URI1 prefoldin like chaperone,URI1,O94763,O94763
caffeine,54815,GATA zinc finger domain containing 2A,GATAD2A,Q86YP4,Q86YP4
caffeine,64263,GTP cyclohydrolase 2,GCH2,Q6IQV5,Q6IQV5
caffeine,8615,USO1 vesicle transport factor,USO1,O60763,O60763
caffeine,9958,ubiquitin specific peptidase 15,USP15,Q9Y4E8,Q9Y4E8
caffeine,84669,ubiquitin specific peptidase 32,USP32,Q8NFA0,Q8NFA0
caffeine,23265,exocyst complex component 7,EXOC7,Q9UPT5,Q9UPT5;B4DJ07;B5MCY9
caffeine,8772,Fas associated via death domain,FADD,Q13158,Q13158
caffeine,85456,tankyrase 1 binding protein 1,TNKS1BP1,Q9C0C2,Q9C0C2;A0A024R542
caffeine,23112,trinucleotide repeat containing adaptor 6B,TNRC6B,Q9UPQ9,Q9UPQ9
caffeine,150864,family with sequence similarity 117 member B,FAM117B,Q6P1L5,Q6P1L5
caffeine,130074,family with sequence similarity 168 member B,FAM168B,A1KXE4,A1KXE4
caffeine,79632,family with sequence similarity 184 member A,FAM184A,Q8NB25,Q8NB25;H7BY63;Q6P9G8
caffeine,64759,tensin 3,TNS3,Q68CZ2,Q68CZ2;A0A994J537;A0A994J7F3;C9JHU5;E9PCX8
caffeine,9804,translocase of outer mitochondrial membrane 20,TOMM20,Q15388,Q15388
caffeine,7153,DNA topoisomerase II alpha,TOP2A,P11388,P11388
caffeine,8603,family with sequence similarity 193 member A,FAM193A,P78312,P78312
caffeine,199870,family with sequence similarity 76 member A,FAM76A,Q8TAV0,Q8TAV0
caffeine,286077,scaffolding CK1 anchoring protein H,SACK1H,Q6ZRV2,Q6ZRV2;Q71RB4
caffeine,26092,torsin 1A interacting protein 1,TOR1AIP1,Q5JTV8,Q5JTV8
caffeine,57697,FA complementation group M,FANCM,Q8IYD8,Q8IYD8;A0A8Q3WLG3
caffeine,7158,tumor protein p53 binding protein 1,TP53BP1,Q12888,Q12888;A6NNK5
caffeine,7165,TPD52 like 2,TPD52L2,O43399,O43399;A0A087WYR3;A0A087WZ51;Q68E05;Q6FGS1
caffeine,7170,tropomyosin 3,TPM3,P06753,P06753;A0A087WWU8;A0A0S2Z4G4;A0A0S2Z4G8;A0A0S2Z4I4;A0A2R2Y2Q3;B4DQ80;J3KN67
caffeine,54850,F-box and leucine rich repeat protein 12,FBXL12,Q9NXK8,Q9NXK8
caffeine,286262,taperin,TPRN,Q4KMQ1,Q4KMQ1
caffeine,10906,TRAF-type zinc finger domain containing 1,TRAFD1,O14545,O14545
caffeine,84961,F-box and leucine rich repeat protein 20,FBXL20,Q96IG2,Q96IG2;J3KTA1
caffeine,23291,F-box and WD repeat domain containing 11,FBXW11,Q9UKB1,Q9UKB1;B4DH70;E5RGC1
caffeine,197258,fucose kinase,FCSK,Q8N0W3,Q8N0W3
caffeine,23321,tripartite motif containing 2,TRIM2,Q9C040,Q9C040;A0A0J9YW02;A0A6Q8PF74;A0A6Q8PG16;A0A6Q8PGG4;A0A6Q8PHP4
caffeine,4591,tripartite motif containing 37,TRIM37,O94972,O94972
caffeine,8822,fibroblast growth factor 17,FGF17,O60258,O60258;A0A7U3JVY9
caffeine,7204,trio Rho guanine nucleotide exchange factor,TRIO,O75962,O75962
caffeine,9320,thyroid hormone receptor interactor 12,TRIP12,Q14669,Q14669;A0A6Q8PGG9;A0A994J4J0;A0A994J569;A0A994J755;H7C1L9
caffeine,64760,FHF complex subunit HOOK interacting protein 2B,FHIP2B,Q86V87,Q86V87
caffeine,81608,factor interacting with PAPOLA and CPSF1,FIP1L1,Q6UN15,Q6UN15;A0A994J3I9;A0A994J3J1;A0A994J3K1;A0A994J3K5;A0A994J3L5;A0A994J3M0;A0A994J3P6;A0A994J3Q0;A0A994J3Q5;A0A994J3R0;A0A994J3R5;A0A994J3S0;A0A994J3S6;A0A994J3T5;A0A994J438;A0A994J442;A0A994J453;A0A994J458;A0A994J464;A0A994J469;A0A994J474;A0A994J6B4;A0A994J6C6;A0A994J6D3;A0A994J6D6;A0A994J6E0;A0A994J6E2;A0A994J6N5;A0A994J6P0;A0A994J6Q5;A0A994J6R0;H0Y8P7
caffeine,8295,transformation/transcription domain associated protein,TRRAP,Q9Y4A5,Q9Y4A5;H0Y4W2
caffeine,81619,tetraspanin 14,TSPAN14,Q8NG11,Q8NG11
caffeine,23331,tetratricopeptide repeat domain 28,TTC28,Q96AY4,Q96AY4
caffeine,114984,FLYWCH family member 2,FLYWCH2,Q96CP2,Q96CP2
caffeine,7273,titin,TTN,Q8WZ42,Q8WZ42;A0A0A0MRA3
caffeine,347688,tubulin beta 8 class VIII,TUBB8,Q3ZCM7,Q3ZCM7
caffeine,57600,folliculin interacting protein 2,FNIP2,Q9P278,Q9P278
caffeine,84817,thioredoxin domain containing 17,TXNDC17,Q9BRA2,Q9BRA2;A0A140VJY7
caffeine,7301,TYRO3 protein tyrosine kinase,TYRO3,Q06418,Q06418;H0YNK6
caffeine,23350,U2 snRNP associated SURP domain containing,U2SURP,O15042,O15042
caffeine,118924,FRA10A associated CGG repeat 1,FRA10AC1,Q70Z53,Q70Z53
caffeine,83786,FERM domain containing 8,FRMD8,Q9BZ67,Q9BZ67;A8K6L3
caffeine,55833,ubiquitin associated protein 2,UBAP2,Q5T6F2,Q5T6F2;A0A8C8MQ70;B4DH66;B7Z7P2;Q9P0H6
caffeine,7322,ubiquitin conjugating enzyme E2 D2,UBE2D2,P62837,P62837
caffeine,89910,ubiquitin protein ligase E3B,UBE3B,Q7Z3V4,Q7Z3V4
caffeine,7342,upstream binding protein 1,UBP1,Q9NZI7,Q9NZI7;A8KAN5
caffeine,23352,ubiquitin protein ligase E3 component n-recognin 4,UBR4,Q5T4S7,Q5T4S7
caffeine,24140,FtsJ RNA 2'-O-methyltransferase 1,FTSJ1,Q9UET6,Q9UET6;A0A024QYX5;A0A0S2Z5C9;B3KN91;B7Z4K4
caffeine,5348,FXYD domain containing ion transport regulator 1,FXYD1,O00168,O00168
caffeine,55148,ubiquitin protein ligase E3 component n-recognin 7,UBR7,Q8N806,Q8N806
caffeine,26043,UBX domain protein 7,UBXN7,O94888,O94888
caffeine,7353,ubiquitin recognition factor in ER associated degradation 1,UFD1,Q92890,Q92890;Q541A5
caffeine,8323,frizzled class receptor 6,FZD6,O60353,O60353;B4DL33;B4E236
caffeine,51720,ubiquitin interaction motif containing 1,UIMC1,Q96RL1,Q96RL1
caffeine,25989,unc-51 like kinase 3,ULK3,Q6PHR2,Q6PHR2;B4DDG2
caffeine,23193,glucosidase II alpha subunit,GANAB,Q14697,Q14697;B4DIW2;B4DSM6;B4DZ53;E9PKU7;F5H6X6
caffeine,64762,GRB2 associated regulator of MAPK1 subtype 1,GAREM1,Q9H706,Q9H706
caffeine,10634,growth arrest specific 2 like 1,GAS2L1,Q99501,Q99501;A0A5E8
caffeine,285175,unc-80 subunit of NALCN channel complex,UNC80,Q8N2C7,Q8N2C7;A0A669KBC5
caffeine,5976,UPF1 RNA helicase and ATPase,UPF1,Q92900,Q92900;A0A024R7L5;B3KY55
caffeine,7385,ubiquinol-cytochrome c reductase core protein 2,UQCRC2,P22695,P22695
caffeine,6936,GC-rich sequence DNA-binding factor 2,GCFC2,P16383,P16383;A4UHR0;B3KUM5;Q9BVX3
caffeine,8237,ubiquitin specific peptidase 11,USP11,G5E9A6,G5E9A6
caffeine,57478,ubiquitin specific peptidase 31,USP31,Q70CQ4,Q70CQ4
caffeine,23133,PHD finger protein 8,PHF8,Q9UPP1,Q9UPP1;H0Y3N9;O95327
caffeine,23612,pleckstrin homology like domain family A member 3,PHLDA3,Q9Y5J5,Q9Y5J5
caffeine,23239,PH domain and leucine rich repeat protein phosphatase 1,PHLPP1,O60346,O60346
caffeine,57661,PHD and ring finger domains 1,PHRF1,Q9P1Y6,Q9P1Y6;B7ZM65;B7ZM66;E9PJ24;F8WEF5
caffeine,5297,phosphatidylinositol 4-kinase alpha,PI4KA,P42356,P42356;A0A140VK35;B4DYG5
caffeine,55367,p53-induced death domain protein 1,PIDD1,Q9HB75,Q9HB75
caffeine,54872,phosphatidylinositol glycan anchor biosynthesis class G (EMM blood group),PIGG,Q5H8A4,Q5H8A4;D6RFE8;E7EM50;E7EWV1;Q8NCI4
caffeine,54478,PICALM interacting mitotic regulator,PIMREG,Q9BSJ6,Q9BSJ6;A0A0S2Z5C7;A0A0S2Z5F0;I3L419
caffeine,23396,phosphatidylinositol-4-phosphate 5-kinase type 1 gamma,PIP5K1C,O60331,O60331
caffeine,23396,phosphatidylinositol-4-phosphate 5-kinase type 1 gamma,PIP5K1C,O60331,O60331
caffeine,9867,praja ring finger ubiquitin ligase 2,PJA2,O43164,O43164
caffeine,5585,protein kinase N1,PKN1,Q16512,Q16512
caffeine,8502,plakophilin 4,PKP4,Q99569,Q99569
caffeine,5331,phospholipase C beta 3,PLCB3,Q01970,Q01970
caffeine,5339,plectin,PLEC,Q15149,Q15149;A0A8I5KSD5;A0A8I5KUE3;H0YDN1
caffeine,65977,pleckstrin homology domain containing A3,PLEKHA3,Q9HB20,Q9HB20
caffeine,144100,pleckstrin homology domain containing A7,PLEKHA7,Q6IQ23,Q6IQ23;A0A8V8TMS3;E9PKC0
caffeine,80301,pleckstrin homology domain containing O2,PLEKHO2,Q8TD55,Q8TD55
caffeine,5347,polo like kinase 1,PLK1,P53350,P53350
caffeine,84814,phospholipid phosphatase 7 (inactive),PLPP7,Q8NBV4,Q8NBV4;A0A384NPM3;X6R886
caffeine,5358,plastin 3,PLS3,P13797,P13797;B4DPW9
caffeine,9512,"peptidase, mitochondrial processing subunit beta",PMPCB,O75439,O75439;A0A9L9PXG6;A0A9L9PXH0;A0A9L9PXI7;B3KM34;G3V0E4;Q96CP5
caffeine,4860,purine nucleoside phosphorylase,PNP,P00491,P00491
caffeine,79983,POF1B actin binding protein,POF1B,Q8WVV4,Q8WVV4
caffeine,11201,DNA polymerase iota,POLI,Q9UNA4,Q9UNA4;J3KQ09;J3KSW2
caffeine,221830,RNA polymerase I subunit F,POLR1F,Q3B726,Q3B726
caffeine,10940,POP1 ribonuclease P/MRP subunit,POP1,Q99575,Q99575;Q96F88
caffeine,440915,"POTE ankyrin domain family member K, pseudogene",POTEKP,,
caffeine,5465,peroxisome proliferator activated receptor alpha,PPARA,Q07869,Q07869;F1D8S4
caffeine,10891,PPARG coactivator 1 alpha,PPARGC1A,Q9UBK2,Q9UBK2
caffeine,8496,PPFIB scaffold protein 1,PPFIBP1,Q86W92,Q86W92
caffeine,644591,peptidylprolyl isomerase A like 4G,PPIAL4G,P0DN37,P0DN37
caffeine,9677,diphosphoinositol pentakisphosphate kinase 1,PPIP5K1,Q6PFW1,Q6PFW1;A0A8J8ZH50;A0A9L9PYJ9;B7WPL9
caffeine,9647,"protein phosphatase, Mg2+/Mn2+ dependent 1F",PPM1F,P49593,P49593;B5MCT7
caffeine,5514,protein phosphatase 1 regulatory subunit 10,PPP1R10,Q96QC0,Q96QC0;Q2L6I0
caffeine,23368,protein phosphatase 1 regulatory subunit 13B,PPP1R13B,Q96KQ4,Q96KQ4
caffeine,5504,protein phosphatase 1 regulatory inhibitor subunit 2,PPP1R2,P41236,P41236
caffeine,5510,protein phosphatase 1 regulatory subunit 7,PPP1R7,Q15435,Q15435;A0A140VK83
caffeine,5528,protein phosphatase 2 regulatory subunit B'delta,PPP2R5D,Q14738,Q14738
caffeine,55671,protein phosphatase 4 regulatory subunit 3A,PPP4R3A,Q6IN85,Q6IN85;Q8N6W1
caffeine,23082,PPARG related coactivator 1,PPRC1,Q5VV67,Q5VV67;E7EVG6
caffeine,7799,PR/SET domain 2,PRDM2,Q13029,Q13029
caffeine,27166,PRELI domain containing 1,PRELID1,Q9Y255,Q9Y255
caffeine,201973,primase and DNA directed polymerase,PRIMPOL,Q96LW4,Q96LW4;A0A5S6SZ32
caffeine,5563,protein kinase AMP-activated catalytic subunit alpha 2,PRKAA2,P54646,P54646
caffeine,5566,protein kinase cAMP-activated catalytic subunit alpha,PRKACA,P17612,P17612;A0A8V8TL59;A8K8B9
caffeine,5575,protein kinase cAMP-dependent type I regulatory subunit beta,PRKAR1B,P31321,P31321
caffeine,5589,PRKCSH beta subunit of glucosidase II,PRKCSH,P14314,P14314;B4DJQ5;K7ELL7
caffeine,8575,protein activator of interferon induced protein kinase EIF2AK2,PRKRA,O75569,O75569;A0A7I2V2I8;A0A7I2V5H3;B4DJC7
caffeine,8842,prominin 1,PROM1,O43490,O43490;A0A0A0N0M1
caffeine,79833,gem nuclear organelle associated protein 6,GEMIN6,Q8WXD5,Q8WXD5
caffeine,55230,ubiquitin specific peptidase 40,USP40,Q9NVE5,Q9NVE5;A0A7I2YQ75;C9JK14
caffeine,8078,ubiquitin specific peptidase 5,USP5,P45974,P45974;A0A140VJZ1
caffeine,9101,ubiquitin specific peptidase 8,USP8,P40818,P40818;A8K8N5
caffeine,27069,growth hormone inducible transmembrane protein,GHITM,Q9H3K2,Q9H3K2
caffeine,51659,GINS complex subunit 2,GINS2,Q9Y248,Q9Y248
caffeine,8287,ubiquitin specific peptidase 9 Y-linked,USP9Y,O00507,O00507
caffeine,9341,vesicle associated membrane protein 3,VAMP3,Q15836,Q15836;Q6FGG2
caffeine,7407,valyl-tRNA synthetase 1,VARS1,P26640,P26640;A0A024RCN6
caffeine,10493,vesicle amine transport 1,VAT1,Q99536,Q99536
caffeine,7414,vinculin,VCL,P18206,P18206;B3KXA2;V9HWK2
caffeine,7416,voltage dependent anion channel 1,VDAC1,P21796,P21796;A0A1L1UHR1;B3KTS5
caffeine,9686,vestigial like family member 4,VGLL4,Q14135,Q14135;A0A0A6YYI5;G5E9M9
caffeine,54832,vacuolar protein sorting 13 homolog C,VPS13C,Q709C8,Q709C8
caffeine,112936,VPS26 retromer complex component B,VPS26B,Q4G0F5,Q4G0F5
caffeine,51542,VPS54 subunit of GARP complex,VPS54,Q9P1Q0,Q9P1Q0
caffeine,146177,von Willebrand factor A domain containing 3A,VWA3A,A6NCI4,A6NCI4
caffeine,282133,adenosine A1 receptor,ADORA1,P28190,P28190
caffeine,57120,golgi associated PDZ and coiled-coil motif containing,GOPC,Q9HD26,Q9HD26
caffeine,55668,G-patch domain containing 2 like,GPATCH2L,Q9NWQ4,Q9NWQ4
caffeine,253725,WASH complex subunit 2C,WASHC2C,Q9Y4E1,Q9Y4E1;A8K5W5;B3KMC4
caffeine,80304,WD repeat and coiled coil containing,WDCP,Q9H6R7,Q9H6R7
caffeine,91833,WD repeat domain 20,WDR20,Q8TBZ3,Q8TBZ3;A0A088AWN2;B3KPG5;Q5JPH5
caffeine,60313,GC-rich promoter binding protein 1 like 1,GPBP1L1,Q9HC44,Q9HC44
caffeine,55339,WD repeat domain 33,WDR33,Q9C0J8,Q9C0J8
caffeine,79726,WD repeat domain 59,WDR59,Q6PJI9,Q6PJI9
caffeine,7466,wolframin ER transmembrane glycoprotein,WFS1,O76024,O76024;A0A0S2Z4V6
caffeine,65268,WNK lysine deficient protein kinase 2,WNK2,Q9Y3S1,Q9Y3S1;E9PCD1
caffeine,49856,"WD repeat containing, antisense to TP73",WRAP73,Q9P2S5,Q9P2S5;A0A384MQZ3
caffeine,23286,WW and C2 domain containing 1,WWC1,Q8IX03,Q8IX03
caffeine,29841,grainyhead like transcription factor 1,GRHL1,Q9NZI5,Q9NZI5
caffeine,7514,exportin 1,XPO1,O14980,O14980;A0A7I2V2Y6;A0A7I2V461;A0A7I2V6B9;B3KWD0
caffeine,7518,X-ray repair cross complementing 4,XRCC4,Q13426,Q13426;Q7Z763
caffeine,22803,5'-3' exoribonuclease 2,XRN2,Q9H0D6,Q9H0D6;B4DZC3
caffeine,8531,Y-box binding protein 3,YBX3,P16989,P16989
caffeine,48340,Glutathione S transferase D7,GSTD7,Q9VG93,Q9VG93
caffeine,9446,glutathione S-transferase omega 1,GSTO1,P78417,P78417;V9HWG9
caffeine,81576,YJU2 splicing factor homolog B,YJU2B,P13994,P13994;B7Z1U2
caffeine,64848,YTH N6-methyladenosine RNA binding protein C2,YTHDC2,Q9H6S0,Q9H6S0
caffeine,7531,tyrosine 3-monooxygenase/tryptophan 5-monooxygenase activation protein epsilon,YWHAE,P62258,P62258;V9HW98
caffeine,7531,tyrosine 3-monooxygenase/tryptophan 5-monooxygenase activation protein epsilon,YWHAE,P62258,P62258;V9HW98
caffeine,9567,GTP binding protein 1,GTPBP1,O00178,O00178
caffeine,64412,GDNF inducible zinc finger protein 1,GZF1,Q9H116,Q9H116
caffeine,9889,zinc finger BED-type containing 4,ZBED4,O75132,O75132
caffeine,57621,zinc finger and BTB domain containing 2,ZBTB2,Q8N680,Q8N680
caffeine,29068,zinc finger and BTB domain containing 44,ZBTB44,Q8NCP5,Q8NCP5;H0YEM9
caffeine,14958,H1.0 linker histone,H1F0,P10922,P10922
caffeine,166793,zinc finger and BTB domain containing 49,ZBTB49,Q6ZSB9,Q6ZSB9
caffeine,51101,zinc finger C2HC-type containing 1A,ZC2HC1A,Q96GY0,Q96GY0;B2R9B8;H0YAP0
caffeine,55854,zinc finger CCCH-type containing 15,ZC3H15,Q8WU90,Q8WU90
caffeine,333932,H3 clustered histone 15,H3C15,Q71DI3,Q71DI3
caffeine,57531,HECT domain and ankyrin repeat containing E3 ubiquitin protein ligase 1,HACE1,Q8IYU2,Q8IYU2
caffeine,23144,zinc finger CCCH-type containing 3,ZC3H3,Q8IXZ2,Q8IXZ2
caffeine,56829,"zinc finger CCCH-type containing, antiviral 1",ZC3HAV1,Q7Z2W4,Q7Z2W4;C9J6P4
caffeine,54877,zinc finger CCHC-type containing 2,ZCCHC2,Q9C0B9,Q9C0B9;Q9BRD4
caffeine,15122,"hemoglobin alpha, adult chain 1",HBA-A1,Q91VB8,Q91VB8
caffeine,51564,histone deacetylase 7,HDAC7,Q8WUI4,Q8WUI4
caffeine,51564,histone deacetylase 7,HDAC7,Q8WUI4,Q8WUI4
caffeine,55625,zDHHC palmitoyltransferase 7,ZDHHC7,Q9NXF8,Q9NXF8
caffeine,60685,zinc finger AN1-type containing 3,ZFAND3,Q9H8U3,Q9H8U3;E2QRF5
caffeine,792176,"hatching enzyme 1, tandem duplicate 3",HE1.3,A4VCG4,A4VCG4
caffeine,23593,heme binding protein 2,HEBP2,Q9Y5Z4,Q9Y5Z4;Q5THN1
caffeine,7538,ZFP36 zinc finger CCCH-type,ZFP36,P26651,P26651
caffeine,74400,zinc finger protein 819,ZFP819,E9Q5X9,E9Q5X9;Q80V81;Q9D4A7
caffeine,84936,zinc finger FYVE-type containing 19,ZFYVE19,Q96K21,Q96K21
caffeine,220296,hepatic and glial cell adhesion molecule,HEPACAM,Q14CZ8,Q14CZ8;A0A994J4I1
caffeine,9146,hepatocyte growth factor-regulated tyrosine kinase substrate,HGS,O14964,O14964;A0A0S2Z4R4
caffeine,85416,Zic family zinc finger 5,ZIC5,Q96T25,Q96T25
caffeine,7750,zinc finger MYM-type containing 2,ZMYM2,Q9UBW7,Q9UBW7;A8K126
caffeine,23119,HIC ZBTB transcriptional repressor 2,HIC2,Q96JB3,Q96JB3
caffeine,7727,zinc finger protein 174,ZNF174,Q15697,Q15697;I3L2H2
caffeine,7572,zinc finger protein 24,ZNF24,P17028,P17028
caffeine,55609,zinc finger protein 280C,ZNF280C,Q8ND82,Q8ND82
caffeine,24149,zinc finger protein 318,ZNF318,Q5VUA4,Q5VUA4
caffeine,7581,zinc finger protein 33A,ZNF33A,Q06730,Q06730;A0A0A0MR11;A0A0A0MRS1
caffeine,79797,zinc finger protein 408,ZNF408,Q9H9D4,Q9H9D4;B4DXY4
caffeine,84858,zinc finger protein 503,ZNF503,Q96F45,Q96F45
caffeine,9658,zinc finger protein 516,ZNF516,Q92618,Q92618;Q2YDX2
caffeine,163033,zinc finger protein 579,ZNF579,Q8NAF0,Q8NAF0
caffeine,23060,zinc finger protein 609,ZNF609,O15014,O15014
caffeine,121274,zinc finger protein 641,ZNF641,Q96N77,Q96N77
caffeine,84376,hook microtubule tethering protein 3,HOOK3,Q86VS8,Q86VS8
caffeine,22834,zinc finger protein 652,ZNF652,Q9Y2D9,Q9Y2D9;A8K9F2;D6RF85
caffeine,55657,zinc finger protein 692,ZNF692,Q9BU19,Q9BU19
caffeine,147808,zinc finger protein 784,ZNF784,Q8NCA9,Q8NCA9
caffeine,223082,zinc and ring finger 2,ZNRF2,Q8NHG8,Q8NHG8;A0A090N8Y8
caffeine,79149,zinc finger and SCAN domain containing 5A,ZSCAN5A,Q9BUG6,Q9BUG6;A0A0C4DGQ1
caffeine,23140,zinc finger ZZ-type and EF-hand domain containing 1,ZZEF1,O43149,O43149
caffeine,560210,"heat shock cognate 70-kd protein, like",HSP70L,A8WFS0,A8WFS0
caffeine,391634,"heat shock protein 90 alpha family class B member 2, pseudogene",HSP90AB2P,,
caffeine,7190,"heat shock protein 90 beta family member 2, pseudogene",HSP90B2P,,
caffeine,22824,heat shock protein family A (Hsp70) member 4 like,HSPA4L,O95757,O95757;A0A140VKE7;B4DXT2;B4DZR0;E9PDE8
caffeine,23640,HSPA (Hsp70) binding protein 1,HSPBP1,Q9NZL4,Q9NZL4
caffeine,10808,heat shock protein family H (Hsp110) member 1,HSPH1,Q92598,Q92598;A0A0A0MSM0;B4DY72
caffeine,10075,"HECT, UBA and WWE domain containing E3 ubiquitin protein ligase 1",HUWE1,Q7Z6Z7,Q7Z6Z7
caffeine,25998,inhibitor of Bruton tyrosine kinase,IBTK,Q9P2D0,Q9P2D0;B7ZLE0;E7EPI0
caffeine,9173,interleukin 1 receptor like 1,IL1RL1,Q01638,Q01638
caffeine,16190,"interleukin 4 receptor, alpha",IL4RA,P16382,P16382;Q3U905
caffeine,16190,"interleukin 4 receptor, alpha",IL4RA,P16382,P16382;Q3U905
caffeine,55968,NSFL1 cofactor,NSFL1C,Q9UNZ2,Q9UNZ2;Q53FE8
caffeine,4915,neurotrophic receptor tyrosine kinase 2,NTRK2,Q16620,Q16620;A0A8I5KR47;A0A8I5KUZ1;A0A8I5KZB7;A0A8J8YUT9;Q548C2;Q5VWE5
caffeine,64710,nuclear casein kinase and cyclin dependent kinase substrate 1,NUCKS1,Q9H1E3,Q9H1E3
caffeine,55746,nucleoporin 133,NUP133,Q8WUM0,Q8WUM0
caffeine,23225,nucleoporin 210,NUP210,Q8TEM1,Q8TEM1
caffeine,9818,nucleoporin 58,NUP58,Q9BVL2,Q9BVL2;A0A8Q3WKK5;A0A8Q3WKL7
caffeine,4928,nucleoporin 98 and 96 precursor,NUP98,P52948,P52948;A0A8V8TR21;H0YCR0;H0YEN4
caffeine,10482,nuclear RNA export factor 1,NXF1,Q9UBU9,Q9UBU9;Q59E96
caffeine,100506658,occludin,OCLN,Q16625,Q16625;A8K3T2
caffeine,11054,opioid growth factor receptor,OGFR,Q9NZT2,Q9NZT2
caffeine,10133,optineurin,OPTN,Q96CV9,Q96CV9
caffeine,5004,orosomucoid 1,ORM1,P02763,P02763
caffeine,114884,oxysterol binding protein like 10,OSBPL10,Q9BXB5,Q9BXB5;Q9NX98
caffeine,114883,oxysterol binding protein like 9,OSBPL9,Q96SU4,Q96SU4;B1AKJ6;B3KW33
caffeine,28962,osteoclastogenesis associated transmembrane protein 1,OSTM1,Q86WC4,Q86WC4;A0A8V8TNX7;A0A8V8TPT7
caffeine,560759,orthopedia homeobox a,OTPA,B3DGA5,B3DGA5;F6NUE7
caffeine,56957,OTU deubiquitinase 7B,OTUD7B,Q6GQQ9,Q6GQQ9
caffeine,10536,prolyl 3-hydroxylase 3,P3H3,Q8IVL6,Q8IVL6
caffeine,159090,PABIR family member 2,PABIR2,Q7Z309,Q7Z309;B4DN12;G1UD79;G1UD80
caffeine,11252,protein kinase C and casein kinase substrate in neurons 2,PACSIN2,Q9UNF0,Q9UNF0;Q6FIA3
caffeine,342979,paralemmin 3,PALM3,A6NDB9,A6NDB9;A0A590UJ36;K7EKN5
caffeine,10914,poly(A) polymerase alpha,PAPOLA,P51003,P51003;A0A0C4DGK1;G3XAH6
caffeine,8505,poly(ADP-ribose) glycohydrolase,PARG,Q86W56,Q86W56
caffeine,64098,parvin gamma,PARVG,Q9HBI0,Q9HBI0
caffeine,5074,pro-apoptotic WT1 regulator,PAWR,Q96IZ0,Q96IZ0
caffeine,55193,polybromo 1,PBRM1,Q86U86,Q86U86;A0A9L9PXL4
caffeine,5094,poly(rC) binding protein 2,PCBP2,Q15366,Q15366;A0A384N6B9
caffeine,5106,"phosphoenolpyruvate carboxykinase 2, mitochondrial",PCK2,Q16822,Q16822;A0A384MTT2
caffeine,57092,PEST proteolytic signal containing nuclear protein,PCNP,Q8WW12,Q8WW12
caffeine,9468,"phosphate cytidylyltransferase 1B, choline",PCYT1B,Q9Y5K3,Q9Y5K3
caffeine,27250,programmed cell death 4,PDCD4,Q53EL6,Q53EL6;B4DKX4
caffeine,9601,protein disulfide isomerase family A member 4,PDIA4,P13667,P13667;A0A090N8Y2;A0A499FI48
caffeine,10611,PDZ and LIM domain 5,PDLIM5,Q96HC4,Q96HC4;A0A0A0MSP3;B7Z481;B7Z8X5
caffeine,8682,proliferation and apoptosis adaptor protein 15,PEA15,Q15121,Q15121;B1AKZ4;B1AKZ5;Q96FS5
caffeine,5178,paternally expressed 3,PEG3,Q9GZU2,Q9GZU2;A0A3B3IRU6
caffeine,5195,peroxisomal biogenesis factor 14,PEX14,O75381,O75381
caffeine,5213,"phosphofructokinase, muscle",PFKM,P08237,P08237;A0A024R0Y5;A0A0S2Z4I1;A0A2R8Y891;F8VTQ3
caffeine,27315,post-GPI attachment to proteins 2,PGAP2,Q9UHJ9,Q9UHJ9;A0A024RCD5;A0A0A0MS75;A0A0S2Z568;A8MYS5;B7Z2X5;H0YDC6;H0YDQ4
caffeine,5232,phosphoglycerate kinase 2,PGK2,P07205,P07205;A0A140VJR3
caffeine,5241,progesterone receptor,PGR,P06401,P06401
caffeine,65979,phosphatase and actin regulator 4,PHACTR4,Q8IZ21,Q8IZ21
caffeine,80012,polyhomeotic homolog 3,PHC3,Q8NDX5,Q8NDX5;B4E2T1
caffeine,55274,PHD finger protein 10,PHF10,Q8WUB8,Q8WUB8
caffeine,79142,PHD finger protein 23,PHF23,Q9BUL5,Q9BUL5;I3L1N0
caffeine,25929,gem nuclear organelle associated protein 5,GEMIN5,Q8TEQ6,Q8TEQ6;B7ZLC9;Q58EZ8
caffeine,79893,gametogenetin binding protein 2,GGNBP2,Q9H3C7,Q9H3C7
caffeine,7375,ubiquitin specific peptidase 4,USP4,Q13107,Q13107;Q08AK7
caffeine,55031,ubiquitin specific peptidase 47,USP47,Q96K76,Q96K76
caffeine,7874,ubiquitin specific peptidase 7,USP7,Q93009,Q93009;B7Z855;B7ZAX6;Q6U8A4
caffeine,26058,GRB10 interacting GYF protein 2,GIGYF2,Q6Y7W6,Q6Y7W6
caffeine,9815,GIT ArfGAP 2,GIT2,Q14161,Q14161;F8VXI9;F8W822;Q6FI58
caffeine,8239,ubiquitin specific peptidase 9 X-linked,USP9X,Q93008,Q93008;A0A994J4R6;A0A994J6S4;Q6P468;Q86X58
caffeine,7402,utrophin,UTRN,P46939,P46939;Q5T097;Q6LBS5
caffeine,9218,VAMP associated protein A,VAPA,Q9P0L0,Q9P0L0
caffeine,113263,glucocorticoid induced 1,GLCCI1,Q86VQ1,Q86VQ1
caffeine,55830,glycosyltransferase 8 domain containing 1,GLT8D1,Q68CQ7,Q68CQ7;Q7Z4D0
caffeine,80124,valosin containing protein interacting protein 1,VCPIP1,Q96JH7,Q96JH7
caffeine,8833,guanosine monophosphate synthase,GMPS,P49915,P49915;A0A140VJK6
caffeine,157680,vacuolar protein sorting 13 homolog B,VPS13B,Q7Z7G8,Q7Z7G8
caffeine,9559,VPS26 retromer complex component A,VPS26A,O75436,O75436;B4DLT1
caffeine,8443,glyceronephosphate O-acyltransferase,GNPAT,O15228,O15228
caffeine,55275,VPS53 subunit of GARP complex,VPS53,Q5VIR6,Q5VIR6;B3KS06
caffeine,7448,vitronectin,VTN,P04004,P04004;D9ZGG2
caffeine,10163,WASP family member 2,WASF2,Q9Y6W5,Q9Y6W5
caffeine,100135472,adenosine A1 receptor,ADORA1,P47745,P47745
caffeine,100911796,adenosine A3 receptor,ADORA3,P28647,P28647;A6HUN6
caffeine,100135473,adenosine A2a receptor,ADORA2A,P46616,P46616;H0W732
caffeine,54856,gon-4 like,GON4L,Q3T8J9,Q3T8J9;A4PB67;A4PB68;Q14BN2;Q9H986
caffeine,9527,golgi SNAP receptor complex member 1,GOSR1,O95249,O95249;E9PCW1
caffeine,55105,G-patch domain containing 2,GPATCH2,Q9NW75,Q9NW75
caffeine,653440,"WASP family homolog 6, pseudogene",WASH6P,,
caffeine,11193,WW domain binding protein 4,WBP4,O75554,O75554
caffeine,55717,WD repeat domain 11,WDR11,Q9BZH6,Q9BZH6
caffeine,65056,GC-rich promoter binding protein 1,GPBP1,Q86WP2,Q86WP2;D4PHA4
caffeine,10885,WD repeat domain 3,WDR3,Q9UNX4,Q9UNX4;Q5TDG3
caffeine,57599,WD repeat domain 48,WDR48,Q8TAF3,Q8TAF3;A0A024R2L1
caffeine,197335,WD repeat domain 90,WDR90,Q96KV7,Q96KV7;F8VUX9
caffeine,65983,GRAM domain containing 2B,GRAMD2B,Q96HH9,Q96HH9
caffeine,65125,WNK lysine deficient protein kinase 1,WNK1,Q9H4A3,Q9H4A3;A5D8Z4;F5GWT4
caffeine,55135,WD repeat containing antisense to TP53,WRAP53,Q9BUR4,Q9BUR4
caffeine,7490,WT1 transcription factor,WT1,P19544,P19544;A0A481V744;H0Y7K5;Q6PI38
caffeine,25937,WW domain containing transcription regulator 1,WWTR1,Q9GZV5,Q9GZV5
caffeine,7508,"XPC complex subunit, DNA damage recognition and repair factor",XPC,Q01831,Q01831;A0ABB0MVJ4;X5DRB1
caffeine,7515,X-ray repair cross complementing 1,XRCC1,P18887,P18887;B2RCY5;Q59HH7
caffeine,23199,Gse1 coiled-coil protein,GSE1,Q14687,Q14687
caffeine,4904,Y-box binding protein 1,YBX1,P67809,P67809
caffeine,78992,Yip1 domain family member 2,YIPF2,Q9BWQ6,Q9BWQ6;K7ENM8
caffeine,14867,"glutathione S-transferase, mu 6",GSTM6,O35660,O35660;D3YVP8;G5E8M7
caffeine,91746,YTH N6-methyladenosine RNA binding protein C1,YTHDC1,Q96MU7,Q96MU7;J3QR07
caffeine,9569,GTF2I repeat domain containing 1,GTF2IRD1,Q9UHL9,Q9UHL9;E9PFE2
caffeine,9328,general transcription factor IIIC subunit 5,GTF3C5,Q9Y5Q8,Q9Y5Q8;H7BY84
caffeine,7534,tyrosine 3-monooxygenase/tryptophan 5-monooxygenase activation protein zeta,YWHAZ,P63104,P63104;D0PNI1
caffeine,27107,zinc finger and BTB domain containing 11,ZBTB11,O95625,O95625;Q59H97
caffeine,9923,zinc finger and BTB domain containing 40,ZBTB40,Q9NUA8,Q9NUA8;B3KR52;F8WAI8;Q1RMZ5
caffeine,221504,zinc finger and BTB domain containing 9,ZBTB9,Q96C00,Q96C00;A0A1U9X8U5
caffeine,79882,zinc finger CCCH-type containing 14,ZC3H14,Q6PJT7,Q6PJT7;G3V256
caffeine,8345,H2B clustered histone 9,H2BC9,Q93079,Q93079
caffeine,9200,3-hydroxyacyl-CoA dehydratase 1,HACD1,B0YJ81,B0YJ81
caffeine,54801,HAUS augmin like complex subunit 6,HAUS6,Q7Z4H7,Q7Z4H7
caffeine,23264,zinc finger CCCH-type containing 7B,ZC3H7B,Q9UGR2,Q9UGR2
caffeine,54819,zinc finger CCHC-type containing 10,ZCCHC10,Q8TBK6,Q8TBK6;B3KVL5;B4DU89;D6R9G7;D6RHC2;G3XAM1
caffeine,93323,HAUS augmin like complex subunit 8,HAUS8,Q9BT25,Q9BT25
caffeine,25921,zDHHC palmitoyltransferase 5,ZDHHC5,Q9C0B5,Q9C0B5
caffeine,130617,zinc finger AN1-type containing 2B,ZFAND2B,Q8WV99,Q8WV99;A0A087X0D9
caffeine,63897,HEAT repeat containing 6,HEATR6,Q6AI08,Q6AI08
caffeine,50628,gem nuclear organelle associated protein 4,GEMIN4,P57678,P57678;I3L2C7;Q8WUM5;Q9HC39
caffeine,23062,"golgi associated, gamma adaptin ear containing, ARF binding protein 2",GGA2,Q9UJY4,Q9UJY4
caffeine,57695,ubiquitin specific peptidase 37,USP37,Q86T82,Q86T82
caffeine,124739,ubiquitin specific peptidase 43,USP43,Q70EL4,Q70EL4
caffeine,9712,USP6 N-terminal like,USP6NL,Q92738,Q92738;X6RAB3
caffeine,64599,GRB10 interacting GYF protein 1,GIGYF1,O75420,O75420
caffeine,28964,GIT ArfGAP 1,GIT1,Q9Y2X7,Q9Y2X7;Q59FC3
caffeine,51096,UTP18 small subunit processome component,UTP18,Q9Y5J1,Q9Y5J1
caffeine,81839,VANGL planar cell polarity protein 1,VANGL1,Q8TAA9,Q8TAA9
caffeine,10052,gap junction protein gamma 1,GJC1,P36383,P36383
caffeine,25806,ventral anterior homeobox 2,VAX2,Q9UIW0,Q9UIW0;F1T0K5
caffeine,51053,geminin DNA replication inhibitor,GMNN,O75496,O75496
caffeine,59345,G protein subunit beta 4,GNB4,Q9HAV0,Q9HAV0
caffeine,25962,vir like m6A methyltransferase associated,VIRMA,Q69YN4,Q69YN4
caffeine,57617,VPS18 core subunit of CORVET and HOPS complexes,VPS18,Q9P253,Q9P253
caffeine,54552,G protein nucleolar 3 like,GNL3L,Q9NVN8,Q9NVN8;Q05DU1
caffeine,55610,VPS50 subunit of EARP/GARPII complex,VPS50,Q96JG6,Q96JG6
caffeine,51231,VRK serine/threonine kinase 3,VRK3,Q8IV63,Q8IV63
caffeine,23063,WAPL cohesin release factor,WAPL,Q7Z5K2,Q7Z5K2;A8K273;B2RTX8
caffeine,51026,golgi transport 1B,GOLT1B,Q9Y3E0,Q9Y3E0
caffeine,26003,golgi reassembly stacking protein 2,GORASP2,Q9H8Y8,Q9H8Y8
caffeine,55094,G-patch domain containing 1,GPATCH1,Q9BRR8,Q9BRR8
caffeine,54838,WW domain binding protein 1 like,WBP1L,Q9NX94,Q9NX94
caffeine,11169,WD repeat and HMG-box DNA binding protein 1,WDHD1,O75717,O75717
caffeine,23131,G-patch domain containing 8,GPATCH8,Q9UKJ3,Q9UKJ3
caffeine,10243,gephyrin,GPHN,Q9NQX3,Q9NQX3
caffeine,55890,G protein-coupled receptor class C group 5 member C,GPRC5C,Q9NQ84,Q9NQ84;A0A0C4DFY5;A8MXZ4;Q9BSP0
caffeine,54521,WD repeat domain 44,WDR44,Q5JSH3,Q5JSH3
caffeine,23335,WD repeat domain 7,WDR7,Q9Y4E6,Q9Y4E6
caffeine,57655,GRAM domain containing 1A,GRAMD1A,Q96CP6,Q96CP6;B3KQF7;B3KUH3;M0QZ12
caffeine,9687,growth regulating estrogen receptor binding 1,GREB1,Q4ZG55,Q4ZG55
caffeine,58525,WIZ zinc finger,WIZ,O95785,O95785;A0A2R8YFV2;A0A669KAV7;A0A669KBG4;A0A669KBH9;M0QXA7
caffeine,54361,Wnt family member 4,WNT4,P56705,P56705
caffeine,56897,WRN helicase interacting protein 1,WRNIP1,Q96S55,Q96S55
caffeine,56850,GRIP1 associated protein 1,GRIPAP1,Q4V328,Q4V328
caffeine,11059,WW domain containing E3 ubiquitin protein ligase 1,WWP1,Q9H0M0,Q9H0M0
caffeine,389610,XK related 5,XKR5,Q6UX68,Q6UX68
caffeine,9213,xenotropic and polytropic retrovirus receptor 1,XPR1,Q9UBH6,Q9UBH6
caffeine,10413,Yes1 associated transcriptional regulator,YAP1,P46937,P46937;K0KVU2
caffeine,7525,"YES proto-oncogene 1, Src family tyrosine kinase",YES1,P07947,P07947
caffeine,37108,Glutathione S transferase E3,GSTE3,A1ZB68,A1ZB68
caffeine,79693,yrdC N6-threonylcarbamoyltransferase domain containing,YRDC,Q86U90,Q86U90
caffeine,7529,tyrosine 3-monooxygenase/tryptophan 5-monooxygenase activation protein beta,YWHAB,P31946,P31946;V9HWD6
caffeine,9330,general transcription factor IIIC subunit 3,GTF3C3,Q9Y5Q9,Q9Y5Q9
caffeine,51512,G2 and S-phase expressed 1,GTSE1,Q9NYZ3,Q9NYZ3
caffeine,10971,tyrosine 3-monooxygenase/tryptophan 5-monooxygenase activation protein theta,YWHAQ,P27348,P27348
caffeine,22890,zinc finger and BTB domain containing 1,ZBTB1,Q9Y2K1,Q9Y2K1
caffeine,253461,zinc finger and BTB domain containing 38,ZBTB38,Q8NAP3,Q8NAP3;Q9H6F0
caffeine,51341,zinc finger and BTB domain containing 7A,ZBTB7A,O95365,O95365
caffeine,23091,zinc finger CCCH-type containing 13,ZC3H13,Q5T200,Q5T200;A0A7I2V4I5;A0PJJ2;B3KQG8
caffeine,8348,H2B clustered histone 17,H2BC17,P23527,P23527
caffeine,22927,hyaluronan binding protein 4,HABP4,Q5JVS0,Q5JVS0
caffeine,54930,HAUS augmin like complex subunit 4,HAUS4,Q9H6D7,Q9H6D7
caffeine,29066,zinc finger CCCH-type containing 7A,ZC3H7A,Q8IWR0,Q8IWR0
caffeine,51530,zinc finger C3HC-type containing 1,ZC3HC1,Q86WB0,Q86WB0;C9J0I9
caffeine,85437,zinc finger CCHC-type and RNA binding motif containing 1,ZCRB1,Q8TBF4,Q8TBF4;G3V1V1
caffeine,10014,histone deacetylase 5,HDAC5,Q9UQL6,Q9UQL6
caffeine,254887,zDHHC palmitoyltransferase 23,ZDHHC23,Q8IYP9,Q8IYP9;A0A1W2PRJ8;B3KXV3;E9PAP7
caffeine,6935,zinc finger E-box binding homeobox 1,ZEB1,P37275,P37275;B2RBI8;B4DGU2
caffeine,196441,zinc finger C3H1-type containing,ZFC3H1,O60293,O60293
caffeine,55027,HEAT repeat containing 3,HEATR3,Q7Z4Q2,Q7Z4Q2
caffeine,25831,HECT domain E3 ubiquitin protein ligase 1,HECTD1,Q9ULT8,Q9ULT8;A0A087X2H1;A0A8I5QJU2;H0YJD4
caffeine,54617,INO80 complex ATPase subunit,INO80,Q9ULG1,Q9ULG1
caffeine,16333,insulin I,INS1,P01325,P01325
caffeine,55726,integrator complex subunit 13,INTS13,Q9NVM9,Q9NVM9
caffeine,128239,IQ motif containing GTPase activating protein 3,IQGAP3,Q86VI3,Q86VI3
caffeine,26145,interferon regulatory factor 2 binding protein 1,IRF2BP1,Q8IU81,Q8IU81
caffeine,79191,iroquois homeobox 3,IRX3,P78415,P78415
caffeine,10625,influenza virus NS1A binding protein,IVNS1ABP,Q9Y6Y0,Q9Y6Y0
caffeine,9767,jade family PHD finger 3,JADE3,Q92613,Q92613
caffeine,251984,Juvenile hormone epoxide hydrolase 1,JHEH1,Q7JRC3,Q7JRC3
caffeine,8629,Jrk helix-turn-helix protein,JRK,O75564,O75564
caffeine,23189,KN motif and ankyrin repeat domains 1,KANK1,Q14678,Q14678;A0A8I5KRP2;A0A8I5KT40;A0A8I5KZ49
caffeine,7994,lysine acetyltransferase 6A,KAT6A,Q92794,Q92794;A5PKX7;A5PLL3
caffeine,11104,katanin catalytic subunit A1,KATNA1,O75449,O75449;A8K7S5
caffeine,56888,potassium channel modulatory factor 1,KCMF1,Q9P0J7,Q9P0J7
caffeine,22992,lysine demethylase 2A,KDM2A,Q9Y2K7,Q9Y2K7;I3VM53;I3VM54
caffeine,9682,lysine demethylase 4A,KDM4A,O75164,O75164
caffeine,92259,alpha-ketoglutarate dehydrogenase subunit 4,KGD4,P82909,P82909
caffeine,9786,KIAA0586,KIAA0586,Q9BVV6,Q9BVV6;A0A087WYM5;A0A494C171;B4DYW5;B7Z7W7
caffeine,56243,KIAA1217,KIAA1217,Q5T5P2,Q5T5P2;B7ZM29
caffeine,55614,kinesin family member 16B,KIF16B,Q96L93,Q96L93;A0A140VK74;A0A1B0GTU3;A0A1B0GVS8
caffeine,10112,kinesin family member 20A,KIF20A,O95235,O95235
caffeine,9371,kinesin family member 3B,KIF3B,O15066,O15066
caffeine,22944,Kin17 DNA and RNA binding protein,KIN,O60870,O60870
caffeine,83855,KLF transcription factor 16,KLF16,Q9BXK1,Q9BXK1
caffeine,9314,KLF transcription factor 4,KLF4,O43474,O43474
caffeine,84861,kelch like family member 22,KLHL22,Q53GT1,Q53GT1
caffeine,9757,lysine methyltransferase 2B,KMT2B,Q9UMN6,Q9UMN6;A0A669KBI7
caffeine,9735,kinetochore associated 1,KNTC1,P50748,P50748
caffeine,84626,KRAB domain containing 3,KRABD3,A5PL33,A5PL33;A0A0C4DH65
caffeine,8689,keratin 36,KRT36,O76013,O76013
caffeine,23367,"La ribonucleoprotein 1, translational regulator",LARP1,Q6PKG0,Q6PKG0;A0A8I5KSP1;A0A8I5KWU3
caffeine,7544,zinc finger protein Y-linked,ZFY,P08048,P08048
caffeine,283450,HECT domain E3 ubiquitin protein ligase 4,HECTD4,A0A804HJX8,A0A804HJX8;F8VWT9
caffeine,8924,HECT and RLD domain containing E3 ubiquitin protein ligase 2,HERC2,O95714,O95714;A8KAQ8
caffeine,55345,zinc finger GRF-type containing 1,ZGRF1,Q86YA3,Q86YA3
caffeine,55888,zinc finger with KRAB and SCAN domains 7,ZKSCAN7,Q9P0L1,Q9P0L1;A7MAY2;C9J6L6;Q0VAP0
caffeine,9202,zinc finger MYM-type containing 4,ZMYM4,Q5VZL5,Q5VZL5
caffeine,25994,HIG1 hypoxia inducible domain family member 1A,HIGD1A,Q9Y241,Q9Y241
caffeine,8479,HIRA interacting protein 3,HIRIP3,Q9BW71,Q9BW71
caffeine,7675,zinc finger protein 121,ZNF121,P58317,P58317
caffeine,7764,zinc finger protein 217,ZNF217,O75362,O75362
caffeine,10308,zinc finger protein 267,ZNF267,Q14586,Q14586
caffeine,6596,helicase like transcription factor,HLTF,Q14527,Q14527;A0A0C4DGA6;A8K5B6;Q05BZ6
caffeine,8091,high mobility group AT-hook 2,HMGA2,P52926,P52926;F5H2A4;F5H6H0;Q1M183
caffeine,8091,high mobility group AT-hook 2,HMGA2,P52926,P52926;F5H2A4;F5H6H0;Q1M183
caffeine,51361,hook microtubule tethering protein 1,HOOK1,Q9UJC3,Q9UJC3
caffeine,8427,zinc finger protein 282,ZNF282,Q9UDV7,Q9UDV7;A0A090N8Y3;Q86YG2
caffeine,63925,zinc finger protein 335,ZNF335,Q9H4Z2,Q9H4Z2;Q8IW09
caffeine,7587,zinc finger protein 37A,ZNF37A,P17032,P17032;A0A1B0GVV4
caffeine,284293,histocompatibility minor serpin domain containing,HMSD,A8MTL9,A8MTL9
caffeine,151126,zinc finger protein 385B,ZNF385B,Q569K4,Q569K4;A0A2U3TZT0
caffeine,203523,zinc finger protein 449,ZNF449,Q6P9G9,Q6P9G9
caffeine,57473,zinc finger protein 512B,ZNF512B,Q96KM6,Q96KM6
caffeine,9987,heterogeneous nuclear ribonucleoprotein D like,HNRNPDL,O14979,O14979;A0A087WUK2
caffeine,9987,heterogeneous nuclear ribonucleoprotein D like,HNRNPDL,O14979,O14979;A0A087WUK2
caffeine,51042,zinc finger protein 593,ZNF593,O00488,O00488
caffeine,27332,zinc finger protein 638,ZNF638,Q14966,Q14966;A8K583
caffeine,4670,heterogeneous nuclear ribonucleoprotein M,HNRNPM,P52272,P52272;Q59ES8
caffeine,9456,homer scaffold protein 1,HOMER1,Q86YM7,Q86YM7;Q5U5K4
caffeine,57592,zinc finger protein 687,ZNF687,Q8N1G0,Q8N1G0
caffeine,79724,zinc finger protein 768,ZNF768,Q9H5H4,Q9H5H4;H3BS42
caffeine,168850,zinc finger protein 800,ZNF800,Q2TB10,Q2TB10;B7Z4V7
caffeine,50809,heterochromatin protein 1 binding protein 3,HP1BP3,Q5SSJ5,Q5SSJ5
caffeine,11234,HPS5 biogenesis of lysosomal organelles complex 2 subunit 2,HPS5,Q9UPZ3,Q9UPZ3
caffeine,55871,Zn regulated GTPase metalloprotein activator 1A,ZNG1A,Q9BRT8,Q9BRT8;A0A087X140;A0A0B4J1T6
caffeine,9406,zinc finger RANBP2-type containing 2,ZRANB2,O95218,O95218
caffeine,55055,zwilch kinetochore protein,ZWILCH,Q9H900,Q9H900;A8K4T3
caffeine,51478,hydroxysteroid 17-beta dehydrogenase 7,HSD17B7,P56937,P56937
caffeine,7184,heat shock protein 90 beta family member 1,HSP90B1,P14625,P14625;V9HWP2
caffeine,7184,heat shock protein 90 beta family member 1,HSP90B1,P14625,P14625;V9HWP2
caffeine,790918,"heat shock protein, alpha-crystallin-related, b11",HSPB11,A1A607,A1A607
caffeine,285172,hyccin PI4KA lipid kinase complex subunit 2,HYCC2,Q8IXS8,Q8IXS8;A0A804HIT6;B3KUG1
caffeine,10644,insulin like growth factor 2 mRNA binding protein 2,IGF2BP2,Q9Y6M1,Q9Y6M1;B3FTN5;B4DKT5;F8W930
caffeine,57247,zinc finger protein (C2H2 type) 276,ZFP276,Q8CE64,Q8CE64
caffeine,233887,zinc finger protein 553,ZFP553,Q3US17,Q3US17
caffeine,9765,zinc finger FYVE-type containing 16,ZFYVE16,Q7Z3T8,Q7Z3T8
caffeine,92797,DNA helicase B,HELB,Q8NG08,Q8NG08;F5H1I4
caffeine,9931,helicase with zinc finger,HELZ,P42694,P42694;A0A2P0H7U5;B7ZLW2;J3QS41
caffeine,124790,HEXIM P-TEFb complex subunit 2,HEXIM2,Q96MH2,Q96MH2
caffeine,23051,zinc fingers and homeoboxes 3,ZHX3,Q9H4I2,Q9H4I2
caffeine,7745,zinc finger with KRAB and SCAN domains 8,ZKSCAN8,Q15776,Q15776;Q59HG5
caffeine,23613,zinc finger MYND-type containing 8,ZMYND8,Q9ULU4,Q9ULU4;A0A087WVZ6;A6H8Y8;Q2HXV5;Q569J9
caffeine,79802,HHIP like 2,HHIPL2,Q6UWX4,Q6UWX4
caffeine,7701,zinc finger protein 142,ZNF142,P52746,P52746;A0A7P0N7C4
caffeine,51222,zinc finger protein 219,ZNF219,Q9P2Y4,Q9P2Y4
caffeine,140883,zinc finger protein 280B,ZNF280B,Q86YH2,Q86YH2;A0A0D9SEJ8;B3KUN2
caffeine,100131017,zinc finger protein 316,ZNF316,A6NFI3,A6NFI3
caffeine,26152,zinc finger protein 337,ZNF337,Q9Y3M9,Q9Y3M9;A8K5C0;Q6ZUQ0
caffeine,6927,HNF1 homeobox A,HNF1A,P20823,P20823;A0A0A0MTK8;E0YMI7;F5H0K0
caffeine,220988,heterogeneous nuclear ribonucleoprotein A3,HNRNPA3,P51991,P51991;A0A384NL63;A0A7I2V2R3;B4DDB6
caffeine,55628,zinc finger protein 407,ZNF407,Q9C0G0,Q9C0G0
caffeine,91392,zinc finger protein 502,ZNF502,Q8TBZ5,Q8TBZ5;Q96K08
caffeine,130557,zinc finger protein 513,ZNF513,Q8N8E2,Q8N8E2
caffeine,9849,zinc finger protein 518A,ZNF518A,Q6AHZ1,Q6AHZ1
caffeine,90850,"zinc finger protein 598, E3 ubiquitin ligase",ZNF598,Q86UK7,Q86UK7;A0AAG2UWE8
caffeine,51193,zinc finger protein 639,ZNF639,Q9UID6,Q9UID6
caffeine,10236,heterogeneous nuclear ribonucleoprotein R,HNRNPR,O43390,O43390;A0A6Q8PEX7;A0A6Q8PHG0;B4DMB1;B4DMD1;B4DT28;Q0VGD6
caffeine,9454,homer scaffold protein 3,HOMER3,Q9NSC5,Q9NSC5
caffeine,51058,zinc finger protein 691,ZNF691,Q5VV52,Q5VV52;Q5VV50
caffeine,27153,zinc finger protein 777,ZNF777,Q9ULD5,Q9ULD5
caffeine,54680,zinc finger HIT-type containing 6,ZNHIT6,Q9NWK9,Q9NWK9
caffeine,84083,zinc finger RANBP2-type containing 3,ZRANB3,Q5FWF4,Q5FWF4;F5GYN7
caffeine,7791,zyxin,ZYX,Q15942,Q15942;Q96AF9
caffeine,30671,"heat shock cognate 70-kd protein, tandem duplicate 3",HSP70.3,Q6PH56,Q6PH56
caffeine,126393,heat shock protein family B (small) member 6,HSPB6,O14558,O14558;V9HWB6
caffeine,23379,interactor of little elongation complex ELL subunit 1,ICE1,Q9Y2F5,Q9Y2F5
caffeine,79664,interactor of little elongation complex ELL subunit 2,ICE2,Q659A1,Q659A1;H0YNU9
caffeine,10581,interferon induced transmembrane protein 2,IFITM2,Q01629,Q01629
caffeine,80173,intraflagellar transport 74,IFT74,Q96LB3,Q96LB3
caffeine,541504,"immunoglobulin like and fibronectin type III domain containing 1, tandem duplicate 1",IGFN1.1,,
caffeine,64375,IKAROS family zinc finger 4,IKZF4,Q9H2S9,Q9H2S9;F8VPL6
caffeine,161882,"zinc finger protein, FOG family member 1",ZFPM1,Q8IX07,Q8IX07
caffeine,23503,zinc finger FYVE-type containing 26,ZFYVE26,Q68DK2,Q68DK2
caffeine,8925,HECT and RLD domain containing E3 ubiquitin protein ligase family member 1,HERC1,Q15751,Q15751
caffeine,84619,zinc finger CCCH-type and G-patch domain containing,ZGPAT,Q8N5A5,Q8N5A5;A0A0S2Z5X3
caffeine,7586,zinc finger with KRAB and SCAN domains 1,ZKSCAN1,P17029,P17029;B3KNP9;B3KRF7;E9PC66
caffeine,9203,zinc finger MYM-type containing 3,ZMYM3,Q14202,Q14202;A8K3Z7
caffeine,7290,histone cell cycle regulator,HIRA,P54198,P54198
caffeine,55355,Holliday junction recognition protein,HJURP,Q8NCD3,Q8NCD3
caffeine,64397,zinc finger protein 106,ZNF106,Q9H2Y7,Q9H2Y7;A0A0C4DGM5;H3BSS6
caffeine,7755,zinc finger protein 205,ZNF205,O95201,O95201
caffeine,58500,zinc finger protein 250,ZNF250,P15622,P15622;B3KNS9
caffeine,23528,zinc finger protein 281,ZNF281,Q9Y2X9,Q9Y2X9;B3KMX4
caffeine,284695,zinc finger protein 326,ZNF326,Q5BKZ1,Q5BKZ1;A0A0A0MRN4
caffeine,149076,zinc finger protein 362,ZNF362,Q5T0B9,Q5T0B9
caffeine,10042,HMG-box containing 4,HMGXB4,Q9UGU5,Q9UGU5;Q7Z641
caffeine,55663,zinc finger protein 446,ZNF446,Q9NWS9,Q9NWS9
caffeine,22847,zinc finger protein 507,ZNF507,Q8TCN5,Q8TCN5
caffeine,9640,zinc finger protein 592,ZNF592,Q92610,Q92610
caffeine,9831,zinc finger protein 623,ZNF623,O75123,O75123
caffeine,84146,zinc finger protein 644,ZNF644,Q9H582,Q9H582;A7E234
caffeine,92906,heterogeneous nuclear ribonucleoprotein L like,HNRNPLL,Q8WVV9,Q8WVV9;A0A0S2Z6K1;A8K894
caffeine,221092,heterogeneous nuclear ribonucleoprotein U like 2,HNRNPUL2,Q1KMD3,Q1KMD3
caffeine,79027,zinc finger protein 655,ZNF655,Q8N720,Q8N720
caffeine,100131980,zinc finger protein 705G,ZNF705G,A8MUZ8,A8MUZ8
caffeine,7554,zinc finger protein 8,ZNF8,P17098,P17098;B3KS94
caffeine,89781,HPS4 biogenesis of lysosomal organelles complex 3 subunit 2,HPS4,Q9NQG7,Q9NQG7;A0A8V8TMY3;A0A8V8TN06;A0A8V8TPB3;A8K2E6;F1LLU8;Q6P1K3
caffeine,64342,HCLS1 binding protein 3,HS1BP3,Q53T59,Q53T59;Q9H7U7
caffeine,152485,zinc finger protein 827,ZNF827,Q17R98,Q17R98;B3KSR1;H0Y9M2
caffeine,84133,zinc and ring finger 3,ZNRF3,Q9ULT6,Q9ULT6
caffeine,57643,zinc finger SWIM-type containing 5,ZSWIM5,Q9P217,Q9P217
caffeine,664618,"heat shock protein 90 alpha family class B member 4, pseudogene",HSP90AB4P,,
caffeine,27336,HIV-1 Tat specific factor 1,HTATSF1,O43719,O43719
caffeine,84668,hyccin PI4KA lipid kinase complex subunit 1,HYCC1,Q9BYI3,Q9BYI3
caffeine,10642,insulin like growth factor 2 mRNA binding protein 1,IGF2BP1,Q9NZI8,Q9NZI8;D3DTW3
caffeine,58985,interleukin 22 receptor subunit alpha 1,IL22RA1,Q8N6P7,Q8N6P7
caffeine,51520,leucyl-tRNA synthetase 1,LARS1,Q9P2J5,Q9P2J5;A0A6I8PL42;B4DER1;B4E266
caffeine,26524,large tumor suppressor kinase 2,LATS2,Q9NRM7,Q9NRM7
caffeine,123169,LEO1 component of Paf1/RNA polymerase II complex,LEO1,Q8WVC0,Q8WVC0
caffeine,8549,leucine rich repeat containing G protein-coupled receptor 5,LGR5,O75473,O75473;A0A0A8K8C7
caffeine,436680,lens intrinsic membrane protein 2.4,LIM2.4,Q1L960,Q1L960;Q6DH11
caffeine,54923,Lck interacting transmembrane adaptor 1,LIME1,Q9H400,Q9H400;A0A087WT39
caffeine,132660,lin-54 DREAM MuvB core complex component,LIN54,Q6MZP7,Q6MZP7
caffeine,22853,lemur tyrosine kinase 2,LMTK2,Q8IWU2,Q8IWU2
caffeine,23175,lipin 1,LPIN1,Q14693,Q14693
caffeine,23143,leucine rich repeats and calponin homology domain containing 1,LRCH1,Q9Y2L9,Q9Y2L9
caffeine,9209,LRR binding FLII interacting protein 2,LRRFIP2,Q9Y608,Q9Y608;A0A1S5UZ17
caffeine,55341,large 60S subunit nuclear export GTPase 1,LSG1,Q9H089,Q9H089
caffeine,51599,lipolysis stimulated lipoprotein receptor,LSR,Q86X29,Q86X29;A0A8Z5AA41;A0A8Z5DL71;S4R3V8
caffeine,51631,"LUC7 like 2, pre-mRNA splicing factor",LUC7L2,Q9Y383,Q9Y383
caffeine,116068,LysM domain containing 3,LYSMD3,Q7Z3D4,Q7Z3D4;A8K613;G5E9N8
caffeine,84232,MAF1 negative regulator of RNA polymerase III,MAF1,Q9H063,Q9H063
caffeine,728239,MAGE family member D4,MAGED4,Q96JG8,Q96JG8
caffeine,114569,"mal, T cell differentiation protein 2",MAL2,Q969L2,Q969L2
caffeine,84441,mastermind like transcriptional coactivator 2,MAML2,Q8IZL2,Q8IZL2
caffeine,81631,microtubule associated protein 1 light chain 3 beta,MAP1LC3B,Q9GZQ8,Q9GZQ8;Q658J6
caffeine,4214,mitogen-activated protein kinase kinase kinase 1,MAP3K1,Q13233,Q13233
caffeine,51776,mitogen-activated protein kinase kinase kinase 20,MAP3K20,Q9NYL2,Q9NYL2;D4Q8H0
caffeine,5871,mitogen-activated protein kinase kinase kinase kinase 2,MAP4K2,Q12851,Q12851
caffeine,256714,MAP7 domain containing 2,MAP7D2,Q96T17,Q96T17;A0A0K1JRJ6;A0A0K1JS24;A0A0M4F6E1;A0A0M4FLI9
caffeine,5594,mitogen-activated protein kinase 1,MAPK1,P28482,P28482;Q1HBJ4;Q499G7
caffeine,5594,mitogen-activated protein kinase 1,MAPK1,P28482,P28482;Q1HBJ4;Q499G7
caffeine,5595,mitogen-activated protein kinase 3,MAPK3,P27361,P27361;L7RXH5;Q9BWJ1
caffeine,5601,mitogen-activated protein kinase 9,MAPK9,P45984,P45984;D7R525
caffeine,10982,microtubule associated protein RP/EB family member 2,MAPRE2,Q15555,Q15555
caffeine,4140,microtubule affinity regulating kinase 3,MARK3,P27448,P27448;A0A7I2V2E3;A0A7I2V2N8;A0A7I2V3B9;A0A7I2V5G3;A0A7I2V639;A0A7I2YQF7;H0YNV4;Q86U11
caffeine,153562,MARVEL domain containing 2,MARVELD2,Q8N4S9,Q8N4S9
caffeine,84930,microtubule associated serine/threonine kinase like,MASTL,Q96GX5,Q96GX5
caffeine,4152,methyl-CpG binding domain protein 1,MBD1,Q9UIS9,Q9UIS9;A0A994J7H0;A8K654;B4DI41;B4DUR3
caffeine,55777,methyl-CpG binding domain protein 5,MBD5,Q9P267,Q9P267;A0A1B0GW10;A0A2R8YDL9
caffeine,4163,MCC regulator of Wnt signaling pathway,MCC,P23508,P23508
caffeine,4171,minichromosome maintenance complex component 2,MCM2,P49736,P49736
caffeine,79892,minichromosome maintenance complex binding protein,MCMBP,Q9BTE3,Q9BTE3;A0A0S2Z5P5
caffeine,55784,multiple C2 and transmembrane domain containing 2,MCTP2,Q6DN12,Q6DN12
