compound,geneid,symbol,description,uniprot_accession,uniprot_accessions,cid
caffeine,10,NAT2,N-acetyltransferase 2,P11245,P11245;A4Z6T7;A9X7Q9,2519
caffeine,16,AARS1,alanyl-tRNA synthetase 1,P49588,P49588;A0A6Q8PH44,2519
caffeine,18,ABAT,4-aminobutyrate aminotransferase,P80404,P80404;H3BNQ7;X5D8S1,2519
caffeine,19,ABCA1,ATP binding cassette subfamily A member 1,O95477,O95477;B2RUU2;B7XCW9,2519
caffeine,20,ABCA2,ATP binding cassette subfamily A member 2,Q9BZC7,Q9BZC7,2519
caffeine,21,ABCA3,ATP binding cassette subfamily A member 3,Q99758,Q99758,2519
caffeine,23,ABCF1,ATP binding cassette subfamily F member 1,Q8NE71,Q8NE71;A0A1U9X609;Q2L6I2,2519
caffeine,25,ABL1,"ABL proto-oncogene 1, non-receptor tyrosine kinase",P00519,P00519;Q59FK4,2519
caffeine,27,ABL2,"ABL proto-oncogene 2, non-receptor tyrosine kinase",P42684,P42684,2519
caffeine,31,ACACA,acetyl-CoA carboxylase alpha,Q13085,Q13085;Q7Z5W8,2519
caffeine,32,ACACB,acetyl-CoA carboxylase beta,O00763,O00763,2519
caffeine,39,ACAT2,acetyl-CoA acetyltransferase 2,Q9BWD1,Q9BWD1,2519
caffeine,43,ACHE,acetylcholinesterase (Yt blood group),P22303,P22303,2519
caffeine,47,ACLY,ATP citrate lyase,P53396,P53396,2519
caffeine,51,ACOX1,acyl-CoA oxidase 1,Q15067,Q15067,2519
caffeine,59,ACTA2,"actin alpha 2, smooth muscle",P62736,P62736;A0AAQ5BGG7;A0AAQ5BGI6;D2JYH4,2519
caffeine,60,ACTB,actin beta,P60709,P60709;Q1KLZ0,2519
caffeine,81,ACTN4,actinin alpha 4,O43707,O43707;A0A0S2Z3G9;F5GXS2;H7C144,2519
caffeine,86,ACTL6A,actin like 6A,O96019,O96019,2519
caffeine,87,ACTN1,actinin alpha 1,P12814,P12814;A0A024R694;A0A7I2V4Y4;A0A804HL31;A0A804HLF4;H9KV75,2519
caffeine,100,ADA,adenosine deaminase,P00813,P00813;A0A0S2Z381;F5GWI4,2519
caffeine,103,ADAR,adenosine deaminase RNA specific,P55265,P55265;A0AAQ5BGH8,2519
caffeine,104,ADARB1,adenosine deaminase RNA specific B1,P78563,P78563;A0A994J4V7;A0A994J7T5,2519
caffeine,111,ADCY5,adenylate cyclase 5,O95622,O95622;A0A384P5Q5;A0A8V8TP58;B3KWA8;B7Z2C7,2519
caffeine,113,ADCY7,adenylate cyclase 7,P51828,P51828;B3KSJ0;F5H4D1;Q86YI0,2519
caffeine,115,ADCY9,adenylate cyclase 9,O60503,O60503,2519
caffeine,118,ADD1,adducin 1,P35611,P35611;A0A804HL01,2519
caffeine,120,ADD3,adducin 3,Q9UEY8,Q9UEY8;Q53FL4;Q59EK1;Q5VU08,2519
caffeine,123,PLIN2,perilipin 2,Q99541,Q99541;Q6FHZ7,2519
caffeine,134,ADORA1,adenosine A1 receptor,P30542,P30542;B7Z1L9;B7Z379,2519
caffeine,135,ADORA2A,adenosine A2a receptor,P29274,P29274;A8K1F6;B3KVQ4;X5DNB4,2519
caffeine,136,ADORA2B,adenosine A2b receptor,P29275,P29275,2519
caffeine,140,ADORA3,adenosine A3 receptor,P0DMS8,P0DMS8;A0A0J9YWR0;H6VQ59,2519
caffeine,142,PARP1,poly(ADP-ribose) polymerase 1,P09874,P09874,2519
caffeine,143,PARP4,poly(ADP-ribose) polymerase family member 4,Q9UKK3,Q9UKK3,2519
caffeine,156,GRK2,G protein-coupled receptor kinase 2,P25098,P25098;A0A0S2Z392,2519
caffeine,158,ADSL,adenylosuccinate lyase,P30566,P30566;A0A1B0GTG9;A0A1B0GWJ0;A0A7P0T8E4;A0A7P0Z472;X5D7W4;X5D8S6,2519
caffeine,176,ACAN,aggrecan,P16112,P16112;A0A5K1VW97,2519
caffeine,182,JAG1,jagged canonical Notch ligand 1,P78504,P78504;Q99740,2519
caffeine,183,AGT,angiotensinogen,P01019,P01019;A0A7P0T8D1;B0ZBE2;B2R5S1,2519
caffeine,186,AGTR2,angiotensin II receptor type 2,P50052,P50052,2519
caffeine,191,AHCY,adenosylhomocysteinase,P23526,P23526;A0A384MTQ3,2519
caffeine,207,AKT1,AKT serine/threonine kinase 1,P31749,P31749;B0LPE5;B3KVH4,2519
caffeine,208,AKT2,AKT serine/threonine kinase 2,P31751,P31751;B4DG79,2519
caffeine,213,ALB,albumin,P02768,P02768,2519
caffeine,216,ALDH1A1,aldehyde dehydrogenase 1 family member A1,P00352,P00352;V9HW83,2519
caffeine,223,ALDH9A1,aldehyde dehydrogenase 9 family member A1,P49189,P49189,2519
caffeine,224,ALDH3A2,aldehyde dehydrogenase 3 family member A2,P51648,P51648,2519
caffeine,226,ALDOA,"aldolase, fructose-bisphosphate A",P04075,P04075;V9HWN7,2519
caffeine,230,ALDOC,"aldolase, fructose-bisphosphate C",P09972,P09972;A0A024QZ64,2519
caffeine,249,ALPL,"alkaline phosphatase, biomineralization associated",P05186,P05186,2519
caffeine,267,AMFR,autocrine motility factor receptor,Q9UKV5,Q9UKV5,2519
caffeine,271,AMPD2,adenosine monophosphate deaminase 2,Q01433,Q01433,2519
caffeine,283,ANG,angiogenin,P03950,P03950;W0UV28,2519
caffeine,284,ANGPT1,angiopoietin 1,Q15389,Q15389;B4DTQ9,2519
caffeine,285,ANGPT2,angiopoietin 2,O15123,O15123,2519
caffeine,287,ANK2,ankyrin 2,Q01484,Q01484;A0A5F9ZGS5;A0A5F9ZGY1;A0A5F9ZGZ1;A0A5F9ZH03;A0A5F9ZH10;A0A5F9ZH17;A0A5F9ZH18;A0A5F9ZH34;A0A5F9ZH39;A0A5F9ZH58;A0A5F9ZH70;A0A5F9ZH99;A0A5F9ZHE2;A0A5F9ZHJ4;A0A5F9ZHJ6;A0A5F9ZHL3;A0A5F9ZHL9;A0A5F9ZHN0;A0A5F9ZHQ3;A0A5F9ZHR2;A0A5F9ZHY6;A0A5F9ZI08;A0A5F9ZI16;A0A5F9ZI36;A0A5F9ZI53;A0A5F9ZI56;A0A5F9ZI69;A0A5F9ZI81;E9PCH6;H0Y933,2519
caffeine,302,ANXA2,annexin A2,P07355,P07355;A0A024R5Z7;H0YL33,2519
caffeine,307,ANXA4,annexin A4,P09525,P09525;Q6P452,2519
caffeine,311,ANXA11,annexin A11,P50995,P50995;Q5T0G8,2519
caffeine,316,AOX1,aldehyde oxidase 1,Q06278,Q06278,2519
caffeine,324,APC,APC regulator of Wnt signaling pathway,P25054,P25054;R4GMU6,2519
caffeine,327,APEH,acylaminoacyl-peptide hydrolase,P13798,P13798,2519
caffeine,328,APEX1,apurinic/apyrimidinic endodeoxyribonuclease 1,P27695,P27695;Q5TZP7,2519
caffeine,329,BIRC2,baculoviral IAP repeat containing 2,Q13490,Q13490,2519
caffeine,334,APLP2,amyloid beta precursor like protein 2,Q06481,Q06481;A0A140VJE9;B4E3I5,2519
caffeine,335,APOA1,apolipoprotein A1,P02647,P02647;A0A024R3E3,2519
caffeine,336,APOA2,apolipoprotein A2,P02652,P02652,2519
caffeine,338,APOB,apolipoprotein B,P04114,P04114;A0AAG2UUW0;Q59HB3;Q7Z7Q0,2519
caffeine,341,APOC1,apolipoprotein C1,P02654,P02654;K7EPF9,2519
caffeine,344,APOC2,apolipoprotein C2,P02655,P02655;A0A024R0T9,2519
caffeine,345,APOC3,apolipoprotein C3,P02656,P02656;A3KPE2,2519
caffeine,348,APOE,apolipoprotein E,P02649,P02649;A0A0S2Z3D5,2519
caffeine,355,FAS,Fas cell surface death receptor,P25445,P25445;A0A8Q3SIR6;K9J972;Q59FU8,2519
caffeine,357,SHROOM2,shroom family member 2,Q13796,Q13796;B7Z682;F5H3B6,2519
caffeine,367,AR,androgen receptor,P10275,P10275;A0A087WUX9;F1D8N5;G4VV16;Q9NUA2,2519
caffeine,369,ARAF,"A-Raf proto-oncogene, serine/threonine kinase",P10398,P10398;A0A024R178;Q96II5,2519
caffeine,372,ARCN1,archain 1 coat protein complex I subunit delta,P48444,P48444;B0YIW5,2519
caffeine,375,ARF1,ARF GTPase 1,P84077,P84077,2519
caffeine,379,ARL4D,ARF like GTPase 4D,P49703,P49703,2519
caffeine,392,ARHGAP1,Rho GTPase activating protein 1,Q07960,Q07960,2519
caffeine,394,ARHGAP5,Rho GTPase activating protein 5,Q13017,Q13017,2519
caffeine,396,ARHGDIA,Rho GDP dissociation inhibitor alpha,P52565,P52565;J3QQX2;V9HWE8,2519
caffeine,408,ARRB1,arrestin beta 1,P49407,P49407;B7Z1Q3,2519
caffeine,409,ARRB2,arrestin beta 2,P32121,P32121;K7ENA6;Q59EM5;Q68DZ5,2519
caffeine,421,ARVCF,ARVCF delta catenin family member,O00192,O00192;C9JJX6;E9PDC3,2519
caffeine,433,ASGR2,asialoglycoprotein receptor 2,P07307,P07307;Q7Z4G9,2519
caffeine,440,ASNS,asparagine synthetase (glutamine-hydrolyzing),P08243,P08243,2519
caffeine,463,ZFHX3,zinc finger homeobox 3,Q15911,Q15911;Q8N2Y6,2519
caffeine,471,ATIC,5-aminoimidazole-4-carboxamide ribonucleotide formyltransferase/IMP cyclohydrolase,P31939,P31939;V9HWH7,2519
caffeine,472,ATM,ATM serine/threonine kinase,Q13315,Q13315;A0AAQ5BH18;Q6P7P1,2519
caffeine,473,RERE,arginine-glutamic acid dipeptide repeats,Q9P2R6,Q9P2R6,2519
caffeine,476,ATP1A1,ATPase Na+/K+ transporting subunit alpha 1,P05023,P05023,2519
caffeine,478,ATP1A3,ATPase Na+/K+ transporting subunit alpha 3,P13637,P13637;M0R116;Q53ES0,2519
caffeine,483,ATP1B3,ATPase Na+/K+ transporting subunit beta 3,P54709,P54709,2519
caffeine,488,ATP2A2,ATPase sarcoplasmic/endoplasmic reticulum Ca2+ transporting 2,P16615,P16615;A0A0S2Z3L2,2519
caffeine,490,ATP2B1,ATPase plasma membrane Ca2+ transporting 1,P20020,P20020,2519
caffeine,526,ATP6V1B2,ATPase H+ transporting V1 subunit B2,P21281,P21281;A0A140VK65,2519
caffeine,527,ATP6V0C,ATPase H+ transporting V0 subunit c,P27449,P27449,2519
caffeine,545,ATR,ATR checkpoint kinase,Q13535,Q13535,2519
caffeine,546,ATRX,ATRX chromatin remodeler,P46100,P46100;A4LAA3;B4DLW1,2519
caffeine,550,AUP1,AUP1 lipid droplet regulating VLDL assembly factor,Q9Y679,Q9Y679,2519
caffeine,552,AVPR1A,arginine vasopressin receptor 1A,P37288,P37288;X5D2B0,2519
caffeine,571,BACH1,BTB domain and CNC homolog 1,O14867,O14867,2519
caffeine,580,BARD1,BRCA1 associated RING domain 1,Q99728,Q99728;A0A087WZ19;A0AVN2;C9IYG1;F6MDI0;F6MDI1;F6MDI2,2519
caffeine,581,BAX,"BCL2 associated X, apoptosis regulator",Q07812,Q07812;I6LPK7;Q5ZPJ0;Q5ZPJ1,2519
caffeine,595,CCND1,cyclin D1,P24385,P24385;Q6FI00,2519
caffeine,596,BCL2,BCL2 apoptosis regulator,P10415,P10415;A0A7I2V3S7,2519
caffeine,598,BCL2L1,BCL2 like 1,Q07817,Q07817;A0A0S2Z3C5;Q5TE63,2519
caffeine,602,BCL3,BCL3 transcription coactivator,P20749,P20749;B7Z3N9,2519
caffeine,604,BCL6,BCL6 transcription repressor,P41182,P41182;B5B0A5,2519
caffeine,607,BCL9,BCL9 transcription coactivator,O00512,O00512;Q1JQ81,2519
caffeine,613,BCR,BCR activator of RhoGEF and GTPase,P11274,P11274,2519
caffeine,627,BDNF,brain derived neurotrophic factor,P23560,P23560;A0A0E3SU01,2519
caffeine,632,BGLAP,bone gamma-carboxyglutamate protein,P02818,P02818,2519
caffeine,634,CEACAM1,CEA cell adhesion molecule 1,P13688,P13688;Q3KRG8,2519
caffeine,635,BHMT,betaine--homocysteine S-methyltransferase,Q93088,Q93088;V9HWA4,2519
caffeine,637,BID,BH3 interacting domain death agonist,P55957,P55957;A8ASI8;B2ZP79;B3KT21,2519
caffeine,641,BLM,BLM RecQ like helicase,P54132,P54132;B7ZKN7;H0YNU5,2519
caffeine,657,BMPR1A,bone morphogenetic protein receptor type 1A,P36894,P36894,2519
caffeine,661,POLR3D,RNA polymerase III subunit D,P05423,P05423,2519
caffeine,663,BNIP2,BCL2 interacting protein 2,Q12982,Q12982;H7C096,2519
caffeine,664,BNIP3,BCL2 interacting protein 3,Q12983,Q12983;Q6NVY4,2519
caffeine,665,BNIP3L,BCL2 interacting protein 3 like,O60238,O60238;Q6IBV1,2519
caffeine,667,DST,dystonin,Q03001,Q03001;A0A7P0T890;B4DGY0;B4DSS9;E9PHM6;F6QMI7;F8W9J4;Q6P0N6,2519
caffeine,672,BRCA1,BRCA1 DNA repair associated,P38398,P38398;A0A0U1RRA9;A0A2R8Y7V5;A0A9Y1QPR4;A0A9Y1QPT7;A0A9Y1QPY6;A0A9Y1QQ47;A0A9Y1QQD3;A0A9Y1QQF1;A0A9Y1QQJ6;A0A9Y1QQK3;A0A9Y1QQK7;A0A9Y1VR53;A0A9Y1VVD0;A0A9Y1VVE2;B4DES0;C9IZW4;E7ENB7;E7EQW4;E7EUM2;H0Y850;H0Y8D8,2519
caffeine,673,BRAF,"B-Raf proto-oncogene, serine/threonine kinase",P15056,P15056;A0A2R8Y8E0;A0A2U3TZI2;H7C560,2519
caffeine,675,BRCA2,BRCA2 DNA repair associated,P51587,P51587;A0A7P0T9D7;A0A8V8TPZ2,2519
caffeine,677,ZFP36L1,ZFP36 like 1 zinc finger CCCH-type,Q07352,Q07352;B3KNA8,2519
caffeine,678,ZFP36L2,ZFP36 like 2 zinc finger CCCH-type,P47974,P47974,2519
caffeine,682,BSG,basigin (Ok blood group),P35613,P35613;Q54A51,2519
caffeine,689,BTF3,basic transcription factor 3,P20290,P20290,2519
caffeine,699,BUB1,BUB1 mitotic checkpoint serine/threonine kinase,O43683,O43683;B4DYG2,2519
caffeine,701,BUB1B,BUB1 mitotic checkpoint serine/threonine kinase B,O60566,O60566,2519
caffeine,708,C1QBP,complement C1q binding protein,Q07021,Q07021,2519
caffeine,715,C1R,complement C1r,P00736,P00736;A0A3B3ISR2;B4DPQ0,2519
caffeine,716,C1S,complement C1s,P09871,P09871;F8WCZ6,2519
caffeine,745,MYRF,myelin regulatory factor,Q9Y2G1,Q9Y2G1,2519
caffeine,747,DAGLA,diacylglycerol lipase alpha,Q9Y4D2,Q9Y4D2,2519
caffeine,754,PTTG1IP,PTTG1 interacting protein,P53801,P53801;B4DPZ0,2519
caffeine,755,CFAP410,cilia and flagella associated protein 410,O43822,O43822,2519
caffeine,759,CA1,carbonic anhydrase 1,P00915,P00915;V9HWE3,2519
caffeine,760,CA2,carbonic anhydrase 2,P00918,P00918;V9HW21,2519
caffeine,779,CACNA1S,calcium voltage-gated channel subunit alpha1 S,Q13698,Q13698;B1ALM3,2519
caffeine,780,DDR1,discoidin domain receptor tyrosine kinase 1,Q08345,Q08345;A0A024RCQ1;A0A0A0MSX3;Q96T61;Q96T62,2519
caffeine,790,CAD,"carbamoyl-phosphate synthetase 2, aspartate transcarbamylase, and dihydroorotase",P27708,P27708;F8VPD4,2519
caffeine,801,CALM1,calmodulin 1,P0DP23,P0DP23;P0DP24;P0DP25;B4DJ51;Q96HY3,2519
caffeine,811,CALR,calreticulin,P27797,P27797;V9HW88,2519
caffeine,813,CALU,calumenin,O43852,O43852;B3KQF5;Q6IAW5,2519
caffeine,816,CAMK2B,calcium/calmodulin dependent protein kinase II beta,Q13554,Q13554;A4D2J9;B7Z1Z6,2519
caffeine,817,CAMK2D,calcium/calmodulin dependent protein kinase II delta,Q13557,Q13557;A0A8V8TN60;A0A8V8TN65;A0A8V8TN88;A0A8V8TNA1;A0A8V8TNA7;A0A8V8TPJ8;A0A8V8TPY4;A0A994J516;A0A994J5B0;D6R938;E9PBG7;E9PF82,2519
caffeine,818,CAMK2G,calcium/calmodulin dependent protein kinase II gamma,Q13555,Q13555;A0A2Q3DQE3;B3KY86;H0Y6G2;Q13280;Q5SWX3,2519
caffeine,821,CANX,calnexin,P27824,P27824;A0A7P0T937;A0A7P0TAE9;A0A7P0TB65,2519
caffeine,823,CAPN1,calpain 1,P07384,P07384;B2RDI5;B4DWH5,2519
caffeine,824,CAPN2,calpain 2,P17655,P17655;B4DN77;Q59EF6,2519
caffeine,831,CAST,calpastatin,P20810,P20810;A0A6Q8PH20;A0ABB0MV66;B7Z6N0;E9PCH5;E9PDE4;Q59HE3;Q86YM9,2519
caffeine,833,CARS1,cysteinyl-tRNA synthetase 1,P49589,P49589;B4DKY1;B4DPV7,2519
caffeine,835,CASP2,caspase 2,P42575,P42575;A0A087WYM1;A0A0S2Z3H1,2519
caffeine,836,CASP3,caspase 3,P42574,P42574;A8MVM1,2519
caffeine,841,CASP8,caspase 8,Q14790,Q14790;A0A8Q3SID9,2519
caffeine,842,CASP9,caspase 9,P55211,P55211;F8VVS7,2519
caffeine,847,CAT,catalase,P04040,P04040;A0A384P5Q0,2519
caffeine,857,CAV1,caveolin 1,Q03135,Q03135;A9XTE5;Q2TNI1;Q59E85;Q7Z4F3,2519
caffeine,859,CAV3,caveolin 3,P56539,P56539,2519
caffeine,860,RUNX2,RUNX family transcription factor 2,Q13950,Q13950;A0A0D9SEN7;Q32MY8,2519
caffeine,861,RUNX1,RUNX family transcription factor 1,Q01196,Q01196,2519
caffeine,866,SERPINA6,serpin family A member 6,P08185,P08185;A0A2Z4LCH4,2519
caffeine,868,CBLB,Cbl proto-oncogene B,Q13191,Q13191;B3KSS7;B4DYP3;B7ZAG1,2519
caffeine,875,CBS,cystathionine beta-synthase,P35520,P35520;B7Z2D6,2519
caffeine,891,CCNB1,cyclin B1,P14635,P14635,2519
caffeine,898,CCNE1,cyclin E1,P24864,P24864;A0A0G3DHS8;C9J2U0;V5W5X2,2519
caffeine,899,CCNF,cyclin F,P41002,P41002;Q59HD0,2519
caffeine,900,CCNG1,cyclin G1,P51959,P51959,2519
caffeine,902,CCNH,cyclin H,P51946,P51946;A0A2R8YEM2,2519
caffeine,905,CCNT2,cyclin T2,O60583,O60583;B4DH21,2519
caffeine,908,CCT6A,chaperonin containing TCP1 subunit 6A,P40227,P40227,2519
caffeine,928,CD9,CD9 molecule,P21926,P21926;A0A087WU13;A6NNI4;B4DK09;G8JLH6,2519
caffeine,948,CD36,CD36 molecule (CD36 blood group),P16671,P16671;A4D1B1;B7Z6C3;E9PLT1,2519
caffeine,949,SCARB1,scavenger receptor class B member 1,Q8WTV0,Q8WTV0;A0A7P0Z4E3;B3KW46;B7ZKQ9,2519
caffeine,966,CD59,CD59 molecule (CD59 blood group),P13987,P13987;Q6FHM9,2519
caffeine,972,CD74,CD74 molecule,P04233,P04233,2519
caffeine,983,CDK1,cyclin dependent kinase 1,P06493,P06493;B7Z3D6;I6L9I5,2519
caffeine,984,CDK11B,cyclin dependent kinase 11B,P21127,P21127;B4DII1,2519
caffeine,987,LRBA,LPS responsive beige-like anchor protein,P50851,P50851;A0A494BZW2;A0A494C1L5;A0A8V8TKR0,2519
caffeine,988,CDC5L,cell division cycle 5 like,Q99459,Q99459,2519
caffeine,989,SEPTIN7,septin 7,Q16181,Q16181;A0A023T695;A0A024RA87;A8K3D0;B4DNE4;G3V1Q4,2519
caffeine,990,CDC6,cell division cycle 6,Q99741,Q99741,2519
caffeine,991,CDC20,cell division cycle 20,Q12834,Q12834,2519
caffeine,994,CDC25B,cell division cycle 25B,P30305,P30305;B3KS38;B4DIG0;B4DQZ3;B4DRC3;E1YMX4;G8JLH2,2519
caffeine,995,CDC25C,cell division cycle 25C,P30307,P30307;B4DX61,2519
caffeine,996,CDC27,cell division cycle 27,P30260,P30260;B4DL80;G5EA36,2519
caffeine,999,CDH1,cadherin 1,P12830,P12830;A0A0U2ZQU7;B3GN61;Q9UII7,2519
caffeine,1003,CDH5,cadherin 5,P33151,P33151;Q59EA3,2519
caffeine,1009,CDH11,cadherin 11,P55287,P55287;H3BUU9,2519
caffeine,1017,CDK2,cyclin dependent kinase 2,P24941,P24941;B4DDL9;E7ESI2;G3V5T9,2519
caffeine,1019,CDK4,cyclin dependent kinase 4,P11802,P11802,2519
caffeine,1021,CDK6,cyclin dependent kinase 6,Q00534,Q00534,2519
caffeine,1022,CDK7,cyclin dependent kinase 7,P50613,P50613;A0A0S2Z3F9;D6R9G1;D6RFL0,2519
caffeine,1026,CDKN1A,cyclin dependent kinase inhibitor 1A,P38936,P38936,2519
caffeine,1039,CDR2,cerebellar degeneration related protein 2,Q01850,Q01850,2519
caffeine,1046,CDX4,caudal type homeobox 4,O14627,O14627,2519
caffeine,1050,CEBPA,CCAAT enhancer binding protein alpha,P49715,P49715,2519
caffeine,1051,CEBPB,CCAAT enhancer binding protein beta,P17676,P17676,2519
caffeine,1059,CENPB,centromere protein B,P07199,P07199,2519
caffeine,1060,CENPC,centromere protein C,Q03188,Q03188,2519
caffeine,1062,CENPE,centromere protein E,Q02224,Q02224,2519
caffeine,1063,CENPF,centromere protein F,P49454,P49454;A0A9L9PXU7,2519
caffeine,1070,CETN3,centrin 3,O15182,O15182;E5RFM2;E5RJF8,2519
caffeine,1072,CFL1,cofilin 1,P23528,P23528;V9HWI5,2519
caffeine,1073,CFL2,cofilin 2,Q9Y281,Q9Y281;Q549N0,2519
caffeine,1105,CHD1,chromodomain helicase DNA binding protein 1,O14646,O14646;A0A087WVF4;B3KT33,2519
caffeine,1106,CHD2,chromodomain helicase DNA binding protein 2,O14647,O14647,2519
caffeine,1107,CHD3,chromodomain helicase DNA binding protein 3,Q12873,Q12873;A0A8V8TR54;B3KWV4;Q2TAZ1,2519
caffeine,1108,CHD4,chromodomain helicase DNA binding protein 4,Q14839,Q14839;A0A2U3TZM0;F5GWX5,2519
caffeine,1111,CHEK1,checkpoint kinase 1,O14757,O14757;B4DT73;E7EPP6,2519
caffeine,1118,CHIT1,chitinase 1,Q13231,Q13231,2519
caffeine,1152,CKB,creatine kinase B,P12277,P12277;A0A0S2Z471;V9HWH2,2519
caffeine,1155,TBCB,tubulin folding cofactor B,Q99426,Q99426,2519
caffeine,1173,AP2M1,adaptor related protein complex 2 subunit mu 1,Q96CW1,Q96CW1;B4DNB9;E9PFW3,2519
caffeine,1192,CLIC1,chloride intracellular channel 1,O00299,O00299;Q53FB0;Q5SRT3,2519
caffeine,1196,CLK2,CDC like kinase 2,P49760,P49760;A8K7I0;B1AVT0;B7Z8N6,2519
caffeine,1198,CLK3,CDC like kinase 3,P49761,P49761;B3KRI8,2519
caffeine,1201,CLN3,"CLN3 lysosomal/endosomal transmembrane protein, battenin",Q13286,Q13286;B4DFF3;B4DMY6;Q2TA70,2519
caffeine,1207,CLNS1A,chloride nucleotide-sensitive channel 1A,P54105,P54105;E9PJF4;E9PMI6;J3KN38,2519
caffeine,1213,CLTC,clathrin heavy chain,Q00610,Q00610;A0A087WVQ6,2519
caffeine,1244,ABCC2,ATP binding cassette subfamily C member 2,Q92887,Q92887,2519
caffeine,1265,CNN2,calponin 2,Q99439,Q99439;B4DDF4;B4DUT8,2519
caffeine,1266,CNN3,calponin 3,Q15417,Q15417,2519
caffeine,1267,CNP,"2',3'-cyclic nucleotide 3' phosphodiesterase",P09543,P09543,2519
caffeine,1277,COL1A1,collagen type I alpha 1 chain,P02452,P02452,2519
caffeine,1280,COL2A1,collagen type II alpha 1 chain,P02458,P02458,2519
caffeine,1312,COMT,catechol-O-methyltransferase,P21964,P21964;A0A140VJG8,2519
caffeine,1314,COPA,coat protein complex I subunit alpha,P53621,P53621,2519
caffeine,1325,CORT,cortistatin,O00230,O00230;Q8IUV6,2519
caffeine,1350,COX7C,cytochrome c oxidase subunit 7C,P15954,P15954,2519
caffeine,1362,CPD,carboxypeptidase D,O75976,O75976,2519
caffeine,1365,CLDN3,claudin 3,O15551,O15551;Q75L79,2519
caffeine,1374,CPT1A,carnitine palmitoyltransferase 1A,P50416,P50416;B2RAQ8;Q8WZ48,2519
caffeine,1385,CREB1,cAMP responsive element binding protein 1,P16220,P16220;B7Z5C6;Q53X93;Q5U0J5,2519
caffeine,1387,CREBBP,CREB binding lysine acetyltransferase,Q92793,Q92793,2519
caffeine,1390,CREM,cAMP responsive element modulator,Q03060,Q03060;E9PAR2;E9PB41;G5E998,2519
caffeine,1397,CRIP2,cysteine rich protein 2,P52943,P52943,2519
caffeine,1398,CRK,"CRK proto-oncogene, adaptor protein",P46108,P46108;A0A0S2Z3K9;A0A0S2Z3Q4;L7RT18,2519
caffeine,1413,CRYBA4,crystallin beta A4,P53673,P53673;A0A097PIJ6,2519
caffeine,1414,CRYBB1,crystallin beta B1,P53674,P53674,2519
caffeine,1445,CSK,C-terminal Src kinase,P41240,P41240;A8K3B6;B2R6Q4,2519
caffeine,1453,CSNK1D,casein kinase 1 delta,P48730,P48730;H7BYT1,2519
caffeine,1454,CSNK1E,casein kinase 1 epsilon,P49674,P49674;Q5U045,2519
caffeine,1456,CSNK1G3,casein kinase 1 gamma 3,Q9Y6M4,Q9Y6M4;A0A8V8TKT3,2519
caffeine,1459,CSNK2A2,casein kinase 2 alpha 2,P19784,P19784,2519
caffeine,1462,VCAN,versican,P13611,P13611;Q59FG9;Q86W61,2519
caffeine,1471,CST3,cystatin C,P01034,P01034;A0A0K0K1J1,2519
caffeine,1477,CSTF1,cleavage stimulation factor subunit 1,Q05048,Q05048,2519
caffeine,1478,CSTF2,cleavage stimulation factor subunit 2,P33240,P33240;B3V096;B4DUD5;E7EWR4,2519
caffeine,1479,CSTF3,cleavage stimulation factor subunit 3,Q12996,Q12996,2519
caffeine,1491,CTH,cystathionine gamma-lyase,P32929,P32929,2519
caffeine,1495,CTNNA1,catenin alpha 1,P35221,P35221;A0A384MDY0;B4DKT9;B4DU00;G3XAM7,2519
caffeine,1496,CTNNA2,catenin alpha 2,P26232,P26232;F6KRI5;Q49AD3,2519
caffeine,1499,CTNNB1,catenin beta 1,P35222,P35222;B4DGU4,2519
caffeine,1500,CTNND1,catenin delta 1,O60716,O60716,2519
caffeine,1503,CTPS1,CTP synthase 1,P17812,P17812;A0A3B3IRQ8;A0A3B3ITB8;B4E1E0,2519
caffeine,1508,CTSB,cathepsin B,P07858,P07858;A0A024R374,2519
caffeine,1509,CTSD,cathepsin D,P07339,P07339;V9HWI3,2519
caffeine,1514,CTSL,cathepsin L,P07711,P07711;Q5T8F0;Q9HBQ7,2519
caffeine,1523,CUX1,cut like homeobox 1,P39880,P39880;Q13948;Q3LIA3,2519
caffeine,1525,CXADR,CXADR cell adhesion molecule,P78310,P78310,2519
caffeine,1535,CYBA,cytochrome b-245 alpha chain,P13498,P13498;B4DT46;H3BNP7,2519
caffeine,1537,CYC1,cytochrome c1,P08574,P08574,2519
caffeine,1543,CYP1A1,cytochrome P450 family 1 subfamily A member 1,P04798,P04798;A0N0X8;E7EMT5,2519
caffeine,1544,CYP1A2,cytochrome P450 family 1 subfamily A member 2,P05177,P05177,2519
caffeine,1545,CYP1B1,cytochrome P450 family 1 subfamily B member 1,Q16678,Q16678;Q53TK1,2519
caffeine,1548,CYP2A6,cytochrome P450 family 2 subfamily A member 6,P11509,P11509,2519
caffeine,1557,CYP2C19,cytochrome P450 family 2 subfamily C member 19,P33261,P33261,2519
caffeine,1558,CYP2C8,cytochrome P450 family 2 subfamily C member 8,P10632,P10632;B7Z1F5,2519
caffeine,1559,CYP2C9,cytochrome P450 family 2 subfamily C member 9,P11712,P11712;S5RV20,2519
caffeine,1565,CYP2D6,cytochrome P450 family 2 subfamily D member 6 (gene/pseudogene),P10635,P10635;C1ID52;Q5Y7H2,2519
caffeine,1571,CYP2E1,cytochrome P450 family 2 subfamily E member 1,P05181,P05181,2519
caffeine,1576,CYP3A4,cytochrome P450 family 3 subfamily A member 4,P08684,P08684;Q6GRK0,2519
caffeine,1580,CYP4B1,cytochrome P450 family 4 subfamily B member 1,P13584,P13584;B4DV41;Q8IZB0,2519
caffeine,1583,CYP11A1,cytochrome P450 family 11 subfamily A member 1,P05108,P05108;A0A0S2Z3R3,2519
caffeine,1584,CYP11B1,cytochrome P450 family 11 subfamily B member 1,P15538,P15538;Q8TDD0,2519
caffeine,1585,CYP11B2,cytochrome P450 family 11 subfamily B member 2,P19099,P19099,2519
caffeine,1586,CYP17A1,cytochrome P450 family 17 subfamily A member 1,P05093,P05093;Q1HB44,2519
caffeine,1588,CYP19A1,cytochrome P450 family 19 subfamily A member 1,P11511,P11511;A8K6W3;Q05CU4;Q8IYG4;Q8TCA4,2519
caffeine,1589,CYP21A2,cytochrome P450 family 21 subfamily A member 2,P08686,P08686;Q08AG9,2519
caffeine,1601,DAB2,DAB adaptor protein 2,P98082,P98082;B2RAW0,2519
caffeine,1603,DAD1,defender against cell death 1,P61803,P61803;Q53G02,2519
caffeine,1609,DGKQ,diacylglycerol kinase theta,P52824,P52824;A0A140VKC1;Q59FF7,2519
caffeine,1613,DAPK3,death associated protein kinase 3,O43293,O43293;B3KNJ3,2519
caffeine,1616,DAXX,death domain associated protein,Q9UER7,Q9UER7;A0A024RCS3;B4E1C1;Q53F85,2519
caffeine,1627,DBN1,drebrin 1,Q16643,Q16643,2519
caffeine,1632,ECI1,enoyl-CoA delta isomerase 1,P42126,P42126;A0A384NKJ3,2519
caffeine,1633,DCK,deoxycytidine kinase,P27707,P27707;B4E0A5;F5CTF3,2519
caffeine,1636,ACE,angiotensin I converting enzyme,P12821,P12821;B4DKH4,2519
caffeine,1638,DCT,dopachrome tautomerase,P40126,P40126,2519
caffeine,1654,DDX3X,DEAD-box helicase 3 X-linked,O00571,O00571;A0A2R8YDT5;A0A2R8YFS5,2519
caffeine,1655,DDX5,DEAD-box helicase 5,P17844,P17844;J3KTA4,2519
caffeine,1657,DMXL1,Dmx like 1,Q9Y485,Q9Y485;B2RWN7;F1T0K4;F5H269,2519
caffeine,1659,DHX8,DEAH-box helicase 8,Q14562,Q14562;B7Z8F4;F5H658;K7END7;Q05CV4;Q86YB2,2519
caffeine,1662,DDX10,DEAD-box helicase 10,Q13206,Q13206,2519
caffeine,1675,CFD,complement factor D,P00746,P00746;A6XNE2;K7ERG9,2519
caffeine,1676,DFFA,DNA fragmentation factor subunit alpha,O00273,O00273,2519
caffeine,1678,TIMM8A,translocase of inner mitochondrial membrane 8A,O60220,O60220;A0A2R8YDA8,2519
caffeine,1687,GSDME,gasdermin E,O60443,O60443;A4FVA8,2519
caffeine,1690,COCH,cochlin,O43405,O43405;A0A2U3TZE7,2519
caffeine,1717,DHCR7,7-dehydrocholesterol reductase,Q9UBM7,Q9UBM7;A0A024R5F7;A0A804HI25;A0A804HJQ7;A0A8I5KRR9;E9PM00,2519
caffeine,1718,DHCR24,24-dehydrocholesterol reductase,Q15392,Q15392,2519
caffeine,1723,DHODH,dihydroorotate dehydrogenase (quinone),Q02127,Q02127,2519
caffeine,1728,NQO1,NAD(P)H quinone dehydrogenase 1,P15559,P15559;B4DLR8,2519
caffeine,1729,DIAPH1,diaphanous related formin 1,O60610,O60610;A0A2R8Y5N1;Q6URC4,2519
caffeine,1736,DKC1,dyskerin pseudouridine synthase 1,O60832,O60832;A0A8Q3SIY6,2519
caffeine,1739,DLG1,discs large MAGUK scaffold protein 1,Q12959,Q12959;A0A0C4DFT3;A0A590UJ08;A0A590UJ68;A0A590UJD9;A0A590UJX2;A0A590UK48;A0A590UKA8;B4DF78,2519
caffeine,1746,DLX2,distal-less homeobox 2,Q07687,Q07687;Q53QU7;X5D7D8,2519
caffeine,1756,DMD,dystrophin,P11532,P11532;A0A087WV90;A0A0S2Z3B5;A0A0S2Z3J7;A0A5H1ZRP9;A0A5H1ZRQ1;A0A5H1ZRQ8;A0A5H1ZRR9;A0A804HKY9;A7E212;Q16484;Q4G0X0,2519
caffeine,1762,DMWD,"DM1 locus, WD repeat containing",Q09019,Q09019;Q8WUW6,2519
caffeine,1778,DYNC1H1,dynein cytoplasmic 1 heavy chain 1,Q14204,Q14204,2519
caffeine,1781,DYNC1I2,dynein cytoplasmic 1 intermediate chain 2,Q13409,Q13409;A0A140VKE9;B4DPZ3,2519
caffeine,1783,DYNC1LI2,dynein cytoplasmic 1 light intermediate chain 2,O43237,O43237,2519
caffeine,1785,DNM2,dynamin 2,P50570,P50570;Q8N1K8,2519
caffeine,1786,DNMT1,DNA methyltransferase 1,P26358,P26358;I6L9H2;Q59FP7,2519
caffeine,1788,DNMT3A,DNA methyltransferase 3 alpha,Q9Y6K1,Q9Y6K1;A0A0C4DG02;F8WE91;Q59HC6,2519
caffeine,1789,DNMT3B,DNA methyltransferase 3 beta,Q9UBC3,Q9UBC3;A0A8Q3SIG2,2519
caffeine,1793,DOCK1,dedicator of cytokinesis 1,Q14185,Q14185;A0A096LNH6;A0A2X0U2H5;B2RUU3,2519
caffeine,1796,DOK1,docking protein 1,Q99704,Q99704;B3KP83;B4DJN1;Q14CB2;Q2TA81,2519
caffeine,1803,DPP4,dipeptidyl peptidase 4,P27487,P27487;A0A7I2V2X8,2519
caffeine,1808,DPYSL2,dihydropyrimidinase like 2,Q16555,Q16555;A0A1C7CYX9;Q59GB4,2519
caffeine,1810,DR1,down-regulator of transcription 1,Q01658,Q01658;Q658N3,2519
caffeine,1813,DRD2,dopamine receptor D2,P14416,P14416;F8VUV1,2519
caffeine,1820,ARID3A,AT-rich interaction domain 3A,Q99856,Q99856,2519
caffeine,1822,ATN1,atrophin 1,P54259,P54259;Q86V38,2519
caffeine,1824,DSC2,desmocollin 2,Q02487,Q02487;A0A3B3ISU0;A0AAQ5BGT5,2519
caffeine,1832,DSP,desmoplakin,P15924,P15924;A0AAQ5BH43;B4DKX6,2519
caffeine,1833,EPYC,epiphycan,Q99645,Q99645,2519
caffeine,1836,SLC26A2,solute carrier family 26 member 2,P50443,P50443,2519
caffeine,1837,DTNA,dystrobrevin alpha,Q9Y4J8,Q9Y4J8;A0A7P0T9L1;A0A7P0TBH9;A0A7P0Z4D7;B7Z3X3,2519
caffeine,1850,DUSP8,dual specificity phosphatase 8,Q13202,Q13202,2519
caffeine,1852,DUSP9,dual specificity phosphatase 9,Q99956,Q99956;B2RAL9;Q6P9C2,2519
caffeine,1856,DVL2,dishevelled segment polarity protein 2,O14641,O14641,2519
caffeine,1857,DVL3,dishevelled segment polarity protein 3,Q92997,Q92997,2519
caffeine,1859,DYRK1A,dual specificity tyrosine phosphorylation regulated kinase 1A,Q13627,Q13627;A0A2R8Y6I6,2519
caffeine,1869,E2F1,E2F transcription factor 1,Q01094,Q01094;Q9BSD8,2519
caffeine,1874,E2F4,E2F transcription factor 4,Q16254,Q16254,2519
caffeine,1893,ECM1,extracellular matrix protein 1,Q16610,Q16610;A0A140VJI7,2519
caffeine,1894,ECT2,epithelial cell transforming 2,Q9H8V3,Q9H8V3,2519
caffeine,1906,EDN1,endothelin 1,P05305,P05305;Q6FH53,2519
caffeine,1915,EEF1A1,eukaryotic translation elongation factor 1 alpha 1,P68104,P68104;Q6IPS9,2519
caffeine,1933,EEF1B2,eukaryotic translation elongation factor 1 beta 2,P24534,P24534,2519
caffeine,1936,EEF1D,eukaryotic translation elongation factor 1 delta,P29692,P29692;B2RAR6,2519
caffeine,1937,EEF1G,eukaryotic translation elongation factor 1 gamma,P26641,P26641;Q53YD7,2519
caffeine,1938,EEF2,eukaryotic translation elongation factor 2,P13639,P13639,2519
caffeine,1942,EFNA1,ephrin A1,P20827,P20827,2519
caffeine,1949,EFNB3,ephrin B3,Q15768,Q15768,2519
caffeine,1958,EGR1,early growth response 1,P18146,P18146;Q546S1,2519
caffeine,1962,EHHADH,enoyl-CoA hydratase and 3-hydroxyacyl CoA dehydrogenase,Q08426,Q08426,2519
caffeine,1969,EPHA2,EPH receptor A2,P29317,P29317,2519
caffeine,1975,EIF4B,eukaryotic translation initiation factor 4B,P23588,P23588;B4DRM3;E7EX17;Q7Z5Y0,2519
caffeine,1977,EIF4E,eukaryotic translation initiation factor 4E,P06730,P06730;D6RBW1;Q32Q75;X5D7E3,2519
caffeine,1978,EIF4EBP1,eukaryotic translation initiation factor 4E binding protein 1,Q13541,Q13541,2519
caffeine,1979,EIF4EBP2,eukaryotic translation initiation factor 4E binding protein 2,Q13542,Q13542,2519
caffeine,1981,EIF4G1,eukaryotic translation initiation factor 4 gamma 1,Q04637,Q04637;B2RU06;B2RU10;B4DSI9;O95065;Q96I65,2519
caffeine,1983,EIF5,eukaryotic translation initiation factor 5,P55010,P55010,2519
caffeine,1984,EIF5A,eukaryotic translation initiation factor 5A,P63241,P63241,2519
caffeine,1992,SERPINB1,serpin family B member 1,P30740,P30740;V9HWH1,2519
caffeine,1994,ELAVL1,ELAV like RNA binding protein 1,Q15717,Q15717,2519
caffeine,1997,ELF1,E74 like ETS transcription factor 1,P32519,P32519,2519
caffeine,1998,ELF2,E74 like ETS transcription factor 2,Q15723,Q15723;B7Z720,2519
caffeine,2000,ELF4,E74 like ETS transcription factor 4,Q99607,Q99607,2519
caffeine,2010,EMD,emerin,P50402,P50402,2519
caffeine,2011,MARK2,microtubule affinity regulating kinase 2,Q7KZI7,Q7KZI7;A0A140VJP1;A8K2S4,2519
caffeine,2017,CTTN,cortactin,Q14247,Q14247;Q53HG7,2519
caffeine,2023,ENO1,enolase 1,P06733,P06733;A0A024R4F1;A0A2R8Y6G6,2519
caffeine,2026,ENO2,enolase 2,P09104,P09104;Q6FHV6,2519
caffeine,2030,SLC29A1,solute carrier family 29 member 1 (Augustine blood group),Q99808,Q99808,2519
caffeine,2033,EP300,EP300 lysine acetyltransferase,Q09472,Q09472;A0A669KB12;Q7Z6C1,2519
caffeine,2035,EPB41,erythrocyte membrane protein band 4.1,P11171,P11171;A0A2R8Y5G2;A0A2R8Y5Z6;A0A2R8Y6D0;A0A2R8Y7Y3;A0A2R8YD30;A0A2U3TZH6;A0A994J847;Q1WWM3;Q29RX4;Q59F12,2519
caffeine,2036,EPB41L1,erythrocyte membrane protein band 4.1 like 1,Q9H4G0,Q9H4G0;A0A0C4DH22;B7Z653,2519
caffeine,2037,EPB41L2,erythrocyte membrane protein band 4.1 like 2,O43491,O43491;A0A994J5B1;B4DJ76;E9PHY5;E9PII3;I6L9B1;Q59FD8,2519
caffeine,2039,DMTN,dematin actin binding protein,Q08495,Q08495,2519
caffeine,2041,EPHA1,EPH receptor A1,P21709,P21709,2519
caffeine,2050,EPHB4,EPH receptor B4,P54760,P54760;Q541P7;Q96L35,2519
caffeine,2058,EPRS1,glutamyl-prolyl-tRNA synthetase 1,P07814,P07814,2519
caffeine,2059,EPS8,"EGFR pathway substrate 8, signaling adaptor",Q12929,Q12929;B4E3T6,2519
caffeine,2060,EPS15,epidermal growth factor receptor pathway substrate 15,P42566,P42566;A0A994J5A3;A0A994J5J3;B7Z240,2519
caffeine,2063,NR2F6,nuclear receptor subfamily 2 group F member 6,P10588,P10588;F1D8R3,2519
caffeine,2064,ERBB2,erb-b2 receptor tyrosine kinase 2,P04626,P04626;B4DTR1;F5H1T4;J3QLU9;X5DNK3,2519
caffeine,2065,ERBB3,erb-b2 receptor tyrosine kinase 3,P21860,P21860,2519
caffeine,2072,ERCC4,"ERCC excision repair 4, endonuclease catalytic subunit",Q92889,Q92889;A0A1W1GSK9;A0A804HKF9;B4DXD8,2519
caffeine,2073,ERCC5,"ERCC excision repair 5, endonuclease",P28715,P28715,2519
caffeine,2074,ERCC6,"ERCC excision repair 6, chromatin remodeling factor",P0DP91,P0DP91;Q03468;Q59FF6,2519
caffeine,2077,ERF,ETS2 repressor factor,P50548,P50548,2519
caffeine,2081,ERN1,endoplasmic reticulum to nucleus signaling 1,O75460,O75460,2519
caffeine,2098,ESD,esterase D,P10768,P10768;A0A140VJJ2,2519
caffeine,2101,ESRRA,estrogen related receptor alpha,P11474,P11474;Q569H8,2519
caffeine,2108,ETFA,electron transfer flavoprotein subunit alpha,P13804,P13804;A0A0S2Z3L0,2519
caffeine,2117,ETV3,ETS variant transcription factor 3,P41162,P41162,2519
caffeine,2118,ETV4,ETS variant transcription factor 4,P43268,P43268,2519
caffeine,2119,ETV5,ETS variant transcription factor 5,P41161,P41161,2519
caffeine,2120,ETV6,ETS variant transcription factor 6,P41212,P41212;A0A0S2Z3C9;A0A0S2Z3N6,2519
caffeine,2138,EYA1,EYA transcriptional coactivator and phosphatase 1,Q99502,Q99502;A0A2R8Y6K4;A0A2R8YET7;A0A2R8YGM9;A6NCB9;B3KXR1;F8WB53;Q0P517,2519
caffeine,2139,EYA2,EYA transcriptional coactivator and phosphatase 2,O00167,O00167;E7ETN2,2519
caffeine,2167,FABP4,fatty acid binding protein 4,P15090,P15090;E7DVW4,2519
caffeine,2178,FANCE,FA complementation group E,Q9HB96,Q9HB96;A0A8Q3WL50;A0A8Q3WMB8,2519
caffeine,2181,ACSL3,acyl-CoA synthetase long chain family member 3,O95573,O95573,2519
caffeine,2182,ACSL4,acyl-CoA synthetase long chain family member 4,O60488,O60488;Q8TAF6,2519
caffeine,2186,BPTF,bromodomain PHD finger transcription factor,Q12830,Q12830;J3QQK4,2519
caffeine,2193,FARSA,phenylalanyl-tRNA synthetase subunit alpha,Q9Y285,Q9Y285;Q6IBR2,2519
caffeine,2194,FASN,fatty acid synthase,P49327,P49327,2519
caffeine,2195,FAT1,FAT atypical cadherin 1,Q14517,Q14517,2519
caffeine,2197,FAU,FAU ubiquitin like and ribosomal protein S30 fusion,P62861,P62861,2519
caffeine,2199,FBLN2,fibulin 2,P98095,P98095;Q86V58,2519
caffeine,2222,FDFT1,farnesyl-diphosphate farnesyltransferase 1,P37268,P37268;A0A1W2PQ47;B4DND3;B4DWP0;B7Z9R8;Q6IAX1,2519
caffeine,2230,FDX1,ferredoxin 1,P10109,P10109,2519
caffeine,2241,FER,FER tyrosine kinase,P16591,P16591;Q6PEJ9,2519
caffeine,2242,FES,"FES proto-oncogene, tyrosine kinase",P07332,P07332,2519
caffeine,2245,FGD1,"FYVE, RhoGEF and PH domain containing 1",P98174,P98174,2519
caffeine,2247,FGF2,fibroblast growth factor 2,P09038,P09038;D9ZGF5,2519
caffeine,2261,FGFR3,fibroblast growth factor receptor 3,P22607,P22607;F8W9L4;Q0IJ44;X5D2G8,2519
caffeine,2264,FGFR4,fibroblast growth factor receptor 4,P22455,P22455;B4DVP5;J3KPQ0,2519
caffeine,2273,FHL1,four and a half LIM domains 1,Q13642,Q13642;B7Z9A1;Q5JXI2,2519
caffeine,2287,FKBP3,FKBP prolyl isomerase 3,Q00688,Q00688,2519
caffeine,2289,FKBP5,FKBP prolyl isomerase 5,Q13451,Q13451;Q2TA84,2519
caffeine,2305,FOXM1,forkhead box M1,Q08050,Q08050;A0A0D9SFF0;A0A2P9DTZ0;A0A2P9DTZ1;A0A2P9DTZ8;A8K591;Q53Y49,2519
caffeine,2309,FOXO3,forkhead box O3,O43524,O43524;A0A856PRE8,2519
caffeine,2316,FLNA,filamin A,P21333,P21333;Q60FE5;Q6NXF2,2519
caffeine,2317,FLNB,filamin B,O75369,O75369,2519
caffeine,2319,FLOT2,flotillin 2,Q14254,Q14254;J3QLD9;Q6FG43;Q9BTI6,2519
caffeine,2353,FOS,"Fos proto-oncogene, AP-1 transcription factor subunit",P01100,P01100;Q6FG41,2519
caffeine,2444,FRK,fyn related Src family tyrosine kinase,P42685,P42685,2519
caffeine,2475,MTOR,mechanistic target of rapamycin kinase,P42345,P42345;A0A8V8TQ52,2519
caffeine,2516,NR5A1,nuclear receptor subfamily 5 group A member 1,Q13285,Q13285;F1D8R8,2519
caffeine,2520,GAST,gastrin,P01350,P01350;A0A0E3VY36,2519
caffeine,2521,FUS,FUS RNA binding protein,P35637,P35637;A0AAQ5BIG2;Q13344;Q6IBQ5,2519
caffeine,2530,FUT8,fucosyltransferase 8,Q9BYC5,Q9BYC5;A8K8P8;Q546E0,2519
caffeine,2534,FYN,"FYN proto-oncogene, Src family tyrosine kinase",P06241,P06241,2519
caffeine,2539,G6PD,glucose-6-phosphate dehydrogenase,P11413,P11413;A0A384NL00,2519
caffeine,2547,XRCC6,X-ray repair cross complementing 6,P12956,P12956;B1AHC9;B4DE32;B4E356,2519
caffeine,2549,GAB1,GRB2 associated binding protein 1,Q13480,Q13480;B7Z3B9;Q9HA84,2519
caffeine,2551,GABPA,GA binding protein transcription factor subunit alpha,Q06546,Q06546;A8IE48;Q8IYS3,2519
caffeine,2571,GAD1,glutamate decarboxylase 1,Q99259,Q99259;A0A0S2Z3V5;Q8IVA8,2519
caffeine,2582,GALE,UDP-galactose-4-epimerase,Q14376,Q14376;A0A384NL38,2519
caffeine,2597,GAPDH,glyceraldehyde-3-phosphate dehydrogenase,P04406,P04406;V9HVZ4,2519
caffeine,2620,GAS2,growth arrest specific 2,O43903,O43903,2519
caffeine,2624,GATA2,GATA binding protein 2,P23769,P23769,2519
caffeine,2662,GDF10,growth differentiation factor 10,P55107,P55107,2519
caffeine,2665,GDI2,GDP dissociation inhibitor 2,P50395,P50395;Q6IAT1,2519
caffeine,2670,GFAP,glial fibrillary acidic protein,P14136,P14136;A0A1X7SBR3,2519
caffeine,2671,GFER,"growth factor, augmenter of liver regeneration",P55789,P55789,2519
caffeine,2686,GGT7,gamma-glutamyltransferase 7,Q9UJ14,Q9UJ14;A0PJJ9,2519
caffeine,2688,GH1,growth hormone 1,P01241,P01241;B1A4G6;B1A4G7,2519
caffeine,2697,GJA1,gap junction protein alpha 1,P17302,P17302,2519
caffeine,2702,GJA5,gap junction protein alpha 5,P36382,P36382;X5D2H9,2519
caffeine,2719,GPC3,glypican 3,P51654,P51654;B4DTD8;I6QTG3;Q53H15,2519
caffeine,2729,GCLC,glutamate-cysteine ligase catalytic subunit,P48506,P48506;E1CEI4;Q14TF0,2519
caffeine,2737,GLI3,GLI family zinc finger 3,P10071,P10071;A0A2R8YGX0,2519
caffeine,2745,GLRX,glutaredoxin,P35754,P35754,2519
caffeine,2746,GLUD1,glutamate dehydrogenase 1,P00367,P00367;E9KL48,2519
caffeine,2764,GMFB,glia maturation factor beta,P60983,P60983,2519
caffeine,2770,GNAI1,G protein subunit alpha i1,P63096,P63096,2519
caffeine,2771,GNAI2,G protein subunit alpha i2,P04899,P04899;B3KP24;B3KX51,2519
caffeine,2774,GNAL,G protein subunit alpha L,P38405,P38405;A8K1Y9,2519
caffeine,2776,GNAQ,G protein subunit alpha q,P50148,P50148;A0A024R240,2519
caffeine,2778,GNAS,GNAS complex locus,P63092,O95467;P63092;P84996;Q5JWF2;A0A0A0MR13;A0A0S2Z3H8;A0A0S2Z3S5;A0A590UJF0;A0A590UJQ9;A0A590UK28;A0A7I2V5R6;B0AZR9;Q14455;Q5FWY2;Q5JWD1;Q5JWE9,2519
caffeine,2782,GNB1,G protein subunit beta 1,P62873,P62873;A0A140VJJ8;B3KVK2;F6X3N5,2519
caffeine,2787,GNG5,G protein subunit gamma 5,P63218,P63218,2519
caffeine,2794,GNL1,G protein nucleolar 1,P36915,P36915;A0A024RCR2;B4DYK6,2519
caffeine,2800,GOLGA1,golgin A1,Q92805,Q92805,2519
caffeine,2801,GOLGA2,golgin A2,Q08379,Q08379;A0A8I5KNZ1;A0A8I5KZ68;A0A8I5QJQ7;A0A8J9BZL8,2519
caffeine,2802,GOLGA3,golgin A3,Q08378,Q08378;A0A8I5KWY9,2519
caffeine,2803,GOLGA4,golgin A4,Q13439,Q13439;A0A8V8TPI8;A0A8V8TQI6;A0A9L9PX25;C9J0Y3;H0Y6I0;Q49A56,2519
caffeine,2804,GOLGB1,golgin B1,Q14789,Q14789;A0A8J9C4H3;E7EU81,2519
caffeine,2806,GOT2,glutamic-oxaloacetic transaminase 2,P00505,P00505,2519
caffeine,2821,GPI,glucose-6-phosphate isomerase,P06744,P06744;A0A2U3TZU2;B4DE36,2519
caffeine,2846,LPAR4,lysophosphatidic acid receptor 4,Q99677,Q99677,2519
caffeine,2869,GRK5,G protein-coupled receptor kinase 5,P34947,P34947,2519
caffeine,2870,GRK6,G protein-coupled receptor kinase 6,P43250,P43250;B3KPS5,2519
caffeine,2873,GPS1,G protein pathway suppressor 1,Q13098,Q13098;A0A096LP07;A0A096LPJ3;A0A9L9PX62;A0A9L9PXT0;A0ABJ7H8D6;A8K070;C9JFE4,2519
caffeine,2875,GPT,glutamic--pyruvic transaminase,P24298,P24298,2519
caffeine,2876,GPX1,glutathione peroxidase 1,P07203,P07203;A0A2R8Y6B6;A0A7I2UQ36;A0A7I2YMD7;Q7L4Q3,2519
caffeine,2878,GPX3,glutathione peroxidase 3,P22352,P22352,2519
caffeine,2879,GPX4,glutathione peroxidase 4,P36969,P36969;Q6PI42;R4GNE4,2519
caffeine,2886,GRB7,growth factor receptor bound protein 7,Q14451,Q14451;A0A0S2Z4F6,2519
caffeine,2887,GRB10,growth factor receptor bound protein 10,Q13322,Q13322;A0A2R8YCL1,2519
caffeine,2895,GRID2,glutamate ionotropic receptor delta type subunit 2,O43424,O43424,2519
caffeine,2902,GRIN1,glutamate ionotropic receptor NMDA type subunit 1,Q05586,Q05586;Q59GW0;Q5VSF9,2519
caffeine,2903,GRIN2A,glutamate ionotropic receptor NMDA type subunit 2A,Q12879,Q12879;A0A890YTL4;Q547U9;Q59EW6,2519
caffeine,2904,GRIN2B,glutamate ionotropic receptor NMDA type subunit 2B,Q13224,Q13224;A0A8D9PHB2,2519
caffeine,2908,NR3C1,nuclear receptor subfamily 3 group C member 1,P04150,P04150;E5KQF5;E5KQF6;F1D8N4,2519
caffeine,2909,ARHGAP35,Rho GTPase activating protein 35,Q9NRY4,Q9NRY4,2519
caffeine,2911,GRM1,glutamate metabotropic receptor 1,Q13255,Q13255;Q59HC2,2519
caffeine,2923,PDIA3,protein disulfide isomerase family A member 3,P30101,P30101;V9HVY3,2519
caffeine,2925,GRPR,gastrin releasing peptide receptor,P30550,P30550;X5D7H2,2519
caffeine,2931,GSK3A,glycogen synthase kinase 3 alpha,P49840,P49840,2519
caffeine,2932,GSK3B,glycogen synthase kinase 3 beta,P49841,P49841;A0A3B3ITW1;Q6FI27,2519
caffeine,2936,GSR,glutathione-disulfide reductase,P00390,P00390;V9HW90,2519
caffeine,2950,GSTP1,glutathione S-transferase pi 1,P09211,P09211;V9HWE9,2519
caffeine,2956,MSH6,mutS homolog 6,P52701,P52701;A0A494C0M1;A0A8V8TPJ4;Q3SWU9,2519
caffeine,2959,GTF2B,general transcription factor IIB,Q00403,Q00403,2519
caffeine,2960,GTF2E1,general transcription factor IIE subunit 1,P29083,P29083,2519
caffeine,2963,GTF2F2,general transcription factor IIF subunit 2,P13984,P13984,2519
caffeine,2969,GTF2I,general transcription factor IIi,P78347,P78347;A8K9W7;Q499G6;X5D2J9;X5D939;X5DNP5;X5DR09,2519
caffeine,2972,BRF1,BRF1 general transcription factor IIIB subunit,Q92994,Q92994;V9HVY2,2519
caffeine,2975,GTF3C1,general transcription factor IIIC subunit 1,Q12789,Q12789,2519
caffeine,2976,GTF3C2,general transcription factor IIIC subunit 2,Q8WUA4,Q8WUA4,2519
caffeine,2997,GYS1,glycogen synthase 1,P13807,P13807,2519
caffeine,3008,H1-4,"H1.4 linker histone, cluster member",P10412,P10412;A3R0T8,2519
caffeine,3009,H1-5,"H1.5 linker histone, cluster member",P16401,P16401,2519
caffeine,3010,H1-6,"H1.6 linker histone, cluster member",P22492,P22492,2519
caffeine,3014,H2AX,H2A.X variant histone,P16104,P16104,2519
caffeine,3030,HADHA,hydroxyacyl-CoA dehydrogenase trifunctional multienzyme complex subunit alpha,P40939,P40939;E9KL44,2519
caffeine,3054,HCFC1,host cell factor C1,P51610,P51610;A6NEM2,2519
caffeine,3064,HTT,huntingtin,P42858,P42858,2519
caffeine,3065,HDAC1,histone deacetylase 1,Q13547,Q13547;Q6IT96,2519
caffeine,3066,HDAC2,histone deacetylase 2,Q92769,Q92769,2519
caffeine,3068,HDGF,heparin binding growth factor,P51858,P51858;A0A384NPW1;A8K8G0;B7Z958,2519
caffeine,3069,HDLBP,high density lipoprotein binding protein,Q00341,Q00341;A0A024R4E5;B2R5V9,2519
caffeine,3070,HELLS,"helicase, lymphoid specific",Q9NRZ9,Q9NRZ9;A0A087WSW7;A0A0B4J1V9;Q0VGL2;Q76H82,2519
caffeine,3091,HIF1A,hypoxia inducible factor 1 subunit alpha,Q16665,Q16665;D0VY79,2519
caffeine,3092,HIP1,huntingtin interacting protein 1,O00291,O00291;B4DK46,2519
caffeine,3094,HINT1,histidine triad nucleotide binding protein 1,P49773,P49773;A0A384NPU2;D6RD60;D6RE99,2519
caffeine,3096,HIVEP1,HIVEP zinc finger 1,P15822,P15822;A0A0D9SFF3;A0AAQ5BHS1;H7BYU7,2519
caffeine,3097,HIVEP2,HIVEP zinc finger 2,P31629,P31629,2519
caffeine,3104,ZBTB48,zinc finger and BTB domain containing 48,P10074,P10074;A8K291;B2R702,2519
caffeine,3105,HLA-A,"major histocompatibility complex, class I, A",P04439,P04439;B1PKY1;B2R7U3;Q5SUL5,2519
caffeine,3141,HLCS,holocarboxylase synthetase,P50747,P50747;A0A8C8QSB1,2519
caffeine,3146,HMGB1,high mobility group box 1,P09429,P09429;B7Z965;Q5T7C4,2519
caffeine,3150,HMGN1,high mobility group nucleosome binding domain 1,P05114,P05114;Q6NSG7,2519
caffeine,3156,HMGCR,3-hydroxy-3-methylglutaryl-CoA reductase,P04035,P04035,2519
caffeine,3157,HMGCS1,3-hydroxy-3-methylglutaryl-CoA synthase 1,Q01581,Q01581,2519
caffeine,3159,HMGA1,high mobility group AT-hook 1,P17096,P17096;A0A994J434;Q5T6U8,2519
caffeine,3169,FOXA1,forkhead box A1,P55317,P55317,2519
caffeine,3170,FOXA2,forkhead box A2,Q9Y261,Q9Y261;B0ZTD4,2519
caffeine,3178,HNRNPA1,heterogeneous nuclear ribonucleoprotein A1,P09651,P09651;A0A024RB53,2519
caffeine,3181,HNRNPA2B1,heterogeneous nuclear ribonucleoprotein A2/B1,P22626,P22626;A0A7I2V4N1,2519
caffeine,3182,HNRNPAB,heterogeneous nuclear ribonucleoprotein A/B,Q99729,Q99729,2519
caffeine,3183,HNRNPC,heterogeneous nuclear ribonucleoprotein C,P07910,P07910,2519
caffeine,3184,HNRNPD,heterogeneous nuclear ribonucleoprotein D,Q14103,Q14103,2519
caffeine,3185,HNRNPF,heterogeneous nuclear ribonucleoprotein F,P52597,P52597,2519
caffeine,3187,HNRNPH1,heterogeneous nuclear ribonucleoprotein H1,P31943,P31943;A0A384MEJ3;A0A9L9PY23;A0AAG2UWX3;E9PCY7;G8JLB6;H0YBD7,2519
caffeine,3188,HNRNPH2,heterogeneous nuclear ribonucleoprotein H2,P55795,P55795;A0A384MDT2,2519
caffeine,3189,HNRNPH3,heterogeneous nuclear ribonucleoprotein H3,P31942,P31942;B4DHY1;Q53F48,2519
caffeine,3190,HNRNPK,heterogeneous nuclear ribonucleoprotein K,P61978,P61978;B4DUQ1,2519
caffeine,3191,HNRNPL,heterogeneous nuclear ribonucleoprotein L,P14866,P14866;A0A3B3ITJ4;Q6NTA2,2519
caffeine,3192,HNRNPU,heterogeneous nuclear ribonucleoprotein U,Q00839,Q00839;Q96BA7,2519
caffeine,3217,HOXB7,homeobox B7,P09629,P09629,2519
caffeine,3233,HOXD4,homeobox D4,P09016,P09016,2519
caffeine,3242,HPD,4-hydroxyphenylpyruvate dioxygenase,P32754,P32754,2519
caffeine,3251,HPRT1,hypoxanthine phosphoribosyltransferase 1,P00492,P00492;A0A140VJL3,2519
caffeine,3265,HRAS,"HRas proto-oncogene, GTPase",P01112,P01112;X5D945,2519
caffeine,3267,AGFG1,ArfGAP with FG repeats 1,P52594,P52594;A0A0S2Z444,2519
caffeine,3268,AGFG2,ArfGAP with FG repeats 2,O95081,O95081;A4D2D6,2519
caffeine,3270,HRC,histidine rich calcium binding protein,P23327,P23327,2519
caffeine,3283,HSD3B1,"hydroxy-delta-5-steroid dehydrogenase, 3 beta- and steroid delta-isomerase 1",P14060,P14060,2519
caffeine,3290,HSD11B1,hydroxysteroid 11-beta dehydrogenase 1,P28845,P28845;X5D2L1,2519
caffeine,3291,HSD11B2,hydroxysteroid 11-beta dehydrogenase 2,P80365,P80365,2519
caffeine,3293,HSD17B3,hydroxysteroid 17-beta dehydrogenase 3,P37058,P37058;Q6FH62,2519
caffeine,3297,HSF1,heat shock transcription factor 1,Q00613,Q00613,2519
caffeine,3301,DNAJA1,DnaJ heat shock protein family (Hsp40) member A1,P31689,P31689;B7Z5C0,2519
caffeine,3304,HSPA1B,heat shock protein family A (Hsp70) member 1B,P0DMV8,P0DMV8;P0DMV9;A8K5I0,2519
caffeine,3308,HSPA4,heat shock protein family A (Hsp70) member 4,P34932,P34932,2519
caffeine,3313,HSPA9,heat shock protein family A (Hsp70) member 9,P38646,P38646;A0A384P5G6,2519
caffeine,3315,HSPB1,heat shock protein family B (small) member 1,P04792,P04792;V9HW43,2519
caffeine,3320,HSP90AA1,heat shock protein 90 alpha family class A member 1,P07900,P07900;K9JA46;Q86SX1,2519
caffeine,3324,HSP90AA2P,"heat shock protein 90 alpha family class A member 2, pseudogene",,,2519
caffeine,3326,HSP90AB1,heat shock protein 90 alpha family class B member 1,P08238,P08238;B4DGL0;Q6PK50,2519
caffeine,3329,HSPD1,heat shock protein family D (Hsp60) member 1,P10809,P10809;A0A024R3X4,2519
caffeine,3336,HSPE1,heat shock protein family E (Hsp10) member 1,P61604,P61604;A0A384N6A4,2519
caffeine,3339,HSPG2,heparan sulfate proteoglycan 2,P98160,P98160,2519
caffeine,3359,HTR3A,5-hydroxytryptamine receptor 3A,P46098,P46098;B4E398,2519
caffeine,3381,IBSP,integrin binding sialoprotein,P21815,P21815,2519
caffeine,3383,ICAM1,intercellular adhesion molecule 1,P05362,P05362;A0A384MEK5,2519
caffeine,3398,ID2,inhibitor of DNA binding 2,Q02363,Q02363;Q53T66,2519
caffeine,3399,ID3,inhibitor of DNA binding 3,Q02535,Q02535,2519
caffeine,3422,IDI1,isopentenyl-diphosphate delta isomerase 1,Q13907,Q13907;A0A8Q3WKR8,2519
caffeine,3455,IFNAR2,interferon alpha and beta receptor subunit 2,P48551,P48551;Q9BUA0,2519
caffeine,3459,IFNGR1,interferon gamma receptor 1,P15260,P15260;A0A0S2Z3Y2;A0A2R8Y4U4;A0A2R8YFL3,2519
caffeine,3475,IFRD1,interferon related developmental regulator 1,O00458,O00458;A4D0U1,2519
caffeine,3479,IGF1,insulin like growth factor 1,P05019,P05019;Q13429;Q59GC5;Q5U743,2519
caffeine,3480,IGF1R,insulin like growth factor 1 receptor,P08069,P08069;C9J5X1,2519
caffeine,3481,IGF2,insulin like growth factor 2,P01344,P01344;E3UN46,2519
caffeine,3482,IGF2R,insulin like growth factor 2 receptor,P11717,P11717,2519
caffeine,3484,IGFBP1,insulin like growth factor binding protein 1,P08833,P08833,2519
caffeine,3542,IGLC6,immunoglobulin lambda constant 6,,,2519
caffeine,3547,IGSF1,immunoglobulin superfamily member 1,Q8N6C5,Q8N6C5,2519
caffeine,3551,IKBKB,inhibitor of nuclear factor kappa B kinase subunit beta,O14920,O14920;A0A499FJS7;G3V105,2519
caffeine,3553,IL1B,interleukin 1 beta,P01584,P01584,2519
caffeine,3559,IL2RA,interleukin 2 receptor subunit alpha,P01589,P01589;H0Y5Z0;Q5W005,2519
caffeine,3562,IL3,interleukin 3,P08700,P08700,2519
caffeine,3567,IL5,interleukin 5,P05113,P05113,2519
caffeine,3569,IL6,interleukin 6,P05231,P05231;B4DNQ5;B4DVM1;B5MC21;B5MCZ3;Q75MH2,2519
caffeine,3572,IL6ST,interleukin 6 cytokine family signal transducer,P40189,P40189;A0A0A0N0L2;A0A0A0N0L5;A0A8V8TMJ9;A0A8V8TNI4;Q17RA0,2519
caffeine,3576,CXCL8,C-X-C motif chemokine ligand 8,P10145,P10145;C9J4T6,2519
caffeine,3586,IL10,interleukin 10,P22301,P22301;A0A286YEX3;Q6FGW4,2519
caffeine,3588,IL10RB,interleukin 10 receptor subunit beta,Q08334,Q08334;A0A1B0GTI5;A0A1B0GU52,2519
caffeine,3592,IL12A,interleukin 12A,P29459,P29459;O60595,2519
caffeine,3593,IL12B,interleukin 12B,P29460,P29460,2519
caffeine,3607,FOXK2,forkhead box K2,Q01167,Q01167,2519
caffeine,3609,ILF3,interleukin enhancer binding factor 3,Q12906,Q12906,2519
caffeine,3615,IMPDH2,inosine monophosphate dehydrogenase 2,P12268,P12268;A0A7I2YQK5;E7ETK5;H0Y4R1,2519
caffeine,3619,INCENP,inner centromere protein,Q9NQS7,Q9NQS7,2519
caffeine,3630,INS,insulin,P01308,P01308;I3WAC9,2519
caffeine,3635,INPP5D,inositol polyphosphate-5-phosphatase D,Q92835,Q92835,2519
caffeine,3636,INPPL1,inositol polyphosphate phosphatase like 1,O15357,O15357,2519
caffeine,3638,INSIG1,insulin induced gene 1,O15503,O15503;A4D2M9;F5H6P3,2519
caffeine,3643,INSR,insulin receptor,P06213,P06213,2519
caffeine,3654,IRAK1,interleukin 1 receptor associated kinase 1,P51617,P51617;D3YTB5,2519
caffeine,3658,IREB2,iron responsive element binding protein 2,P48200,P48200,2519
caffeine,3667,IRS1,insulin receptor substrate 1,P35568,P35568,2519
caffeine,3676,ITGA4,integrin subunit alpha 4,P13612,P13612,2519
caffeine,3684,ITGAM,integrin subunit alpha M,P11215,P11215,2519
caffeine,3688,ITGB1,integrin subunit beta 1,P05556,P05556,2519
caffeine,3691,ITGB4,integrin subunit beta 4,P16144,P16144;B7ZLD8,2519
caffeine,3692,EIF6,eukaryotic translation initiation factor 6,P56537,P56537,2519
caffeine,3698,ITIH2,inter-alpha-trypsin inhibitor heavy chain 2,P19823,P19823,2519
caffeine,3706,ITPKA,inositol-trisphosphate 3-kinase A,P23677,P23677,2519
caffeine,3708,ITPR1,"inositol 1,4,5-trisphosphate receptor type 1",Q14643,Q14643;B4DER3;B4DGH1;Q59H91,2519
caffeine,3709,ITPR2,"inositol 1,4,5-trisphosphate receptor type 2",Q14571,Q14571,2519
caffeine,3710,ITPR3,"inositol 1,4,5-trisphosphate receptor type 3",Q14573,Q14573;A6H8K3;Q59ES2,2519
caffeine,3718,JAK3,Janus kinase 3,P52333,P52333,2519
caffeine,3720,JARID2,jumonji and AT-rich interaction domain containing 2,Q92833,Q92833,2519
caffeine,3725,JUN,"Jun proto-oncogene, AP-1 transcription factor subunit",P05412,P05412,2519
caffeine,3726,JUNB,"JunB proto-oncogene, AP-1 transcription factor subunit",P17275,P17275;Q5U079,2519
caffeine,3727,JUND,"JunD proto-oncogene, AP-1 transcription factor subunit",P17535,P17535,2519
caffeine,3728,JUP,junction plakoglobin,P14923,P14923;A0A0S2Z487,2519
caffeine,3735,KARS1,lysyl-tRNA synthetase 1,Q15046,Q15046,2519
caffeine,3757,KCNH2,potassium voltage-gated channel subfamily H member 2,Q12809,Q12809;A0A090N7W1;A0A090N7X5;A0A090N8Q0;A0AAQ5BGQ9;Q15BH2,2519
caffeine,3776,KCNK2,potassium two pore domain channel subfamily K member 2,O95069,O95069;Q6ZW95;U3N6F0;U3N834,2519
caffeine,3791,KDR,kinase insert domain receptor,P35968,P35968,2519
caffeine,3801,KIFC3,kinesin family member C3,Q9BVG8,Q9BVG8;B7Z5U4;B7Z808;B7Z896;F5H3M2;H3BMZ5,2519
caffeine,3835,KIF22,kinesin family member 22,Q14807,Q14807;A0A8I5QL17;B7Z9T5,2519
caffeine,3837,KPNB1,karyopherin subunit beta 1,Q14974,Q14974;B7Z752,2519
caffeine,3838,KPNA2,karyopherin subunit alpha 2,P52292,P52292,2519
caffeine,3848,KRT1,keratin 1,P04264,P04264,2519
caffeine,3875,KRT18,keratin 18,P05783,P05783,2519
caffeine,3890,KRT84,keratin 84,Q9NSB2,Q9NSB2,2519
caffeine,3895,KTN1,kinectin 1,Q86UP2,Q86UP2,2519
caffeine,3898,LAD1,ladinin 1,O00515,O00515,2519
caffeine,3899,AFF3,ALF transcription elongation factor 3,P51826,P51826;Q8NAP7,2519
caffeine,3912,LAMB1,laminin subunit beta 1,P07942,P07942;A0A7I2V2T9;A0A7I2V5R0;Q8TAS6,2519
caffeine,3925,STMN1,stathmin 1,P16949,P16949;A0A140VJW2,2519
caffeine,3927,LASP1,LIM and SH3 protein 1,Q14847,Q14847;B4DIC4,2519
caffeine,3930,LBR,lamin B receptor,Q14739,Q14739,2519
caffeine,3932,LCK,"LCK proto-oncogene, Src family tyrosine kinase",P06239,P06239;A0A0S2Z3Y8;E9PJ92;E9PKQ8;Q573B4,2519
caffeine,3939,LDHA,lactate dehydrogenase A,P00338,P00338;V9HWB9,2519
caffeine,3949,LDLR,low density lipoprotein receptor,P01130,P01130;H0YMQ3,2519
caffeine,3952,LEP,leptin,P41159,P41159;A4D0Y8,2519
caffeine,3953,LEPR,leptin receptor,P48357,P48357;Q4G138,2519
caffeine,3957,LGALS2,galectin 2,P05162,P05162,2519
caffeine,3978,LIG1,DNA ligase 1,P18858,P18858;A0A8V8TPH8;A0A8V8TQC4;B4DM52;F5GZ28,2519
caffeine,3980,LIG3,DNA ligase 3,P49916,P49916;B7Z6I3,2519
caffeine,3983,ABLIM1,actin binding LIM protein 1,O14639,O14639;A0A9L9PY99;B3KSG3;B4DQA3;B7Z4H1,2519
caffeine,3984,LIMK1,LIM domain kinase 1,P53667,P53667,2519
caffeine,3985,LIMK2,LIM domain kinase 2,P53671,P53671,2519
caffeine,3993,LLGL2,LLGL scribble cell polarity complex component 2,Q6P1M3,Q6P1M3;A0PJJ0;J3QRV5,2519
caffeine,4000,LMNA,lamin A/C,P02545,P02545;A0A384MQX1;H0YAB0;Q5TCI8,2519
caffeine,4001,LMNB1,lamin B1,P20700,P20700;B4DZT3,2519
caffeine,4008,LMO7,LIM domain 7,Q8WWI1,Q8WWI1;A0A0A0MTE2;E9PMT2;F8J2B5;F8WD26,2519
caffeine,4012,LNPEP,leucyl and cystinyl aminopeptidase,Q9UIQ6,Q9UIQ6,2519
caffeine,4023,LPL,lipoprotein lipase,P06858,P06858;A0A1B1RVA9,2519
caffeine,4026,LPP,LIM domain containing preferred translocation partner in lipoma,Q93052,Q93052;B7Z871;B7Z8W0;B7ZLW0,2519
caffeine,4034,LRCH4,leucine rich repeats and calponin homology domain containing 4,O75427,O75427;B4DYF8;H7C5D9,2519
caffeine,4038,LRP4,LDL receptor related protein 4,O75096,O75096,2519
caffeine,4040,LRP6,LDL receptor related protein 6,O75581,O75581;F5H7J9,2519
caffeine,4047,LSS,lanosterol synthase,P48449,P48449;B2R694,2519
caffeine,4059,BCAM,basal cell adhesion molecule (Lutheran blood group),P50895,P50895;A0A087WXM8,2519
caffeine,4076,CAPRIN1,cell cycle associated protein 1,Q14444,Q14444,2519
caffeine,4077,NBR1,NBR1 autophagy cargo receptor,Q14596,Q14596;B7Z5R6,2519
caffeine,4082,MARCKS,myristoylated alanine rich protein kinase C substrate,P29966,P29966;Q6NVI1,2519
caffeine,4086,SMAD1,SMAD family member 1,Q15797,Q15797,2519
caffeine,4087,SMAD2,SMAD family member 2,Q15796,Q15796;B7Z5N5;Q53XR6,2519
caffeine,8208,CHAF1B,chromatin assembly factor 1 subunit B,Q13112,Q13112,2519
caffeine,4212,MEIS2,Meis homeobox 2,O14770,O14770;B3KPD8;B7Z6F6,2519
caffeine,10461,MERTK,"MER proto-oncogene, tyrosine kinase",Q12866,Q12866,2519
caffeine,79091,METTL22,"methyltransferase 22, Kin17 lysine",Q9BUU2,Q9BUU2,2519
caffeine,5546,PRCC,proline rich mitotic checkpoint control factor,Q92733,Q92733;A0A0S2Z456;Q96FT4,2519
caffeine,27166,PRELID1,PRELI domain containing 1,Q9Y255,Q9Y255,2519
caffeine,201973,PRIMPOL,primase and DNA directed polymerase,Q96LW4,Q96LW4;A0A5S6SZ32,2519
caffeine,9782,MATR3,matrin 3,P43243,P43243;A0A0R4J2E8;A8MXP9;B3KM87;B4DF66;Q9H4N1,2519
caffeine,8932,MBD2,methyl-CpG binding domain protein 2,Q9UBB5,Q9UBB5,2519
caffeine,51562,MBIP,MAP3K12 binding inhibitory protein 1,Q9NS73,Q9NS73;B2RCV0,2519
caffeine,145508,CEP128,centrosomal protein 128,Q6ZU80,Q6ZU80;Q86TS1,2519
caffeine,283638,CEP170B,centrosomal protein 170B,Q9Y4F5,Q9Y4F5,2519
caffeine,4137,MAPT,microtubule associated protein tau,P10636,P10636;A0A7I2PJZ2;A0A7I2PLE3;B3KTM0,2519
caffeine,23139,MAST2,microtubule associated serine/threonine kinase 2,Q6P0Q8,Q6P0Q8;A0A669KBJ4,2519
caffeine,55573,CDV3,CDV3 homolog,Q9UKY7,Q9UKY7;A0A8I5KX85;D6R9V8;D6RDN0;D6RFH2,2519
caffeine,5562,PRKAA1,protein kinase AMP-activated catalytic subunit alpha 1,Q13131,Q13131,2519
caffeine,5566,PRKACA,protein kinase cAMP-activated catalytic subunit alpha,P17612,P17612;A0A8V8TL59;A8K8B9,2519
caffeine,5576,PRKAR2A,protein kinase cAMP-dependent type II regulatory subunit alpha,P13861,P13861;A0A024R2W3;A0A0S2Z472;A0A9L9PY56;A8KAH7,2519
caffeine,57680,CHD8,chromodomain helicase DNA binding protein 8,Q9HCK8,Q9HCK8,2519
caffeine,55798,METTL2B,"methyltransferase 2B, tRNA N3-cytidine",Q6P1Q9,Q6P1Q9,2519
caffeine,4236,MFAP1,microfibril associated protein 1,P55081,P55081,2519
caffeine,23269,MGA,MAX dimerization protein MGA,Q8IWI9,Q8IWI9;A0A994J6L2,2519
caffeine,25865,PRKD2,protein kinase D2,Q9BZL6,Q9BZL6,2519
caffeine,5621,PRNP,prion protein (Kanno blood group),P04156,F7VJQ1;P04156;Q53YK7,2519
caffeine,148137,PROSER3,proline and serine rich 3,Q2NL68,Q2NL68;A0A2R8Y8D9;A0A8Q3WKY3;A0A8Q3WKY6;A0A8Q3WKY7,2519
caffeine,11200,CHEK2,checkpoint kinase 2,O96017,O96017;A0A7P0MUT5,2519
caffeine,10523,CHERP,calcium homeostasis endoplasmic reticulum protein,Q8IWX8,Q8IWX8,2519
caffeine,79643,CHMP6,charged multivesicular body protein 6,Q96FZ7,Q96FZ7,2519
caffeine,375056,MIA3,MIA SH3 domain ER export factor 3,Q5JRA6,Q5JRA6,2519
caffeine,79778,MICALL2,MICAL like 2,Q8IY33,Q8IY33,2519
caffeine,54531,MIER2,MIER family member 2,Q8N344,Q8N344,2519
caffeine,55793,MINDY1,MINDY lysine 48 deubiquitinase 1,Q8N5J2,Q8N5J2,2519
caffeine,126353,MISP,mitotic spindle positioning,Q8IVT2,Q8IVT2,2519
caffeine,51085,MLXIPL,MLX interacting protein like,Q9NP71,Q9NP71,2519
caffeine,23152,CIC,capicua transcriptional repressor,Q96RK0,Q96RK0;A0A0A0MQR4;I3L2J0,2519
caffeine,23122,CLASP2,cytoplasmic linker associated protein 2,O75122,O75122;A0A0U1RQI6;A0A804HJG7;E7ERI8;E7EW49;J3KR49,2519
caffeine,137075,CLDN23,claudin 23,Q96B33,Q96B33,2519
caffeine,55660,PRPF40A,pre-mRNA processing factor 40A,O75400,O75400;A0A7N4I394;A0A8Q3SIG7;A0A8V8TM61;F5H578,2519
caffeine,5635,PRPSAP1,phosphoribosyl pyrophosphate synthetase associated protein 1,Q14558,Q14558;B4DP31,2519
caffeine,253143,PRR14L,proline rich 14 like,Q5THK1,Q5THK1,2519
caffeine,4332,MNDA,myeloid cell nuclear differentiation antigen,P41218,P41218;Q5VUU6,2519
caffeine,23041,MON2,MON2 regulator of endosome-to-Golgi trafficking,Q7Z3U7,Q7Z3U7;A0A286YFF8;B7ZM73,2519
caffeine,4343,MOV10,Mov10 RNA helicase,Q9HCE1,Q9HCE1;Q5JR04,2519
caffeine,84726,PRRC2B,proline rich coiled-coil 2B,Q5JSZ5,Q5JSZ5;Q9BU62,2519
caffeine,11168,PSIP1,PC4 and SRSF1 interacting protein 1,O75475,O75475,2519
caffeine,5686,PSMA5,proteasome 20S subunit alpha 5,P28066,P28066;A0A109NGN6,2519
caffeine,136647,MPLKIP,M-phase specific PLK1 interacting protein,Q8TAP9,Q8TAP9;A4D1W6,2519
caffeine,55257,MRGBP,MRG domain binding protein,Q9NV56,Q9NV56,2519
caffeine,64969,MRPS5,mitochondrial ribosomal protein S5,P82675,P82675;A0A8Q3SIP9,2519
caffeine,5707,PSMD1,"proteasome 26S subunit, non-ATPase 1",Q99460,Q99460,2519
caffeine,23198,PSME4,proteasome activator subunit 4,Q14997,Q14997,2519
caffeine,9791,PTDSS1,phosphatidylserine synthase 1,P48651,P48651,2519
caffeine,4495,MT1G,metallothionein 1G,P13640,P13640,2519
caffeine,27085,MTBP,MDM2 binding protein,Q96DY7,Q96DY7,2519
caffeine,5747,PTK2,protein tyrosine kinase 2,Q05397,Q05397;A0A8Q3WLM4;B4DWJ1;E5RFW9;E7ESA6;Q59GM6;Q59GN8,2519
caffeine,5781,PTPN11,protein tyrosine phosphatase non-receptor type 11,Q06124,Q06124,2519
caffeine,11099,PTPN21,protein tyrosine phosphatase non-receptor type 21,Q16825,Q16825,2519
caffeine,146223,CMTM4,CKLF like MARVEL transmembrane domain containing 4,Q8IZR5,Q8IZR5,2519
caffeine,10256,CNKSR1,connector enhancer of kinase suppressor of Ras 1,Q969H4,Q969H4;B4DL25;G3V160;Q53GM7,2519
caffeine,56181,MTFR1L,mitochondrial fission regulator 1 like,Q9H019,Q9H019;A0A0S2Z5H6,2519
caffeine,8776,MTMR1,myotubularin related protein 1,Q13613,Q13613;B7Z3D5;E9PPP8;F8WA39;Q8NEC6,2519
caffeine,8898,MTMR2,myotubularin related protein 2,Q13614,Q13614;A0A6Q8PGS5;A0A6Q8PHL9;A0A6Q8PHS7,2519
caffeine,5780,PTPN9,protein tyrosine phosphatase non-receptor type 9,P43378,P43378;Q6IQ43,2519
caffeine,5797,PTPRM,protein tyrosine phosphatase receptor type M,P28827,P28827,2519
caffeine,9698,PUM1,pumilio RNA binding family member 1,Q14671,Q14671,2519
caffeine,114825,PWWP2A,PWWP domain containing 2A,Q96N64,Q96N64,2519
caffeine,29920,PYCR2,pyrroline-5-carboxylate reductase 2,Q96C36,Q96C36;A0A087WTV6;A0A0S2Z5U6,2519
caffeine,6261,RYR1,ryanodine receptor 1,P21817,P21817;A0A8I5KSR1;M0R014,2519
caffeine,282133,ADORA1,adenosine A1 receptor,P28190,P28190,2519
caffeine,8654,PDE5A,phosphodiesterase 5A,O76074,O76074;G5E9C5,2519
caffeine,5144,PDE4D,phosphodiesterase 4D,Q08499,Q08499;A0A140VJR0;A0A1B0GW84,2519
caffeine,5139,PDE3A,phosphodiesterase 3A,Q14432,Q14432,2519
caffeine,50940,PDE11A,phosphodiesterase 11A,Q9HCR9,Q9HCR9,2519
caffeine,5150,PDE7A,phosphodiesterase 7A,Q13946,Q13946,2519
caffeine,5145,PDE6A,phosphodiesterase 6A,P16499,P16499;F1T0K3,2519
caffeine,5290,PIK3CA,"phosphatidylinositol-4,5-bisphosphate 3-kinase catalytic subunit alpha",P42336,P42336,2519
caffeine,9615,GDA,guanine deaminase,Q9Y2T3,Q9Y2T3,2519
caffeine,5142,PDE4B,phosphodiesterase 4B,Q07343,Q07343;Q59GM8;X5DNX5;X5DR82,2519
caffeine,4650,MYO9B,myosin IXB,Q13459,Q13459;B0I1T6;Q8WVD2,2519
caffeine,7421,VDR,vitamin D receptor,P11473,P11473;A0A5K1VW50;F1D8P8,2519
caffeine,29290,ADORA1,adenosine A1 receptor,P25099,P25099;A6ICB1,2519
caffeine,4842,NOS1,nitric oxide synthase 1,P29475,P29475;A0PJJ7;B3VK56;B4DG68,2519
caffeine,7220,TRPC1,transient receptor potential cation channel subfamily C member 1,P48995,P48995,2519
caffeine,100008972,PYGM,"glycogen phosphorylase, muscle associated",P00489,P00489,2519
caffeine,5140,PDE3B,phosphodiesterase 3B,Q13370,Q13370;A7E2E5,2519
caffeine,5143,PDE4C,phosphodiesterase 4C,P78505,Q08493;O43849;P78505;Q32MM7;Q7KYS4,2519
caffeine,5138,PDE2A,phosphodiesterase 2A,O00408,O00408;Q8IW54,2519
caffeine,5146,PDE6C,phosphodiesterase 6C,P51160,P51160,2519
caffeine,5137,PDE1C,phosphodiesterase 1C,Q14123,Q14123;A0A0A0MS69,2519
caffeine,5152,PDE9A,phosphodiesterase 9A,O76083,O76083;A0A0S2Z475;A0A0S2Z4A3;A0A0S2Z4T6,2519
caffeine,5293,PIK3CD,"phosphatidylinositol-4,5-bisphosphate 3-kinase catalytic subunit delta",O00329,O00329;A0A2K8FKV1;A0A8V8TM62;A7E2E0;B7ZM44,2519
caffeine,45706,CYP4D14,Cytochrome P450 4d14,O46051,O46051;M9PGI4,2519
caffeine,36666,CYP6A8,Cytochrome P450 6a8,Q27593,Q27593,2519
caffeine,35543,CYP6W1,Cytochrome P450 6w1,Q9V9L1,Q9V9L1;A0A0B4LEU2,2519
caffeine,5141,PDE4A,phosphodiesterase 4A,P27815,P27815,2519
caffeine,25369,ADORA2A,adenosine A2a receptor,P30543,P30543;A6JKL4,2519
caffeine,100911796,ADORA3,adenosine A3 receptor,P28647,P28647;A6HUN6,2519
caffeine,7150,TOP1,DNA topoisomerase I,P11387,P11387;Q9BVT2,2519
caffeine,5153,PDE1B,phosphodiesterase 1B,Q01064,Q01064;B3KX78;B4DK72,2519
caffeine,27115,PDE7B,phosphodiesterase 7B,Q9NP56,Q9NP56,2519
caffeine,5136,PDE1A,phosphodiesterase 1A,P54750,P54750;B7Z226;B7Z3A7;B7Z7A2;Q9Y633,2519
caffeine,5151,PDE8A,phosphodiesterase 8A,O60658,O60658,2519
caffeine,5158,PDE6B,phosphodiesterase 6B,P35913,P35913;B4DHV7,2519
caffeine,5291,PIK3CB,"phosphatidylinositol-4,5-bisphosphate 3-kinase catalytic subunit beta",P42338,P42338;B4DER4,2519
caffeine,48335,GSTD2,Glutathione S transferase D2,Q9VG98,Q9VG98,2519
caffeine,37108,GSTE3,Glutathione S transferase E3,A1ZB68,A1ZB68,2519
caffeine,121278,TPH2,tryptophan hydroxylase 2,Q8IWU9,Q8IWU9,2519
caffeine,2768720,CYP12D1-D,Cytochrome P450 12d1 distal,Q7KR10,Q7KR10,2519
caffeine,7422,VEGFA,vascular endothelial growth factor A,P15692,P15692;A0A0Y0IMM4;A2A2V4,2519
caffeine,51129,ANGPTL4,angiopoietin like 4,Q9BY76,Q9BY76,2519
caffeine,4790,NFKB1,nuclear factor kappa B subunit 1,P19838,P19838,2519
caffeine,23468,CBX5,chromobox 5,P45973,P45973;V9HWG0,2519
caffeine,5245,PHB1,prohibitin 1,P35232,P35232;A8K401;Q53FV0,2519
caffeine,5279,PIGC,phosphatidylinositol glycan anchor biosynthesis class C,Q92535,Q92535,2519
caffeine,7316,UBC,ubiquitin C,P0CG48,P0CG48,2519
caffeine,5594,MAPK1,mitogen-activated protein kinase 1,P28482,P28482;Q1HBJ4;Q499G7,2519
caffeine,4158,MC2R,melanocortin 2 receptor,Q01718,Q01718,2519
caffeine,10188,TNK2,tyrosine kinase non receptor 2,Q07912,Q07912;A0A499FJ16;A0A5F9ZGX5;A0A5F9ZHJ2;A0A5F9ZHP4;A0A5F9ZI29;B3KXJ4;C9J1X3,2519
caffeine,22059,TRP53,transformation related protein 53,P02340,P02340;Q3UGQ1;Q549C9;Q80ZA1,2519
caffeine,7296,TXNRD1,thioredoxin reductase 1,Q16881,Q16881;B7Z2S5,2519
caffeine,27069,GHITM,growth hormone inducible transmembrane protein,Q9H3K2,Q9H3K2,2519
caffeine,9173,IL1RL1,interleukin 1 receptor like 1,Q01638,Q01638,2519
caffeine,16333,INS1,insulin I,P01325,P01325,2519
caffeine,7037,TFRC,transferrin receptor,P02786,P02786;A0A8V8TM46;A8K6Q8;B7Z2I6;G3V0E5,2519
caffeine,114609,TIRAP,TIR domain containing adaptor protein,P58753,P58753,2519
caffeine,8714,ABCC3,ATP binding cassette subfamily C member 3,O15438,O15438;Q86VN9,2519
caffeine,10327,AKR1A1,aldo-keto reductase family 1 member A1,P14550,P14550;V9HWI0,2519
caffeine,80896,NPL,N-acetylneuraminate pyruvate lyase,Q9BXD5,Q9BXD5;A0A087WZ70,2519
caffeine,5004,ORM1,orosomucoid 1,P02763,P02763,2519
caffeine,7430,EZR,ezrin,P15311,P15311,2519
caffeine,55117,SLC6A15,solute carrier family 6 member 15,Q9H2J7,Q9H2J7;A0A7P0T8I1;Q8IXG2;Q9NW50,2519
caffeine,4088,SMAD3,SMAD family member 3,P84022,P84022;A0AAQ5BHI7;H3BQ00;Q9P0T0,2519
caffeine,81669,CCNL2,cyclin L2,Q96S94,Q96S94,2519
caffeine,5495,PPM1B,"protein phosphatase, Mg2+/Mn2+ dependent 1B",O75688,O75688,2519
caffeine,18812,PRL2C3,"prolactin family 2, subfamily c, member 3",P04768,P04768;A0A0M5HDY5,2519
caffeine,387143,MIR101A,microRNA 101a,,,2519
caffeine,4316,MMP7,matrix metallopeptidase 7,P09237,P09237,2519
caffeine,23787,MTCH1,mitochondrial carrier 1,Q9NZJ7,Q9NZJ7;A0A8Q3WKC8;A8YXX5;H0Y8C3,2519
caffeine,9167,COX7A2L,cytochrome c oxidase subunit 7A2 like,O14548,O14548;Q6FGA0,2519
caffeine,19349,RAB7,"RAB7, member RAS oncogene family",P51150,P51150;Q4FJQ0,2519
caffeine,22821,RASA3,RAS p21 protein activator 3,Q14644,Q14644,2519
caffeine,5970,RELA,"RELA proto-oncogene, NF-kB subunit",Q04206,Q04206;A0A087X0W8,2519
caffeine,6125,RPL5,ribosomal protein L5,P46777,P46777;A2RUM7,2519
caffeine,10284,SAP18,Sin3A associated protein 18,O00422,O00422,2519
caffeine,10963,STIP1,stress induced phosphoprotein 1,P31948,P31948;V9HW72,2519
caffeine,13086,CYP2A4,"cytochrome P450, family 2, subfamily a, polypeptide 4",P15392,P15392,2519
caffeine,436860,LIM2.3,lens intrinsic membrane protein 2.3,Q6DGY5,Q6DGY5,2519
caffeine,553420,MIPB,major intrinsic protein of lens fiber b,Q4ZJI3,Q4ZJI3,2519
caffeine,441549,CDNF,cerebral dopamine neurotrophic factor,Q49AH0,Q49AH0,2519
caffeine,4607,MYBPC3,myosin binding protein C3,Q14896,Q14896;A5YM48,2519
caffeine,494044,EFEMP2A,EGF-like fibulin extracellular matrix protein 2a,Q5PR37,Q5PR37,2519
caffeine,8822,FGF17,fibroblast growth factor 17,O60258,O60258;A0A7U3JVY9,2519
caffeine,560759,OTPA,orthopedia homeobox a,B3DGA5,B3DGA5;F6NUE7,2519
caffeine,6263,RYR3,ryanodine receptor 3,Q15413,Q15413;A0A0U1RRH1,2519
caffeine,560055,CRYBB1L2,"crystallin, beta B1, like 2",A7E2K5,A7E2K5,2519
caffeine,22934,RPIA,ribose 5-phosphate isomerase A,P49247,P49247,2519
caffeine,6309,SC5D,sterol-C5-desaturase,O75845,O75845,2519
caffeine,441061,MARCHF11,membrane associated ring-CH-type finger 11,A6NNE9,A6NNE9,2519
caffeine,9927,MFN2,mitofusin 2,O95140,O95140,2519
caffeine,4322,MMP13,matrix metallopeptidase 13,P45452,P45452;Q53H33,2519
caffeine,5443,POMC,proopiomelanocortin,P01189,P01189,2519
caffeine,100135473,ADORA2A,adenosine A2a receptor,P46616,P46616;H0W732,2519
caffeine,5563,PRKAA2,protein kinase AMP-activated catalytic subunit alpha 2,P54646,P54646,2519
caffeine,67939,PRORSD1,prolyl-tRNA synthetase domain containing 1,Q9D820,Q9D820;A0A0A0MQH9,2519
caffeine,6307,MSMO1,methylsterol monooxygenase 1,Q15800,Q15800,2519
caffeine,4595,MUTYH,mutY DNA glycosylase,Q9UIF7,Q9UIF7;A0AAQ5BGW7;E5KP25;E5KP26;E5KP27;E5KP28;E9PM53;E9PP34,2519
caffeine,4625,MYH7,myosin heavy chain 7,P12883,P12883,2519
caffeine,81858,SHARPIN,SHANK associated RH domain interactor,Q9H0F6,Q9H0F6;Q6PJD5,2519
caffeine,26503,SLC17A5,solute carrier family 17 member 5,Q9NRA2,Q9NRA2,2519
caffeine,5822,PWP2,PWP2 small subunit processome component,Q15269,Q15269,2519
caffeine,27342,RABGEF1,RAB guanine nucleotide exchange factor 1,Q9UJ41,Q9UJ41;A8K3R3;B3KMF1,2519
caffeine,5972,REN,renin,P00797,P00797,2519
caffeine,80024,SLC8B1,solute carrier family 8 member B1,Q6J4K2,Q6J4K2,2519
caffeine,8724,SNX3,sorting nexin 3,O60493,O60493,2519
caffeine,6662,SOX9,SRY-box transcription factor 9,P48436,P48436,2519
caffeine,255738,PCSK9,proprotein convertase subtilisin/kexin type 9,Q8NBP7,Q8NBP7;A0A669KBG0;A0AAQ5BGX4,2519
caffeine,8050,PDHX,pyruvate dehydrogenase complex component X,O00330,O00330;A0A8C8MSB2,2519
caffeine,5340,PLG,plasminogen,P00747,P00747;Q5TEH5,2519
caffeine,256586,LYSMD2,LysM domain containing 2,Q8IV50,Q8IV50,2519
caffeine,51244,CCDC174,coiled-coil domain containing 174,Q6PII3,Q6PII3;A0A0B4J1R8,2519
caffeine,7490,WT1,WT1 transcription factor,P19544,P19544;A0A481V744;H0Y7K5;Q6PI38,2519
caffeine,74400,ZFP819,zinc finger protein 819,E9Q5X9,E9Q5X9;Q80V81;Q9D4A7,2519
caffeine,84650,EBPL,EBP like,Q9BY08,Q9BY08;A0A0A0MRV2,2519
caffeine,8178,ELL,elongation factor for RNA polymerase II,P55199,P55199;U3KQ90,2519
caffeine,57488,ESYT2,extended synaptotagmin 2,A0FGR8,A0FGR8;A0A499FIX8;H7BXI1,2519
caffeine,126393,HSPB6,heat shock protein family B (small) member 6,O14558,O14558;V9HWB6,2519
caffeine,6817,SULT1A1,sulfotransferase family 1A member 1,P50225,P50225,2519
caffeine,54885,TBC1D8B,TBC1 domain family member 8B,Q0IIM8,Q0IIM8,2519
caffeine,7040,TGFB1,transforming growth factor beta 1,P01137,P01137;A0A499FJK2,2519
caffeine,51249,TMEM69,transmembrane protein 69,Q5SWH9,Q5SWH9,2519
caffeine,55504,TNFRSF19,TNF receptor superfamily member 19,Q9NS68,Q9NS68,2519
caffeine,7298,TYMS,thymidylate synthetase,P04818,P04818;Q53Y97,2519
caffeine,51096,UTP18,UTP18 small subunit processome component,Q9Y5J1,Q9Y5J1,2519
caffeine,11096,ADAMTS5,ADAM metallopeptidase with thrombospondin type 1 motif 5,Q9UNA0,Q9UNA0,2519
caffeine,64794,DDX31,DEAD-box helicase 31,Q9H8H2,Q9H8H2;A0AAK2PNZ4,2519
caffeine,4899,NRF1,nuclear respiratory factor 1,Q16656,Q16656,2519
caffeine,5058,PAK1,p21 (RAC1) activated kinase 1,Q13153,Q13153;B3KNX7;E9PM17,2519
caffeine,197258,FCSK,fucose kinase,Q8N0W3,Q8N0W3,2519
caffeine,4846,NOS3,nitric oxide synthase 3,P29474,P29474;A0S0A6,2519
caffeine,4878,NPPA,natriuretic peptide A,P01160,P01160,2519
caffeine,8878,SQSTM1,sequestosome 1,Q13501,Q13501,2519
caffeine,6770,STAR,steroidogenic acute regulatory protein,P49675,P49675;Q6IBK0,2519
caffeine,9420,CYP7B1,cytochrome P450 family 7 subfamily B member 1,O75881,O75881;Q05C57,2519
caffeine,143884,CWF19L2,CWF19 like cell cycle control factor 2,Q2TBE0,Q2TBE0,2519
caffeine,57715,SEMA4G,semaphorin 4G,Q9NTN9,Q9NTN9;Q9NWU8,2519
caffeine,205564,SENP5,SUMO specific peptidase 5,Q96HI0,Q96HI0;B2R9F5,2519
caffeine,26135,SERBP1,SERPINE1 mRNA binding protein 1,Q8NC51,Q8NC51;Q5VU21,2519
caffeine,6118,RPA2,replication protein A2,P15927,P15927;B4DUL2,2519
caffeine,81537,SGPP1,sphingosine-1-phosphate phosphatase 1,Q9BX95,Q9BX95,2519
caffeine,6262,RYR2,ryanodine receptor 2,Q92736,Q92736,2519
caffeine,10045,SH2D3A,SH2 domain containing 3A,Q9BRG2,Q9BRG2;A8K2M8,2519
caffeine,6455,SH3GL1,"SH3 domain containing GRB2 like 1, endophilin A2",Q99961,Q99961;Q6FGM0,2519
caffeine,55669,MFN1,mitofusin 1,Q8IWA4,Q8IWA4,2519
caffeine,4288,MKI67,marker of proliferation Ki-67,P46013,P46013,2519
caffeine,285590,SH3PXD2B,SH3 and PX domains 2B,A1X283,A1X283;G3V144,2519
caffeine,4860,PNP,purine nucleoside phosphorylase,P00491,P00491,2519
caffeine,6464,SHC1,SHC adaptor protein 1,P29353,P29353,2519
caffeine,10891,PPARGC1A,PPARG coactivator 1 alpha,Q9UBK2,Q9UBK2,2519
caffeine,57698,SHTN1,shootin 1,A0MZ66,A0MZ66,2519
caffeine,6231,RPS26,ribosomal protein S26,P62854,P62854,2519
caffeine,10196,PRMT3,protein arginine methyltransferase 3,O60678,O60678;Q8WUV3,2519
caffeine,4436,MSH2,mutS homolog 2,P43246,P43246;A0A2R8Y6P0;A0A2R8YFH0;A0A2R8YG02;A0AAQ5BH31;E9PHA6,2519
caffeine,6188,RPS3,ribosomal protein S3,P23396,P23396,2519
caffeine,4552,MTRR,5-methyltetrahydrofolate-homocysteine methyltransferase reductase,Q9UBK8,Q9UBK8,2519
caffeine,6194,RPS6,ribosomal protein S6,P62753,P62753;A2A3R6,2519
caffeine,4609,MYC,"MYC proto-oncogene, bHLH transcription factor",P01106,P01106,2519
caffeine,6319,SCD,stearoyl-CoA desaturase,O00767,O00767,2519
caffeine,6335,SCN9A,sodium voltage-gated channel alpha subunit 9,Q15858,Q15858,2519
caffeine,23242,COBL,cordon-bleu WH2 repeat protein,O75128,O75128,2519
caffeine,6386,SDCBP,syndecan binding protein,O00560,O00560;B4DHN5;G5EA09,2519
caffeine,9919,SEC16A,"SEC16 homolog A, endoplasmic reticulum export factor",O15027,O15027;A0A8I5KPG1;F1T0I1,2519
caffeine,6422,SFRP1,secreted frizzled related protein 1,Q8N474,Q8N474,2519
caffeine,11196,SEC23IP,SEC23 interacting protein,Q9Y6Y8,Q9Y6Y8;A0A994J542,2519
caffeine,11231,SEC63,SEC63 protein translocation regulator,Q9UGP8,Q9UGP8;A0A0S2Z5M1,2519
caffeine,23411,SIRT1,sirtuin 1,Q96EB6,Q96EB6;A8K128;B0QZ35;E9PC49,2519
caffeine,22949,PTGR1,prostaglandin reductase 1,Q14914,Q14914;F2Z3J9,2519
caffeine,27244,SESN1,sestrin 1,Q9Y6P5,Q9Y6P5,2519
caffeine,117177,RAB3IP,RAB3A interacting protein,Q96QF0,Q96QF0,2519
caffeine,84193,SETD3,"SET domain containing 3, actin N3(tau)-histidine methyltransferase",Q86TU7,Q86TU7,2519
caffeine,26470,SEZ6L2,seizure related 6 homolog like 2,Q6UXD5,Q6UXD5;A0A087WYL5;A0A0A8K8P7;B7Z5L4,2519
caffeine,148867,SLC30A7,solute carrier family 30 member 7,Q8NEW0,Q8NEW0,2519
caffeine,23451,SF3B1,splicing factor 3b subunit 1,O75533,O75533;B4DGZ4,2519
caffeine,6616,SNAP25,synaptosome associated protein 25,P60880,P60880,2519
caffeine,6433,SFSWAP,splicing factor SWAP,Q12872,Q12872;Q8IV81,2519
caffeine,6494,SIPA1,signal-induced proliferation-associated 1,Q96FS4,Q96FS4,2519
caffeine,9847,C2CD5,C2 calcium dependent domain containing 5,Q86YS7,Q86YS7;B7ZLK1,2519
caffeine,51804,SIX4,SIX homeobox 4,Q9UIU6,Q9UIU6,2519
caffeine,6498,SKIL,SKI like proto-oncogene,P12757,P12757,2519
caffeine,5111,PCNA,proliferating cell nuclear antigen,P12004,P12004,2519
caffeine,6558,SLC12A2,solute carrier family 12 member 2,P55011,P55011;B7ZM24;Q53ZR1,2519
caffeine,6566,SLC16A1,solute carrier family 16 member 1,P53985,P53985;B4DKS0,2519
caffeine,23236,PLCB1,phospholipase C beta 1,Q9NQ66,Q9NQ66,2519
caffeine,9314,KLF4,KLF transcription factor 4,O43474,O43474,2519
caffeine,10560,SLC19A2,solute carrier family 19 member 2,O60779,O60779;A0A024R8Y5;A0A024R928,2519
caffeine,51310,SLC22A17,solute carrier family 22 member 17,Q8WUG5,Q8WUG5,2519
caffeine,81031,SLC2A10,solute carrier family 2 member 10,O95528,O95528,2519
caffeine,7779,SLC30A1,solute carrier family 30 member 1,Q9Y6M5,Q9Y6M5,2519
caffeine,80723,SLC35G2,solute carrier family 35 member G2,Q8TBE7,Q8TBE7,2519
caffeine,55238,SLC38A7,solute carrier family 38 member 7,Q9NVC3,Q9NVC3;H3BMC5,2519
caffeine,54361,WNT4,Wnt family member 4,P56705,P56705,2519
caffeine,8501,SLC43A1,solute carrier family 43 member 1,O75387,O75387;B3KNL1,2519
caffeine,233887,ZFP553,zinc finger protein 553,Q3US17,Q3US17,2519
caffeine,6522,SLC4A2,solute carrier family 4 member 2,P04920,P04920;Q59GF1,2519
caffeine,10682,EBP,EBP cholestenol delta-isomerase,Q15125,Q15125;A0A024QYX0,2519
caffeine,91749,SLC60A2,solute carrier family 60 member 2,Q5TF39,Q5TF39;B3KSA1,2519
caffeine,84138,SLC7A6OS,solute carrier family 7 member 6 opposite strand,Q96CW6,Q96CW6,2519
caffeine,109579,ES2,esterase 2,,,2519
caffeine,23315,SLC9A8,solute carrier family 9 member A8,Q9Y2E8,Q9Y2E8;B4DIX7,2519
caffeine,55719,SLF2,SMC5/6 complex localization factor 2,Q8IX21,Q8IX21,2519
caffeine,9527,GOSR1,golgi SNAP receptor complex member 1,O95249,O95249;E9PCW1,2519
caffeine,84464,SLX4,SLX4 structure-specific endonuclease subunit,Q8IY92,Q8IY92,2519
caffeine,55177,RMDN3,regulator of microtubule dynamics 3,Q96TC7,Q96TC7,2519
caffeine,7737,RNF113A,ring finger protein 113A,O15541,O15541,2519
caffeine,727800,RNF208,ring finger protein 208,Q9H0X6,Q9H0X6,2519
caffeine,64320,RNF25,ring finger protein 25,Q96BH1,Q96BH1,2519
caffeine,9025,RNF8,ring finger protein 8,O76064,O76064,2519
caffeine,6091,ROBO1,roundabout guidance receptor 1,Q9Y6N7,Q9Y6N7;Q1RMC8,2519
caffeine,6159,RPL29,ribosomal protein L29,P47914,P47914,2519
caffeine,6173,RPL36A,ribosomal protein L36a,P83881,P83881;J3KQN4,2519
caffeine,6130,RPL7A,ribosomal protein L7a,P62424,P62424,2519
caffeine,51696,HECA,HECA ribonucleoprotein granule regulator,Q9UBI9,Q9UBI9,2519
caffeine,4736,RPL10A,ribosomal protein L10a,P62906,P62906,2519
caffeine,6141,RPL18,ribosomal protein L18,Q07020,Q07020,2519
caffeine,6185,RPN2,ribophorin II,P04844,P04844,2519
caffeine,6205,RPS11,ribosomal protein S11,P62280,P62280,2519
caffeine,6223,RPS19,ribosomal protein S19,P39019,P39019;B0ZBD0,2519
caffeine,79101,TAF1D,"TATA-box binding protein associated factor, RNA polymerase I subunit D",Q9H5J8,Q9H5J8,2519
caffeine,6197,RPS6KA3,ribosomal protein S6 kinase A3,P51812,P51812;A0A384MDW3;B1AXG1;B4DG22;B7ZB17,2519
caffeine,26750,RPS6KC1,ribosomal protein S6 kinase C1,Q96S38,Q96S38;A0A087X1U5;F5H7T0;F6RJM5,2519
caffeine,50999,TMED5,transmembrane p24 trafficking protein 5,Q9Y3A6,Q9Y3A6;M0R072,2519
caffeine,7124,TNF,tumor necrosis factor,P01375,P01375;Q5STB3,2519
caffeine,64121,RRAGC,Ras related GTP binding C,Q9HB90,Q9HB90;B4DQ03;B4DQG4,2519
caffeine,8568,RRP1,ribosomal RNA processing 1,P56182,P56182,2519
caffeine,131601,TPRA1,transmembrane protein adipocyte associated 1,Q86W33,Q86W33,2519
caffeine,23378,RRP8,ribosomal RNA processing 8,O43159,O43159,2519
caffeine,8237,USP11,ubiquitin specific peptidase 11,G5E9A6,G5E9A6,2519
caffeine,26156,RSL1D1,ribosomal L1 domain containing 1,O76021,O76021,2519
caffeine,57529,RTL9,retrotransposon Gag like 9,Q8NET4,Q8NET4,2519
caffeine,80230,RUFY1,RUN and FYVE domain containing 1,Q96T51,Q96T51;A8K7B1,2519
caffeine,6256,RXRA,retinoid X receptor alpha,P19793,P19793;A0A5F9ZHH6;F1D8Q5;Q6P3U7,2519
caffeine,79602,ADIPOR2,adiponectin receptor 2,Q86V24,Q86V24,2519
caffeine,6284,S100A13,S100 calcium binding protein A13,Q99584,Q99584,2519
caffeine,286077,SACK1H,scaffolding CK1 anchoring protein H,Q6ZRV2,Q6ZRV2;Q71RB4,2519
caffeine,6299,SALL1,spalt like transcription factor 1,Q9NSC2,Q9NSC2,2519
caffeine,25939,SAMHD1,SAM and HD domain containing deoxynucleoside triphosphate triphosphohydrolase 1,Q9Y3Z3,Q9Y3Z3;A0A2R8YCS7;Q59H15,2519
caffeine,9092,SART1,"spliceosome associated factor 1, recruiter of U4/U6.U5 tri-snRNP",O43290,O43290,2519
caffeine,6305,SBF1,SET binding factor 1,O95248,O95248;A0A8J8YTQ8,2519
caffeine,7840,ALMS1,ALMS1 centrosome and basal body associated protein,Q8TCU4,Q8TCU4,2519
caffeine,22828,SCAF8,SR-related CTD associated factor 8,Q9UPN6,Q9UPN6;A0A0A0MT33;B7Z3A4;B7Z876,2519
caffeine,51282,SCAND1,SCAN domain containing 1,P57086,P57086;Q9NZG6,2519
caffeine,6595,SMARCA2,SWI/SNF related BAF chromatin remodeling complex subunit ATPase 2,P51531,P51531;B1ALF6;B4DNT1;B4DSC8;F6T8Q0;F6VDE0;Q56A76;Q8N9Q1,2519
caffeine,50485,SMARCAL1,SNF2 related chromatin remodeling annealing helicase 1,Q9NZC9,Q9NZC9,2519
caffeine,8243,SMC1A,structural maintenance of chromosomes 1A,Q14683,Q14683;A0A384MR33;G8JLG1;Q68EN4,2519
caffeine,140775,SMCR8,SMCR8-C9orf72 complex subunit,Q8TEV9,Q8TEV9,2519
caffeine,9943,OXSR1,oxidative stress responsive kinase 1,O95747,O95747,2519
caffeine,56006,SMG9,SMG9 nonsense mediated mRNA decay factor,Q9H0W8,Q9H0W8,2519
caffeine,54498,SMOX,spermine oxidase,Q9NWM0,Q9NWM0,2519
caffeine,64319,FBRS,fibrosin,Q9HAH7,Q9HAH7;B3KTZ7;J3KNZ9,2519
caffeine,8773,SNAP23,synaptosome associated protein 23,O00161,O00161;A8K287,2519
caffeine,79753,SNIP1,Smad nuclear interacting protein 1,Q8TAD8,Q8TAD8;B1AK66,2519
caffeine,11188,NISCH,nischarin,Q9Y2I1,Q9Y2I1;C9J715,2519
caffeine,7827,NPHS2,"NPHS2 stomatin family member, podocin",Q9NP85,Q9NP85,2519
caffeine,6627,SNRPA1,small nuclear ribonucleoprotein polypeptide A',P09661,P09661,2519
caffeine,6645,SNTB2,syntrophin beta 2,Q13425,Q13425,2519
caffeine,6642,SNX1,sorting nexin 1,Q13596,Q13596,2519
caffeine,6643,SNX2,sorting nexin 2,O60749,O60749,2519
caffeine,51429,SNX9,sorting nexin 9,Q9Y5X1,Q9Y5X1,2519
caffeine,6713,SQLE,squalene epoxidase,Q14534,Q14534,2519
caffeine,6651,SON,SON DNA and RNA binding protein,P18583,P18583;J3QSZ5;Q6ZRV7,2519
caffeine,6786,STIM1,stromal interaction molecule 1,Q13586,Q13586;A0A8V8TMF0;A0A8V8TMG1;A0A8V8TNW0;A0A8V8TP73;E9PRZ7;G0XQ39;H0YDB2,2519
caffeine,6654,SOS1,SOS Ras/Rac guanine nucleotide exchange factor 1,Q07889,Q07889;G5E9C8,2519
caffeine,6659,SOX4,SRY-box transcription factor 4,Q06945,Q06945,2519
caffeine,6672,SP100,SP100 nuclear antigen,P23497,P23497,2519
caffeine,389058,SP5,Sp5 transcription factor,Q6BEB4,Q6BEB4,2519
caffeine,9043,SPAG9,sperm associated antigen 9,O60271,O60271;Q5JB53,2519
caffeine,26010,SPATS2L,spermatogenesis associated serine rich 2 like,Q9NUQ6,Q9NUQ6;B8ZZZ7,2519
caffeine,80309,SPHKAP,"SPHK1 interactor, AKAP domain containing",Q2M3C7,Q2M3C7,2519
caffeine,84501,SPIRE2,spire type actin nucleation factor 2,Q8WWL2,Q8WWL2,2519
caffeine,161742,SPRED1,sprouty related EVH1 domain containing 1,Q7Z699,Q7Z699,2519
caffeine,10252,SPRY1,sprouty RTK signaling antagonist 1,O43609,O43609,2519
caffeine,6711,SPTBN1,"spectrin beta, non-erythrocytic 1",Q01082,Q01082;B2ZZ89,2519
caffeine,10847,SRCAP,Snf2 related CREBBP activator protein,Q6ZRS2,Q6ZRS2,2519
caffeine,6721,SREBF2,sterol regulatory element binding transcription factor 2,Q12772,Q12772,2519
caffeine,153443,SRFBP1,serum response factor binding protein 1,Q8NEF9,Q8NEF9,2519
caffeine,6730,SRP68,signal recognition particle 68,Q9UHB9,Q9UHB9,2519
caffeine,58477,SRPRB,SRP receptor subunit beta,Q9Y5M8,Q9Y5M8;Q549N5,2519
caffeine,9295,SRSF11,serine and arginine rich splicing factor 11,Q05519,Q05519;Q5T757;Q5T760,2519
caffeine,6432,SRSF7,serine and arginine rich splicing factor 7,Q16629,Q16629;C9JAB2,2519
caffeine,54434,SSH1,slingshot protein phosphatase 1,Q8WYL5,Q8WYL5,2519
caffeine,6767,ST13,ST13 Hsp70 interacting protein,P50502,P50502;A0A140VKA6;B4E0U6;Q0IJ56,2519
caffeine,6774,STAT3,signal transducer and activator of transcription 3,P40763,P40763;A0A7I2V395;A0A7I2V444;A0A7I2V4C8;A0A7I2V4R2;A0A7I2V4R3;A0A7I2V552;A0A7I2YQD2;A0A7I2YQR5,2519
caffeine,27067,STAU2,staufen double-stranded RNA binding protein 2,Q9NUL3,Q9NUL3;A8K276,2519
caffeine,9263,STK17A,serine/threonine kinase 17a,Q9UEE5,Q9UEE5,2519
caffeine,282974,STK32C,serine/threonine kinase 32C,Q86UX6,Q86UX6;A0A140VJW0;B7Z7J1;H0Y349;H0Y431,2519
caffeine,56977,STOX2,storkhead box 2,Q9P2F5,Q9P2F5,2519
caffeine,6801,STRN,striatin,O43815,O43815,2519
caffeine,23673,STX12,syntaxin 12,Q86Y82,Q86Y82,2519
caffeine,10228,STX6,syntaxin 6,O43752,O43752,2519
caffeine,65065,NBEAL1,neurobeachin like 1,Q6ZS30,Q6ZS30;A0A804HKS6,2519
caffeine,123720,WHAMM,"WASP homolog associated with actin, golgi membranes and microtubules",Q8TF30,Q8TF30,2519
caffeine,65266,WNK4,WNK lysine deficient protein kinase 4,Q96J92,Q96J92,2519
caffeine,56897,WRNIP1,WRN helicase interacting protein 1,Q96S55,Q96S55,2519
caffeine,8629,JRK,Jrk helix-turn-helix protein,O75564,O75564,2519
caffeine,8997,KALRN,kalirin RhoGEF kinase,O60229,O60229;A0A804HI91;A0A804HIN3;A0A804HKJ7;A0A804HKT9;C9IZQ6,2519
caffeine,23331,TTC28,tetratricopeptide repeat domain 28,Q96AY4,Q96AY4,2519
caffeine,7273,TTN,titin,Q8WZ42,Q8WZ42;A0A0A0MRA3,2519
caffeine,347688,TUBB8,tubulin beta 8 class VIII,Q3ZCM7,Q3ZCM7,2519
caffeine,9826,ARHGEF11,Rho guanine nucleotide exchange factor 11,O15085,O15085;A0AAQ5BIK5,2519
caffeine,23370,ARHGEF18,Rho/Rac guanine nucleotide exchange factor 18,Q6ZSZ5,Q6ZSZ5;A0A087WZG4;A0A3B3IPE9,2519
caffeine,286826,LIN9,lin-9 DREAM MuvB core complex component,Q5TKA1,Q5TKA1;H0Y322;Q6P142,2519
caffeine,54877,ZCCHC2,zinc finger CCHC-type containing 2,Q9C0B9,Q9C0B9;Q9BRD4,2519
caffeine,254887,ZDHHC23,zDHHC palmitoyltransferase 23,Q8IYP9,Q8IYP9;A0A1W2PRJ8;B3KXV3;E9PAP7,2519
caffeine,6935,ZEB1,zinc finger E-box binding homeobox 1,P37275,P37275;B2RBI8;B4DGU2,2519
caffeine,255057,CBARP,CACN subunit beta associated regulatory protein,Q8N350,Q8N350,2519
caffeine,22853,LMTK2,lemur tyrosine kinase 2,Q8IWU2,Q8IWU2,2519
caffeine,9663,LPIN2,lipin 2,Q92539,Q92539,2519
caffeine,196441,ZFC3H1,zinc finger C3H1-type containing,O60293,O60293,2519
caffeine,84936,ZFYVE19,zinc finger FYVE-type containing 19,Q96K21,Q96K21,2519
caffeine,10951,CBX1,chromobox 1,P83916,P83916;Q6IBN6,2519
caffeine,55749,CCAR1,cell division cycle and apoptosis regulator 1,Q8IX12,Q8IX12,2519
caffeine,115098,CCDC124,coiled-coil domain containing 124,Q96CT7,Q96CT7,2519
caffeine,22992,KDM2A,lysine demethylase 2A,Q9Y2K7,Q9Y2K7;I3VM53;I3VM54,2519
caffeine,9682,KDM4A,lysine demethylase 4A,O75164,O75164,2519
caffeine,22889,KHDC4,"KH domain containing 4, pre-mRNA splicing factor",Q7Z7F0,Q7Z7F0,2519
caffeine,23246,BOP1,BOP1 ribosomal biogenesis factor,Q14137,Q14137,2519
caffeine,119032,BORCS7,BLOC-1 related complex subunit 7,Q96B45,Q96B45,2519
caffeine,9778,KIAA0232,KIAA0232,Q92628,Q92628;A5YKK5,2519
caffeine,23313,KIAA0930,KIAA0930,Q6ICG6,Q6ICG6,2519
caffeine,85379,KIAA1671,KIAA1671,Q9BY89,Q9BY89;A0A1B0GVJ7,2519
caffeine,8315,BRAP,BRCA1 associated protein,Q7Z569,Q7Z569;Q59H81,2519
caffeine,6046,BRD2,bromodomain containing 2,P25440,P25440;A0A1U9X7A8;E9PIQ3;X5CF57,2519
caffeine,10902,BRD8,bromodomain containing 8,Q9H0E9,Q9H0E9;B4DEG9;B4DMS9;B4DN43,2519
caffeine,55614,KIF16B,kinesin family member 16B,Q96L93,Q96L93;A0A140VK74;A0A1B0GTU3;A0A1B0GVS8,2519
caffeine,10112,KIF20A,kinesin family member 20A,O95235,O95235,2519
caffeine,9493,KIF23,kinesin family member 23,Q02241,Q02241;A0A7I2V5Y5,2519
caffeine,79173,BRME1,break repair meiotic recombinase recruitment factor 1,Q0VDD7,Q0VDD7;K7EMZ7,2519
caffeine,54014,BRWD1,bromodomain and WD repeat domain containing 1,Q9NSI6,Q9NSI6,2519
caffeine,89953,KLC4,kinesin light chain 4,Q9NSK0,Q9NSK0,2519
caffeine,57565,KLHL14,kelch like family member 14,Q9P2G3,Q9P2G3,2519
caffeine,84811,BUD13,BUD13 spliceosome associated protein,Q9BRD0,Q9BRD0,2519
caffeine,388327,C17ORF100,chromosome 17 open reading frame 100,A8MU93,A8MU93,2519
caffeine,400793,C1ORF226,chromosome 1 open reading frame 226,A1L170,A1L170,2519
caffeine,4297,KMT2A,lysine methyltransferase 2A,Q03164,Q03164;A0AA34QVI8;E9PR05,2519
caffeine,57082,KNL1,kinetochore scaffold 1,Q8NG31,Q8NG31,2519
caffeine,23633,KPNA6,karyopherin subunit alpha 6,O60684,O60684,2519
caffeine,10138,YAF2,YY1 associated factor 2,Q8IY57,Q8IY57;B4DJQ9;G3V212,2519
caffeine,55689,YEATS2,YEATS domain containing 2,Q9ULM3,Q9ULM3,2519
caffeine,56252,YLPM1,YLP motif containing 1,P49750,P49750;F8VU51,2519
caffeine,9854,C2CD2L,C2CD2 like,O14523,O14523,2519
caffeine,65265,C8ORF33,chromosome 8 open reading frame 33,Q9H7E9,Q9H7E9,2519
caffeine,91768,CABLES1,Cdk5 and Abl enzyme substrate 1,Q8TDN4,Q8TDN4;A7K6Y5,2519
caffeine,8844,KSR1,kinase suppressor of ras 1,Q8IVT5,Q8IVT5;A0A2R8Y5H9,2519
caffeine,51441,YTHDF2,YTH N6-methyladenosine RNA binding protein F2,Q9Y5A9,Q9Y5A9,2519
caffeine,7532,YWHAG,tyrosine 3-monooxygenase/tryptophan 5-monooxygenase activation protein gamma,P61981,P61981,2519
caffeine,9889,ZBED4,zinc finger BED-type containing 4,O75132,O75132,2519
caffeine,23271,CAMSAP2,calmodulin regulated spectrin associated protein family member 2,Q08AD1,Q08AD1;B3KTI4,2519
caffeine,113251,LARP4,La ribonucleoprotein 4,Q71RC2,Q71RC2;Q6P4E2;Q8TBL5;Q96J85,2519
caffeine,81887,LAS1L,LAS1 like ribosome biogenesis factor,Q9Y4W2,Q9Y4W2;A0A7I2V3R6;A0A7I2V653;A0A7I2YQI7,2519
caffeine,57621,ZBTB2,zinc finger and BTB domain containing 2,Q8N680,Q8N680,2519
caffeine,29068,ZBTB44,zinc finger and BTB domain containing 44,Q8NCP5,Q8NCP5;H0YEM9,2519
caffeine,51341,ZBTB7A,zinc finger and BTB domain containing 7A,O95365,O95365,2519
caffeine,55832,CAND1,cullin associated and neddylation dissociated 1,Q86VP6,Q86VP6,2519
caffeine,55604,CARMIL1,capping protein regulator and myosin 1 linker 1,Q5VZK9,Q5VZK9;A0A8V8TRE2,2519
caffeine,23091,ZC3H13,zinc finger CCCH-type containing 13,Q5T200,Q5T200;A0A7I2V4I5;A0PJJ2;B3KQG8,2519
caffeine,23144,ZC3H3,zinc finger CCCH-type containing 3,Q8IXZ2,Q8IXZ2,2519
caffeine,56829,ZC3HAV1,"zinc finger CCCH-type containing, antiviral 1",Q7Z2W4,Q7Z2W4;C9J6P4,2519
caffeine,79165,LENG1,leukocyte receptor cluster member 1,Q96BZ8,Q96BZ8,2519
caffeine,29094,LGALSL,galectin like,Q3ZCW2,Q3ZCW2,2519
caffeine,23074,BLTP3B,bridge-like lipid transfer protein family member 3B,A0JNW5,A0JNW5,2519
caffeine,9790,BMS1,BMS1 ribosome biogenesis factor,Q14692,Q14692,2519
caffeine,7514,XPO1,exportin 1,O14980,O14980;A0A7I2V2Y6;A0A7I2V461;A0A7I2V6B9;B3KWD0,2519
caffeine,7518,XRCC4,X-ray repair cross complementing 4,Q13426,Q13426;Q7Z763,2519
caffeine,284058,KANSL1,KAT8 regulatory NSL complex subunit 1,Q7Z3B3,Q7Z3B3;A0A0G2JNB1;A0A0G2JNT7;A0A1W2PRB5;A0A3B3IT55;A0A9S7M8F4,2519
caffeine,11143,KAT7,lysine acetyltransferase 7,O95251,O95251;A0A9L9PXR9,2519
caffeine,23254,KAZN,"kazrin, periplakin interacting protein",Q674X7,Q674X7,2519
caffeine,57470,LRRC47,leucine rich repeat containing 47,Q8N1G4,Q8N1G4,2519
caffeine,55286,PGCKA1,PDCD10 and GCKIII kinases associated 1,Q8IY42,Q8IY42,2519
caffeine,55276,PGM2,phosphoglucomutase 2,Q96G03,Q96G03,2519
caffeine,65979,PHACTR4,phosphatase and actin regulator 4,Q8IZ21,Q8IZ21,2519
caffeine,152137,CCDC50,coiled-coil domain containing 50,Q8IVM0,Q8IVM0,2519
caffeine,79080,CCDC86,coiled-coil domain containing 86,Q9H6F5,Q9H6F5,2519
caffeine,6348,CCL3,C-C motif chemokine ligand 3,P10147,P10147;A0N0R1,2519
caffeine,55274,PHF10,PHD finger protein 10,Q8WUB8,Q8WUB8,2519
caffeine,79142,PHF23,PHD finger protein 23,Q9BUL5,Q9BUL5;I3L1N0,2519
caffeine,55023,PHIP,PHIP subunit of CUL4-Ring ligase complex,Q8WWQ0,Q8WWQ0;A0A8V8TPV5,2519
caffeine,23187,PHLDB1,pleckstrin homology like domain family B member 1,Q86UU1,Q86UU1;Q6ZUD6;Q8NC75,2519
caffeine,57661,PHRF1,PHD and ring finger domains 1,Q9P1Y6,Q9P1Y6;B7ZM65;B7ZM66;E9PJ24;F8WEF5,2519
caffeine,5298,PI4KB,phosphatidylinositol 4-kinase beta,Q9UBF8,Q9UBF8;A0A0B4J1S8,2519
caffeine,9780,PIEZO1,piezo type mechanosensitive ion channel component 1 (Er blood group),Q92508,Q92508,2519
caffeine,5286,PIK3C2A,phosphatidylinositol-4-phosphate 3-kinase catalytic subunit type 2 alpha,O00443,O00443;B4DG55;L7RRS0,2519
caffeine,8396,PIP4K2B,phosphatidylinositol-5-phosphate 4-kinase type 2 beta,P78356,P78356,2519
caffeine,90678,LRSAM1,leucine rich repeat and sterile alpha motif containing 1,Q6UWE0,Q6UWE0;A0A6Q8PGW1,2519
caffeine,26065,LSM14A,LSM14A mRNA processing body assembly factor,Q8ND56,Q8ND56,2519
caffeine,55692,LUC7L,LUC7 like,Q9NQ29,Q9NQ29;A8MYV2;Q1W6G4,2519
caffeine,219771,CCNY,cyclin Y,Q8ND76,Q8ND76;B7Z8E4,2519
caffeine,7203,CCT3,chaperonin containing TCP1 subunit 3,P49368,P49368;B3KX11;Q59H77,2519
caffeine,9600,PITPNM1,phosphatidylinositol transfer protein membrane associated 1,O00562,O00562;B2R787,2519
caffeine,5585,PKN1,protein kinase N1,Q16512,Q16512,2519
caffeine,8502,PKP4,plakophilin 4,Q99569,Q99569,2519
caffeine,116068,LYSMD3,LysM domain containing 3,Q7Z3D4,Q7Z3D4;A8K613;G5E9N8,2519
caffeine,9555,MACROH2A1,macroH2A.1 histone,O75367,O75367;A0A994J4J7;B4DJC3,2519
caffeine,7975,MAFK,MAF bZIP transcription factor K,O60675,O60675,2519
caffeine,5335,PLCG1,phospholipase C gamma 1,P19174,P19174,2519
caffeine,59338,PLEKHA1,pleckstrin homology domain containing A1,Q9HB21,Q9HB21;B3KQL5;Q5RGS4,2519
caffeine,54477,PLEKHA5,pleckstrin homology domain containing A5,Q9HAU0,Q9HAU0;A0A8V8TQ09;A0A8V8TQJ8;A0A9L9PX43,2519
caffeine,100131017,ZNF316,zinc finger protein 316,A6NFI3,A6NFI3,2519
caffeine,26152,ZNF337,zinc finger protein 337,Q9Y3M9,Q9Y3M9;A8K5C0;Q6ZUQ0,2519
caffeine,151126,ZNF385B,zinc finger protein 385B,Q569K4,Q569K4;A0A2U3TZT0,2519
caffeine,26030,PLEKHG3,pleckstrin homology and RhoGEF domain containing G3,A1L390,A1L390;A0A2X0SFH4,2519
caffeine,5354,PLP1,proteolipid protein 1,P60201,P60201;A0A0S2Z4D4;A8K9L3;B4DI30,2519
caffeine,9863,MAGI2,"membrane associated guanylate kinase, WW and PDZ domain containing 2",Q86UL8,Q86UL8;B7Z4H4,2519
caffeine,9794,MAML1,mastermind like transcriptional coactivator 1,Q92585,Q92585,2519
caffeine,81631,MAP1LC3B,microtubule associated protein 1 light chain 3 beta,Q9GZQ8,Q9GZQ8;Q658J6,2519
caffeine,8476,CDC42BPA,CDC42 binding protein kinase alpha,Q5VT25,Q5VT25;A0A0A0MRJ0;A0A0A0MRJ1,2519
caffeine,56990,CDC42SE2,CDC42 small effector 2,Q9NRR3,Q9NRR3,2519
caffeine,113130,CDCA5,cell division cycle associated 5,Q96FF9,Q96FF9,2519
caffeine,5127,CDK16,cyclin dependent kinase 16,Q00536,Q00536;A0A140VK97;Q9BRL4,2519
caffeine,5371,PML,PML nuclear body scaffold,P29590,P29590,2519
caffeine,11284,PNKP,polynucleotide kinase 3'-phosphatase,Q96T60,Q96T60,2519
caffeine,79983,POF1B,POF1B actin binding protein,Q8WVV4,Q8WVV4,2519
caffeine,4214,MAP3K1,mitogen-activated protein kinase kinase kinase 1,Q13233,Q13233,2519
caffeine,4215,MAP3K3,mitogen-activated protein kinase kinase kinase 3,Q99759,Q99759;J3KRN4;J3QRB6;Q96HN9,2519
caffeine,5871,MAP4K2,mitogen-activated protein kinase kinase kinase kinase 2,Q12851,Q12851,2519
caffeine,84858,ZNF503,zinc finger protein 503,Q96F45,Q96F45,2519
caffeine,9658,ZNF516,zinc finger protein 516,Q92618,Q92618;Q2YDX2,2519
caffeine,51042,ZNF593,zinc finger protein 593,O00488,O00488,2519
caffeine,27332,ZNF638,zinc finger protein 638,Q14966,Q14966;A8K583,2519
caffeine,22834,ZNF652,zinc finger protein 652,Q9Y2D9,Q9Y2D9;A8K9F2;D6RF85,2519
caffeine,55657,ZNF692,zinc finger protein 692,Q9BU19,Q9BU19,2519
caffeine,147808,ZNF784,zinc finger protein 784,Q8NCA9,Q8NCA9,2519
caffeine,55871,ZNG1A,Zn regulated GTPase metalloprotein activator 1A,Q9BRT8,Q9BRT8;A0A087X140;A0A0B4J1T6,2519
caffeine,9406,ZRANB2,zinc finger RANBP2-type containing 2,O95218,O95218,2519
caffeine,256714,MAP7D2,MAP7 domain containing 2,Q96T17,Q96T17;A0A0K1JRJ6;A0A0K1JS24;A0A0M4F6E1;A0A0M4FLI9,2519
caffeine,93487,MAPK1IP1L,mitogen-activated protein kinase 1 interacting protein 1 like,Q8NDC0,Q8NDC0,2519
caffeine,5601,MAPK9,mitogen-activated protein kinase 9,P45984,P45984;D7R525,2519
caffeine,25998,IBTK,inhibitor of Bruton tyrosine kinase,Q9P2D0,Q9P2D0;B7ZLE0;E7EPI0,2519
caffeine,79664,ICE2,interactor of little elongation complex ELL subunit 2,Q659A1,Q659A1;H0YNU9,2519
caffeine,6929,TCF3,transcription factor 3,P15923,P15923,2519
caffeine,6950,TCP1,t-complex 1,P17987,P17987;E7EQR6,2519
caffeine,23424,TDRD7,tudor domain containing 7,Q8NHU6,Q8NHU6,2519
caffeine,146705,TEPSIN,TEPSIN adaptor related protein complex 4 accessory protein,Q96N21,Q96N21;A0A1B0GV70,2519
caffeine,55852,TEX2,testis expressed 2,Q8IWB9,Q8IWB9,2519
caffeine,7027,TFDP1,transcription factor Dp-1,Q14186,Q14186,2519
caffeine,10642,IGF2BP1,insulin like growth factor 2 mRNA binding protein 1,Q9NZI8,Q9NZI8;D3DTW3,2519
caffeine,29844,TFPT,TCF3 fusion partner,P0C1Z6,P0C1Z6,2519
caffeine,60436,TGIF2,TGFB induced factor homeobox 2,Q9GZN2,Q9GZN2,2519
caffeine,9984,THOC1,THO complex subunit 1,Q96FV9,Q96FV9,2519
caffeine,9967,THRAP3,thyroid hormone receptor associated protein 3,Q9Y2W1,Q9Y2W1,2519
caffeine,7074,TIAM1,TIAM Rac1 associated GEF 1,Q13009,Q13009;A0A1B0GW57;A0A2X0TW27;A0A8V8TN84,2519
caffeine,93643,TJAP1,tight junction associated protein 1,Q5JTD0,Q5JTD0,2519
caffeine,7086,TKT,transketolase,P29401,P29401;V9HWD9,2519
caffeine,11011,TLK2,tousled like kinase 2,Q86UE8,Q86UE8;A0A804HJZ9;A0A804HK10;B4DUC2;J3QLK5,2519
caffeine,11322,TMC6,transmembrane channel like 6,Q7Z403,Q7Z403;A0A8V8TLY1,2519
caffeine,145942,TMCO5A,transmembrane and coiled-coil domains 5A,Q8N6Q1,Q8N6Q1;A0A024R9I9,2519
caffeine,54664,TMEM106B,transmembrane protein 106B,Q9NUM4,Q9NUM4,2519
caffeine,92691,TMEM169,transmembrane protein 169,Q96HH4,Q96HH4,2519
caffeine,84065,TMEM222,transmembrane protein 222,Q9H0R3,Q9H0R3,2519
caffeine,440026,TMEM41B,transmembrane protein 41B,Q5BJD5,Q5BJD5,2519
caffeine,9772,TMEM94,transmembrane protein 94,Q12767,Q12767;B7Z9U5;J3QLC5;J3QRY7;J3QSG7,2519
caffeine,29766,TMOD3,tropomodulin 3,Q9NYL9,Q9NYL9,2519
caffeine,79089,TMUB2,transmembrane and ubiquitin like domain containing 2,Q71RG4,Q71RG4;B4DFQ1;E7ESS3,2519
caffeine,7128,TNFAIP3,TNF alpha induced protein 3,P21580,P21580,2519
caffeine,10318,TNIP1,TNFAIP3 interacting protein 1,Q15025,Q15025;A0A0A0MRZ4;A8K4N4;B7Z8K2,2519
caffeine,27327,TNRC6A,trinucleotide repeat containing adaptor 6A,Q8NDV7,Q8NDV7,2519
caffeine,23371,TNS2,tensin 2,Q63HR2,Q63HR2,2519
caffeine,146691,TOM1L2,target of myb1 like 2 membrane trafficking protein,Q6ZVM7,Q6ZVM7;B7Z2U2;B7Z671;F5H3S6,2519
caffeine,10210,TOPORS,"TOP1 binding arginine/serine rich protein, E3 ubiquitin ligase",Q9NS56,Q9NS56,2519
caffeine,7157,TP53,tumor protein p53,P04637,P04637;A0A087WT22;A0A087WXZ1;A0A087X1Q1;H2EHT1;K7PPA8;Q53GA5,2519
caffeine,7159,TP53BP2,tumor protein p53 binding protein 2,Q13625,Q13625,2519
caffeine,7167,TPI1,triosephosphate isomerase 1,P60174,P60174;Q53HE2;V9HWK1,2519
caffeine,22974,TPX2,TPX2 microtubule nucleation factor,Q9ULW0,Q9ULW0;Q643R0,2519
caffeine,10293,TRAIP,TRAF interacting protein,Q9BWF2,Q9BWF2,2519
caffeine,57761,TRIB3,tribbles pseudokinase 3,Q96RU7,Q96RU7;B4DMM9;J3KR25,2519
caffeine,10155,TRIM28,tripartite motif containing 28,Q13263,Q13263,2519
caffeine,55521,TRIM36,tripartite motif containing 36,Q9NQ86,Q9NQ86;E9PBG3;Q4R1Q4,2519
caffeine,84364,ARFGAP2,ARF GTPase activating protein 2,Q8N6H7,Q8N6H7;E9PN48;G5E9L0,2519
caffeine,57221,ARFGEF3,ARFGEF family member 3,Q5TH69,Q5TH69,2519
caffeine,8295,TRRAP,transformation/transcription domain associated protein,Q9Y4A5,Q9Y4A5;H0Y4W2,2519
caffeine,8848,TSC22D1,TSC22 domain family member 1,Q15714,Q15714;A8K3Y6,2519
caffeine,81619,TSPAN14,tetraspanin 14,Q8NG11,Q8NG11,2519
caffeine,131405,TRIM71,tripartite motif containing 71,Q2Q1W2,Q2Q1W2,2519
caffeine,9321,TRIP11,thyroid hormone receptor interactor 11,Q15643,Q15643,2519
caffeine,51504,TRMT112,tRNA methyltransferase activator subunit 11-2,Q9UI30,Q9UI30,2519
caffeine,93663,ARHGAP18,Rho GTPase activating protein 18,Q8N392,Q8N392,2519
caffeine,9743,ARHGAP32,Rho GTPase activating protein 32,A7KAX9,A7KAX9;A0A804HK06,2519
caffeine,55787,TXLNG,taxilin gamma,Q9NUQ3,Q9NUQ3,2519
caffeine,127253,TYW3,tRNA-yW synthesizing protein 3 homolog,Q6IPR3,Q6IPR3;Q96GE7,2519
caffeine,7317,UBA1,ubiquitin like modifier activating enzyme 1,P22314,P22314;A0A024R1A3,2519
caffeine,445328,ARHGEF35,Rho guanine nucleotide exchange factor 35,A5YM69,A5YM69;A0A5F9ZH52,2519
caffeine,8289,ARID1A,AT-rich interaction domain 1A,O14497,O14497,2519
caffeine,10620,ARID3B,AT-rich interaction domain 3B,Q8IVW6,Q8IVW6,2519
caffeine,147339,ARK2N,arkadia (RNF111) N-terminal like PKA signaling regulator 2N,Q96B23,Q96B23,2519
caffeine,51329,ARL6IP4,ARF like GTPase 6 interacting protein 4,Q66PJ3,Q66PJ3;A0A0C4DG62;A0A0C4DH18;A0A8C8KBE9;F8WCT1;F8WEP2,2519
caffeine,10094,ARPC3,actin related protein 2/3 complex subunit 3,O15145,O15145,2519
caffeine,51271,UBAP1,ubiquitin associated protein 1,Q9NZ09,Q9NZ09;A0A6G6AA68,2519
caffeine,65264,UBE2Z,ubiquitin conjugating enzyme E2 Z,Q9H832,Q9H832,2519
caffeine,7342,UBP1,upstream binding protein 1,Q9NZI7,Q9NZI7;A8KAN5,2519
caffeine,57412,AS3MT,arsenite methyltransferase,Q9HBK9,Q9HBK9,2519
caffeine,25842,ASF1A,anti-silencing function 1A histone chaperone,Q9Y294,Q9Y294,2519
caffeine,259266,ASPM,assembly factor for spindle microtubules,Q8IZT6,Q8IZT6;B3KWI2,2519
caffeine,23352,UBR4,ubiquitin protein ligase E3 component n-recognin 4,Q5T4S7,Q5T4S7,2519
caffeine,23190,UBXN4,UBX domain protein 4,Q92575,Q92575,2519
caffeine,54963,UCKL1,uridine-cytidine kinase 1 like 1,Q9NWZ5,Q9NWZ5;Q53HM1,2519
caffeine,84896,ATAD1,ATPase family AAA domain containing 1,Q8NBU5,Q8NBU5;A0A7P0T9B4;A0A7P0T9U2,2519
caffeine,79915,ATAD5,ATPase family AAA domain containing 5,Q96QE3,Q96QE3,2519
caffeine,23130,ATG2A,autophagy related 2A,Q2TAZ0,Q2TAZ0,2519
caffeine,29128,UHRF1,ubiquitin like with PHD and ring finger domains 1,Q96T88,Q96T88;A0A087WVR3,2519
caffeine,79465,ULBP3,UL16 binding protein 3,Q9BZM4,Q9BZM4,2519
caffeine,440279,UNC13C,unc-13 homolog C,Q8NB66,Q8NB66;A0A3B3ISZ1,2519
caffeine,64225,ATL2,atlastin GTPase 2,Q8NHH9,Q8NHH9;B5MCN0;B7Z2H0,2519
caffeine,85451,UNK,unk zinc finger,Q9C0B0,Q9C0B0,2519
caffeine,7385,UQCRC2,ubiquinol-cytochrome c reductase core protein 2,P22695,P22695,2519
caffeine,9100,USP10,ubiquitin specific peptidase 10,Q14694,Q14694;A0A7G6J4N4,2519
caffeine,57478,USP31,ubiquitin specific peptidase 31,Q70CQ4,Q70CQ4,2519
caffeine,57695,USP37,ubiquitin specific peptidase 37,Q86T82,Q86T82,2519
caffeine,124739,USP43,ubiquitin specific peptidase 43,Q70EL4,Q70EL4,2519
caffeine,23545,ATP6V0A2,ATPase H+ transporting V0 subunit a2,Q9Y487,Q9Y487,2519
caffeine,9712,USP6NL,USP6 N-terminal like,Q92738,Q92738;X6RAB3,2519
caffeine,8287,USP9Y,ubiquitin specific peptidase 9 Y-linked,O00507,O00507,2519
caffeine,8673,VAMP8,vesicle associated membrane protein 8,Q9BV40,Q9BV40;B8ZZT4,2519
caffeine,11273,ATXN2L,ataxin 2 like,Q8WWM7,Q8WWM7;H3BUF6,2519
caffeine,10493,VAT1,vesicle amine transport 1,Q99536,Q99536,2519
caffeine,7415,VCP,valosin containing protein,P55072,P55072;C9JUP7,2519
caffeine,9686,VGLL4,vestigial like family member 4,Q14135,Q14135;A0A0A6YYI5;G5E9M9,2519
caffeine,26053,AUTS2,activator of transcription and developmental regulator AUTS2,Q8WXX7,Q8WXX7;A0A024RDL5;A0A2R8Y8C6,2519
caffeine,9531,BAG3,BAG cochaperone 3,O95817,O95817,2519
caffeine,55971,BAIAP2L1,BAR/IMD domain containing adaptor protein 2 like 1,Q9UHR4,Q9UHR4,2519
caffeine,54832,VPS13C,vacuolar protein sorting 13 homolog C,Q709C8,Q709C8,2519
caffeine,112936,VPS26B,VPS26 retromer complex component B,Q4G0F5,Q4G0F5,2519
caffeine,51542,VPS54,VPS54 subunit of GARP complex,Q9P1Q0,Q9P1Q0,2519
caffeine,9031,BAZ1B,bromodomain adjacent to zinc finger domain 1B,Q9UIG0,Q9UIG0,2519
caffeine,27113,BBC3,BCL2 binding component 3,Q96PG8,Q96PG8;Q9BXH1,2519
caffeine,51322,WAC,WW domain containing adaptor with coiled-coil,Q9BTA9,Q9BTA9,2519
caffeine,253725,WASHC2C,WASH complex subunit 2C,Q9Y4E1,Q9Y4E1;A8K5W5;B3KMC4,2519
caffeine,57590,WDFY1,WD repeat and FYVE domain containing 1,Q8IWB7,Q8IWB7;Q9H8N9,2519
caffeine,8412,BCAR3,"BCAR3 adaptor protein, NSP family member",O75815,O75815;A0A384MTS3;B3KNL6;B3KP06,2519
caffeine,7586,ZKSCAN1,zinc finger with KRAB and SCAN domains 1,P17029,P17029;B3KNP9;B3KRF7;E9PC66,2519
caffeine,9203,ZMYM3,zinc finger MYM-type containing 3,Q14202,Q14202;A8K3Z7,2519
caffeine,7675,ZNF121,zinc finger protein 121,P58317,P58317,2519
caffeine,10421,CD2BP2,CD2 cytoplasmic tail binding protein 2,O95400,O95400;A0A024QZC1,2519
caffeine,4267,CD99,CD99 molecule (Xg blood group),P14209,P14209;A0A096LP69,2519
caffeine,7764,ZNF217,zinc finger protein 217,O75362,O75362,2519
caffeine,10308,ZNF267,zinc finger protein 267,Q14586,Q14586,2519
caffeine,8427,ZNF282,zinc finger protein 282,Q9UDV7,Q9UDV7;A0A090N8Y3;Q86YG2,2519
caffeine,84219,WDR24,WD repeat domain 24,Q96S15,Q96S15,2519
caffeine,57599,WDR48,WD repeat domain 48,Q8TAF3,Q8TAF3;A0A024R2L1,2519
caffeine,197335,WDR90,WD repeat domain 90,Q96KV7,Q96KV7;F8VUX9,2519
caffeine,54880,BCOR,BCL6 corepressor,Q6W2J9,Q6W2J9;H7BZ37;H7C231,2519
caffeine,57673,BEND3,BEN domain containing 3,Q5T5X7,Q5T5X7,2519
caffeine,5129,CDK18,cyclin dependent kinase 18,Q07002,Q07002;Q59G02,2519
caffeine,55755,CDK5RAP2,CDK5 regulatory subunit associated protein 2,Q96SN8,Q96SN8;A0A0A0MRG9;A0A8I5KXG0;A0A8I5QKL1;B3KVI2;B9EG74,2519
caffeine,11201,POLI,DNA polymerase iota,Q9UNA4,Q9UNA4;J3KQ09;J3KSW2,2519
caffeine,221830,POLR1F,RNA polymerase I subunit F,Q3B726,Q3B726,2519
caffeine,100101267,POM121C,POM121 transmembrane nucleoporin C,B4DDR5,B4DDR5;B4DET5,2519
caffeine,55055,ZWILCH,zwilch kinetochore protein,Q9H900,Q9H900;A8K4T3,2519
caffeine,445582,POTEE,POTE ankyrin domain family member E,Q6S8J3,Q6S8J3,2519
caffeine,5468,PPARG,peroxisome proliferator activated receptor gamma,P37231,P37231;A0A3P3ZKM0;A0A494C1F9;D2KUA6;E9PFV2;E9PFX5,2519
caffeine,8496,PPFIBP1,PPFIB scaffold protein 1,Q86W92,Q86W92,2519
caffeine,644591,PPIAL4G,peptidylprolyl isomerase A like 4G,P0DN37,P0DN37,2519
caffeine,9677,PPIP5K1,diphosphoinositol pentakisphosphate kinase 1,Q6PFW1,Q6PFW1;A0A8J8ZH50;A0A9L9PYJ9;B7WPL9,2519
caffeine,57460,PPM1H,"protein phosphatase, Mg2+/Mn2+ dependent 1H",Q9ULR3,Q9ULR3,2519
caffeine,5514,PPP1R10,protein phosphatase 1 regulatory subunit 10,Q96QC0,Q96QC0;Q2L6I0,2519
caffeine,23368,PPP1R13B,protein phosphatase 1 regulatory subunit 13B,Q96KQ4,Q96KQ4,2519
caffeine,5504,PPP1R2,protein phosphatase 1 regulatory inhibitor subunit 2,P41236,P41236,2519
caffeine,5510,PPP1R7,protein phosphatase 1 regulatory subunit 7,Q15435,Q15435;A0A140VK83,2519
caffeine,5529,PPP2R5E,protein phosphatase 2 regulatory subunit B'epsilon,Q16537,Q16537,2519
caffeine,57223,PPP4R3B,protein phosphatase 4 regulatory subunit 3B,Q5MIZ7,Q5MIZ7,2519
caffeine,56922,MCCC1,methylcrotonyl-CoA carboxylase subunit 1,Q96RQ3,Q96RQ3;A0A0S2Z693;E9PHF7,2519
caffeine,4173,MCM4,minichromosome maintenance complex component 4,P33991,P33991;B3KMX0;B4DLA6,2519
caffeine,79892,MCMBP,minichromosome maintenance complex binding protein,Q9BTE3,Q9BTE3;A0A0S2Z5P5,2519
caffeine,11190,CEP250,centrosomal protein 250,Q9BV73,Q9BV73;A0A9L9PXD2,2519
caffeine,23177,CEP68,centrosomal protein 68,Q76N32,Q76N32;A0A994J4E5,2519
caffeine,79603,CERS4,ceramide synthase 4,Q9HA82,Q9HA82;Q53HF9,2519
caffeine,55784,MCTP2,multiple C2 and transmembrane domain containing 2,Q6DN12,Q6DN12,2519
caffeine,23195,MDN1,midasin AAA ATPase 1,Q9NU22,Q9NU22,2519
caffeine,23389,MED13L,mediator complex subunit 13L,Q71F56,Q71F56,2519
caffeine,57587,CFAP97,cilia and flagella associated protein 97,Q9P2B7,Q9P2B7,2519
caffeine,84952,CGNL1,cingulin like 1,Q0VF96,Q0VF96,2519
caffeine,9862,MED24,mediator complex subunit 24,O75448,O75448;F5GY88,2519
caffeine,4221,MEN1,menin 1,O00255,O00255;A0A5F9ZHS3;A0AA75I0P0;E7EN32;Q9GZQ5,2519
caffeine,4234,METTL1,"methyltransferase 1, tRNA methylguanosine",Q9UBP6,Q9UBP6,2519
caffeine,10084,PQBP1,polyglutamine binding protein 1,O60828,O60828;A0A0S2Z4V5,2519
caffeine,11108,PRDM4,PR/SET domain 4,Q9UKN5,Q9UKN5;B3KPI0,2519
caffeine,166336,PRICKLE2,prickle planar cell polarity protein 2,Q7Z3G6,Q7Z3G6,2519
caffeine,375449,MAST4,microtubule associated serine/threonine kinase family member 4,O15021,O15021;B4DKT8;B4DS23;B4DSE5;E7EX28;Q6T2V4,2519
caffeine,151963,MB21D2,Mab-21 domain containing 2,Q8IYB1,Q8IYB1,2519
caffeine,55777,MBD5,methyl-CpG binding domain protein 5,Q9P267,Q9P267;A0A1B0GW10;A0A2R8YDL9,2519
caffeine,79682,CENPU,centromere protein U,Q71F23,Q71F23,2519
caffeine,22897,CEP164,centrosomal protein 164,Q9UPV0,Q9UPV0,2519
caffeine,22919,MAPRE1,microtubule associated protein RP/EB family member 1,Q15691,Q15691,2519
caffeine,65108,MARCKSL1,MARCKS like 1,P49006,P49006,2519
caffeine,57787,MARK4,microtubule affinity regulating kinase 4,Q96L34,Q96L34,2519
caffeine,5564,PRKAB1,protein kinase AMP-activated non-catalytic subunit beta 1,Q9Y478,Q9Y478,2519
caffeine,5573,PRKAR1A,protein kinase cAMP-dependent type I regulatory subunit alpha,P10644,P10644;B2R5T5,2519
caffeine,5584,PRKCI,protein kinase C iota,P41743,P41743,2519
caffeine,84181,CHD6,chromodomain helicase DNA binding protein 6,Q8TD26,Q8TD26,2519
caffeine,51320,MEX3C,mex-3 RNA binding family member C,Q5U5Q3,Q5U5Q3,2519
caffeine,9258,MFHAS1,multifunctional ROCO family signaling regulator 1,Q9Y4C4,Q9Y4C4,2519
caffeine,23295,MGRN1,mahogunin ring finger 1,O60291,O60291,2519
caffeine,5591,PRKDC,"protein kinase, DNA-activated, catalytic subunit",P78527,P78527,2519
caffeine,80209,PROSER1,proline and serine rich 1,Q86XN7,Q86XN7,2519
caffeine,8899,PRP4K,pre-mRNA processing factor kinase PRP4K,Q13523,Q13523,2519
caffeine,25978,CHMP2B,charged multivesicular body protein 2B,Q9UQN3,Q9UQN3;A0A087WW88;B2RE76,2519
caffeine,4257,MGST1,microsomal glutathione S-transferase 1,P10620,P10620;F5H613,2519
caffeine,64780,MICAL1,"microtubule associated monooxygenase, calponin and LIM domain containing 1",Q8TDZ2,Q8TDZ2,2519
caffeine,91748,MIDEAS,mitotic deacetylase associated SANT domain protein,Q6PJG2,Q6PJG2;A0A1C7CYX1,2519
caffeine,84895,MIGA2,mitoguardin 2,Q7L4E1,Q7L4E1;B4DZP8,2519
caffeine,50488,MINK1,misshapen like kinase 1,Q8N4C8,Q8N4C8,2519
caffeine,8079,MLF2,myeloid leukemia factor 2,Q15773,Q15773;A8K1F4;Q5U0N1,2519
caffeine,63922,CHTF18,chromosome transmission fidelity factor 18,Q8WVB6,Q8WVB6,2519
caffeine,5010,CLDN11,claudin 11,O75508,O75508,2519
caffeine,9129,PRPF3,pre-mRNA processing factor 3,O43395,O43395,2519
caffeine,24148,PRPF6,pre-mRNA processing factor 6,O94906,O94906,2519
caffeine,55771,PRR11,proline rich 11,Q96HE9,Q96HE9;D2SNZ4,2519
caffeine,93380,MMGT1,membrane magnesium transporter 1,Q8N4V1,Q8N4V1,2519
caffeine,84315,MON1A,MON1 vesicular trafficking associated A,Q86VX9,Q86VX9,2519
caffeine,23515,MORC3,MORC family CW-type zinc finger 3,Q14149,Q14149;B4DHJ4;Q4VBZ9,2519
caffeine,55615,PRR5,proline rich 5,P85299,P85299,2519
caffeine,23362,PSD3,pleckstrin and Sec7 domain containing 3,Q9NYI0,Q9NYI0;B3KRC4;B4DKF8;E5RJ29,2519
caffeine,5684,PSMA3,proteasome 20S subunit alpha 3,P25788,P25788;A0A140VK43,2519
caffeine,54737,MPHOSPH8,M-phase phosphoprotein 8,Q99549,Q99549,2519
caffeine,9019,MPZL1,myelin protein zero like 1,O95297,O95297;A8K5D4,2519
caffeine,51073,MRPL4,mitochondrial ribosomal protein L4,Q9BYD3,Q9BYD3;X6RAY8,2519
caffeine,5702,PSMC3,"proteasome 26S subunit, ATPase 3",P17980,P17980;A0A140VK42,2519
caffeine,5710,PSMD4,"proteasome 26S subunit ubiquitin receptor, non-ATPase 4",P55036,P55036;Q5VWC4,2519
caffeine,84722,PSRC1,proline and serine rich coiled-coil 1,Q6PGN9,Q6PGN9;A8K0M8,2519
caffeine,9074,CLDN6,claudin 6,P56747,P56747,2519
caffeine,6249,CLIP1,CAP-Gly domain containing linker protein 1,P30622,P30622;B3KXA5,2519
caffeine,79789,CLMN,calmin,Q96JQ2,Q96JQ2;Q6NUQ2,2519
caffeine,57496,MRTFB,myocardin related transcription factor B,Q9ULH7,Q9ULH7;I3L2S3,2519
caffeine,10943,MSL3,MSL complex subunit 3,Q8N5Y2,Q8N5Y2,2519
caffeine,9219,MTA2,metastasis associated 1 family member 2,O94776,O94776,2519
caffeine,145482,PTGR2,prostaglandin reductase 2,Q8N8N7,Q8N8N7;G3V2R9;V9HW32,2519
caffeine,53635,PTOV1,PTOV1 extended AT-hook containing adaptor protein,Q86YD1,Q86YD1;A0A0C4DGR2;M0QY25,2519
caffeine,5784,PTPN14,protein tyrosine phosphatase non-receptor type 14,Q15678,Q15678;A8K6H6,2519
caffeine,10978,CLP1,cleavage factor polyribonucleotide kinase subunit 1,Q92989,Q92989,2519
caffeine,134147,CMBL,carboxymethylenebutenolidase homolog,Q96DG6,Q96DG6,2519
caffeine,23070,CMTR1,cap methyltransferase 1,Q8N1G2,Q8N1G2,2519
caffeine,140710,MTCL2,microtubule crosslinking factor 2,O94964,O94964;X6R3R3,2519
caffeine,25902,MTHFD1L,methylenetetrahydrofolate dehydrogenase (NADP+ dependent) 1 like,Q6UB35,Q6UB35;A0A087WVM4;B2RD24;B7ZM99,2519
caffeine,54545,MTMR12,myotubularin related protein 12,Q9C0I1,Q9C0I1,2519
caffeine,5774,PTPN3,protein tyrosine phosphatase non-receptor type 3,P26045,P26045;B7Z3V3;B7Z9V1;B7ZA03;Q8N4S3,2519
caffeine,5792,PTPRF,protein tyrosine phosphatase receptor type F,P10586,P10586;G1UI20,2519
caffeine,5814,PURB,purine rich element binding protein B,Q96QR8,Q96QR8,2519
caffeine,5829,PXN,paxillin,P49023,P49023;A0A140VJQ8;A0A1B0GTU4;F5GZ78,2519
caffeine,35822,CYP4E2,Cytochrome P450 4e2,Q27606,Q27606;A0A0B4LFT2,2519
caffeine,42682,CYP6D4,Cytochrome P450 6d4,Q9VCW1,Q9VCW1,2519
caffeine,84109,QRFPR,pyroglutamylated RFamide peptide receptor,Q96P65,Q96P65;F2Z3L3,2519
caffeine,26505,CNNM3,cyclin and CBS domain divalent metal cation transport mediator 3,Q8NE01,Q8NE01,2519
caffeine,91949,COG7,component of oligomeric golgi complex 7,P83436,P83436;A0A0S2Z652,2519
caffeine,23518,R3HDM1,R3H domain containing 1,Q15032,Q15032;A0A804HIA8,2519
caffeine,9727,RAB11FIP3,RAB11 family interacting protein 3,O75154,O75154,2519
caffeine,246648,CYP12D1-P,Cytochrome P450 12d1 proximal,P82712,P82712;A0A0B4LF45,2519
caffeine,5862,RAB2A,"RAB2A, member RAS oncogene family",P61019,P61019,2519
caffeine,35587,CYP6A2,Cytochrome P450 6a2,P33270,P33270;A0A075BR14,2519
caffeine,8829,NRP1,neuropilin 1,O14786,O14786;A8K9V7;E9PEP6;Q59F20;Q6X907,2519
caffeine,11316,COPE,coat protein complex I subunit epsilon,O14579,O14579;M0QXB4,2519
caffeine,64708,COPS7B,COP9 signalosome subunit 7B,Q9H9Q2,Q9H9Q2;A0A087X1P5;J3KQ34;J3KQ41;Q6ZTQ7,2519
caffeine,29894,CPSF1,cleavage and polyadenylation specific factor 1,Q10570,Q10570,2519
caffeine,10514,MYBBP1A,MYB binding protein 1a,Q9BQG0,Q9BQG0,2519
caffeine,4628,MYH10,myosin heavy chain 10,P35580,P35580;A0A8I5KZ38;G1UI33,2519
caffeine,80022,MYO15B,myosin XVB,Q96JP2,Q96JP2;Q9H614,2519
caffeine,10966,RAB40B,"RAB40B, member RAS oncogene family",Q12829,Q12829,2519
caffeine,5878,RAB5C,"RAB5C, member RAS oncogene family",P51148,P51148,2519
caffeine,4218,RAB8A,"RAB8A, member RAS oncogene family",P61006,P61006,2519
caffeine,11052,CPSF6,cleavage and polyadenylation specific factor 6,Q16630,Q16630,2519
caffeine,51232,CRIM1,cysteine rich transmembrane BMP regulator 1,Q9NZV1,Q9NZV1,2519
caffeine,4643,MYO1E,myosin IE,Q12965,Q12965;Q4KMR3,2519
caffeine,4647,MYO7A,myosin VIIA,Q13402,Q13402,2519
caffeine,10399,RACK1,receptor for activated C kinase 1,P63244,P63244;E9KL35,2519
caffeine,10111,RAD50,RAD50 double strand break repair protein,Q92878,Q92878;A5D6Y3,2519
caffeine,92154,MTSS2,MTSS I-BAR domain containing 2,Q765P7,Q765P7,2519
caffeine,80198,MUS81,MUS81 structure-specific endonuclease subunit,Q96NY9,Q96NY9;Q53ES5,2519
caffeine,23373,CRTC1,CREB regulated transcription coactivator 1,Q6UUV9,Q6UUV9,2519
caffeine,131544,CRYBG3,crystallin beta-gamma domain containing 3,Q68DQ2,Q68DQ2,2519
caffeine,4664,NAB1,NGFI-A binding protein 1,Q13506,Q13506;A8K8T1;B4DKG1;B8ZZS2,2519
caffeine,92345,NAF1,nuclear assembly factor 1 ribonucleoprotein,Q96HR8,Q96HR8,2519
caffeine,26064,RAI14,retinoic acid induced 14,Q9P0K7,Q9P0K7,2519
caffeine,57148,RALGAPB,Ral GTPase activating protein non-catalytic subunit beta,Q86X10,Q86X10,2519
caffeine,22913,RALY,RALY heterogeneous nuclear ribonucleoprotein,Q9UKM9,Q9UKM9;Q53GL6,2519
caffeine,79004,CUEDC2,CUE domain containing 2,Q9H467,Q9H467,2519
caffeine,54883,CWC25,CWC25 spliceosome associated protein,Q9NXE8,Q9NXE8,2519
caffeine,8498,RANBP3,RAN binding protein 3,Q9H6Z4,Q9H6Z4;B7Z7F3;Q53GE1,2519
caffeine,23108,RAP1GAP2,RAP1 GTPase activating protein 2,Q684P5,Q684P5;A0A1B0GV05;A0A8V8TKZ8;A0A8V8TL16,2519
caffeine,41706,CYP6D5,Cytochrome P450 6d5,Q9VFP1,Q9VFP1,2519
caffeine,5921,RASA1,RAS p21 protein activator 1,P20936,P20936;Q59GK3,2519
caffeine,5925,RB1,RB transcriptional corepressor 1,P06400,P06400;A0A2R8YFL6;A0A3B3IS71,2519
caffeine,5930,RBBP6,"RB binding protein 6, ubiquitin ligase",Q7Z6E9,Q7Z6E9,2519
caffeine,23543,RBFOX2,RNA binding fox-1 homolog 2,O43251,O43251;A0A8Q3WKT3,2519
caffeine,389677,RBM12B,RNA binding motif protein 12B,Q8IXT5,Q8IXT5,2519
caffeine,84991,RBM17,RNA binding motif protein 17,Q96I25,Q96I25;Q5W009,2519
caffeine,155435,RBM33,RNA binding motif protein 33,Q96EV2,Q96EV2,2519
caffeine,83759,RBM4B,RNA binding motif protein 4B,Q9BQ04,Q9BQ04;E9PLB0,2519
caffeine,9939,RBM8A,RNA binding motif protein 8A,Q9Y5S9,Q9Y5S9;A0A023T787,2519
caffeine,27316,RBMX,RNA binding motif protein X-linked,P38159,P38159,2519
caffeine,149041,RC3H1,ring finger and CCCH-type domains 1,Q5TC82,Q5TC82;B7ZMB3;B9EGU6,2519
caffeine,55758,RCOR3,REST corepressor 3,Q9P2K3,Q9P2K3,2519
caffeine,57614,RELCH,"RAB11 binding and LisH domain, coiled-coil and HEAT repeat containing",Q9P260,Q9P260;A0A2R8Y566;Q96ES0,2519
caffeine,11079,RER1,retention in endoplasmic reticulum sorting receptor 1,O15258,O15258;Q5T094,2519
caffeine,79137,RETREG2,reticulophagy regulator family member 2,Q8NC44,Q8NC44;B3KR51,2519
caffeine,254958,REXO1L1P,"REXO1 like 1, pseudogene",,,2519
caffeine,117584,RFFL,ring finger and FYVE like domain containing E3 ubiquitin protein ligase,Q8WZ73,Q8WZ73,2519
caffeine,64864,RFX7,regulatory factor X7,Q2KHR2,Q2KHR2;A0A8C8UYX0;A0AAA9Y9D9,2519
caffeine,400966,RGPD1,RANBP2 like and GRIP domain containing 1,P0DJD0,P0DJD0;A0A286YES2;F8VYC4,2519
caffeine,10636,RGS14,regulator of G protein signaling 14,O43566,O43566,2519
caffeine,85415,RHPN2,rhophilin Rho GTPase binding protein 2,Q8IUC4,Q8IUC4,2519
caffeine,253260,RICTOR,RPTOR independent companion of MTOR complex 2,Q6R327,Q6R327;A0AA34QVX7;D6R9S6,2519
caffeine,6015,RING1,ring finger protein 1,Q06587,Q06587;A0A1U9X8F2,2519
caffeine,8780,RIOK3,RIO kinase 3,O14730,O14730;B0YJ89;B4E1Q4,2519
caffeine,79567,RIPOR1,RHO family interacting cell polarization regulator 1,Q6ZS17,Q6ZS17;A0A0A0MTL6,2519
caffeine,10412,NSA2,NSA2 ribosome biogenesis factor,O95478,O95478;A0A0A0MQZ6;Q5J7U2,2519
caffeine,4798,NFRKB,nuclear factor related to kappaB binding protein,Q6P4R8,Q6P4R8,2519
caffeine,79840,NHEJ1,non-homologous end joining factor 1,Q9H9Q4,Q9H9Q4;H7C0G7,2519
caffeine,57648,NHSL3,NHS like 3,Q9P206,Q9P206,2519
caffeine,25836,NIPBL,NIPBL cohesin loading factor,Q6KC79,Q6KC79;A0A590UJS4,2519
caffeine,4820,NKTR,natural killer cell triggering receptor,P30414,P30414,2519
caffeine,64802,NMNAT1,nicotinamide nucleotide adenylyltransferase 1,Q9HAN9,Q9HAN9;B1AN62,2519
caffeine,64318,NOC3L,NOC3 like DNA replication regulator,Q8WTT2,Q8WTT2,2519
caffeine,55035,NOL8,nucleolar protein 8,Q76FK4,Q76FK4;A6H8Z4,2519
caffeine,4839,NOP2,NOP2 nucleolar protein,P46087,P46087,2519
caffeine,9722,NOS1AP,nitric oxide synthase 1 adaptor protein,O75052,O75052,2519
caffeine,29881,NPC1L1,NPC1 like intracellular cholesterol transporter 1,Q9UHC9,Q9UHC9;A0A0C4DFX6,2519
caffeine,64151,NCAPG,non-SMC condensin I complex subunit G,Q9BPX3,Q9BPX3,2519
caffeine,4690,NCK1,NCK adaptor protein 1,P16333,P16333;A0A0S2Z4Y3,2519
caffeine,10499,NCOA2,nuclear receptor coactivator 2,Q15596,Q15596;B4DPW8,2519
caffeine,9611,NCOR1,nuclear receptor corepressor 1,O75376,O75376;A0A994J5B8;H0Y459;Q6PGR4,2519
caffeine,10403,NDC80,NDC80 kinetochore complex component,O14777,O14777;A8K031,2519
caffeine,57447,NDRG2,NDRG family member 2,Q9UN36,Q9UN36,2519
caffeine,5819,NECTIN2,nectin cell adhesion molecule 2,Q92692,Q92692,2519
caffeine,4739,NEDD9,"neural precursor cell expressed, developmentally down-regulated 9",Q14511,Q14511;A0A087WUD2,2519
caffeine,6787,NEK4,NIMA related kinase 4,P51957,P51957;Q05DF6,2519
caffeine,7936,NELFE,negative elongation factor complex member E,P18615,P18615;A0A1U9X830,2519
caffeine,63973,NEUROG2,neurogenin 2,Q9H2A3,Q9H2A3,2519
caffeine,84901,NFATC2IP,nuclear factor of activated T cells 2 interacting protein,Q8NCF5,Q8NCF5,2519
caffeine,10257,ABCC4,ATP binding cassette subfamily C member 4 (PEL blood group),O15439,O15439;A8K2Q2,2519
caffeine,10006,ABI1,abl interactor 1,Q8IZP0,Q8IZP0;A0A0A0MRT6;B6VEX3;B6VEX4;B6VEX5,2519
caffeine,65057,ACD,ACD shelterin complex subunit and telomerase recruitment factor,Q96AP0,Q96AP0;A0A8Q3WM11,2519
caffeine,284325,ACTMAP,actin maturation protease,Q5BKX5,Q5BKX5,2519
caffeine,23536,ADAT1,adenosine deaminase tRNA specific 1,Q9BUB4,Q9BUB4,2519
caffeine,57211,ADGRG6,adhesion G protein-coupled receptor G6,Q86SQ4,Q86SQ4,2519
caffeine,80755,AARSD1,alanyl-tRNA synthetase domain containing 1,Q9BTE6,Q9BTE6,2519
caffeine,121536,AEBP2,AE binding protein 2,Q6ZN18,Q6ZN18,2519
caffeine,389813,AJM1,apical junction component 1 homolog,C9J069,C9J069,2519
caffeine,11215,AKAP11,A-kinase anchoring protein 11,Q9UKA4,Q9UKA4,2519
caffeine,10142,AKAP9,A-kinase anchoring protein 9,Q99996,Q99996;A0A2R8Y590;Q5GIA7;Q6PJH3,2519
caffeine,65992,DDRGK1,DDRGK domain containing 1,Q96HY6,Q96HY6,2519
caffeine,55308,DDX19A,DEAD-box helicase 19A,Q9NUU7,Q9NUU7;B4DS24;I3L0H8,2519
caffeine,10212,DDX39A,DExD-box helicase 39A,O00148,O00148,2519
caffeine,10189,ALYREF,Aly/REF export factor,Q86V81,Q86V81;E9PB61,2519
caffeine,51428,DDX41,DEAD-box helicase 41,Q9UJV9,Q9UJV9;B3KRK2,2519
caffeine,83479,DDX59,DEAD-box helicase 59,Q5T1V6,Q5T1V6;B7Z5N6,2519
caffeine,51421,AMOTL2,angiomotin like 2,Q9Y2J4,Q9Y2J4,2519
caffeine,29945,ANAPC4,anaphase promoting complex subunit 4,Q9UJX5,Q9UJX5;B3KN47,2519
caffeine,54882,ANKHD1,ankyrin repeat and KH domain containing 1,Q8IWZ3,Q8IWZ3,2519
caffeine,6764,DENND2B,DENN domain containing 2B,P78524,P78524,2519
caffeine,201627,DENND6A,DENN domain containing 6A,Q8IWF6,Q8IWF6,2519
caffeine,54487,DGCR8,DGCR8 microprocessor complex subunit,Q8WYQ5,Q8WYQ5,2519
caffeine,23253,ANKRD12,ankyrin repeat domain 12,Q6UB98,Q6UB98,2519
caffeine,84079,ANKRD27,ankyrin repeat domain 27,Q96NW4,Q96NW4,2519
caffeine,54443,ANLN,"anillin, actin binding protein",Q9NQW6,Q9NQW6;A8K5D9,2519
caffeine,8449,DHX16,DEAH-box helicase 16,O60231,O60231;A0A1U9X7L7;B4DZ28;Q5SQH4;Q5SQH5,2519
caffeine,11083,DIDO1,death inducer-obliterator 1,Q9BTC0,Q9BTC0,2519
caffeine,164668,APOBEC3H,apolipoprotein B mRNA editing enzyme catalytic subunit 3H,Q6NTF7,Q6NTF7;A0A087WZI3;B7TQM3;B7TQM4;B7TQM8;B7TQM9,2519
caffeine,23341,DNAJC16,DnaJ heat shock protein family (Hsp40) member C16,Q9Y2G8,Q9Y2G8,2519
caffeine,23268,DNMBP,dynamin binding protein,Q6XZF7,Q6XZF7;A0A1B0GTX1;A0A1C7CYY6;B3KY33;B4E0Q3,2519
caffeine,30836,DNTTIP2,deoxynucleotidyltransferase terminal interacting protein 2,Q5QJE6,Q5QJE6,2519
caffeine,85440,DOCK7,dedicator of cytokinesis 7,Q96N67,Q96N67,2519
caffeine,23033,DOP1A,DOP1 leucine zipper like protein A,Q5JWR5,Q5JWR5;B2RWN9;Q5TA12,2519
caffeine,8813,DPM1,"dolichyl-phosphate mannosyltransferase subunit 1, catalytic",O60762,O60762;A0A0S2Z4Y5;H0Y368;Q5QPK2,2519
caffeine,92675,DTD1,D-aminoacyl-tRNA deacylase 1,Q8TEA8,Q8TEA8;A0A2R8Y6X2,2519
caffeine,151636,DTX3L,deltex E3 ubiquitin ligase 3L,Q8TDB6,Q8TDB6,2519
caffeine,9666,DZIP3,DAZ interacting zinc finger protein 3,Q86Y13,Q86Y13,2519
caffeine,85403,EAF1,ELL associated factor 1,Q96JC9,Q96JC9,2519
caffeine,9718,ECE2,endothelin converting enzyme 2,P0DPD6,P0DPD6,2519
caffeine,55968,NSFL1C,NSFL1 cofactor,Q9UNZ2,Q9UNZ2;Q53FE8,2519
caffeine,4682,NUBP1,"NUBP iron-sulfur cluster assembly factor 1, cytosolic",P53384,P53384,2519
caffeine,57532,NUFIP2,nuclear FMR1 interacting protein 2,Q7Z417,Q7Z417,2519
caffeine,23644,EDC4,enhancer of mRNA decapping 4,Q6P2E9,Q6P2E9;A0A8B0RAT7,2519
caffeine,221143,EEF1AKMT1,EEF1A lysine methyltransferase 1,Q8WVE0,Q8WVE0;B2RE94,2519
caffeine,9972,NUP153,nucleoporin 153,P49790,P49790,2519
caffeine,8021,NUP214,nucleoporin 214,P35658,P35658;B7ZAV2,2519
caffeine,23636,NUP62,nucleoporin 62,P37198,P37198,2519
caffeine,399665,EEIG1,estrogen-induced osteoclastogenesis regulator 1,Q5T9C2,Q5T9C2,2519
caffeine,9343,EFTUD2,elongation factor Tu GTP binding domain containing 2,Q15029,Q15029;B3KX19,2519
caffeine,23301,EHBP1,EH domain binding protein 1,Q8NDI1,Q8NDI1;A0A140VK17;A8K930,2519
caffeine,57495,NWD2,NACHT and WD repeat domain containing 2,Q9ULI1,Q9ULI1,2519
caffeine,54940,OCIAD1,OCIA domain containing 1,Q9NX40,Q9NX40,2519
caffeine,11054,OGFR,opioid growth factor receptor,Q9NZT2,Q9NZT2,2519
caffeine,30844,EHD4,EH domain containing 4,Q9H223,Q9H223;A8K9B9,2519
caffeine,10209,EIF1,eukaryotic translation initiation factor 1,P41567,P41567;Q6IAV3,2519
caffeine,27102,EIF2AK1,eukaryotic translation initiation factor 2 alpha kinase 1,Q9BQI3,Q9BQI3,2519
caffeine,10133,OPTN,optineurin,Q96CV9,Q96CV9,2519
caffeine,5007,OSBP,oxysterol binding protein,P22059,P22059,2519
caffeine,114882,OSBPL8,oxysterol binding protein like 8,Q9BZF1,Q9BZF1,2519
caffeine,10395,DLC1,DLC1 Rho GTPase activating protein,Q96QB1,Q96QB1;A8K119,2519
caffeine,9787,DLGAP5,DLG associated protein 5,Q15398,Q15398,2519
caffeine,27125,AFF4,ALF transcription elongation factor 4,Q9UHB7,Q9UHB7,2519
caffeine,25909,AHCTF1,AT-hook containing transcription factor 1,Q8WYP5,Q8WYP5,2519
caffeine,8894,EIF2S2,eukaryotic translation initiation factor 2 subunit beta,P20042,P20042;Q6IBR8,2519
caffeine,8663,EIF3C,eukaryotic translation initiation factor 3 subunit C,Q99613,Q99613,2519
caffeine,8669,EIF3J,eukaryotic translation initiation factor 3 subunit J,O75822,O75822,2519
caffeine,26578,OSTF1,osteoclast stimulating factor 1,Q92882,Q92882,2519
caffeine,55593,OTUD5,OTU deubiquitinase 5,Q96G74,Q96G74,2519
caffeine,5036,PA2G4,proliferation-associated 2G4,Q9UQ80,Q9UQ80,2519
caffeine,9775,EIF4A3,eukaryotic translation initiation factor 4A3,P38919,P38919;I3L3H2,2519
caffeine,7458,EIF4H,eukaryotic translation initiation factor 4H,Q15056,Q15056,2519
caffeine,55690,PACS1,phosphofurin acidic cluster sorting protein 1,Q6VY07,Q6VY07,2519
caffeine,5053,PAH,phenylalanine hydroxylase,P00439,P00439,2519
caffeine,5062,PAK2,p21 (RAC1) activated kinase 2,Q13177,Q13177;A8K5M4,2519
caffeine,22936,ELL2,elongation factor for RNA polymerase II 2,O00472,O00472;Q59FW6,2519
caffeine,445815,PALM2AKAP2,PALM2 and AKAP2 fusion,Q9Y2D5,Q9Y2D5,2519
caffeine,255967,PAN3,poly(A) specific ribonuclease subunit PAN3,Q58A45,Q58A45,2519
caffeine,64895,PAPOLG,poly(A) polymerase gamma,Q9BWT3,Q9BWT3,2519
caffeine,55140,ELP3,elongator acetyltransferase complex subunit 3,Q9H9T3,Q9H9T3;B4DKA4;B4DXV1,2519
caffeine,256364,EML3,EMAP like 3,Q32P44,Q32P44;B4DL97;B7WPE2,2519
caffeine,5073,PARN,poly(A)-specific ribonuclease,O95453,O95453;A0A494C0Q2;A0A494C1K5;A0A494C1N1;B3KN69,2519
caffeine,64761,PARP12,poly(ADP-ribose) polymerase family member 12,Q9H0J9,Q9H0J9;A4D1T0;G5E9U9,2519
caffeine,57669,EPB41L5,erythrocyte membrane protein band 4.1 like 5,Q9HCM4,Q9HCM4,2519
caffeine,10207,PATJ,PATJ crumbs cell polarity complex component,Q8NI35,Q8NI35;A0A2R8Y549,2519
caffeine,94104,PAXBP1,PAX3 and PAX7 binding protein 1,Q9Y5B6,Q9Y5B6;Q8N6E6,2519
caffeine,388939,PCARE,photoreceptor cilium actin regulator,A6NGG8,A6NGG8,2519
caffeine,26167,PCDHB5,protocadherin beta 5,Q9Y5E4,Q9Y5E4;Q59FR6,2519
caffeine,9768,PCLAF,PCNA clamp associated factor,Q15004,Q15004,2519
caffeine,22990,PCNX1,pecanex 1,Q96RV3,Q96RV3,2519
caffeine,83481,EPPK1,epiplakin 1,P58107,P58107,2519
caffeine,58513,EPS15L1,epidermal growth factor receptor pathway substrate 15 like 1,Q9UBC2,Q9UBC2;A0AAQ5BI61,2519
caffeine,9468,PCYT1B,"phosphate cytidylyltransferase 1B, choline",Q9Y5K3,Q9Y5K3,2519
caffeine,27250,PDCD4,programmed cell death 4,Q53EL6,Q53EL6;B4DKX4,2519
caffeine,9601,PDIA4,protein disulfide isomerase family A member 4,P13667,P13667;A0A090N8Y2;A0A499FI48,2519
caffeine,375748,ERCC6L2,ERCC excision repair 6 like 2,Q5T890,Q5T890;A0A590UJ12;A0A590UJA1;A0A590UJK0;A0A5F9UKL4;A0A804HJ75;A0A804HK79;A0AAQ5BIG0,2519
caffeine,157570,ESCO2,establishment of sister chromatid cohesion N-acetyltransferase 2,Q56NI9,Q56NI9,2519
caffeine,9260,PDLIM7,PDZ and LIM domain 7,Q9NR12,Q9NR12,2519
caffeine,118987,PDZD8,PDZ domain containing 8,Q8NEN9,Q8NEN9,2519
caffeine,55825,PECR,peroxisomal trans-2-enoyl-CoA reductase,Q9BY49,Q9BY49,2519
caffeine,83715,ESPN,espin,B1AK53,B1AK53,2519
caffeine,5194,PEX13,peroxisomal biogenesis factor 13,Q92968,Q92968,2519
caffeine,5213,PFKM,"phosphofructokinase, muscle",P08237,P08237;A0A024R0Y5;A0A0S2Z4I1;A0A2R8Y891;F8VTQ3,2519
caffeine,84547,PGBD1,piggyBac transposable element derived 1,Q96JS3,Q96JS3,2519
caffeine,81558,FAM117A,family with sequence similarity 117 member A,Q9C073,Q9C073,2519
caffeine,23201,FAM168A,family with sequence similarity 168 member A,Q92567,Q92567,2519
caffeine,283635,FAM177A1,family with sequence similarity 177 member A1,Q8N128,Q8N128,2519
caffeine,9679,FAM53B,family with sequence similarity 53 member B,Q14153,Q14153,2519
caffeine,51439,FAM8A1,family with sequence similarity 8 member A1,Q9UBU6,Q9UBU6,2519
caffeine,57697,FANCM,FA complementation group M,Q8IYD8,Q8IYD8;A0A8Q3WLG3,2519
caffeine,54620,FBXL19,F-box and leucine rich repeat protein 19,Q6PCT2,Q6PCT2;H3BPZ0;H3BVB1,2519
caffeine,26271,FBXO5,F-box protein 5,Q9UKT4,Q9UKT4,2519
caffeine,115352,FCRL3,Fc receptor like 3,Q96P31,Q96P31,2519
caffeine,10979,FERMT2,FERM domain containing kindlin 2,Q96AC1,Q96AC1,2519
caffeine,55763,EXOC1,exocyst complex component 1,Q9NV70,Q9NV70,2519
caffeine,8772,FADD,Fas associated via death domain,Q13158,Q13158,2519
caffeine,55785,FGD6,"FYVE, RhoGEF and PH domain containing 6",Q6ZV73,Q6ZV73,2519
caffeine,84067,FHIP1B,FHF complex subunit HOOK interacting protein 1B,Q8N612,Q8N612,2519
caffeine,23307,FKBP15,FKBP prolyl isomerase family member 15,Q5T1M5,Q5T1M5,2519
caffeine,84256,FLYWCH1,FLYWCH-type zinc finger 1,Q4VC44,Q4VC44,2519
caffeine,23360,FNBP4,formin binding protein 4,Q8N3X1,Q8N3X1,2519
caffeine,57600,FNIP2,folliculin interacting protein 2,Q9P278,Q9P278,2519
caffeine,55810,FOXJ2,forkhead box J2,Q9P0K8,Q9P0K8,2519
caffeine,116113,FOXP4,forkhead box P4,Q8IVH2,Q8IVH2;B7ZBM3,2519
caffeine,122786,FRMD6,FERM domain containing 6,Q96NE9,Q96NE9,2519
caffeine,10129,FRY,FRY microtubule binding protein,Q5TBA9,Q5TBA9;A0A286YFA9,2519
caffeine,8880,FUBP1,far upstream element binding protein 1,Q96AE4,Q96AE4;A0A384MDX9;A0A994J3Q8;B4DT31;C9JSZ1,2519
caffeine,8087,FXR1,FMR1 autosomal homolog 1,P51114,P51114;A0A0F7KYT8;A0A0F7L0Q8;A0A0F7L1S3;A0A8V8TMQ1;A0A8V8TNP6;E7EU85;E9PFF5,2519
caffeine,84248,FYTTD1,forty-two-three domain containing 1,Q96QD9,Q96QD9,2519
caffeine,9908,G3BP2,G3BP stress granule assembly factor 2,Q9UN86,Q9UN86;A0A7I2V3P9;A0A7I2V647,2519
caffeine,64762,GAREM1,GRB2 associated regulator of MAPK1 subtype 1,Q9H706,Q9H706,2519
caffeine,10634,GAS2L1,growth arrest specific 2 like 1,Q99501,Q99501;A0A5E8,2519
caffeine,57459,GATAD2B,GATA zinc finger domain containing 2B,Q8WXI9,Q8WXI9,2519
caffeine,54960,GEMIN8,gem nuclear organelle associated protein 8,Q9NWZ8,Q9NWZ8,2519
caffeine,79893,GGNBP2,gametogenetin binding protein 2,Q9H3C7,Q9H3C7,2519
caffeine,64599,GIGYF1,GRB10 interacting GYF protein 1,O75420,O75420,2519
caffeine,28964,GIT1,GIT ArfGAP 1,Q9Y2X7,Q9Y2X7;Q59FC3,2519
caffeine,389741,GLIDR,glioblastoma down-regulated RNA,,,2519
caffeine,84656,GLYR1,glyoxylate reductase 1 homolog,Q49A26,Q49A26;Q9NZ78,2519
caffeine,54552,GNL3L,G protein nucleolar 3 like,Q9NVN8,Q9NVN8;Q05DU1,2519
caffeine,54856,GON4L,gon-4 like,Q3T8J9,Q3T8J9;A4PB67;A4PB68;Q14BN2;Q9H986,2519
caffeine,55668,GPATCH2L,G-patch domain containing 2 like,Q9NWQ4,Q9NWQ4,2519
caffeine,10243,GPHN,gephyrin,Q9NQX3,Q9NQX3,2519
caffeine,55890,GPRC5C,G protein-coupled receptor class C group 5 member C,Q9NQ84,Q9NQ84;A0A0C4DFY5;A8MXZ4;Q9BSP0,2519
caffeine,9380,GRHPR,glyoxylate and hydroxypyruvate reductase,Q9UBQ7,Q9UBQ7;A0A384N605,2519
caffeine,9567,GTPBP1,GTP binding protein 1,O00178,O00178,2519
caffeine,64412,GZF1,GDNF inducible zinc finger protein 1,Q9H116,Q9H116,2519
caffeine,8294,H4C9,H4 clustered histone 9,P62805,P62805,2519
caffeine,54930,HAUS4,HAUS augmin like complex subunit 4,Q9H6D7,Q9H6D7,2519
caffeine,51020,HDDC2,HD domain containing 2,Q7Z4H3,Q7Z4H3;A0A140VJK7,2519
caffeine,55127,HEATR1,HEAT repeat containing 1,Q9H583,Q9H583;A2VDI1;B2RWN5,2519
caffeine,25831,HECTD1,HECT domain E3 ubiquitin protein ligase 1,Q9ULT8,Q9ULT8;A0A087X2H1;A0A8I5QJU2;H0YJD4,2519
caffeine,9931,HELZ,helicase with zinc finger,P42694,P42694;A0A2P0H7U5;B7ZLW2;J3QS41,2519
caffeine,124790,HEXIM2,HEXIM P-TEFb complex subunit 2,Q96MH2,Q96MH2,2519
caffeine,25994,HIGD1A,HIG1 hypoxia inducible domain family member 1A,Q9Y241,Q9Y241,2519
caffeine,8091,HMGA2,high mobility group AT-hook 2,P52926,P52926;F5H2A4;F5H6H0;Q1M183,2519
caffeine,9987,HNRNPDL,heterogeneous nuclear ribonucleoprotein D like,O14979,O14979;A0A087WUK2,2519
caffeine,51361,HOOK1,hook microtubule tethering protein 1,Q9UJC3,Q9UJC3,2519
caffeine,50809,HP1BP3,heterochromatin protein 1 binding protein 3,Q5SSJ5,Q5SSJ5,2519
caffeine,391634,HSP90AB2P,"heat shock protein 90 alpha family class B member 2, pseudogene",,,2519
caffeine,80895,ILKAP,ILK associated serine/threonine phosphatase,Q9H0C8,Q9H0C8,2519
caffeine,64423,INF2,inverted formin 2,Q27J81,Q27J81,2519
caffeine,54891,INO80D,INO80 complex subunit D,Q53TQ3,Q53TQ3,2519
caffeine,65123,INTS3,integrator complex subunit 3,Q68E01,Q68E01,2519
caffeine,9922,IQSEC1,IQ motif and Sec7 domain ArfGEF 1,Q6DN90,Q6DN90;A0A0C4DGT3;A0A3B3IRZ4;B4DGC5,2519
caffeine,64207,IRF2BPL,interferon regulatory factor 2 binding protein like,Q9H1B7,Q9H1B7,2519
caffeine,6453,ITSN1,intersectin 1,Q15811,Q15811;A7XZY7;F8W7U0;Q6PD56,2519
caffeine,23338,JADE2,jade family PHD finger 2,Q9NQC1,Q9NQC1;A0A087X085;A0A0C4DFT8;B3KPL2;B4DFY8;G3XAA4,2519
caffeine,252983,STXBP4,syntaxin binding protein 4,Q6ZWJ1,Q6ZWJ1;B5MCT9,2519
caffeine,64426,SUDS3,SIN3A corepressor complex component SDS3,Q9H7L9,Q9H7L9,2519
caffeine,445329,SULT1A4,sulfotransferase family 1A member 4,P0DMM9,P0DMM9;P0DMN0,2519
caffeine,6829,SUPT5H,"SPT5 homolog, DSIF elongation factor subunit",O00267,O00267,2519
caffeine,6839,SUV39H1,SUV39H1 histone lysine methyltransferase,O43463,O43463,2519
caffeine,94056,SYAP1,synapse associated protein 1,Q96A49,Q96A49,2519
caffeine,23224,SYNE2,spectrin repeat containing nuclear envelope protein 2,Q8WXH0,Q8WXH0,2519
caffeine,11276,SYNRG,synergin gamma,Q9UMZ2,Q9UMZ2,2519
caffeine,23334,SZT2,SZT2 subunit of KICSTOR complex,Q5T011,Q5T011,2519
caffeine,10579,TACC2,transforming acidic coiled-coil containing protein 2,O95359,O95359;B2RWP4;B7ZMJ9;D6RAA5;E7EMZ9;E9PBC6;Q4VXL4;Q4VXL8,2519
caffeine,6873,TAF2,TATA-box binding protein associated factor 2,Q6P1X5,Q6P1X5;A0A8I5KSY6;A0A8I5KV60;A0A8I5QJR0;B3KMD8,2519
caffeine,10629,TAF6L,TATA-box binding protein associated factor 6 like,Q9Y6J9,Q9Y6J9;A8K0D4,2519
caffeine,6876,TAGLN,transgelin,Q01995,Q01995;Q5U0D2,2519
caffeine,9344,TAOK2,TAO kinase 2,Q9UL54,Q9UL54,2519
caffeine,6897,TARS1,threonyl-tRNA synthetase 1,P26639,P26639,2519
caffeine,26000,TBC1D10B,TBC1 domain family member 10B,Q4KMP7,Q4KMP7,2519
caffeine,55633,TBC1D22B,TBC1 domain family member 22B,Q9NU19,Q9NU19,2519
caffeine,9779,TBC1D5,TBC1 domain family member 5,Q92609,Q92609;B9A6K1,2519
caffeine,6909,TBX2,T-box transcription factor 2,Q13207,Q13207,2519
caffeine,79921,TCEAL4,transcription elongation factor A like 4,Q96EI5,Q96EI5;A0A384NKK0,2519
caffeine,153090,DAB2IP,DAB2 interacting protein,Q5VWQ8,Q5VWQ8,2519
caffeine,55827,DCAF6,DDB1 and CUL4 associated factor 6,Q58WW2,Q58WW2,2519
caffeine,80344,DCAF11,DDB1 and CUL4 associated factor 11,Q8TEB1,Q8TEB1;B3KSW2;Q59GN6,2519
caffeine,58191,CXCL16,C-X-C motif chemokine ligand 16,Q9H2A7,Q9H2A7,2519
caffeine,10509,SEMA4B,semaphorin 4B,Q9NPR2,Q9NPR2,2519
caffeine,26168,SENP3,SUMO specific peptidase 3,Q9H4L4,Q9H4L4,2519
caffeine,151246,SGO2,shugoshin 2,Q562F6,Q562F6;B7Z7S9,2519
caffeine,25970,SH2B1,SH2B adaptor protein 1,Q9NRF2,Q9NRF2;B3KNV5;B4DLN5,2519
caffeine,79729,SH3D21,SH3 domain containing 21,A4FU49,A4FU49,2519
caffeine,9644,SH3PXD2A,SH3 and PX domains 2A,Q5TCZ1,Q5TCZ1;B3KPL1;B7Z9L8,2519
caffeine,6461,SHB,SH2 domain containing adaptor protein B,Q15464,Q15464,2519
caffeine,6224,RPS20,ribosomal protein S20,P60866,P60866,2519
caffeine,6234,RPS28,ribosomal protein S28,P62857,P62857;B2R4R9,2519
caffeine,51097,SCCPDH,saccharopine dehydrogenase (putative),Q8NBX0,Q8NBX0;A0A384NPM7,2519
caffeine,10389,SCML2,Scm polycomb group protein like 2,Q9UQR0,Q9UQR0,2519
caffeine,6385,SDC4,syndecan 4,P31431,P31431;B4E1S6,2519
caffeine,6397,SEC14L1,SEC14 like lipid binding 1,Q92503,Q92503;A5PLM6;Q59HE8,2519
caffeine,10484,SEC23A,"SEC23 homolog A, COPII component",Q15436,Q15436,2519
caffeine,10952,SEC61B,SEC61 translocon subunit beta,P60468,P60468,2519
caffeine,5265,SERPINA1,serpin family A member 1,P01009,P01009;A0A024R6N5;A0A384MDQ7;E9KL23,2519
caffeine,574036,SERTAD4-AS1,SERTAD4 antisense RNA 1,,,2519
caffeine,29072,SETD2,"SET domain containing 2, histone lysine methyltransferase",Q9BYW2,Q9BYW2;A0A1W2PPX9,2519
caffeine,23064,SETX,senataxin,Q7Z333,Q7Z333,2519
caffeine,10946,SF3A3,splicing factor 3a subunit 3,Q12874,Q12874;B4DW90,2519
caffeine,6421,SFPQ,splicing factor proline and glutamine rich,P23246,P23246;A0A384N5Z8;Q86VG2,2519
caffeine,25942,SIN3A,SIN3 transcription regulator family member A,Q96ST3,Q96ST3,2519
caffeine,27240,SIT1,signaling threshold regulating transmembrane adaptor 1,Q9Y3P8,Q9Y3P8,2519
caffeine,6499,SKIC2,SKI2 subunit of superkiller complex,Q15477,Q15477;A0A1U9X8J1;A0A8V8TLC0;H7C5N0,2519
caffeine,57606,SLAIN2,SLAIN motif family member 2,Q9P270,Q9P270;A0A024R9T6,2519
caffeine,6573,SLC19A1,solute carrier family 19 member 1,P41440,P41440,2519
caffeine,6575,SLC20A2,solute carrier family 20 member 2,Q08357,Q08357;A0A384MR38;B2RBR4;B4DJ71,2519
caffeine,91137,SLC25A46,solute carrier family 25 member 46,Q96AG3,Q96AG3;B4DY98,2519
caffeine,6513,SLC2A1,solute carrier family 2 member 1,P11166,P11166;Q59GX2,2519
caffeine,11182,SLC2A6,solute carrier family 2 member 6,Q9UGQ3,Q9UGQ3,2519
caffeine,54978,SLC35F6,solute carrier family 35 member F6,Q8N357,Q8N357,2519
caffeine,10991,SLC38A3,solute carrier family 38 member 3,Q99624,Q99624,2519
caffeine,54946,SLC41A3,solute carrier family 41 member 3,Q96GZ6,Q96GZ6,2519
caffeine,146802,SLC47A2,solute carrier family 47 member 2,Q86VL8,Q86VL8,2519
caffeine,160728,SLC5A8,solute carrier family 5 member 8,Q8N695,Q8N695,2519
caffeine,6535,SLC6A8,solute carrier family 6 member 8,P48029,P48029;Q59EV7;X5D9C4,2519
caffeine,84679,SLC9A7,solute carrier family 9 member A7,Q96T83,Q96T83;A0A087WXD1,2519
caffeine,353189,SLCO4C1,solute carrier organic anion transporter family member 4C1,Q6ZQN7,Q6ZQN7,2519
caffeine,79811,SLTM,SAFB like transcription modulator,Q9NWH9,Q9NWH9,2519
caffeine,29919,RMC1,regulator of MON1-CCZ1,Q96DM3,Q96DM3;B7Z201;B7Z2Y1;B7Z3Q1;K7ENL9,2519
caffeine,246243,RNASEH1,ribonuclease H1,O60930,O60930;B3KUD4;E5KN15,2519
caffeine,6045,RNF2,ring finger protein 2,Q99496,Q99496,2519
caffeine,55182,RNF220,ring finger protein 220,Q5VTB9,Q5VTB9,2519
caffeine,54894,RNF43,ring finger protein 43,Q68DV7,Q68DV7;J3KSE3,2519
caffeine,55599,RNPC3,"RNA binding region (RNP1, RRM) containing 3",Q96LT9,Q96LT9,2519
caffeine,6157,RPL27A,ribosomal protein L27a,P46776,P46776,2519
caffeine,25873,RPL36,ribosomal protein L36,Q9Y3U8,Q9Y3U8,2519
caffeine,6100,RP9,RP9 pre-mRNA splicing factor,Q8TA86,Q8TA86;A0A090N8Z0,2519
caffeine,6103,RPGR,retinitis pigmentosa GTPase regulator,Q92834,Q92834;A0A2R8YFT6,2519
caffeine,6139,RPL17,ribosomal protein L17,P18621,P18621;J3QLC8,2519
caffeine,6184,RPN1,ribophorin I,P04843,P04843,2519
caffeine,6204,RPS10,ribosomal protein S10,P46783,P46783,2519
caffeine,6222,RPS18,ribosomal protein S18,P62269,P62269,2519
caffeine,6198,RPS6KB1,ribosomal protein S6 kinase B1,P23443,P23443,2519
caffeine,27079,RPUSD2,RNA pseudouridine synthase domain containing 2,Q8IZ73,Q8IZ73,2519
caffeine,6240,RRM1,ribonucleotide reductase catalytic subunit M1,P23921,P23921;B4DXD1;B4E0I8;E9PL69,2519
caffeine,23076,RRP1B,ribosomal RNA processing 1B,Q14684,Q14684,2519
caffeine,51773,RSF1,remodeling and spacing factor 1,Q96T23,Q96T23;Q05DG0,2519
caffeine,6242,RTKN,rhotekin,Q9BST9,Q9BST9;A0A1W2PPZ2,2519
caffeine,25914,RTTN,rotatin,Q86VV8,Q86VV8,2519
caffeine,10856,RUVBL2,RuvB like AAA ATPase 2,Q9Y230,Q9Y230;B3KNL2,2519
caffeine,6281,S100A10,S100 calcium binding protein A10,P60903,P60903,2519
caffeine,644815,SACK1G,scaffolding CK1 anchoring protein G,A6ND36,A6ND36,2519
caffeine,9667,SAFB2,scaffold attachment factor B2,Q14151,Q14151,2519
caffeine,55095,SAMD4B,sterile alpha motif domain containing 4B,Q5PRF9,Q5PRF9;M0QZ22;Q66K25;Q8IXP7,2519
caffeine,29115,SAP30BP,SAP30 binding protein,Q9UHR5,Q9UHR5,2519
caffeine,23314,SATB2,SATB homeobox 2,Q9UPW6,Q9UPW6;B3KPQ9;Q59FT3,2519
caffeine,9169,SCAF11,SR-related CTD associated factor 11,Q99590,Q99590;F8VXG7,2519
caffeine,113178,SCAMP4,secretory carrier membrane protein 4,Q969E2,Q969E2,2519
caffeine,6594,SMARCA1,SNF2 related chromatin remodeling ATPase 1,P28370,P28370;A0A0A0MRP6;B7ZLQ5,2519
caffeine,56916,SMARCAD1,SNF2 related chromatin remodeling ATPase with DExD box 1,Q9H4L7,Q9H4L7,2519
caffeine,6605,SMARCE1,SWI/SNF related BAF chromatin remodeling complex subunit E1,Q969G3,Q969G3,2519
caffeine,23137,SMC5,structural maintenance of chromosomes 5,Q8IY18,Q8IY18,2519
caffeine,55181,SMG8,SMG8 nonsense mediated mRNA decay factor,Q8ND04,Q8ND04,2519
caffeine,10285,SMNDC1,survival motor neuron domain containing 1,O75940,O75940,2519
caffeine,64750,SMURF2,SMAD specific E3 ubiquitin protein ligase 2,Q9HAU4,Q9HAU4;Q96DE7,2519
caffeine,27044,SND1,staphylococcal nuclease and tudor domain containing 1,Q7KZF4,Q7KZF4;A0A140VK49,2519
caffeine,9410,SNRNP40,small nuclear ribonucleoprotein U5 subunit 40,Q96DI7,Q96DI7;A0MNP2,2519
caffeine,6641,SNTB1,syntrophin beta 1,Q13884,Q13884,2519
caffeine,22938,SNW1,SNW domain containing 1,Q13573,Q13573;G3V3A4,2519
caffeine,9784,SNX17,sorting nexin 17,Q15036,Q15036;B4DDM3;B4DQ37;B4DTB8,2519
caffeine,29886,SNX8,sorting nexin 8,Q9Y5X2,Q9Y5X2,2519
caffeine,6647,SOD1,superoxide dismutase 1,P00441,P00441;V9HWC9,2519
caffeine,10174,SORBS3,sorbin and SH3 domain containing 3,O60504,O60504,2519
caffeine,9580,SOX13,SRY-box transcription factor 13,Q9UN79,Q9UN79,2519
caffeine,6667,SP1,Sp1 transcription factor,P08047,P08047,2519
caffeine,6671,SP4,Sp4 transcription factor,Q02446,Q02446;A0A3B3IRW4;Q32M51,2519
caffeine,9552,SPAG7,sperm associated antigen 7,O75391,O75391,2519
caffeine,132671,SPATA18,spermatogenesis associated 18,Q8TC71,Q8TC71;A0A140VKF4,2519
caffeine,23013,SPEN,spen family transcriptional repressor,Q96T58,Q96T58,2519
caffeine,56907,SPIRE1,spire type actin nucleation factor 1,Q08AE8,Q08AE8;J3KNG6,2519
caffeine,6697,SPR,sepiapterin reductase,P35270,P35270,2519
caffeine,83932,SPRTN,SprT-like N-terminal domain,Q9H040,Q9H040,2519
caffeine,6709,SPTAN1,"spectrin alpha, non-erythrocytic 1",Q13813,Q13813;A0A0D9SF54;A0A0D9SFF6;A0A0D9SGF6;A0A384P5S9;A0A994J6W3,2519
caffeine,6714,SRC,"SRC proto-oncogene, non-receptor tyrosine kinase",P12931,P12931,2519
caffeine,6722,SRF,serum response factor,P11831,P11831;B4DU24,2519
caffeine,6723,SRM,spermidine synthase,P19623,P19623,2519
caffeine,6733,SRPK2,SRSF protein kinase 2,P78362,P78362;A0A994J591;C9J2M4,2519
caffeine,6426,SRSF1,serine and arginine rich splicing factor 1,Q07955,Q07955;Q59FA2,2519
caffeine,6429,SRSF4,serine and arginine rich splicing factor 4,Q08170,Q08170,2519
caffeine,136853,SSC4D,scavenger receptor cysteine rich family member with 4 domains,Q8WTU2,Q8WTU2,2519
caffeine,117178,SSX2IP,SSX family member 2 interacting protein,Q9Y2D8,Q9Y2D8;B7ZB07,2519
caffeine,8027,STAM,signal transducing adaptor molecule,Q92783,Q92783;B4DZT2,2519
caffeine,6772,STAT1,signal transducer and activator of transcription 1,P42224,P42224;A0A669KB68;A0A8V8TN81,2519
caffeine,6780,STAU1,staufen double-stranded RNA binding protein 1,O95793,O95793;B3KRE0;Q59F99;Q6PJX3,2519
caffeine,26872,STEAP1,STEAP family member 1,Q9UHE8,Q9UHE8,2519
caffeine,114790,STK11IP,serine/threonine kinase 11 interacting protein,Q8N1F8,Q8N1F8,2519
caffeine,55351,STK32B,serine/threonine kinase 32B,Q9NY57,Q9NY57;B2R9M8,2519
caffeine,219736,STOX1,storkhead box 1,Q6ZVD7,Q6ZVD7,2519
caffeine,85369,STRIP1,striatin interacting protein 1,Q5VSL9,Q5VSL9,2519
caffeine,8677,STX10,syntaxin 10,O60499,O60499;Q5U8S2;X6R2W0,2519
caffeine,6810,STX4,syntaxin 4,Q12846,Q12846;B7Z425,2519
caffeine,89797,NAV2,neuron navigator 2,Q8IVL1,Q8IVL1;A7E2D6,2519
caffeine,7466,WFS1,wolframin ER transmembrane glycoprotein,O76024,O76024;A0A0S2Z4V6,2519
caffeine,65268,WNK2,WNK lysine deficient protein kinase 2,Q9Y3S1,Q9Y3S1;E9PCD1,2519
caffeine,7486,WRN,WRN RecQ like helicase,Q14191,Q14191,2519
caffeine,9929,JOSD1,Josephin domain containing 1,Q15040,Q15040,2519
caffeine,151613,TTC14,tetratricopeptide repeat domain 14,Q96N46,Q96N46,2519
caffeine,9654,TTLL4,tubulin tyrosine ligase like 4,Q14679,Q14679,2519
caffeine,79861,TUBAL3,tubulin alpha like 3,A6NHL2,A6NHL2,2519
caffeine,23526,ARHGAP45,Rho GTPase activating protein 45,Q92619,Q92619;B3KVA9;B3KXW7;F5H1R4;K7ES92;K7ES98;Q8IYN3,2519
caffeine,55160,ARHGEF10L,Rho guanine nucleotide exchange factor 10 like,Q9HCE6,Q9HCE6;B4DTL3;Q5VXI4,2519
caffeine,9828,ARHGEF17,Rho guanine nucleotide exchange factor 17,Q96PE2,Q96PE2,2519
caffeine,54923,LIME1,Lck interacting transmembrane adaptor 1,Q9H400,Q9H400;A0A087WT39,2519
caffeine,132660,LIN54,lin-54 DREAM MuvB core complex component,Q6MZP7,Q6MZP7,2519
caffeine,54819,ZCCHC10,zinc finger CCHC-type containing 10,Q8TBK6,Q8TBK6;B3KVL5;B4DU89;D6R9G7;D6RHC2;G3XAM1,2519
caffeine,84243,ZDHHC18,zDHHC palmitoyltransferase 18,Q9NUE0,Q9NUE0,2519
caffeine,29801,ZDHHC8,zDHHC palmitoyltransferase 8,Q9ULC8,Q9ULC8,2519
caffeine,8436,CAVIN2,caveolae associated protein 2,O95810,O95810,2519
caffeine,23175,LPIN1,lipin 1,Q14693,Q14693,2519
caffeine,7763,ZFAND5,zinc finger AN1-type containing 5,O76080,O76080,2519
caffeine,9765,ZFYVE16,zinc finger FYVE-type containing 16,Q7Z3T8,Q7Z3T8,2519
caffeine,57332,CBX8,chromobox 8,Q9HC52,Q9HC52,2519
caffeine,90060,CCDC120,coiled-coil domain containing 120,Q96HB5,Q96HB5,2519
caffeine,51133,KCTD3,potassium channel tetramerization domain containing 3,Q9Y597,Q9Y597;B4DJX2,2519
caffeine,51780,KDM3B,lysine demethylase 3B,Q7LBC6,Q7LBC6,2519
caffeine,92259,KGD4,alpha-ketoglutarate dehydrogenase subunit 4,P82909,P82909,2519
caffeine,51027,BOLA1,bolA family member 1,Q9Y3E2,Q9Y3E2,2519
caffeine,54785,BORCS6,BLOC-1 related complex subunit 6,Q96GS4,Q96GS4,2519
caffeine,8570,KHSRP,KH-type splicing regulatory protein,Q92945,Q92945;M0R0C6,2519
caffeine,9851,KIAA0753,KIAA0753,Q2KHM9,Q2KHM9,2519
caffeine,57536,KIAA1328,KIAA1328,Q86T90,Q86T90,2519
caffeine,23774,BRD1,bromodomain containing 1,O95696,O95696;Q59G93,2519
caffeine,29117,BRD7,bromodomain containing 7,Q9NPI1,Q9NPI1;A0AA34QVS2,2519
caffeine,56992,KIF15,kinesin family member 15,Q9NS87,Q9NS87;C9JKA9,2519
caffeine,23095,KIF1B,kinesin family member 1B,O60333,O60333,2519
caffeine,83990,BRIP1,BRCA1 interacting DNA helicase 1,Q9BX63,Q9BX63;A0A804HJU1;A0A804HL36;J3QKX0,2519
caffeine,27154,BRPF3,bromodomain and PHD finger containing 3,Q9ULD4,Q9ULD4;F6XDC4,2519
caffeine,9044,BTAF1,B-TFIID TATA-box binding protein associated factor 1,O14981,O14981;Q2M1V9;Q8N6J1,2519
caffeine,26128,KIFBP,kinesin family binding protein,Q96EK5,Q96EK5,2519
caffeine,64837,KLC2,kinesin light chain 2,Q9H0B6,Q9H0B6,2519
caffeine,54758,KLHDC4,kelch domain containing 4,Q8TBB5,Q8TBB5,2519
caffeine,56905,C15ORF39,chromosome 15 open reading frame 39,Q6ZRI6,Q6ZRI6,2519
caffeine,339448,C1ORF174,chromosome 1 open reading frame 174,Q8IYL3,Q8IYL3;A0A7P0TAC3,2519
caffeine,55958,KLHL9,kelch like family member 9,Q9P2J3,Q9P2J3;Q58EZ4,2519
caffeine,8085,KMT2D,lysine methyltransferase 2D,O14686,O14686;Q59FG6;Q6PIA1,2519
caffeine,22803,XRN2,5'-3' exoribonuclease 2,Q9H0D6,Q9H0D6;B4DZC3,2519
caffeine,8531,YBX3,Y-box binding protein 3,P16989,P16989,2519
caffeine,81576,YJU2B,YJU2 splicing factor homolog B,P13994,P13994;B7Z1U2,2519
caffeine,25966,C2CD2,C2 calcium dependent domain containing 2,Q9Y426,Q9Y426,2519
caffeine,55322,C5ORF22,chromosome 5 open reading frame 22,Q49AR2,Q49AR2,2519
caffeine,23523,CABIN1,calcineurin binding protein 1,Q9Y6J0,Q9Y6J0;A0A087WWW8,2519
caffeine,64848,YTHDC2,YTH N6-methyladenosine RNA binding protein C2,Q9H6S0,Q9H6S0,2519
caffeine,7531,YWHAE,tyrosine 3-monooxygenase/tryptophan 5-monooxygenase activation protein epsilon,P62258,P62258;V9HW98,2519
caffeine,7534,YWHAZ,tyrosine 3-monooxygenase/tryptophan 5-monooxygenase activation protein zeta,P63104,P63104;D0PNI1,2519
caffeine,157922,CAMSAP1,calmodulin regulated spectrin associated protein 1,Q5T5Y3,Q5T5Y3;A0A384NY94,2519
caffeine,55132,LARP1B,La ribonucleoprotein 1B,Q659C4,Q659C4;A0A3B3ISF0;A0A3B3IT29;A0A994J4X5;G3V0E9,2519
caffeine,51520,LARS1,leucyl-tRNA synthetase 1,Q9P2J5,Q9P2J5;A0A6I8PL42;B4DER1;B4E266,2519
caffeine,26524,LATS2,large tumor suppressor kinase 2,Q9NRM7,Q9NRM7,2519
caffeine,27107,ZBTB11,zinc finger and BTB domain containing 11,O95625,O95625;Q59H97,2519
caffeine,9923,ZBTB40,zinc finger and BTB domain containing 40,Q9NUA8,Q9NUA8;B3KR52;F8WAI8;Q1RMZ5,2519
caffeine,10773,ZBTB6,zinc finger and BTB domain containing 6,Q15916,Q15916,2519
caffeine,6650,CAPN15,calpain 15,O75808,O75808,2519
caffeine,23589,CARHSP1,calcium regulated heat stable protein 1,Q9Y2V2,Q9Y2V2,2519
caffeine,9877,ZC3H11A,zinc finger CCCH-type containing 11A,O75152,O75152,2519
caffeine,124245,ZC3H18,zinc finger CCCH-type containing 18,Q86VM9,Q86VM9;B4DTK7;E7ERS3,2519
caffeine,23264,ZC3H7B,zinc finger CCCH-type containing 7B,Q9UGR2,Q9UGR2,2519
caffeine,23592,LEMD3,LEM domain containing 3,Q9Y2U8,Q9Y2U8,2519
caffeine,57513,CASKIN2,CASK interacting protein 2,Q8WXE0,Q8WXE0,2519
caffeine,57448,BIRC6,baculoviral IAP repeat containing 6,Q9NR09,Q9NR09;A0A8V8TQB4;A0A8V8TR92,2519
caffeine,54887,BLTP3A,bridge-like lipid transfer protein family member 3A,Q6BDS2,Q6BDS2,2519
caffeine,7508,XPC,"XPC complex subunit, DNA damage recognition and repair factor",Q01831,Q01831;A0ABB0MVJ4;X5DRB1,2519
caffeine,7515,XRCC1,X-ray repair cross complementing 1,P18887,P18887;B2RCY5;Q59HH7,2519
caffeine,23522,KAT6B,lysine acetyltransferase 6B,Q8WYB5,Q8WYB5;B2RWN8,2519
caffeine,23247,KATNIP,katanin interacting protein,O60303,O60303,2519
caffeine,8514,KCNAB2,potassium voltage-gated channel subfamily A regulatory beta subunit 2,Q13303,Q13303;B2R776,2519
caffeine,55791,LRIF1,ligand dependent nuclear receptor interacting factor 1,Q5T3J3,Q5T3J3,2519
caffeine,201255,LRRC45,leucine rich repeat containing 45,Q96CN5,Q96CN5,2519
caffeine,9209,LRRFIP2,LRR binding FLII interacting protein 2,Q9Y608,Q9Y608;A0A1S5UZ17,2519
caffeine,5236,PGM1,phosphoglucomutase 1,P36871,P36871;B4DDQ8;B7Z6C2,2519
caffeine,9749,PHACTR2,phosphatase and actin regulator 2,O75167,O75167;J3KP75,2519
caffeine,5252,PHF1,PHD finger protein 1,O43189,O43189;A0A140VJR4;A0A1U9X8A3,2519
caffeine,317762,CCDC85C,coiled-coil domain containing 85C,A6NKD9,A6NKD9,2519
caffeine,26093,CCDC9,coiled-coil domain containing 9,Q9Y3X0,Q9Y3X0;A0A2R8Y4Z8;B4DXW2,2519
caffeine,5253,PHF2,PHD finger protein 2,O75151,O75151,2519
caffeine,23133,PHF8,PHD finger protein 8,Q9UPP1,Q9UPP1;H0Y3N9;O95327,2519
caffeine,23612,PHLDA3,pleckstrin homology like domain family A member 3,Q9Y5J5,Q9Y5J5,2519
caffeine,23239,PHLPP1,PH domain and leucine rich repeat protein phosphatase 1,O60346,O60346,2519
caffeine,5297,PI4KA,phosphatidylinositol 4-kinase alpha,P42356,P42356;A0A140VK35;B4DYG5,2519
caffeine,55367,PIDD1,p53-induced death domain protein 1,Q9HB75,Q9HB75,2519
caffeine,55011,PIH1D1,PIH1 domain containing 1,Q9NWS0,Q9NWS0,2519
caffeine,54984,PINX1,PIN2 (TERF1) interacting telomerase inhibitor 1,Q96BK5,Q96BK5,2519
caffeine,26207,PITPNC1,phosphatidylinositol transfer protein cytoplasmic 1,Q9UKF7,Q9UKF7;A0A0C4DGP0,2519
caffeine,124801,LSM12,LSM12 homolog,Q3MHD2,Q3MHD2;K7ELG9,2519
caffeine,84946,LTV1,LTV1 ribosome biogenesis factor,Q96GA3,Q96GA3,2519
caffeine,7798,LUZP1,leucine zipper protein 1,Q86V48,Q86V48;Q05DE3,2519
caffeine,10576,CCT2,chaperonin containing TCP1 subunit 2,P78371,P78371;V9HW96,2519
caffeine,9088,PKMYT1,"protein kinase, membrane associated tyrosine/threonine 1",Q99640,Q99640;Q0IJ49,2519
caffeine,11187,PKP3,plakophilin 3,Q9Y446,Q9Y446,2519
caffeine,113026,PLCD3,phospholipase C delta 3,Q8N3E9,Q8N3E9,2519
caffeine,55219,MACO1,macoilin 1,Q8N5G2,Q8N5G2,2519
caffeine,23764,MAFF,MAF bZIP transcription factor F,Q9ULX9,Q9ULX9,2519
caffeine,9223,MAGI1,"membrane associated guanylate kinase, WW and PDZ domain containing 1",Q96QZ7,Q96QZ7,2519
caffeine,5339,PLEC,plectin,Q15149,Q15149;A0A8I5KSD5;A0A8I5KUE3;H0YDN1,2519
caffeine,57664,PLEKHA4,pleckstrin homology domain containing A4,Q9H4M7,Q9H4M7;M0R0J1,2519
caffeine,64857,PLEKHG2,pleckstrin homology and RhoGEF domain containing G2,Q9H7P9,Q9H7P9;E7ESZ3,2519
caffeine,63925,ZNF335,zinc finger protein 335,Q9H4Z2,Q9H4Z2;Q8IW09,2519
caffeine,7587,ZNF37A,zinc finger protein 37A,P17032,P17032;A0A1B0GVV4,2519
caffeine,55663,ZNF446,zinc finger protein 446,Q9NWS9,Q9NWS9,2519
caffeine,80301,PLEKHO2,pleckstrin homology domain containing O2,Q8TD55,Q8TD55,2519
caffeine,51090,PLLP,plasmolipin,Q9Y342,Q9Y342,2519
caffeine,5357,PLS1,plastin 1,Q14651,Q14651,2519
caffeine,10892,MALT1,MALT1 paracaspase,Q9UDY8,Q9UDY8;A8K5S1,2519
caffeine,4131,MAP1B,microtubule associated protein 1B,P46821,P46821;A2BDK6;Q6PJD3;Q86X89,2519
caffeine,55664,CDC37L1,"cell division cycle 37 like 1, HSP90 cochaperone",Q7L3B6,Q7L3B6,2519
caffeine,23580,CDC42EP4,CDC42 effector protein 4,Q9H3Q1,Q9H3Q1;B2R6D8,2519
caffeine,157313,CDCA2,cell division cycle associated 2,Q69YH5,Q69YH5;A8K8Z0;B7Z5Q5;E9PEI0,2519
caffeine,8621,CDK13,cyclin dependent kinase 13,Q14004,Q14004;Q9BVE2,2519
caffeine,23129,PLXND1,plexin D1,Q9Y4D7,Q9Y4D7,2519
caffeine,25957,PNISR,PNN interacting serine and arginine rich protein,Q8TF01,Q8TF01;A0A7P0T9Z6;A0A7P0Z4K1;Q3B7B6;Q6PJQ9,2519
caffeine,55163,PNPO,pyridoxamine 5'-phosphate oxidase,Q9NVS9,Q9NVS9;V9HW45,2519
caffeine,5609,MAP2K7,mitogen-activated protein kinase kinase 7,O14733,O14733;B4DV95,2519
caffeine,51776,MAP3K20,mitogen-activated protein kinase kinase kinase 20,Q9NYL2,Q9NYL2;D4Q8H0,2519
caffeine,4134,MAP4,microtubule associated protein 4,P27816,P27816;A0A804HKE7;E7EVA0,2519
caffeine,91392,ZNF502,zinc finger protein 502,Q8TBZ5,Q8TBZ5;Q96K08,2519
caffeine,130557,ZNF513,zinc finger protein 513,Q8N8E2,Q8N8E2,2519
caffeine,9640,ZNF592,zinc finger protein 592,Q92610,Q92610,2519
caffeine,9831,ZNF623,zinc finger protein 623,O75123,O75123,2519
caffeine,84146,ZNF644,zinc finger protein 644,Q9H582,Q9H582;A7E234,2519
caffeine,51058,ZNF691,zinc finger protein 691,Q5VV52,Q5VV52;Q5VV50,2519
caffeine,27153,ZNF777,zinc finger protein 777,Q9ULD5,Q9ULD5,2519
caffeine,152485,ZNF827,zinc finger protein 827,Q17R98,Q17R98;B3KSR1;H0Y9M2,2519
caffeine,84133,ZNRF3,zinc and ring finger 3,Q9ULT6,Q9ULT6,2519
caffeine,55700,MAP7D1,MAP7 domain containing 1,Q3KQU3,Q3KQU3;B3KU03;D3DPS3,2519
caffeine,23162,MAPK8IP3,mitogen-activated protein kinase 8 interacting protein 3,Q9UPT6,Q9UPT6;A0A087WYG2;B7ZMF3;E9PFH7,2519
caffeine,10236,HNRNPR,heterogeneous nuclear ribonucleoprotein R,O43390,O43390;A0A6Q8PEX7;A0A6Q8PHG0;B4DMB1;B4DMD1;B4DT28;Q0VGD6,2519
caffeine,285172,HYCC2,hyccin PI4KA lipid kinase complex subunit 2,Q8IXS8,Q8IXS8;A0A804HIT6;B3KUG1,2519
caffeine,23379,ICE1,interactor of little elongation complex ELL subunit 1,Q9Y2F5,Q9Y2F5,2519
caffeine,6942,TCF20,transcription factor 20,Q9UGU0,Q9UGU0;W5ZR30,2519
caffeine,81550,TDRD3,tudor domain containing 3,Q9H7E2,Q9H7E2,2519
caffeine,9894,TELO2,telomere maintenance 2,Q9Y4R8,Q9Y4R8;B4DXS2,2519
caffeine,54881,TEX10,testis expressed 10,Q9NXF1,Q9NXF1,2519
caffeine,22876,INPP5F,inositol polyphosphate-5-phosphatase F,Q9Y2H2,Q9Y2H2;A0A3B3ISI3;A0A3B3ITL0,2519
caffeine,24144,TFIP11,tuftelin interacting protein 11,Q9UBB9,Q9UBB9,2519
caffeine,7048,TGFBR2,transforming growth factor beta receptor 2,P37173,P37173;A0AAQ5BI06;A3QNQ0;D2JYI1,2519
caffeine,90326,THAP3,THAP domain containing 3,Q8WTV1,Q8WTV1,2519
caffeine,79228,THOC6,THO complex subunit 6,Q86W42,Q86W42,2519
caffeine,25917,THUMPD3,THUMP domain 3 tRNA guanosine methyltransferase,Q9BV44,Q9BV44,2519
caffeine,27134,TJP3,tight junction protein 3,O95049,O95049,2519
caffeine,9874,TLK1,tousled like kinase 1,Q9UKI8,Q9UKI8;B3KRP1,2519
caffeine,10548,TM9SF1,transmembrane 9 superfamily member 1,O15321,O15321;B4E3A9;G3V1B9,2519
caffeine,9911,TMCC2,transmembrane and coiled-coil domain family 2,O75069,O75069;A0A0C4DFR1;Q8IW47,2519
caffeine,113277,TMEM106A,transmembrane protein 106A,Q96A25,Q96A25;B7Z779,2519
caffeine,135932,TMEM139,transmembrane protein 139,Q8IV31,Q8IV31,2519
caffeine,54867,TMEM214,transmembrane protein 214,Q6NUQ4,Q6NUQ4;H7C0H8,2519
caffeine,55287,TMEM40,transmembrane protein 40,Q8WWA1,Q8WWA1;B4DXI0,2519
caffeine,84910,TMEM87B,transmembrane protein 87B,Q96K49,Q96K49;A0A494BZZ8,2519
caffeine,126259,TMIGD2,transmembrane and immunoglobulin domain containing 2,Q96BF3,Q96BF3;A0A0B4J2A9,2519
caffeine,83590,TMUB1,transmembrane and ubiquitin like domain containing 1,Q9BVT8,Q9BVT8;A0A090N8Q3,2519
caffeine,7292,TNFSF4,TNF superfamily member 4,P23510,P23510;A0A024R937,2519
caffeine,84629,TNRC18,trinucleotide repeat containing 18,O15417,O15417;A3KMH2,2519
caffeine,7145,TNS1,tensin 1,Q9HBL0,Q9HBL0;A0A2R8Y4T1;A1L0S7;B2RU35;B7Z6H8;E9PF55;E9PGF5;Q0VG54;Q0VG55;Q59G71;Q86VB0,2519
caffeine,10043,TOM1,target of myb1 membrane trafficking protein,O60784,O60784;B3KUF5,2519
caffeine,9868,TOMM70,translocase of outer mitochondrial membrane 70,O94826,O94826,2519
caffeine,11073,TOPBP1,DNA topoisomerase II binding protein 1,Q92547,Q92547;A0A2R8YD63;A0AV47;A7E2X7;Q05BV8,2519
caffeine,9878,TOX4,TOX high mobility group box family member 4,O94842,O94842,2519
caffeine,7158,TP53BP1,tumor protein p53 binding protein 1,Q12888,Q12888;A6NNK5,2519
caffeine,7165,TPD52L2,TPD52 like 2,O43399,O43399;A0A087WYR3;A0A087WZ51;Q68E05;Q6FGS1,2519
caffeine,286262,TPRN,taperin,Q4KMQ1,Q4KMQ1,2519
caffeine,10906,TRAFD1,TRAF-type zinc finger domain containing 1,O14545,O14545,2519
caffeine,83696,TRAPPC9,trafficking protein particle complex subunit 9,Q96Q05,Q96Q05,2519
caffeine,7706,TRIM25,tripartite motif containing 25,Q14258,Q14258,2519
caffeine,51592,TRIM33,tripartite motif containing 33,Q9UPN9,Q9UPN9;B3KN30,2519
caffeine,26060,APPL1,"adaptor protein, phosphotyrosine interacting with PH domain and leucine zipper 1",Q9UKG1,Q9UKG1,2519
caffeine,55738,ARFGAP1,ARF GTPase activating protein 1,Q8N6T3,Q8N6T3;Q53F62,2519
caffeine,10564,ARFGEF2,ARF guanine nucleotide exchange factor 2,Q9Y6D5,Q9Y6D5;A0A7P0T7Z2;Q59FR3;Q86TH5,2519
caffeine,51393,TRPV2,transient receptor potential cation channel subfamily V member 2,Q9Y5S1,Q9Y5S1,2519
caffeine,7249,TSC2,TSC complex subunit 2,P49815,P49815;A0A2R8Y6C9;A0A2R8YDZ2;B3KWH7;H3BMQ0;Q5HYF7;X5D2U8;X5D7Q2,2519
caffeine,283989,TSEN54,tRNA splicing endonuclease subunit 54,Q7Z6J9,Q7Z6J9,2519
caffeine,81844,TRIM56,tripartite motif containing 56,Q9BRZ2,Q9BRZ2,2519
caffeine,9322,TRIP10,thyroid hormone receptor interactor 10,Q15642,Q15642;W4VSQ9,2519
caffeine,55621,TRMT1,tRNA methyltransferase 1,Q9NXH9,Q9NXH9,2519
caffeine,55082,ARGLU1,arginine and glutamate rich 1,Q9NWB6,Q9NWB6,2519
caffeine,55114,ARHGAP17,Rho GTPase activating protein 17,Q68EM7,Q68EM7,2519
caffeine,9411,ARHGAP29,Rho GTPase activating protein 29,Q52LW3,Q52LW3;A0A2X0U4J5,2519
caffeine,200081,TXLNA,taxilin alpha,P40222,P40222,2519
caffeine,7301,TYRO3,TYRO3 protein tyrosine kinase,Q06418,Q06418;H0YNK6,2519
caffeine,55075,UACA,uveal autoantigen with coiled-coil domains and ankyrin repeats,Q9BZF9,Q9BZF9,2519
caffeine,64283,ARHGEF28,Rho guanine nucleotide exchange factor 28,Q8N1W1,Q8N1W1,2519
caffeine,9459,ARHGEF6,Rac/Cdc42 guanine nucleotide exchange factor 6,Q15052,Q15052;B7Z3C7;Q8N4Q3,2519
caffeine,10865,ARID5A,AT-rich interaction domain 5A,Q03989,Q03989,2519
caffeine,23204,ARL6IP1,ARL6 interacting reticulophagy regulator 1,Q15041,Q15041,2519
caffeine,10095,ARPC1B,actin related protein 2/3 complex subunit 1B,O15143,O15143;A4D275,2519
caffeine,55236,UBA6,ubiquitin like modifier activating enzyme 6,A0AVT1,A0AVT1,2519
caffeine,63893,UBE2O,ubiquitin conjugating enzyme E2 O,Q9C0C9,Q9C0C9,2519
caffeine,8266,UBL4A,ubiquitin like 4A,P11441,P11441,2519
caffeine,170302,ARX,aristaless related homeobox,Q96QS3,Q96QS3,2519
caffeine,55616,ASAP3,"ArfGAP with SH3 domain, ankyrin repeat and PH domain 3",Q8TDY4,Q8TDY4;A0AAA9YHE6;B4DRP2,2519
caffeine,23304,UBR2,ubiquitin protein ligase E3 component n-recognin 2,Q8IWV8,Q8IWV8;B3KXG6,2519
caffeine,137886,UBXN2B,UBX domain protein 2B,Q14CS0,Q14CS0;E5RJ36,2519
caffeine,83549,UCK1,uridine-cytidine kinase 1,Q9HA47,Q9HA47;A0A024R8E7;A0A0S2Z5Y6,2519
caffeine,55252,ASXL2,ASXL transcriptional regulator 2,Q76L83,Q76L83,2519
caffeine,55210,ATAD3A,ATPase family AAA domain containing 3A,Q9NVI7,Q9NVI7,2519
caffeine,55729,ATF7IP,activating transcription factor 7 interacting protein,Q6VMQ6,Q6VMQ6;B3KNI7;B3KQF8,2519
caffeine,54658,UGT1A1,UDP glucuronosyltransferase family 1 member A1,P22309,P22309;Q5DT03,2519
caffeine,80328,ULBP2,UL16 binding protein 2,Q9BZM5,Q9BZM5,2519
caffeine,10497,UNC13B,unc-13 homolog B,O14795,O14795;A0A1B0GUS7;A0A1B0GVW8,2519
caffeine,7374,UNG,uracil DNA glycosylase,P13051,P13051;E5KTA5;E5KTA6,2519
caffeine,65109,UPF3B,UPF3B regulator of nonsense mediated mRNA decay,Q9BZI7,Q9BZI7,2519
caffeine,7398,USP1,ubiquitin specific peptidase 1,O94782,O94782,2519
caffeine,57646,USP28,ubiquitin specific peptidase 28,Q96RU2,Q96RU2;A0A8V8TLZ9;B4E3L3,2519
caffeine,57602,USP36,ubiquitin specific peptidase 36,Q9P275,Q9P275;A0A075B784,2519
caffeine,84132,USP42,ubiquitin specific peptidase 42,Q9H9J4,Q9H9J4,2519
caffeine,9551,ATP5MF,ATP synthase membrane subunit f,P56134,P56134,2519
caffeine,159195,USP54,ubiquitin specific peptidase 54,Q70EL1,Q70EL1;A0A7P0T9K1;B7Z7X1,2519
caffeine,8239,USP9X,ubiquitin specific peptidase 9 X-linked,Q93008,Q93008;A0A994J4R6;A0A994J6S4;Q6P468;Q86X58,2519
caffeine,9341,VAMP3,vesicle associated membrane protein 3,Q15836,Q15836;Q6FGG2,2519
caffeine,84126,ATRIP,ATR interacting protein,Q8WXE1,Q8WXE1,2519
caffeine,6311,ATXN2,ataxin 2,Q99700,Q99700;A0A5F9ZI57;F8VQP2;Q2M2R5;V9GY86,2519
caffeine,7408,VASP,vasodilator stimulated phosphoprotein,P50552,P50552;A0A024R0V4,2519
caffeine,7414,VCL,vinculin,P18206,P18206;B3KXA2;V9HWK2,2519
caffeine,7416,VDAC1,voltage dependent anion channel 1,P21796,P21796;A0A1L1UHR1;B3KTS5,2519
caffeine,10458,BAIAP2,BAR/IMD domain containing adaptor protein 2,Q9UQB8,Q9UQB8;I3L4C2,2519
caffeine,157680,VPS13B,vacuolar protein sorting 13 homolog B,Q7Z7G8,Q7Z7G8,2519
caffeine,9559,VPS26A,VPS26 retromer complex component A,O75436,O75436;B4DLT1,2519
caffeine,55275,VPS53,VPS53 subunit of GARP complex,Q5VIR6,Q5VIR6;B3KS06,2519
caffeine,8314,BAP1,BRCA1 associated deubiquitinase 1,Q92560,Q92560;F8W6N3,2519
caffeine,11177,BAZ1A,bromodomain adjacent to zinc finger domain 1A,Q9NRL2,Q9NRL2,2519
caffeine,146177,VWA3A,von Willebrand factor A domain containing 3A,A6NCI4,A6NCI4,2519
caffeine,653440,WASH6P,"WASP family homolog 6, pseudogene",,,2519
caffeine,80304,WDCP,WD repeat and coiled coil containing,Q9H6R7,Q9H6R7,2519
caffeine,9564,BCAR1,"BCAR1 scaffold protein, Cas family member",P56945,P56945;B3KWE2,2519
caffeine,83596,BCL2L12,BCL2 like 12,Q9HB09,Q9HB09;A0A0X8ASA9;A0A0X8AT42;A0A0X8AXX1;I6LJZ5;I6LJZ6;I6LJZ7;I6LJZ8;I6LJZ9;M0R1K0,2519
caffeine,9274,BCL7C,BAF chromatin remodeling complex subunit BCL7C,Q8WUZ0,Q8WUZ0;I3L1Q2,2519
caffeine,85416,ZIC5,Zic family zinc finger 5,Q96T25,Q96T25,2519
caffeine,7750,ZMYM2,zinc finger MYM-type containing 2,Q9UBW7,Q9UBW7;A8K126,2519
caffeine,64397,ZNF106,zinc finger protein 106,Q9H2Y7,Q9H2Y7;A0A0C4DGM5;H3BSS6,2519
caffeine,23607,CD2AP,CD2 associated protein,Q9Y5K6,Q9Y5K6,2519
caffeine,7755,ZNF205,zinc finger protein 205,O95201,O95201,2519
caffeine,58500,ZNF250,zinc finger protein 250,P15622,P15622;B3KNS9,2519
caffeine,23528,ZNF281,zinc finger protein 281,Q9Y2X9,Q9Y2X9;B3KMX4,2519
caffeine,91833,WDR20,WD repeat domain 20,Q8TBZ3,Q8TBZ3;A0A088AWN2;B3KPG5;Q5JPH5,2519
caffeine,54521,WDR44,WD repeat domain 44,Q5JSH3,Q5JSH3,2519
caffeine,23335,WDR7,WD repeat domain 7,Q9Y4E6,Q9Y4E6,2519
caffeine,256643,BCLAF3,BCLAF1 and THRAP3 family member 3,A2AJT9,A2AJT9,2519
caffeine,8678,BECN1,beclin 1,Q14457,Q14457;A0A024R1X5;B4DQ36;E7EV84;W0FFG4,2519
caffeine,23506,BICRAL,BICRA like chromatin remodeling complex associated protein,Q6AI39,Q6AI39,2519
caffeine,84271,POLDIP3,DNA polymerase delta interacting protein 3,Q9BY77,Q9BY77;B4E0L0;F6VRR5,2519
caffeine,25885,POLR1A,RNA polymerase I subunit A,O95602,O95602,2519
caffeine,9883,POM121,POM121 transmembrane nucleoporin,Q96HA1,Q96HA1,2519
caffeine,57643,ZSWIM5,zinc finger SWIM-type containing 5,Q9P217,Q9P217,2519
caffeine,5447,POR,cytochrome p450 oxidoreductase,P16435,P16435;A0A9L9PY49,2519
caffeine,5451,POU2F1,POU class 2 homeobox 1,P14859,P14859;A0A8A2IE78,2519
caffeine,728945,PPIAL4F,peptidylprolyl isomerase A like 4F,P0DN26,P0DN26,2519
caffeine,85313,PPIL4,peptidylprolyl isomerase like 4,Q8WUA2,Q8WUA2,2519
caffeine,9647,PPM1F,"protein phosphatase, Mg2+/Mn2+ dependent 1F",P49593,P49593;B5MCT7,2519
caffeine,5500,PPP1CB,protein phosphatase 1 catalytic subunit beta,P62140,P62140;V9HW04,2519
caffeine,54776,PPP1R12C,protein phosphatase 1 regulatory subunit 12C,Q9BZL4,Q9BZL4,2519
caffeine,170954,PPP1R18,protein phosphatase 1 regulatory subunit 18,Q6NYC8,Q6NYC8;A0A024RCJ8;A0A0G2JHC2,2519
caffeine,29316,ADORA2B,adenosine A2B receptor,P29276,P29276;A6HF93;F7EVK1,2519
caffeine,648791,PPP1R3G,protein phosphatase 1 regulatory subunit 3G,B7ZBB8,B7ZBB8,2519
caffeine,5528,PPP2R5D,protein phosphatase 2 regulatory subunit B'delta,Q14738,Q14738,2519
caffeine,55671,PPP4R3A,protein phosphatase 4 regulatory subunit 3A,Q6IN85,Q6IN85;Q8N6W1,2519
caffeine,4163,MCC,MCC regulator of Wnt signaling pathway,P23508,P23508,2519
caffeine,4171,MCM2,minichromosome maintenance complex component 2,P49736,P49736,2519
caffeine,254394,MCM9,minichromosome maintenance 9 homologous recombination repair factor,Q9NXL9,Q9NXL9;A0A0S2Z662,2519
caffeine,55125,CEP192,centrosomal protein 192,Q8TEP8,Q8TEP8,2519
caffeine,11116,CEP43,centrosomal protein 43,O95684,O95684;A0A087WV25;B4DH64,2519
caffeine,90799,CEP95,centrosomal protein 95,Q96GE4,Q96GE4,2519
caffeine,10445,MCRS1,microspherule protein 1,Q96EZ8,Q96EZ8,2519
caffeine,4193,MDM2,MDM2 proto-oncogene,Q00987,Q00987;A0A0A8KB75;A7UKX7;A7UKX8;A7UKX9;G3XA89;Q96DS0,2519
caffeine,9969,MED13,mediator complex subunit 13,Q9UHV7,Q9UHV7,2519
caffeine,144535,CFAP54,cilia and flagella associated protein 54,Q96N23,Q96N23,2519
caffeine,57530,CGN,cingulin,Q9P2M7,Q9P2M7,2519
caffeine,283489,CHAMP1,chromosome alignment maintaining phosphoprotein 1,Q96JM3,Q96JM3,2519
caffeine,219541,MED19,mediator complex subunit 19,A0JLT2,A0JLT2;J3KR33,2519
caffeine,9833,MELK,maternal embryonic leucine zipper kinase,Q14680,Q14680;B7Z1G6,2519
caffeine,4233,MET,"MET proto-oncogene, receptor tyrosine kinase",P08581,P08581;B4DLF5;E6Y365,2519
caffeine,23082,PPRC1,PPARG related coactivator 1,Q5VV67,Q5VV67;E7EVG6,2519
caffeine,7799,PRDM2,PR/SET domain 2,Q13029,Q13029,2519
caffeine,51012,PRELID3B,PRELI domain containing 3B,Q9Y3B1,Q9Y3B1,2519
caffeine,6469,SHH,sonic hedgehog signaling molecule,Q15465,Q15465,2519
caffeine,23031,MAST3,microtubule associated serine/threonine kinase 3,O60307,O60307;A0A8I5KST9;A0A8V8TLL8;A0A8V8TMW0,2519
caffeine,57506,MAVS,mitochondrial antiviral signaling protein,Q7Z434,Q7Z434,2519
caffeine,8930,MBD4,"methyl-CpG binding domain 4, DNA glycosylase",O95243,O95243,2519
caffeine,79172,CENPO,centromere protein O,Q9BU64,Q9BU64,2519
caffeine,22994,CEP131,centrosomal protein 131,Q9UPN4,Q9UPN4;I3L2J8,2519
caffeine,7867,MAPKAPK3,MAPK activated protein kinase 3,Q16644,Q16644,2519
caffeine,4140,MARK3,microtubule affinity regulating kinase 3,P27448,P27448;A0A7I2V2E3;A0A7I2V2N8;A0A7I2V3B9;A0A7I2V5G3;A0A7I2V639;A0A7I2YQF7;H0YNV4;Q86U11,2519
caffeine,55602,CDKN2AIP,CDKN2A interacting protein,Q9NXV6,Q9NXV6;B3KTW3;J3KNE1,2519
caffeine,9425,CDYL,chromodomain Y like,Q9Y232,Q9Y232,2519
caffeine,5580,PRKCD,protein kinase C delta,Q05655,Q05655;B4DFV1,2519
caffeine,56339,METTL3,"methyltransferase 3, N6-adenosine-methyltransferase complex catalytic subunit",Q86U44,Q86U44,2519
caffeine,56947,MFF,mitochondrial fission factor,Q9GZY8,Q9GZY8;A0A0A0MS29;A0A9H3ZVE5;A0A9L9PY92;H7C433,2519
caffeine,92667,MGME1,mitochondrial genome maintenance exonuclease 1,Q9BQP7,Q9BQP7;Q5QPE7;Q5QPE8,2519
caffeine,8842,PROM1,prominin 1,O43490,O43490;A0A0A0N0M1,2519
caffeine,5629,PROX1,prospero homeobox 1,Q92786,Q92786,2519
caffeine,84310,CHLSN,cholesin,Q9BRJ6,Q9BRJ6,2519
caffeine,91782,CHMP7,charged multivesicular body protein 7,Q8WUX9,Q8WUX9;B3KMN6;B3KRZ9;B3KUH0,2519
caffeine,100507436,MICA,MHC class I polypeptide-related sequence A,Q29983,Q29983;A0A024RCL3;A0A0G2JJ55;Q96QC4,2519
caffeine,4277,MICB,MHC class I polypeptide-related sequence B,Q29980,Q29980;A0A0G2JHB5;A0A7D9H7X8;B4DUT9;B7Z8M1;F5H7Q8,2519
caffeine,4282,MIF,macrophage migration inhibitory factor,P14174,P14174;I4AY87,2519
caffeine,54629,MINDY2,MINDY lysine 48 deubiquitinase 2,Q8NBR6,Q8NBR6,2519
caffeine,26973,CHORDC1,cysteine and histidine rich domain containing 1,Q9UHD1,Q9UHD1;E9PPQ5,2519
caffeine,26586,CKAP2,cytoskeleton associated protein 2,Q8WWK9,Q8WWK9,2519
caffeine,23155,CLCC1,chloride channel CLIC like 1,Q96S66,Q96S66;A0A6Q8PG14,2519
caffeine,8559,PRPF18,pre-mRNA processing factor 18,Q99633,Q99633,2519
caffeine,25766,PRPF40B,pre-mRNA processing factor 40B,Q6NWY9,Q6NWY9;A0A8Z5ADK7;F8VU11,2519
caffeine,5636,PRPSAP2,phosphoribosyl pyrophosphate synthetase associated protein 2,O60256,O60256,2519
caffeine,166785,MMAA,metabolism of cobalamin associated A,Q8IVH4,Q8IVH4,2519
caffeine,55034,MOCOS,molybdenum cofactor sulfurase,Q96EN8,Q96EN8,2519
caffeine,22880,MORC2,MORC family CW-type zinc finger 2,Q9Y6X9,Q9Y6X9,2519
caffeine,80164,PRR36,proline rich 36,Q9H6K5,Q9H6K5,2519
caffeine,23215,PRRC2C,proline rich coiled-coil 2C,Q9Y520,Q9Y520;E7EPN9,2519
caffeine,5683,PSMA2,proteasome 20S subunit alpha 2,P25787,P25787;A0A024RA52,2519
caffeine,4350,MPG,N-methylpurine DNA glycosylase,P29372,P29372;Q1W6H1,2519
caffeine,23164,MPRIP,myosin phosphatase Rho interacting protein,Q6WCQ1,Q6WCQ1;A0A494BZV2;Q8N236,2519
caffeine,51149,MRNIP,MRN complex interacting protein,Q6NTE8,Q6NTE8,2519
caffeine,5687,PSMA6,proteasome 20S subunit alpha 6,P60900,P60900;A0A140VK44,2519
caffeine,5708,PSMD2,"proteasome 26S subunit ubiquitin receptor, non-ATPase 2",Q13200,Q13200,2519
caffeine,8624,PSMG1,proteasome assembly chaperone 1,O95456,O95456,2519
caffeine,9685,CLINT1,clathrin interactor 1,Q14677,Q14677;A0A0S2Z4Y4;A0A0S2Z5H3,2519
caffeine,57591,MRTFA,myocardin related transcription factor A,Q969V6,Q969V6;A0A494BZX7;A0A499FIJ6;A4FUJ8;B0QY83;W0Z7M9,2519
caffeine,339287,MSL1,MSL complex subunit 1,Q68DK7,Q68DK7;B3KWR7;J3KSZ8;J3QQY0,2519
caffeine,9112,MTA1,metastasis associated 1,Q13330,Q13330;E7ESY4;Q9BRL8,2519
caffeine,81490,PTDSS2,phosphatidylserine synthase 2,Q9BVG9,Q9BVG9,2519
caffeine,5763,PTMS,parathymosin,P20962,P20962;A0A158RFU3;F5GXR3,2519
caffeine,5782,PTPN12,protein tyrosine phosphatase non-receptor type 12,Q05209,Q05209;B4E105,2519
caffeine,9575,CLOCK,clock circadian regulator,O15516,O15516;Q3ZCT4;Q53EU0,2519
caffeine,23277,CLUH,CLUH binding protein of NUMT mRNA,O75153,O75153;A0A494C0R8,2519
caffeine,54918,CMTM6,CKLF like MARVEL transmembrane domain containing 6,Q9NX76,Q9NX76,2519
caffeine,23255,MTCL1,microtubule crosslinking factor 1,Q9Y4B5,Q9Y4B5;A0A8Q3SIW6;A0A8Q3WKN6,2519
caffeine,113115,MTFR2,mitochondrial fission regulator 2,Q6P444,Q6P444,2519
caffeine,54893,MTMR10,myotubularin related protein 10,Q9NXD2,Q9NXD2;X5D963,2519
caffeine,25930,PTPN23,protein tyrosine phosphatase non-receptor type 23,Q9H3S7,Q9H3S7;B4DST5,2519
caffeine,5786,PTPRA,protein tyrosine phosphatase receptor type A,P18433,P18433;A0A1S5UZ22;B7Z2A4,2519
caffeine,10076,PTPRU,protein tyrosine phosphatase receptor type U,Q92729,Q92729,2519
caffeine,23369,PUM2,pumilio RNA binding family member 2,Q8TB72,Q8TB72;B7ZL34,2519
caffeine,170394,PWWP2B,PWWP domain containing 2B,Q6NUJ5,Q6NUJ5,2519
caffeine,25782,RAB3GAP2,RAB3 GTPase activating non-catalytic protein subunit 2,Q9H2M9,Q9H2M9,2519
caffeine,11541,ADORA2B,adenosine A2b receptor,Q60614,Q60614,2519
caffeine,4329,ALDH6A1,aldehyde dehydrogenase 6 family member A1,Q02252,Q02252;A0A024R6G4,2519
caffeine,494489,ATP2A1L,"ATPase sarcoplasmic/endoplasmic reticulum Ca2+ transporting 1, like",A0A2R8RK22,A0A2R8RK22;A0JMP4,2519
caffeine,84305,PYM1,PYM1 exon junction complex associated factor,Q9BRP8,Q9BRP8,2519
caffeine,54805,CNNM2,cyclin and CBS domain divalent metal cation transport mediator 2,Q9H8M5,Q9H8M5,2519
caffeine,4848,CNOT2,CCR4-NOT transcription complex subunit 2,Q9NZN8,Q9NZN8;B2RDX7;B3KTL6;F8VUB4;F8VV52,2519
caffeine,25839,COG4,component of oligomeric golgi complex 4,Q9H9E3,Q9H9E3;A0A0A0MS45;A0A6I8PIQ6;J3KNI1;Q8N8L9,2519
caffeine,27291,R3HCC1L,R3H domain and coiled-coil containing 1 like,Q7Z5L2,Q7Z5L2;A0A384DVK4;A8K931;Q4KMT0;Q4KMY3,2519
caffeine,80223,RAB11FIP1,RAB11 family interacting protein 1,Q6WKZ4,Q6WKZ4,2519
caffeine,81876,RAB1B,"RAB1B, member RAS oncogene family",Q9H0U4,Q9H0U4,2519
caffeine,9276,COPB2,coat protein complex I subunit beta 2,P35606,P35606,2519
caffeine,50813,COPS7A,COP9 signalosome subunit 7A,Q9UBW8,Q9UBW8,2519
caffeine,80315,CPEB4,cytoplasmic polyadenylation element binding protein 4,Q17RY0,Q17RY0;B7ZLQ8;E5RFP2,2519
caffeine,439921,MXRA7,matrix remodeling associated 7,P84157,P84157;Q6ZR64,2519
caffeine,23077,MYCBP2,MYC binding protein 2,O75592,O75592,2519
caffeine,4638,MYLK,myosin light chain kinase,Q15746,Q15746;A0A8I5KTQ1;A0A8I5KU53;Q05B97;Q05B98,2519
caffeine,5868,RAB5A,"RAB5A, member RAS oncogene family",P20339,P20339,2519
caffeine,7879,RAB7A,"RAB7A, member RAS oncogene family",P51149,P51149;A0A158RFU6,2519
caffeine,10898,CPSF4,cleavage and polyadenylation specific factor 4,O95639,O95639;B7Z7B0,2519
caffeine,4641,MYO1C,myosin IC,O00159,O00159;F5H6E2,2519
caffeine,4646,MYO6,myosin VI,Q9UM54,Q9UM54;A0A0A0MRM8;A0A1Y0BRN3;A0A590UJ40,2519
caffeine,26509,MYOF,myoferlin,Q9NZM1,Q9NZM1,2519
caffeine,79874,RABEP2,"rabaptin, RAB GTPase binding effector protein 2",Q9H5N1,Q9H5N1,2519
caffeine,29127,RACGAP1,Rac GTPase activating protein 1,Q9H0H5,Q9H0H5;B2RE34,2519
caffeine,5887,RAD23B,RAD23 nucleotide excision repair protein B,P54727,P54727;B7Z4W4,2519
caffeine,55028,MTNAP1,mitochondrial nucleoid associated protein 1,Q9BSJ5,Q9BSJ5;I3L072,2519
caffeine,9788,MTSS1,MTSS I-BAR domain containing 1,O43312,O43312;A5YM41,2519
caffeine,94025,MUC16,"mucin 16, cell surface associated",Q8WXI7,Q8WXI7;A0AAG2UXK0;B3KY81,2519
caffeine,64784,CRTC3,CREB regulated transcription coactivator 3,Q6UUV7,Q6UUV7,2519
caffeine,56998,CTNNBIP1,catenin beta interacting protein 1,Q9NSA3,Q9NSA3,2519
caffeine,122830,NAA30,"N-alpha-acetyltransferase 30, NatC catalytic subunit",Q147X3,Q147X3;B3KS28,2519
caffeine,133686,NADK2,"NAD kinase 2, mitochondrial",Q4G0N4,Q4G0N4;B7Z8V7,2519
caffeine,4678,NASP,nuclear autoantigenic sperm protein,P49321,P49321;Q5T626,2519
caffeine,10743,RAI1,retinoic acid induced 1,Q7Z5J4,Q7Z5J4,2519
caffeine,57186,RALGAPA2,Ral GTPase activating protein catalytic subunit alpha 2,Q2PPJ7,Q2PPJ7,2519
caffeine,55103,RALGPS2,Ral GEF with PH domain and SH3 binding motif 2,Q86X27,Q86X27,2519
caffeine,348180,CTU2,cytosolic thiouridylase subunit 2,Q2VPK5,Q2VPK5;H3BSW6,2519
caffeine,5903,RANBP2,RAN binding protein 2,P49792,P49792,2519
caffeine,5909,RAP1GAP,RAP1 GTPase activating protein,P47736,P47736;X6R8W7,2519
caffeine,65059,RAPH1,Ras association (RalGDS/AF-6) and pleckstrin homology domains 1,Q70E73,Q70E73;C9K0J5,2519
caffeine,8045,RASSF7,Ras association domain family member 7,Q02833,Q02833,2519
caffeine,5929,RBBP5,"RB binding protein 5, histone lysine methyltransferase complex subunit",Q15291,Q15291;B4DLF8,2519
caffeine,10616,RBCK1,RANBP2-type and C3HC4-type zinc finger containing 1,Q9BYM8,Q9BYM8;A0A8V8TMZ2;A6PVJ6,2519
caffeine,8241,RBM10,RNA binding motif protein 10,P98175,P98175;A0A0S2Z4W4;A0A0S2Z4X1,2519
caffeine,29890,RBM15B,RNA binding motif protein 15B,Q8NDT2,Q8NDT2,2519
caffeine,5935,RBM3,RNA binding motif protein 3,P98179,P98179,2519
caffeine,5936,RBM4,RNA binding motif protein 4,Q9BWF3,Q9BWF3,2519
caffeine,10179,RBM7,RNA binding motif protein 7,Q9Y580,Q9Y580;G3V1T9;J3KPD3,2519
caffeine,9978,RBX1,ring-box 1,P62877,P62877,2519
caffeine,283248,RCOR2,REST corepressor 2,Q8IZ40,Q8IZ40,2519
caffeine,80346,REEP4,receptor accessory protein 4,Q9H6H4,Q9H6H4;E5RGS2,2519
caffeine,85021,REPS1,RALBP1 associated Eps domain containing 1,Q96D71,Q96D71;B2R7D3,2519
caffeine,5978,REST,RE1 silencing transcription factor,Q13127,Q13127;A0A1W2PQA1,2519
caffeine,57455,REXO1,RNA exonuclease 1 homolog,Q8N1G1,Q8N1G1,2519
caffeine,5982,RFC2,replication factor C subunit 2,P35250,P35250;A0A087WVY3;Q75MT5,2519
caffeine,5991,RFX3,regulatory factor X3,P48380,P48380,2519
caffeine,57139,RGL3,ral guanine nucleotide dissociation stimulator like 3,Q3MIN7,Q3MIN7,2519
caffeine,6002,RGS12,regulator of G protein signaling 12,O14924,O14924,2519
caffeine,79651,RHBDF2,rhomboid 5 homolog 2,Q6PJF5,Q6PJF5,2519
caffeine,60626,RIC8A,RIC8 guanine nucleotide exchange factor A,Q9NPQ8,Q9NPQ8,2519
caffeine,79890,RIN3,Ras and Rab interactor 3,Q8TB24,Q8TB24;Q6NSK7;Q6ZRC2;Q86U22,2519
caffeine,55781,RIOK2,RIO kinase 2,Q9BVS4,Q9BVS4,2519
caffeine,8767,RIPK2,receptor interacting serine/threonine kinase 2,O43353,O43353;A0A0S2Z4Z8,2519
caffeine,10361,NPM2,nucleophosmin/nucleoplasmin 2,Q86SE8,Q86SE8,2519
caffeine,8204,NRIP1,nuclear receptor interacting protein 1,P48552,P48552;A8K171,2519
caffeine,4784,NFIX,nuclear factor I X,Q14938,Q14938;B4DHW2;D2DXM9,2519
caffeine,4795,NFKBIL1,NFKB inhibitor like 1,Q9UBC1,Q9UBC1;A0A0A0MRT5;A8K778;Q5STV6,2519
caffeine,25983,NGDN,neuroguidin,Q8NEJ9,Q8NEJ9,2519
caffeine,57224,NHSL1,NHS like 1,Q5SYE7,Q5SYE7;H0YDF6,2519
caffeine,51199,NIN,ninein,Q8N4C6,Q8N4C6;C9J066;E9PN67;Q5XUU0,2519
caffeine,55922,NKRF,NFKB repressing factor,O15226,O15226;A0AAG2UWQ9;A3F769,2519
caffeine,4831,NME2,NME/NM23 nucleoside diphosphate kinase 2,P22392,P22392;F6XY72;Q6FHN3,2519
caffeine,26155,NOC2L,NOC2 like nucleolar associated transcriptional repressor,Q9Y3T9,Q9Y3T9,2519
caffeine,140688,NOL4L,nucleolar protein 4 like,Q96MY1,Q96MY1;A0A087X0N3,2519
caffeine,4841,NONO,non-POU domain containing octamer binding,Q15233,Q15233;A0A0S2Z4Z9,2519
caffeine,51602,NOP58,NOP58 ribonucleoprotein,Q9Y2X3,Q9Y2X3,2519
caffeine,4862,NPAS2,neuronal PAS domain protein 2,Q99743,Q99743;A2I2P5,2519
caffeine,23310,NCAPD3,non-SMC condensin II complex subunit D3,P42695,P42695;A0A8I5KT00,2519
caffeine,23154,NCDN,neurochondrin,Q9UBB6,Q9UBB6,2519
caffeine,4691,NUCLEOLIN,nucleolin multifunctional protein,P19338,P19338;B3KM80,2519
caffeine,135112,NCOA7,nuclear receptor coactivator 7,Q8NI08,Q8NI08;B3KXK4;H0Y5F6,2519
caffeine,55706,NDC1,NDC1 transmembrane nucleoporin,Q9BTX1,Q9BTX1,2519
caffeine,10397,NDRG1,N-myc downstream regulated 1,Q92597,Q92597;Q8N959,2519
caffeine,55707,NECAP2,NECAP endocytosis associated 2,Q9NVZ3,Q9NVZ3;F6SKB8,2519
caffeine,23327,NEDD4L,NEDD4 like E3 ubiquitin protein ligase,Q96PU5,Q96PU5;A0A1B0GVY1;B7Z2P9;B7Z6K0,2519
caffeine,4752,NEK3,NIMA related kinase 3,P51956,P51956;Q6ZN64,2519
caffeine,7469,NELFA,negative elongation factor complex member A,Q9H3P2,Q9H3P2;A0A0C4DFX9,2519
caffeine,10825,NEU3,neuraminidase 3,Q9UQ49,Q9UQ49;B4E0V4;E9PI40;E9PMZ3;E9PNK1;E9PR25,2519
caffeine,4773,NFATC2,nuclear factor of activated T cells 2,Q13469,Q13469;B5B2P4,2519
caffeine,11057,ABHD2,"abhydrolase domain containing 2, acylglycerol lipase",P08910,P08910;A0A024RC89,2519
caffeine,25841,ABTB2,ankyrin repeat and BTB domain containing 2,Q8N961,Q8N961,2519
caffeine,91452,ACBD5,acyl-CoA binding domain containing 5,Q5T8D3,Q5T8D3;A0A7I2V2M2;A0A7I2V347;A0A7I2V556;A0A7I2V690;A0A7I2YQE9;B7Z2A7;B7Z2R7;B7Z9D0,2519
caffeine,22985,ACIN1,apoptotic chromatin condensation inducer 1,Q9UKV3,Q9UKV3;B4DQZ7;E7EQT4;S4R3H4,2519
caffeine,51412,ACTL6B,actin like 6B,O94805,O94805,2519
caffeine,154664,ABCA13,ATP binding cassette subfamily A member 13,Q86UQ4,Q86UQ4,2519
caffeine,84301,DDI2,DDI proteasomal shuttling factor 2,Q5TDH0,Q5TDH0,2519
caffeine,9049,AIP,AHR interacting HSP90 co-chaperone,O00170,O00170;A0A804HJ38;A0A804HKL7,2519
caffeine,11216,AKAP10,A-kinase anchoring protein 10,O43572,O43572;A0A0S2Z4Z7;A0A0S2Z513;E7EMD6,2519
caffeine,8227,AKAP17A,A-kinase anchoring protein 17A,Q02040,Q02040;Q05DA9,2519
caffeine,84335,AKT1S1,AKT1 substrate 1,Q96B36,Q96B36,2519
caffeine,5832,ALDH18A1,aldehyde dehydrogenase 18 family member A1,P54886,P54886,2519
caffeine,8886,DDX18,DEAD-box helicase 18,Q9NVP1,Q9NVP1;Q8N254,2519
caffeine,57062,DDX24,DEAD-box helicase 24,Q9GZR7,Q9GZR7,2519
caffeine,57679,ALS2,alsin Rho guanine nucleotide exchange factor ALS2,Q96Q42,Q96Q42;A0A7P0T8F3;A0A7P0Z4I4;A8K4R4,2519
caffeine,83607,AMMECR1L,AMMECR1 like,Q6DCA0,Q6DCA0;A0A7P0T9C2;A0A7P0TAB6;A0A7P0Z454,2519
caffeine,51202,DDX47,DEAD-box helicase 47,Q9H0S4,Q9H0S4,2519
caffeine,57696,DDX55,DEAD-box helicase 55,Q8NHQ9,Q8NHQ9,2519
caffeine,57706,DENND1A,DENN domain containing 1A,Q8TEH3,Q8TEH3;A0A0A0MS48;Q9HCG4,2519
caffeine,29882,ANAPC2,anaphase promoting complex subunit 2,Q9UJX6,Q9UJX6,2519
caffeine,29123,ANKRD11,ankyrin repeat domain 11,Q6UB99,Q6UB99,2519
caffeine,160518,DENND5B,DENN domain containing 5B,Q6ZUT9,Q6ZUT9;G3V1S3,2519
caffeine,8694,DGAT1,diacylglycerol O-acyltransferase 1,O75907,O75907,2519
caffeine,8525,DGKZ,diacylglycerol kinase zeta,Q13574,Q13574,2519
caffeine,22852,ANKRD26,ankyrin repeat domain 26,Q9UPS8,Q9UPS8;E7ESJ3,2519
caffeine,23294,ANKS1A,ankyrin repeat and sterile alpha motif domain containing 1A,Q92625,Q92625;Q05CP0,2519
caffeine,170506,DHX36,DEAH-box helicase 36,Q9H2U1,Q9H2U1,2519
caffeine,23405,DICER1,"dicer 1, ribonuclease III",Q9UPY3,Q9UPY3;H0YJZ6,2519
caffeine,129563,DIS3L2,DIS3 like 3'-5' exoribonuclease 2,Q8IYB7,Q8IYB7,2519
caffeine,23312,DMXL2,Dmx like 2,Q8TDJ6,Q8TDJ6;H0YLM8,2519
caffeine,56521,DNAJC12,DnaJ heat shock protein family (Hsp40) member C12,Q9UKB3,Q9UKB3;Q6IAH1,2519
caffeine,80005,DOCK5,dedicator of cytokinesis 5,Q9H7D0,Q9H7D0;B9A015,2519
caffeine,29980,DONSON,DNA replication fork stabilization factor DONSON,Q9NYP3,Q9NYP3,2519
caffeine,5977,DPF2,double PHD fingers 2,Q92785,Q92785;J3KMZ8,2519
caffeine,84062,DTNBP1,dystrobrevin binding protein 1,Q96EV8,Q96EV8;A0A087WYP9;A0A0S2Z5U8;A6NFV8;D6RJC6,2519
caffeine,80824,DUSP16,dual specificity phosphatase 16,Q9BY84,Q9BY84,2519
caffeine,79733,E2F8,E2F transcription factor 8,A0AVK6,A0AVK6,2519
caffeine,11319,ECD,ecdysoneless cell cycle regulator,O95905,O95905,2519
caffeine,7468,NSD2,nuclear receptor binding SET domain protein 2,O96028,O96028,2519
caffeine,81788,NUAK2,NUAK family kinase 2,Q9H093,Q9H093;B4E0Y5,2519
caffeine,10726,NUDC,"nuclear distribution C, dynein complex regulator",Q9Y266,Q9Y266,2519
caffeine,80153,EDC3,enhancer of mRNA decapping 3,Q96F86,Q96F86,2519
caffeine,158078,EEF1A1P5,eukaryotic translation elongation factor 1 alpha 1 pseudogene 5,,,2519
caffeine,55746,NUP133,nucleoporin 133,Q8WUM0,Q8WUM0,2519
caffeine,23225,NUP210,nucleoporin 210,Q8TEM1,Q8TEM1,2519
caffeine,9818,NUP58,nucleoporin 58,Q9BVL2,Q9BVL2;A0A8Q3WKK5;A0A8Q3WKL7,2519
caffeine,29904,EEF2K,eukaryotic elongation factor 2 kinase,O00418,O00418;A0AAG2TFE4,2519
caffeine,23167,EFR3A,EFR3 homolog A,Q14156,Q14156,2519
caffeine,51203,NUSAP1,nucleolar and spindle associated protein 1,Q9BXS6,Q9BXS6,2519
caffeine,79596,OBI1,ORC ubiquitin ligase 1,Q5W0B1,Q5W0B1,2519
caffeine,10724,OGA,O-GlcNAcase,O60502,O60502,2519
caffeine,30846,EHD2,EH domain containing 2,Q9NZN4,Q9NZN4,2519
caffeine,9538,EI24,EI24 autophagy associated transmembrane protein,O14681,O14681;E9PK61,2519
caffeine,83939,EIF2A,eukaryotic translation initiation factor 2A,Q9BY44,Q9BY44;F8WAE5,2519
caffeine,167826,OLIG3,oligodendrocyte transcription factor 3,Q7RTU3,Q7RTU3,2519
caffeine,23594,ORC6,origin recognition complex subunit 6,Q9Y5N6,Q9Y5N6,2519
caffeine,26031,OSBPL3,oxysterol binding protein like 3,Q9H4L5,Q9H4L5,2519
caffeine,8907,AP1M1,adaptor related protein complex 1 subunit mu 1,Q9BXS5,Q9BXS5;B3KNH5;Q59EK3,2519
caffeine,9546,APBA3,amyloid beta precursor protein binding family A member 3,O96018,O96018,2519
caffeine,22839,DLGAP4,DLG associated protein 4,Q9Y2H0,Q9Y2H0;A0A0B4J2C2,2519
caffeine,79841,AGBL2,AGBL carboxypeptidase 2,Q5U5Z8,Q5U5Z8;A0A140VKH9,2519
caffeine,27161,AGO2,argonaute RISC catalytic component 2,Q9UKV8,Q9UKV8,2519
caffeine,8890,EIF2B4,eukaryotic translation initiation factor 2B subunit delta,Q9UI10,Q9UI10;B4DUP5;E7ERK9;F8W8L6;Q71US4;Q9HBP7,2519
caffeine,8662,EIF3B,eukaryotic translation initiation factor 3 subunit B,P55884,P55884,2519
caffeine,8667,EIF3H,eukaryotic translation initiation factor 3 subunit H,O15372,O15372;Q6IB98,2519
caffeine,9180,OSMR,oncostatin M receptor,Q99650,Q99650,2519
caffeine,54726,OTUD4,OTU deubiquitinase 4,Q01804,Q01804,2519
caffeine,286530,P2RY8,P2Y receptor family member 8,Q86VZ1,Q86VZ1,2519
caffeine,10480,EIF3M,eukaryotic translation initiation factor 3 subunit M,Q7L2H7,Q7L2H7,2519
caffeine,26986,PABPC1,poly(A) binding protein cytoplasmic 1,P11940,P11940,2519
caffeine,29763,PACSIN3,protein kinase C and casein kinase substrate in neurons 3,Q9UKS6,Q9UKS6,2519
caffeine,55003,PAK1IP1,PAK1 interacting protein 1,Q9NWT1,Q9NWT1;A0A0S2Z5C3,2519
caffeine,9669,EIF5B,eukaryotic translation initiation factor 5B,O60841,O60841;Q8N5A0,2519
caffeine,79728,PALB2,partner and localizer of BRCA2,Q86YC2,Q86YC2;A0A8V8TLC8;A0A8V8TMK8;A0AAQ5BGU0;H3BN63;I3L1Z5,2519
caffeine,9924,PAN2,poly(A) specific ribonuclease subunit PAN2,Q504Q3,Q504Q3,2519
caffeine,10914,PAPOLA,poly(A) polymerase alpha,P51003,P51003;A0A0C4DGK1;G3XAH6,2519
caffeine,8518,ELP1,elongator acetyltransferase complex subunit 1,O95163,O95163;A0A6Q8PGW3;A0A6Q8PHA0;B3KNB2;B4E3I9;F5H2T0;Q8N516,2519
caffeine,10436,EMG1,EMG1 N1-specific pseudouridine methyltransferase,Q92979,Q92979,2519
caffeine,8505,PARG,poly(ADP-ribose) glycohydrolase,Q86W56,Q86W56,2519
caffeine,57634,EP400,E1A binding protein p400,Q96L91,Q96L91,2519
caffeine,54566,EPB41L4B,erythrocyte membrane protein band 4.1 like 4B,Q9H329,Q9H329;Q59GC2;Q9NX84,2519
caffeine,57724,EPG5,ectopic P-granules 5 autophagy tethering factor,Q9HCE0,Q9HCE0;A0A8Q3SIJ2;A0A8Q3SIU6;Q9BTI0,2519
caffeine,23178,PASK,PAS domain containing serine/threonine kinase,Q96RG2,Q96RG2;B7Z7R6,2519
caffeine,5077,PAX3,paired box 3,P23760,P23760,2519
caffeine,5089,PBX2,PBX homeobox 2,P40425,P40425;A0A024RCR3,2519
caffeine,56124,PCDHB12,protocadherin beta 12,Q9Y5F1,Q9Y5F1,2519
caffeine,5106,PCK2,"phosphoenolpyruvate carboxykinase 2, mitochondrial",Q16822,Q16822;A0A384MTT2,2519
caffeine,5116,PCNT,pericentrin,O95613,O95613,2519
caffeine,29924,EPN1,epsin 1,Q9Y6I3,Q9Y6I3,2519
caffeine,79574,EPS8L3,EPS8 signaling adaptor L3,Q8TE67,Q8TE67;A8K2J6,2519
caffeine,5130,PCYT1A,"phosphate cytidylyltransferase 1A, choline",P49585,P49585;B4E322,2519
caffeine,22984,PDCD11,programmed cell death 11,Q14690,Q14690;A0A3B3IUD7,2519
caffeine,23085,ERC1,ELKS/RAB6-interacting/CAST family member 1,Q8IUD2,Q8IUD2;G8JLD3;X6RLX0;X6RM00,2519
caffeine,54821,ERCC6L,"ERCC excision repair 6 like, spindle assembly checkpoint helicase",Q2NKX8,Q2NKX8;B5MDQ0,2519
caffeine,114799,ESCO1,establishment of sister chromatid cohesion N-acetyltransferase 1,Q5FWF5,Q5FWF5,2519
caffeine,10611,PDLIM5,PDZ and LIM domain 5,Q96HC4,Q96HC4;A0A0A0MSP3;B7Z481;B7Z8X5,2519
caffeine,23042,PDXDC1,pyridoxal dependent decarboxylase domain containing 1,Q6P996,Q6P996;B4DHL7;Q86XE2,2519
caffeine,5037,PEBP1,phosphatidylethanolamine binding protein 1,P30086,P30086;D9IAI1,2519
caffeine,9700,ESPL1,"extra spindle pole bodies like 1, separase",Q14674,Q14674,2519
caffeine,23344,ESYT1,extended synaptotagmin 1,Q9BSJ8,Q9BSJ8,2519
caffeine,5189,PEX1,peroxisomal biogenesis factor 1,O43933,O43933;A0A0C4DG33;B4DER6,2519
caffeine,5209,PFKFB3,"6-phosphofructo-2-kinase/fructose-2,6-biphosphatase 3",Q16875,Q16875;A0A1W2PR17;B7Z8A0,2519
caffeine,27315,PGAP2,post-GPI attachment to proteins 2,Q9UHJ9,Q9UHJ9;A0A024RCD5;A0A0A0MS75;A0A0S2Z568;A8MYS5;B7Z2X5;H0YDC6;H0YDQ4,2519
caffeine,10827,FAM114A2,family with sequence similarity 114 member A2,Q9NRY5,Q9NRY5;A0A140VKG4;B3KTE4;B4DQT0;E7ESJ7;I6L9D5,2519
caffeine,57579,FAM135A,family with sequence similarity 135 member A,Q9P2D6,Q9P2D6;D6RCC7,2519
caffeine,221061,FAM171A1,family with sequence similarity 171 member A1,Q5VUB5,Q5VUB5;B3KMX9,2519
caffeine,57184,FAM219B,family with sequence similarity 219 member B,Q5XKK7,Q5XKK7,2519
caffeine,143684,FAM76B,family with sequence similarity 76 member B,Q5HYJ3,Q5HYJ3;F5GX09,2519
caffeine,55215,FANCI,FA complementation group I,Q9NVI1,Q9NVI1;A0A6Q8PGF4;A0A8Q3SIW9;B3KNW8,2519
caffeine,64839,FBXL17,F-box and leucine rich repeat protein 17,Q9UF56,Q9UF56,2519
caffeine,81545,FBXO38,F-box protein 38,Q6PIJ6,Q6PIJ6;Q6AZE0,2519
caffeine,9873,FCHSD2,FCH and double SH3 domains 2,O94868,O94868,2519
caffeine,55612,FERMT1,FERM domain containing kindlin 1,Q9BQL6,Q9BQL6;Q49AC8;Q54A15,2519
caffeine,55194,EVA1B,eva-1 homolog B,Q9NVM1,Q9NVM1,2519
caffeine,23265,EXOC7,exocyst complex component 7,Q9UPT5,Q9UPT5;B4DJ07;B5MCY9,2519
caffeine,199990,FAAP20,FA core complex associated protein 20,Q6NZ36,Q6NZ36;F6S8H2;H7C361;Q6ZRT9;Q7Z4P6,2519
caffeine,89846,FGD3,"FYVE, RhoGEF and PH domain containing 3",Q5JSP0,Q5JSP0;A8K9G1,2519
caffeine,114827,FHAD1,forkhead associated phosphopeptide binding domain 1,B1AJZ9,B1AJZ9;A0A804HIA4,2519
caffeine,81608,FIP1L1,factor interacting with PAPOLA and CPSF1,Q6UN15,Q6UN15;A0A994J3I9;A0A994J3J1;A0A994J3K1;A0A994J3K5;A0A994J3L5;A0A994J3M0;A0A994J3P6;A0A994J3Q0;A0A994J3Q5;A0A994J3R0;A0A994J3R5;A0A994J3S0;A0A994J3S6;A0A994J3T5;A0A994J438;A0A994J442;A0A994J453;A0A994J458;A0A994J464;A0A994J469;A0A994J474;A0A994J6B4;A0A994J6C6;A0A994J6D3;A0A994J6D6;A0A994J6E0;A0A994J6E2;A0A994J6N5;A0A994J6P0;A0A994J6Q5;A0A994J6R0;H0Y8P7,2519
caffeine,201163,FLCN,folliculin,Q8NFG4,Q8NFG4;A0A0S2Z5Y7,2519
caffeine,28982,FLVCR1,FLVCR choline and heme transporter 1,Q9Y5Y0,Q9Y5Y0;B2RB38,2519
caffeine,54874,FNBP1L,formin binding protein 1 like,Q5T0N5,Q5T0N5;B4DSI7,2519
caffeine,96459,FNIP1,folliculin interacting protein 1,Q8TF40,Q8TF40;J3KNG8,2519
caffeine,10818,FRS2,fibroblast growth factor receptor substrate 2,Q8WU20,Q8WU20;L7RTG7,2519
caffeine,117246,FTSJ3,FtsJ RNA 2'-O-methyltransferase 3,Q8IY81,Q8IY81,2519
caffeine,5349,FXYD3,FXYD domain containing ion transport regulator 3,Q14802,Q14802;A0A1S5UZ23;S4R445,2519
caffeine,10146,G3BP1,G3BP stress granule assembly factor 1,Q13283,Q13283;Q5U0Q1;Q6ZP53,2519
caffeine,9846,GAB2,GRB2 associated binding protein 2,Q9UQC2,Q9UQC2,2519
caffeine,26130,GAPVD1,GTPase activating protein and VPS9 domains 1,Q14C86,Q14C86;B0QZ65;B4DGD8;F8W9S7,2519
caffeine,54815,GATAD2A,GATA zinc finger domain containing 2A,Q86YP4,Q86YP4,2519
caffeine,79833,GEMIN6,gem nuclear organelle associated protein 6,Q8WXD5,Q8WXD5,2519
caffeine,23062,GGA2,"golgi associated, gamma adaptin ear containing, ARF binding protein 2",Q9UJY4,Q9UJY4,2519
caffeine,54994,GID8,GID complex subunit 8 homolog,Q9NWU2,Q9NWU2,2519
caffeine,54810,GIPC2,GIPC PDZ domain containing family member 2,Q8TF65,Q8TF65;A0A384P5H2,2519
caffeine,8833,GMPS,guanosine monophosphate synthase,P49915,P49915;A0A140VJK6,2519
caffeine,113201,GOLM2,golgi membrane protein 2,Q6P4E1,Q6P4E1,2519
caffeine,26003,GORASP2,golgi reassembly stacking protein 2,Q9H8Y8,Q9H8Y8,2519
caffeine,55105,GPATCH2,G-patch domain containing 2,Q9NW75,Q9NW75,2519
caffeine,60313,GPBP1L1,GC-rich promoter binding protein 1 like 1,Q9HC44,Q9HC44,2519
caffeine,27238,GPKOW,G-patch domain and KOW motifs,Q92917,Q92917,2519
caffeine,65983,GRAMD2B,GRAM domain containing 2B,Q96HH9,Q96HH9,2519
caffeine,29841,GRHL1,grainyhead like transcription factor 1,Q9NZI5,Q9NZI5,2519
caffeine,23199,GSE1,Gse1 coiled-coil protein,Q14687,Q14687,2519
caffeine,9569,GTF2IRD1,GTF2I repeat domain containing 1,Q9UHL9,Q9UHL9;E9PFE2,2519
caffeine,9328,GTF3C5,general transcription factor IIIC subunit 5,Q9Y5Q8,Q9Y5Q8;H7BY84,2519
caffeine,333932,H3C15,H3 clustered histone 15,Q71DI3,Q71DI3,2519
caffeine,10767,HBS1L,HBS1 like translational GTPase,Q9Y450,Q9Y450;B7Z524;D9YZV0,2519
caffeine,51564,HDAC7,histone deacetylase 7,Q8WUI4,Q8WUI4,2519
caffeine,23593,HEBP2,heme binding protein 2,Q9Y5Z4,Q9Y5Z4;Q5THN1,2519
caffeine,8924,HERC2,HECT and RLD domain containing E3 ubiquitin protein ligase 2,O95714,O95714;A8KAQ8,2519
caffeine,23119,HIC2,HIC ZBTB transcriptional repressor 2,Q96JB3,Q96JB3,2519
caffeine,8479,HIRIP3,HIRA interacting protein 3,Q9BW71,Q9BW71,2519
caffeine,6927,HNF1A,HNF1 homeobox A,P20823,P20823;A0A0A0MTK8;E0YMI7;F5H0K0,2519
caffeine,220988,HNRNPA3,heterogeneous nuclear ribonucleoprotein A3,P51991,P51991;A0A384NL63;A0A7I2V2R3;B4DDB6,2519
caffeine,9454,HOMER3,homer scaffold protein 3,Q9NSC5,Q9NSC5,2519
caffeine,11234,HPS5,HPS5 biogenesis of lysosomal organelles complex 2 subunit 2,Q9UPZ3,Q9UPZ3,2519
caffeine,7190,HSP90B2P,"heat shock protein 90 beta family member 2, pseudogene",,,2519
caffeine,58985,IL22RA1,interleukin 22 receptor subunit alpha 1,Q8N6P7,Q8N6P7,2519
caffeine,83444,INO80B,INO80 complex subunit B,Q9C086,Q9C086,2519
caffeine,55726,INTS13,integrator complex subunit 13,Q9NVM9,Q9NVM9,2519
caffeine,128239,IQGAP3,IQ motif containing GTPase activating protein 3,Q86VI3,Q86VI3,2519
caffeine,359948,IRF2BP2,interferon regulatory factor 2 binding protein 2,Q7Z5L9,Q7Z5L9,2519
caffeine,51477,ISYNA1,inositol-3-phosphate synthase 1,Q9NPH2,Q9NPH2;A0A140VK73,2519
caffeine,6744,ITPRID2,ITPR interacting domain containing 2,P28290,P28290;E7EUL7;E9PHV5,2519
caffeine,55677,IWS1,"interacts with SUPT6H, CTD assembly factor 1",Q96ST2,Q96ST2;A0A1B0GW95,2519
caffeine,9482,STX8,syntaxin 8,Q9UNK0,Q9UNK0,2519
caffeine,51430,SUCO,SUN domain containing ossification factor,Q9UBS9,Q9UBS9;A0A087WV04;B4DYM4,2519
caffeine,10910,SUGT1,SGT1 assembly cochaperone of MIS12 kinetochore complex,Q9Y2Z0,Q9Y2Z0;A8K7W3;B4DYC6,2519
caffeine,55578,SUPT20H,"SPT20 homolog, SAGA complex component",Q8NEM7,Q8NEM7;A8K8L1;R4GND2,2519
caffeine,6838,SURF6,surfeit 6,O75683,O75683,2519
caffeine,6840,SVIL,supervillin,O95425,O95425;A0A6I8PIX7;Q569J5,2519
caffeine,23345,SYNE1,spectrin repeat containing nuclear envelope protein 1,Q8NF91,Q8NF91;A0A0C4DG40;B4E3R1;B7Z9Y6;F8WAI0,2519
caffeine,11346,SYNPO,synaptopodin,Q8N3V7,Q8N3V7,2519
caffeine,26099,SZRD1,SUZ RNA binding domain containing 1,Q7Z422,Q7Z422,2519
caffeine,6867,TACC1,transforming acidic coiled-coil containing protein 1,O75410,O75410;B7Z3G3;E5RFM9;E7ET87;E7EVI4,2519
caffeine,9013,TAF1C,"TATA-box binding protein associated factor, RNA polymerase I subunit C",Q15572,Q15572;B3KUE8,2519
caffeine,6878,TAF6,TATA-box binding protein associated factor 6,P49848,P49848;A4D299,2519
caffeine,51616,TAF9B,TATA-box binding protein associated factor 9b,Q9HBM6,Q9HBM6,2519
caffeine,57551,TAOK1,TAO kinase 1,Q7L7X3,Q7L7X3,2519
caffeine,23435,TARDBP,TAR DNA binding protein,Q13148,Q13148;Q9H256,2519
caffeine,30851,TAX1BP3,Tax1 binding protein 3,O14907,O14907;A0A087X282,2519
caffeine,25771,TBC1D22A,TBC1 domain family member 22A,Q8WUA7,Q8WUA7;A0A0A0MRY0;B0QYI1,2519
caffeine,9882,TBC1D4,TBC1 domain family member 4,O60343,O60343,2519
caffeine,23061,TBC1D9B,TBC1 domain family member 9B,Q66K14,Q66K14;B3KM54;Q9BW24,2519
caffeine,84897,TBRG1,transforming growth factor beta regulator 1,Q3YBR2,Q3YBR2,2519
caffeine,6920,TCEA3,transcription elongation factor A3,O75764,O75764;B4DUM4;S4R3M9,2519
caffeine,8816,DCAF5,DDB1 and CUL4 associated factor 5,Q96JK2,Q96JK2;Q8TBB7,2519
caffeine,51473,DCDC2,doublecortin domain containing 2,Q9UHG0,Q9UHG0,2519
caffeine,196513,DCP1B,decapping mRNA 1B,Q8IZD4,Q8IZD4;B4DVJ6,2519
caffeine,55152,DALRD3,DALR anticodon binding domain containing 3,Q5D0E6,Q5D0E6,2519
caffeine,10926,DBF4,DBF4-CDC7 kinase regulatory subunit,Q9UBU7,Q9UBU7;B4DXK0;B7Z8C6,2519
caffeine,79269,DCAF10,DDB1 and CUL4 associated factor 10,Q5QP82,Q5QP82;A0A0A0MQT4,2519
caffeine,79077,DCTPP1,dCTP pyrophosphatase 1,Q9H773,Q9H773,2519
caffeine,90780,PYGO2,pygopus family PHD finger 2,Q9BRQ0,Q9BRQ0;Q5T170,2519
caffeine,85456,CNOT12,CCR4-NOT transcription complex subunit 12,Q9C0C2,Q9C0C2;A0A024R542,2519
caffeine,22837,COBLL1,cordon-bleu WH2 repeat protein like 1,Q53SF7,Q53SF7;A0A0D9SG04;A0A0X1KG75;B7Z2P5,2519
caffeine,169714,QSOX2,quiescin sulfhydryl oxidase 2,Q6ZRP7,Q6ZRP7,2519
caffeine,8766,RAB11A,"RAB11A, member RAS oncogene family",P62491,P62491,2519
caffeine,5861,RAB1A,"RAB1A, member RAS oncogene family",P62820,P62820;B7Z8M7;Q5U0I6,2519
caffeine,8533,COPS3,COP9 signalosome subunit 3,Q9UNS2,Q9UNS2;B4DN01,2519
caffeine,132864,CPEB2,cytoplasmic polyadenylation element binding protein 2,Q7Z5Q1,Q7Z5Q1;A0A5K1VW61;A0A5K1VW71;A0A5K1VW79;A0A5K1VW93,2519
caffeine,89853,MVB12B,multivesicular body subunit 12B,Q9H7P6,Q9H7P6,2519
caffeine,140465,MYL6B,myosin light chain 6B,P14649,P14649,2519
caffeine,22930,RAB3GAP1,RAB3 GTPase activating protein catalytic subunit 1,Q15042,Q15042;A0A8J9AUI2;B9A6J2,2519
caffeine,5867,RAB4A,"RAB4A, member RAS oncogene family",P20338,P20338;A0A087WYT5,2519
caffeine,5870,RAB6A,"RAB6A, member RAS oncogene family",P20340,P20340;A0A024R5J5;Q53ET8,2519
caffeine,51692,CPSF3,cleavage and polyadenylation specific factor 3,Q9UKF6,Q9UKF6;G5E9W3,2519
caffeine,57585,CRAMP1,cramped chromatin regulator 1,Q96RY5,Q96RY5;A7MD53;B2RNX8,2519
caffeine,80179,MYO19,myosin XIX,Q96H55,Q96H55;B4E218;B7Z1T7,2519
caffeine,4645,MYO5B,myosin VB,Q9ULV0,Q9ULV0;Q7Z7A5,2519
caffeine,9135,RABEP1,"rabaptin, RAB GTPase binding effector protein 1",Q15276,Q15276;B4DMM4,2519
caffeine,5880,RAC2,Rac family small GTPase 2,P15153,P15153;V9H0H7,2519
caffeine,5885,RAD21,RAD21 cohesin complex component,O60216,O60216,2519
caffeine,9107,MTMR6,myotubularin related protein 6,Q9Y217,Q9Y217;A0A9L9PXJ0,2519
caffeine,4580,MTX1,metaxin 1,Q13505,Q13505,2519
caffeine,9419,CRIPT,CXXC repeat containing interactor of PDZ3 domain,Q9P021,Q9P021,2519
caffeine,200186,CRTC2,CREB regulated transcription coactivator 2,Q53ET0,Q53ET0,2519
caffeine,9150,CTDP1,CTD phosphatase subunit 1,Q9Y5B0,Q9Y5B0,2519
caffeine,8260,NAA10,"N-alpha-acetyltransferase 10, NatA catalytic subunit",P41227,P41227;B7Z9N2,2519
caffeine,65220,NADK,NAD kinase,O95544,O95544;A0A0A0MR98,2519
caffeine,8774,NAPG,NSF attachment protein gamma,Q99747,Q99747;Q6FHY4,2519
caffeine,5894,RAF1,"Raf-1 proto-oncogene, serine/threonine kinase",P04049,P04049;A0A0S2Z4L5;A0A0S2Z559;B4E0X2;L7RRS6,2519
caffeine,253959,RALGAPA1,Ral GTPase activating protein catalytic subunit alpha 1,Q6GYQ0,Q6GYQ0;A0A1B0GUI1;A0A7P0TAR5;H0YJB5,2519
caffeine,9649,RALGPS1,Ral GEF with PH domain and SH3 binding motif 1,Q5JS13,Q5JS13,2519
caffeine,56474,CTPS2,CTP synthase 2,Q9NRF8,Q9NRF8,2519
caffeine,55917,CTTNBP2NL,CTTNBP2 N-terminal like,Q9P2B4,Q9P2B4,2519
caffeine,8450,CUL4B,cullin 4B,Q13620,Q13620;K4DI93,2519
caffeine,57610,RANBP10,RAN binding protein 10,Q6VN20,Q6VN20;B3KP49;R4GMX8,2519
caffeine,5905,RANGAP1,Ran GTPase activating protein 1,P46060,P46060;Q9BSK3,2519
caffeine,51735,RAPGEF6,Rap guanine nucleotide exchange factor 6,Q8TEU7,Q8TEU7;B2RTU6,2519
caffeine,5924,RASGRF2,Ras protein specific guanine nucleotide releasing factor 2,O14827,O14827;A0A2X0SFL3,2519
caffeine,9821,RB1CC1,RB1 inducible coiled-coil 1,Q8TDY2,Q8TDY2,2519
caffeine,5932,RBBP8,"RB binding protein 8, endonuclease",Q99708,Q99708,2519
caffeine,5934,RBL2,RB transcriptional corepressor like 2,Q08999,Q08999,2519
caffeine,64783,RBM15,RNA binding motif protein 15,Q96T37,Q96T37,2519
caffeine,64062,RBM26,RNA binding motif protein 26,Q5T8P6,Q5T8P6;A0A087X0H9,2519
caffeine,9584,RBM39,RNA binding motif protein 39,Q14498,Q14498;A0A384NQ03;B4DRA0,2519
caffeine,10180,RBM6,RNA binding motif protein 6,P78332,P78332;A8K6Q4;E9PGM9,2519
caffeine,5939,RBMS2,RNA binding motif single stranded interacting protein 2,Q15434,Q15434,2519
caffeine,64145,RBSN,"rabenosyn, RAB effector",Q9H1K0,Q9H1K0;A8K5H3,2519
caffeine,23186,RCOR1,REST corepressor 1,Q9UKL0,Q9UKL0,2519
caffeine,221035,REEP3,receptor accessory protein 3,Q6NUK4,Q6NUK4;X5DP57;X5DR89,2519
caffeine,55196,RESF1,retroelement silencing factor 1,Q9HCM1,Q9HCM1,2519
caffeine,51455,REV1,REV1 DNA directed polymerase,Q9UBZ9,Q9UBZ9;Q49AI5,2519
caffeine,5981,RFC1,replication factor C subunit 1,P35251,P35251,2519
caffeine,55159,RFWD3,ring finger and WD repeat domain 3,Q6PCD5,Q6PCD5,2519
caffeine,5863,RGL2,ral guanine nucleotide dissociation stimulator like 2,O15211,O15211;A0A024RCS9,2519
caffeine,84220,RGPD5,RANBP2 like and GRIP domain containing 5,Q99666,Q99666;V9HWE4,2519
caffeine,64285,RHBDF1,rhomboid 5 homolog 1,Q96CC6,Q96CC6,2519
caffeine,57589,RIC1,RIC1 partner of RAB6A GEF complex,Q4ADV7,Q4ADV7,2519
caffeine,9610,RIN1,Ras and Rab interactor 1,Q13671,Q13671;A0A0S2Z4T5;A0A0S2Z4U0,2519
caffeine,83732,RIOK1,RIO kinase 1,Q9BRS2,Q9BRS2,2519
caffeine,8737,RIPK1,receptor interacting serine/threonine kinase 1,Q13546,Q13546,2519
caffeine,4869,NPM1,nucleophosmin 1,P06748,P06748;A0A0S2Z491;A0A0S2Z4G7;A0A140VJQ2;E5RI98,2519
caffeine,7182,NR2C2,nuclear receptor subfamily 2 group C member 2,P49116,P49116;F2YGU2,2519
caffeine,4897,NRCAM,neuronal cell adhesion molecule,Q92823,Q92823;A0A1S5UZH4;B7Z670;C9JYY6;Q14CA1,2519
caffeine,4782,NFIC,nuclear factor I C,P08651,P08651;B7Z4T6,2519
caffeine,4794,NFKBIE,NFKB inhibitor epsilon,O00221,O00221;Q7LC14;Q96F31,2519
caffeine,4800,NFYA,nuclear transcription factor Y subunit alpha,P23511,P23511,2519
caffeine,9351,NHERF2,NHERF family PDZ scaffold protein 2,Q15599,Q15599;H3BQS0,2519
caffeine,84365,NIFK,nucleolar protein interacting with the FHA domain of MKI67,Q9BYG3,Q9BYG3,2519
caffeine,85407,NKD1,NKD inhibitor of Wnt signaling pathway 1,Q969G9,Q969G9,2519
caffeine,51068,NMD3,NMD3 ribosome export adaptor,Q96D46,Q96D46;C9JA08,2519
caffeine,28987,NOB1,NIN1 (RPN12) binding protein 1 homolog,Q9ULX3,Q9ULX3,2519
caffeine,8996,NOL3,nucleolar protein 3,O60936,O60936;Q5TZN6,2519
caffeine,408050,NOMO3,NODAL modulator 3,P69849,P69849;J3KN36;Q1LZN2,2519
caffeine,10528,NOP56,NOP56 ribonucleoprotein,O00567,O00567,2519
caffeine,4851,NOTCH1,notch receptor 1,P46531,P46531,2519
caffeine,9918,NCAPD2,non-SMC condensin I complex subunit D2,Q15021,Q15021;B3KMS0;B3KY03,2519
caffeine,55421,NCBP3,nuclear cap binding subunit 3,Q53F19,Q53F19,2519
caffeine,57727,NCOA5,nuclear receptor coactivator 5,Q9HCD5,Q9HCD5,2519
caffeine,374383,NCR3LG1,natural killer cell cytotoxicity receptor 3 ligand 1,Q68D85,Q68D85,2519
caffeine,81565,NDEL1,nudE neurodevelopment protein 1 like 1,Q9GZM8,Q9GZM8;A6NIZ0,2519
caffeine,4703,NEB,nebulin,P20929,P20929;Q05C45;Q96MF8,2519
caffeine,121441,NEDD1,NEDD1 gamma-tubulin ring complex targeting factor,Q8NHV4,Q8NHV4;A8K1Z3,2519
caffeine,4750,NEK1,NIMA related kinase 1,Q96PY6,Q96PY6;A0A8I5KUL6,2519
caffeine,91754,NEK9,NIMA related kinase 9,Q8TD19,Q8TD19;A0A7I2V454;A0A7I2V5R1;Q6PKF2,2519
caffeine,10763,NES,nestin,P48681,P48681;Q9H6U9,2519
caffeine,10725,NFAT5,nuclear factor of activated T cells 5,O94916,O94916,2519
caffeine,4363,ABCC1,ATP binding cassette subfamily C member 1 (ABCC1 blood group),P33527,P33527;A0A7I2V2E0,2519
caffeine,7920,ABHD16A,"abhydrolase domain containing 16A, phospholipase",O95870,O95870;A0A1U9X777;B3KNX9,2519
caffeine,23172,ABRAXAS2,"abraxas 2, BRISC complex subunit",Q15018,Q15018,2519
caffeine,55902,ACSS2,acyl-CoA synthetase short chain family member 2,Q9NR19,Q9NR19;Q4G0E8;Q6DKJ3;Q96FY7,2519
caffeine,23394,ADNP,activity dependent neuroprotector homeobox,Q9H2P0,Q9H2P0;A0A2R8Y6X0;A0A669KBJ7;Q6DHZ8,2519
caffeine,28971,AAMDC,adipogenesis associated Mth938 domain containing,Q9H7C9,Q9H7C9;E9PLK9;E9PNP3;E9PR47;K4DI89,2519
caffeine,11047,ADRM1,ADRM1 26S proteasome ubiquitin receptor,Q16186,Q16186;A0A087WX59,2519
caffeine,4299,AFF1,ALF transcription elongation factor 1,P51825,P51825;B4DJU9;Q14C88,2519
caffeine,83543,AIF1L,allograft inflammatory factor 1 like,Q9BQI0,Q9BQI0,2519
caffeine,8165,AKAP1,A-kinase anchoring protein 1,Q92667,Q92667;A0A140VK05;B4DN86,2519
caffeine,11214,AKAP13,A-kinase anchoring protein 13,Q12802,Q12802;A8MYJ1;B0AZU4,2519
caffeine,80709,AKNA,AT-hook transcription factor,Q7Z591,Q7Z591;Q64FY1,2519
caffeine,10521,DDX17,DEAD-box helicase 17,Q92841,Q92841;A0A5H1ZRQ2;Q59F66,2519
caffeine,9188,DDX21,DExD-box helicase 21,Q9NR30,Q9NR30;A0A8I5KYZ4,2519
caffeine,7919,DDX39B,DExD-box helicase 39B,Q13838,Q13838;A0A024RCM3,2519
caffeine,8659,ALDH4A1,aldehyde dehydrogenase 4 family member A1,P30038,P30038;A0A024RAC7,2519
caffeine,9879,DDX46,DEAD-box helicase 46,Q7L014,Q7L014;A0A0C4DG89,2519
caffeine,79039,DDX54,DEAD-box helicase 54,Q8TDD1,Q8TDD1,2519
caffeine,7913,DEK,DEK proto-oncogene,P35659,P35659;H0Y8X0,2519
caffeine,64682,ANAPC1,anaphase promoting complex subunit 1,Q9H1A4,Q9H1A4,2519
caffeine,23141,ANKLE2,ankyrin repeat and LEM domain containing 2,Q86XL3,Q86XL3,2519
caffeine,55667,DENND4C,DENN domain containing 4C,Q5VZ89,Q5VZ89,2519
caffeine,26057,ANKRD17,ankyrin repeat domain 17,O75179,O75179,2519
caffeine,129138,ANKRD54,ankyrin repeat domain 54,Q6NXT1,Q6NXT1;B5MCX7,2519
caffeine,22907,DHX30,DExH-box helicase 30,Q7L2E3,Q7L2E3;H7BXY3,2519
caffeine,81624,DIAPH3,diaphanous related formin 3,Q9NSV4,Q9NSV4;B4DPV3,2519
caffeine,57609,DIP2B,DIP2 acetate--CoA ligase B (putative),Q9P265,Q9P265;Q96IB4,2519
caffeine,139322,APOOL,apolipoprotein O like,Q6UXV4,Q6UXV4,2519
caffeine,10049,DNAJB6,DnaJ heat shock protein family (Hsp40) member B6,O75190,O75190;A0A0J9YX62;E9PH18,2519
caffeine,80331,DNAJC5,DnaJ heat shock protein family (Hsp40) member C5,Q9H3Z4,Q9H3Z4,2519
caffeine,9732,DOCK4,dedicator of cytokinesis 4,Q8N1I0,Q8N1I0,2519
caffeine,55715,DOK4,docking protein 4,Q8TEW6,Q8TEW6;H3BQ19,2519
caffeine,84444,DOT1L,DOT1 like histone lysine methyltransferase,Q8TEK3,Q8TEK3;A0A8I5QL06,2519
caffeine,8446,DUSP11,dual specificity phosphatase 11,O75319,O75319,2519
caffeine,144455,E2F7,E2F transcription factor 7,Q96AV8,Q96AV8,2519
caffeine,9166,EBAG9,estrogen receptor binding site associated antigen 9,O00559,O00559,2519
caffeine,54888,NSUN2,NOP2/Sun RNA methyltransferase 2,Q08J23,Q08J23,2519
caffeine,64710,NUCKS1,nuclear casein kinase and cyclin dependent kinase substrate 1,Q9H1E3,Q9H1E3,2519
caffeine,8650,NUMB,NUMB endocytic adaptor protein,P49757,P49757,2519
caffeine,23165,NUP205,nucleoporin 205,Q92621,Q92621,2519
caffeine,10762,NUP50,nucleoporin 50,Q9UKX7,Q9UKX7;B4E2D3,2519
caffeine,4928,NUP98,nucleoporin 98 and 96 precursor,P52948,P52948;A0A8V8TR21;H0YCR0;H0YEN4,2519
caffeine,79180,EFHD2,EF-hand domain family member D2,Q96C19,Q96C19;A0A024QZ77,2519
caffeine,54583,EGLN1,egl-9 family hypoxia inducible factor 1,Q9GZT9,Q9GZT9;R4SCQ0,2519
caffeine,10938,EHD1,EH domain containing 1,Q9H4M9,Q9H4M9;A0A024R571;B2R5U3,2519
caffeine,4942,OAT,ornithine aminotransferase,P04181,P04181;A0A140VJQ4,2519
caffeine,8481,OFD1,OFD1 centriole and centriolar satellite protein,O75665,O75665;E9KL37,2519
caffeine,11339,OIP5,Opa interacting protein 5,O43482,O43482,2519
caffeine,10919,EHMT2,euchromatic histone lysine methyltransferase 2,Q96KQ7,Q96KQ7;A0A024RCN9;A2ABF8;A2ABF9;B7Z852;Q59FM7,2519
caffeine,10289,EIF1B,eukaryotic translation initiation factor 1B,O60739,O60739;Q6FG85,2519
caffeine,440275,EIF2AK4,eukaryotic translation initiation factor 2 alpha kinase 4,Q9P2K8,Q9P2K8,2519
caffeine,4998,ORC1,origin recognition complex subunit 1,Q13415,Q13415;B7Z8H0;Q96F82,2519
caffeine,114885,OSBPL11,oxysterol binding protein like 11,Q9BXB4,Q9BXB4;A0A140VJQ6,2519
caffeine,51526,OSER1,oxidative stress responsive serine rich 1,Q9NX31,Q9NX31,2519
caffeine,55435,AP1AR,adaptor related protein complex 1 associated regulatory protein,Q63HQ0,Q63HQ0,2519
caffeine,23431,AP4E1,adaptor related protein complex 4 subunit epsilon 1,Q9UPM8,Q9UPM8;B4DM48,2519
caffeine,9231,DLG5,discs large MAGUK scaffold protein 5,Q8TDM6,Q8TDM6,2519
caffeine,55929,DMAP1,DNA methyltransferase 1 associated protein 1,Q9NPF5,Q9NPF5,2519
caffeine,116986,AGAP2,"ArfGAP with GTPase domain, ankyrin repeat and PH domain 2",Q99490,Q99490,2519
caffeine,55109,AGGF1,angiogenic factor with G-patch and FHA domains 1,Q8N302,Q8N302,2519
caffeine,27245,AHDC1,AT-hook DNA binding motif containing 1,Q5TGY3,Q5TGY3,2519
caffeine,8666,EIF3G,eukaryotic translation initiation factor 3 subunit G,O75821,O75821,2519
caffeine,51386,EIF3L,eukaryotic translation initiation factor 3 subunit L,Q9Y262,Q9Y262;B0QY90,2519
caffeine,55611,OTUB1,"OTU deubiquitinase, ubiquitin aldehyde binding 1",Q96FW1,Q96FW1;B3KUV5,2519
caffeine,55074,OXR1,oxidation resistance 1,Q8N573,Q8N573,2519
caffeine,159090,PABIR2,PABIR family member 2,Q7Z309,Q7Z309;B4DN12;G1UD79;G1UD80,2519
caffeine,56478,EIF4ENIF1,eukaryotic translation initiation factor 4E nuclear import factor 1,Q9NRA8,Q9NRA8,2519
caffeine,11252,PACSIN2,protein kinase C and casein kinase substrate in neurons 2,Q9UNF0,Q9UNF0;Q6FIA3,2519
caffeine,10298,PAK4,p21 (RAC1) activated kinase 4,O96013,O96013,2519
caffeine,60528,ELAC2,elaC ribonuclease Z 2,Q9BQ52,Q9BQ52;A0A0S2Z5M8,2519
caffeine,6924,ELOA,elongin A,Q14241,Q14241,2519
caffeine,54873,PALMD,palmdelphin,Q9NP74,Q9NP74;A0A0S2Z5E7,2519
caffeine,55229,PANK4,pantothenate kinase 4 (inactive),Q9NVE7,Q9NVE7,2519
caffeine,84612,PARD6B,par-6 family cell polarity regulator beta,Q9BYG5,Q9BYG5,2519
caffeine,56946,EMSY,"EMSY transcriptional repressor, BRCA2 interacting",Q7Z589,Q7Z589,2519
caffeine,5167,ENPP1,ectonucleotide pyrophosphatase/phosphodiesterase 1,P22413,P22413,2519
caffeine,26122,EPC2,enhancer of polycomb 2,Q52LR7,Q52LR7,2519
caffeine,64098,PARVG,parvin gamma,Q9HBI0,Q9HBI0,2519
caffeine,5074,PAWR,pro-apoptotic WT1 regulator,Q96IZ0,Q96IZ0,2519
caffeine,55193,PBRM1,polybromo 1,Q86U86,Q86U86;A0A9L9PXL4,2519
caffeine,5094,PCBP2,poly(rC) binding protein 2,Q15366,Q15366;A0A384N6B9,2519
caffeine,63935,PCIF1,phosphorylated CTD interacting factor 1,Q9H4Z3,Q9H4Z3,2519
caffeine,57092,PCNP,PEST proteolytic signal containing nuclear protein,Q8WW12,Q8WW12,2519
caffeine,64787,EPS8L2,EPS8 signaling adaptor L2,Q9H6S3,Q9H6S3,2519
caffeine,11333,PDAP1,PDGFA associated protein 1,Q13442,Q13442,2519
caffeine,55914,ERBIN,erbb2 interacting protein,Q96RT1,Q96RT1;A0A8V8TML4;A0A8V8TPC7,2519
caffeine,54206,ERRFI1,ERBB receptor feedback inhibitor 1,Q9UJM3,Q9UJM3;B3KTV8;I6S2Y9,2519
caffeine,64236,PDLIM2,PDZ and LIM domain 2,Q96JY6,Q96JY6,2519
caffeine,23047,PDS5B,PDS5 cohesin associated factor B,Q9NTI5,Q9NTI5,2519
caffeine,79834,PEAK1,pseudopodium enriched atypical kinase 1,Q9H792,Q9H792,2519
caffeine,51575,ESF1,ESF1 nucleolar pre-rRNA processing protein,Q9H501,Q9H501,2519
caffeine,8220,ESS2,ess-2 spliceosome associated protein,Q96DF8,Q96DF8;F8WEF8,2519
caffeine,27043,PELP1,"proline, glutamate and leucine rich protein 1",Q8IZL8,Q8IZL8;B4DEX7;B4DR36;C9JFV4;E7EV54,2519
caffeine,5208,PFKFB2,"6-phosphofructo-2-kinase/fructose-2,6-biphosphatase 2",O60825,O60825;B0FLL2,2519
caffeine,5216,PFN1,profilin 1,P07737,P07737,2519
caffeine,642273,FAM110C,family with sequence similarity 110 member C,Q1W6H9,Q1W6H9,2519
caffeine,23196,FAM120A,family with sequence similarity 120 member A,Q9NZB2,Q9NZB2;A0A8V8TNY3,2519
caffeine,26049,FAM169A,family with sequence similarity 169 member A,Q9Y6X4,Q9Y6X4,2519
caffeine,8603,FAM193A,family with sequence similarity 193 member A,P78312,P78312,2519
caffeine,199870,FAM76A,family with sequence similarity 76 member A,Q8TAV0,Q8TAV0,2519
caffeine,9855,FARP2,"FERM, ARH/RhoGEF and pleckstrin domain protein 2",O94887,O94887,2519
caffeine,22868,FASTKD2,FAST kinase domains 2,Q9NYY8,Q9NYY8,2519
caffeine,222235,FBXL13,F-box and leucine rich repeat protein 13,Q8NEE6,Q8NEE6;A0A8Q3WK56;A0A8Q3WKA2;C9JI88;Q8N1P0,2519
caffeine,80204,FBXO11,F-box protein 11,Q86XK2,Q86XK2;A0A804HK63,2519
caffeine,115548,FCHO2,FCH and mu domain containing endocytic adaptor 2,Q0JRZ9,Q0JRZ9,2519
caffeine,84141,EVA1A,"eva-1 homolog A, regulator of programmed cell death",Q9H8M9,Q9H8M9,2519
caffeine,60412,EXOC4,exocyst complex component 4,Q96A65,Q96A65;Q6NX51,2519
caffeine,50848,F11R,F11 receptor,Q9Y624,Q9Y624;Q6FIB4,2519
caffeine,29109,FHOD1,formin homology 2 domain containing 1,Q9Y613,Q9Y613;A0A068F7M9,2519
caffeine,114793,FMNL2,formin like 2,Q96PY5,Q96PY5;A0ABJ7H3E2;A0ABJ7H8L6,2519
caffeine,64778,FNDC3B,fibronectin type III domain containing 3B,Q53EP0,Q53EP0,2519
caffeine,80144,FRAS1,Fraser extracellular matrix complex subunit 1,Q86XX4,Q86XX4,2519
caffeine,84443,FRMPD3,FERM and PDZ domain containing 3,Q5JV73,Q5JV73;A0A804HJA6,2519
caffeine,24140,FTSJ1,FtsJ RNA 2'-O-methyltransferase 1,Q9UET6,Q9UET6;A0A024QYX5;A0A0S2Z5C9;B3KN91;B7Z4K4,2519
caffeine,5348,FXYD1,FXYD domain containing ion transport regulator 1,O00168,O00168,2519
caffeine,8323,FZD6,frizzled class receptor 6,O60353,O60353;B4DL33;B4E236,2519
caffeine,9710,GARRE1,granule associated Rac and RHOG effector 1,O15063,O15063,2519
caffeine,6936,GCFC2,GC-rich sequence DNA-binding factor 2,P16383,P16383;A4UHR0;B3KUM5;Q9BVX3,2519
caffeine,25929,GEMIN5,gem nuclear organelle associated protein 5,Q8TEQ6,Q8TEQ6;B7ZLC9;Q58EZ8,2519
caffeine,85476,GFM1,G elongation factor mitochondrial 1,Q96RP9,Q96RP9;C9IZ01;E5KND5,2519
caffeine,51659,GINS2,GINS complex subunit 2,Q9Y248,Q9Y248,2519
caffeine,113263,GLCCI1,glucocorticoid induced 1,Q86VQ1,Q86VQ1,2519
caffeine,55830,GLT8D1,glycosyltransferase 8 domain containing 1,Q68CQ7,Q68CQ7;Q7Z4D0,2519
caffeine,51053,GMNN,geminin DNA replication inhibitor,O75496,O75496,2519
caffeine,64689,GORASP1,golgi reassembly stacking protein 1,Q9BQQ3,Q9BQQ3;A0A8Q3SHU6;A0A8Q3WL08;B3KPY8;B4E1H8,2519
caffeine,55094,GPATCH1,G-patch domain containing 1,Q9BRR8,Q9BRR8,2519
caffeine,65056,GPBP1,GC-rich promoter binding protein 1,Q86WP2,Q86WP2;D4PHA4,2519
caffeine,57655,GRAMD1A,GRAM domain containing 1A,Q96CP6,Q96CP6;B3KQF7;B3KUH3;M0QZ12,2519
caffeine,9687,GREB1,growth regulating estrogen receptor binding 1,Q4ZG55,Q4ZG55,2519
caffeine,9446,GSTO1,glutathione S-transferase omega 1,P78417,P78417;V9HWG9,2519
caffeine,9330,GTF3C3,general transcription factor IIIC subunit 3,Q9Y5Q9,Q9Y5Q9,2519
caffeine,51512,GTSE1,G2 and S-phase expressed 1,Q9NYZ3,Q9NYZ3,2519
caffeine,14958,H1F0,H1.0 linker histone,P10922,P10922,2519
caffeine,8345,H2BC9,H2B clustered histone 9,Q93079,Q93079,2519
caffeine,57531,HACE1,HECT domain and ankyrin repeat containing E3 ubiquitin protein ligase 1,Q8IYU2,Q8IYU2,2519
caffeine,93323,HAUS8,HAUS augmin like complex subunit 8,Q9BT25,Q9BT25,2519
caffeine,10014,HDAC5,histone deacetylase 5,Q9UQL6,Q9UQL6,2519
caffeine,84717,HDGFL2,HDGF like 2,Q7Z4V5,Q7Z4V5,2519
caffeine,63897,HEATR6,HEAT repeat containing 6,Q6AI08,Q6AI08,2519
caffeine,92797,HELB,DNA helicase B,Q8NG08,Q8NG08;F5H1I4,2519
caffeine,8925,HERC1,HECT and RLD domain containing E3 ubiquitin protein ligase family member 1,Q15751,Q15751,2519
caffeine,79802,HHIPL2,HHIP like 2,Q6UWX4,Q6UWX4,2519
caffeine,7290,HIRA,histone cell cycle regulator,P54198,P54198,2519
caffeine,55355,HJURP,Holliday junction recognition protein,Q8NCD3,Q8NCD3,2519
caffeine,284293,HMSD,histocompatibility minor serpin domain containing,A8MTL9,A8MTL9,2519
caffeine,89781,HPS4,HPS4 biogenesis of lysosomal organelles complex 3 subunit 2,Q9NQG7,Q9NQG7;A0A8V8TMY3;A0A8V8TN06;A0A8V8TPB3;A8K2E6;F1LLU8;Q6P1K3,2519
caffeine,7184,HSP90B1,heat shock protein 90 beta family member 1,P14625,P14625;V9HWP2,2519
caffeine,55765,INAVA,innate immunity activator,Q3KP66,Q3KP66;A0A8V8N8P9,2519
caffeine,54617,INO80,INO80 complex ATPase subunit,Q9ULG1,Q9ULG1,2519
caffeine,57117,INTS12,integrator complex subunit 12,Q96CB8,Q96CB8,2519
caffeine,10788,IQGAP2,IQ motif containing GTPase activating protein 2,Q13576,Q13576;B7Z7U6;B7Z7X2;F5H7S7;Q59HA3,2519
caffeine,26145,IRF2BP1,interferon regulatory factor 2 binding protein 1,Q8IU81,Q8IU81,2519
caffeine,10625,IVNS1ABP,influenza virus NS1A binding protein,Q9Y6Y0,Q9Y6Y0,2519
caffeine,8417,STX7,syntaxin 7,O15400,O15400,2519
caffeine,10923,SUB1,SUB1 regulator of transcription,P53999,P53999;Q6IBA2,2519
caffeine,10147,SUGP2,SURP and G-patch domain containing 2,Q8IX01,Q8IX01;A8K5G0;M0R2Z9,2519
caffeine,25777,SUN2,Sad1 and UNC84 domain containing 2,Q9UH99,Q9UH99;B0QY60;B0QY64;B4E2A6,2519
caffeine,9913,SUPT7L,"SPT7 like, STAGA complex subunit gamma",O94864,O94864,2519
caffeine,374969,SVBP,small vasohibin binding protein,Q8N300,Q8N300,2519
caffeine,10492,SYNCRIP,synaptotagmin binding cytoplasmic RNA interacting protein,O60506,O60506;A0A7I2V309;A0A7I2YQN2;B7Z645;Q59GL1,2519
caffeine,8871,SYNJ2,synaptojanin 2,O15056,O15056;A0A1W2PR85;B4DG94,2519
caffeine,84958,SYTL1,synaptotagmin like 1,Q8IYJ3,Q8IYJ3,2519
caffeine,23118,TAB2,TGF-beta activated kinase 1 (MAP3K7) binding protein 2,Q9NYJ8,Q9NYJ8;B4DIR9,2519
caffeine,8148,TAF15,TATA-box binding protein associated factor 15,Q92804,Q92804,2519
caffeine,6874,TAF4,TATA-box binding protein associated factor 4,O00268,O00268,2519
caffeine,6880,TAF9,TATA-box binding protein associated factor 9,Q16594,Q16594,2519
caffeine,10010,TANK,TRAF family member associated NFKB activator,Q92844,Q92844;B2R7S3;Q6NW12,2519
caffeine,6895,TARBP2,TARBP2 subunit of RISC loading complex,Q15633,Q15633,2519
caffeine,9797,TATDN2,TatD DNase domain containing 2,Q93075,Q93075,2519
caffeine,128637,TBC1D20,TBC1 domain family member 20,Q96BZ9,Q96BZ9;Q9Y2V8,2519
caffeine,23329,TBC1D30,TBC1 domain family member 30,Q9Y2I9,Q9Y2I9;F8VZ81,2519
caffeine,6907,TBL1X,transducin beta like 1 X-linked,O60907,O60907,2519
caffeine,6917,TCEA1,transcription elongation factor A1,P23193,P23193;A0A384MTX4;B7Z4W0,2519
caffeine,23002,DAAM1,dishevelled associated activator of morphogenesis 1,Q9Y4D1,Q9Y4D1,2519
caffeine,90379,DCAF15,DDB1 and CUL4 associated factor 15,Q66K64,Q66K64,2519
caffeine,131566,DCBLD2,"discoidin, CUB and LCCL domain containing 2",Q96PD2,Q96PD2;B7Z7Y3,2519
caffeine,55802,DCP1A,decapping mRNA 1A,Q9NPI6,Q9NPI6,2519
caffeine,221955,DAGLB,diacylglycerol lipase beta,Q8NCG7,Q8NCG7,2519
caffeine,26528,DAZAP1,DAZ associated protein 1,Q96EP5,Q96EP5;A0A0S2Z569;K7EK33;K7EQ55,2519
caffeine,9730,DCAF1,DDB1 and CUL4 associated factor 1,Q9Y4B6,Q9Y4B6,2519
caffeine,51164,DCTN4,dynactin subunit 4,Q9UJW0,Q9UJW0;A0A0S2Z5D4,2519
caffeine,4711,NDUFB5,NADH:ubiquinone oxidoreductase subunit B5,O43674,O43674;A0A087WYD0,2519
caffeine,9371,KIF3B,kinesin family member 3B,O15066,O15066,2519
caffeine,10130,PDIA6,protein disulfide isomerase family A member 6,Q15084,Q15084;A0A384NPU5,2519
caffeine,10745,PHTF1,putative homeodomain transcription factor 1,Q9UMS5,Q9UMS5,2519
caffeine,5310,PKD1,"polycystin 1, transient receptor potential channel interacting",P98161,P98161,2519
caffeine,7345,UCHL1,ubiquitin C-terminal hydrolase L1,P09936,P09936;V9HW74,2519
caffeine,27072,VPS41,VPS41 subunit of HOPS complex,P49754,P49754,2519
caffeine,5595,MAPK3,mitogen-activated protein kinase 3,P27361,P27361;L7RXH5;Q9BWJ1,2519
caffeine,8455,ATRN,attractin,O75882,O75882;B4DZ36,2519
caffeine,7174,TPP2,tripeptidyl peptidase 2,P29144,P29144;Q5VZU9,2519
caffeine,7222,TRPC3,transient receptor potential cation channel subfamily C member 3,Q13507,Q13507,2519
caffeine,14867,GSTM6,"glutathione S-transferase, mu 6",O35660,O35660;D3YVP8;G5E8M7,2519
caffeine,16190,IL4RA,"interleukin 4 receptor, alpha",P16382,P16382;Q3U905,2519
caffeine,79191,IRX3,iroquois homeobox 3,P78415,P78415,2519
caffeine,7054,TH,tyrosine hydroxylase,P07101,P07101;P78428,2519
caffeine,5244,ABCB4,ATP binding cassette subfamily B member 4,P21439,P21439,2519
caffeine,4843,NOS2,nitric oxide synthase 2,P35228,P35228,2519
caffeine,4905,NSF,"N-ethylmaleimide sensitive factor, vesicle fusing ATPase",P46459,P46459;A0A384MTI6,2519
caffeine,10536,P3H3,prolyl 3-hydroxylase 3,Q8IVL6,Q8IVL6,2519
caffeine,6531,SLC6A3,solute carrier family 6 member 3,Q01959,Q01959,2519
caffeine,8555,CDC14B,cell division cycle 14B,O60729,O60729;A0A9L9PY50,2519
caffeine,23670,CEMIP2,cell migration inducing hyaluronidase 2,Q9UHN6,Q9UHN6,2519
caffeine,50640,PNPLA8,"patatin like domain 8, phospholipase A2",Q9NP80,Q9NP80,2519
caffeine,674052,PS-MODR4,odr4 GPCR localization factor homolog pseudogene,,,2519
caffeine,406967,MIR192,microRNA 192,,,2519
caffeine,65005,MRPL9,mitochondrial ribosomal protein L9,Q9BYD2,Q9BYD2;Q5SZR1,2519
caffeine,12716,CKMT1,"creatine kinase, mitochondrial 1, ubiquitous",P30275,P30275;Q545N7,2519
caffeine,5928,RBBP4,"RB binding protein 4, chromatin remodeling factor",Q09028,Q09028,2519
caffeine,5997,RGS2,regulator of G protein signaling 2,P41220,P41220,2519
caffeine,84870,RSPO3,R-spondin 3,Q9BXY4,Q9BXY4,2519
caffeine,26054,SENP6,SUMO specific peptidase 6,Q9GZR1,Q9GZR1;B3KMM0;F8W6D9,2519
caffeine,20909,STX4A,syntaxin 4A (placental),P70452,P70452,2519
caffeine,6387,CXCL12,C-X-C motif chemokine ligand 12,P48061,P48061,2519
caffeine,794315,AND1,actinodin1,E7F5V5,E7F5V5,2519
caffeine,58081,BAXA,"BCL2 associated X, apoptosis regulator a",Q9I9N4,Q9I9N4,2519
caffeine,154043,CNKSR3,CNKSR family member 3,Q6P9H4,Q6P9H4;A0A5H1ZRR2,2519
caffeine,23019,CNOT1,CCR4-NOT transcription complex subunit 1,A5YKK6,A5YKK6,2519
caffeine,79832,QSER1,glutamine and serine rich 1,Q2KHR3,Q2KHR3;A0A3B3IRW6;B3KWV1,2519
caffeine,22864,R3HDM2,R3H domain containing 2,Q9Y2K5,Q9Y2K5;A0A0U1RRA6;B5MCG9;B5MCU0,2519
caffeine,26056,RAB11FIP5,RAB11 family interacting protein 5,Q9BXF6,Q9BXF6;A0A1B0GTL5,2519
caffeine,8161,COIL,coilin,P38432,P38432,2519
caffeine,22820,COPG1,coat protein complex I subunit gamma 1,Q9Y678,Q9Y678,2519
caffeine,93343,MVB12A,multivesicular body subunit 12A,Q96EY5,Q96EY5,2519
caffeine,4605,MYBL2,MYB proto-oncogene like 2,P10244,P10244,2519
caffeine,4627,MYH9,myosin heavy chain 9,P35579,P35579,2519
caffeine,84932,RAB2B,"RAB2B, member RAS oncogene family",Q8WUD1,Q8WUD1;B4DUD4,2519
caffeine,115273,RAB42,"RAB42, member RAS oncogene family",Q8N4Z0,Q8N4Z0,2519
caffeine,53981,CPSF2,cleavage and polyadenylation specific factor 2,Q9P2I0,Q9P2I0,2519
caffeine,79869,CPSF7,cleavage and polyadenylation specific factor 7,Q8N684,Q8N684;B4DGF8,2519
caffeine,64764,CREB3L2,cAMP responsive element binding protein 3 like 2,Q70SY1,Q70SY1,2519
caffeine,399687,MYO18A,myosin XVIIIA,Q92614,Q92614;A0A994J771;Q9NYE8,2519
caffeine,4644,MYO5A,myosin VA,Q9Y4I1,Q9Y4I1;A0A8I5KTF1;A0A8J8YWI7;A8CDT9;Q9UES4,2519
caffeine,4649,MYO9A,myosin IXA,B2RTY4,B2RTY4,2519
caffeine,9367,RAB9A,"RAB9A, member RAS oncogene family",P51151,P51151,2519
caffeine,55684,RABL6,"RAB, member RAS oncogene family like 6",Q3YEC7,Q3YEC7,2519
caffeine,56852,RAD18,RAD18 E3 ubiquitin protein ligase,Q9NS91,Q9NS91,2519
caffeine,8897,MTMR3,myotubularin related protein 3,Q13615,Q13615,2519
caffeine,57509,MTUS1,microtubule associated scaffold protein 1,Q9ULD2,Q9ULD2,2519
caffeine,79848,CSPP1,centrosome and spindle pole associated protein 1,Q1MSJ5,Q1MSJ5;A0A6Q8PF96;A0A6Q8PGS3;A0A6Q8PHN8;A0A7I2PHE7;A0A7I2V3Z9;A0A7I2V4R5;A0A7I2V5J9;A0A7I2V5L8;A0A7I2V5N5;A0A7I2V5W3;A0A7I2YQH9;Q9H688,2519
caffeine,10664,CTCF,CCCTC-binding factor,P49711,P49711;A0A2R8YFL0,2519
caffeine,8727,CTNNAL1,catenin alpha like 1,Q9UBT7,Q9UBT7;B3KMX6,2519
caffeine,9683,N4BP1,NEDD4 binding protein 1,O75113,O75113,2519
caffeine,4665,NAB2,NGFI-A binding protein 2,Q15742,Q15742,2519
caffeine,4673,NAP1L1,nucleosome assembly protein 1 like 1,P55209,P55209;B7Z2V4;F5H4R6;F8W543;Q9H2B0,2519
caffeine,10635,RAD51AP1,RAD51 associated protein 1,Q96B01,Q96B01;B4DUS5;F5H1Y0,2519
caffeine,10928,RALBP1,ralA binding protein 1,Q15311,Q15311,2519
caffeine,8451,CUL4A,cullin 4A,Q13619,Q13619;A0A087WWN2;A0A0A0MR50,2519
caffeine,5901,RAN,"RAN, member RAS oncogene family",P62826,P62826;B4DV51,2519
caffeine,10048,RANBP9,RAN binding protein 9,Q96S59,Q96S59,2519
caffeine,9693,RAPGEF2,Rap guanine nucleotide exchange factor 2,Q9Y4G8,Q9Y4G8;A0A994J7S7,2519
caffeine,9462,RASAL2,RAS protein activator like 2,Q9UJF2,Q9UJF2;A0A8Q3SIU1;A0A8Q3SJF6;A8K2P3,2519
caffeine,5931,RBBP7,"RB binding protein 7, chromatin remodeling factor",Q16576,Q16576;Q6FHQ0,2519
caffeine,5933,RBL1,RB transcriptional corepressor like 1,P28749,P28749,2519
caffeine,10432,RBM14,RNA binding motif protein 14,Q96PK6,Q96PK6;A0A0S2Z4Z0;A0A0S2Z567;A0A0S2Z5V2,2519
caffeine,58517,RBM25,RNA binding motif protein 25,P49756,P49756,2519
caffeine,23029,RBM34,RNA binding motif protein 34,P42696,P42696,2519
caffeine,10181,RBM5,RNA binding motif protein 5,P52756,P52756,2519
caffeine,5937,RBMS1,RNA binding motif single stranded interacting protein 1,P29558,P29558;A0A0S2Z499,2519
caffeine,51634,RBMX2,RNA binding motif protein X-linked 2,Q9Y388,Q9Y388,2519
caffeine,54542,RC3H2,ring finger and CCCH-type domains 2,Q9HBD1,Q9HBD1;A6NHN2,2519
caffeine,9400,RECQL5,RecQ like helicase 5,O94762,O94762;B3KQK2,2519
caffeine,768211,RELL1,RELT like 1,Q8IUW5,Q8IUW5,2519
caffeine,162427,RETREG3,reticulophagy regulator family member 3,Q86VR2,Q86VR2;K7EQI9,2519
caffeine,57109,REXO4,RNA exonuclease 4,Q9GZR2,Q9GZR2;B4DJ95;B4E331,2519
caffeine,359845,RFLNB,refilin B,Q8N5W9,Q8N5W9,2519
caffeine,5994,RFXAP,regulatory factor X associated protein,O00287,O00287,2519
caffeine,653489,RGPD3,RANBP2 like and GRIP domain containing 3,A6NKT7,A6NKT7,2519
caffeine,10287,RGS19,regulator of G protein signaling 19,P49795,P49795;B4DP94,2519
caffeine,646090,RHPN2P1,rhophilin Rho GTPase binding protein 2 pseudogene 1,,,2519
caffeine,55183,RIF1,replication timing regulatory factor 1,Q5UIP0,Q5UIP0,2519
caffeine,126432,RINL,Ras and Rab interactor like,Q6ZS11,Q6ZS11,2519
caffeine,79697,RIOX1,ribosomal oxygenase 1,Q9H6W3,Q9H6W3,2519
caffeine,261734,NPHP4,nephrocystin 4,O75161,O75161;B3KW36,2519
caffeine,10062,NR1H3,nuclear receptor subfamily 1 group H member 3,Q13133,Q13133;B4DXU5;B5MBY7;F1D8N1,2519
caffeine,29982,NRBF2,nuclear receptor binding factor 2,Q96F24,Q96F24,2519
caffeine,4774,NFIA,nuclear factor I A,Q12857,Q12857,2519
caffeine,4791,NFKB2,nuclear factor kappa B subunit 2,Q00653,Q00653,2519
caffeine,4799,NFX1,"nuclear transcription factor, X-box binding 1",Q12986,Q12986,2519
caffeine,9368,NHERF1,NHERF family PDZ scaffold protein 1,O14745,O14745,2519
caffeine,64855,NIBAN2,niban apoptosis regulator 2,Q96TA1,Q96TA1,2519
caffeine,4829,NMBR,neuromedin B receptor,P28336,P28336,2519
caffeine,4836,NMT1,N-myristoyltransferase 1,P30419,P30419,2519
caffeine,79159,NOL12,nucleolar protein 12,Q9UGY1,Q9UGY1,2519
caffeine,9221,NOLC1,nucleolar and coiled-body phosphoprotein 1,Q14978,Q14978;B2RAU8;Q96J17,2519
caffeine,29997,NOP53,NOP53 ribosome biogenesis factor,Q9NZM5,Q9NZM5,2519
caffeine,51070,NOSIP,nitric oxide synthase interacting protein,Q9Y314,Q9Y314;A0A075B6F9,2519
caffeine,23397,NCAPH,non-SMC condensin I complex subunit H,Q15003,Q15003;B4DRG7,2519
caffeine,51517,NCKIPSD,NCK interacting protein with SH3 domain,Q9NZQ3,Q9NZQ3,2519
caffeine,8202,NCOA3,nuclear receptor coactivator 3,Q9Y6Q9,Q9Y6Q9;Q59EE8,2519
caffeine,9612,NCOR2,nuclear receptor corepressor 2,Q9Y618,Q9Y618;C9J0Q5;C9JE98,2519
caffeine,54820,NDE1,nudE neurodevelopment protein 1,Q9NXR1,Q9NXR1;X5DP35;X5DR54,2519
caffeine,57446,NDRG3,NDRG family member 3,Q9UGV2,Q9UGV2;Q5TH30,2519
caffeine,25945,NECTIN3,nectin cell adhesion molecule 3,Q9NQS3,Q9NQS3,2519
caffeine,252969,NEIL2,nei like DNA glycosylase 2,Q969S2,Q969S2,2519
caffeine,10783,NEK6,NIMA related kinase 6,Q9HC98,Q9HC98,2519
caffeine,9147,NEMF,nuclear export mediator factor,O60524,O60524,2519
caffeine,4763,NF1,neurofibromin 1,P21359,P21359,2519
caffeine,4775,NFATC3,nuclear factor of activated T cells 3,Q12968,Q12968;B5B2S0;B5B2S1,2519
caffeine,10152,ABI2,abl interactor 2,Q9NYB9,Q9NYB9;A0A0C4DG21;A0A7D9NKC8;B7Z836;E9PEZ7;F8WAL6,2519
caffeine,84142,ABRAXAS1,"abraxas 1, BRCA1 A complex subunit",Q6UWZ7,Q6UWZ7,2519
caffeine,59272,ACE2,angiotensin converting enzyme 2,Q9BYF1,Q9BYF1;A0A7I2V4H0,2519
caffeine,641371,ACOT1,acyl-CoA thioesterase 1,Q86TX2,Q86TX2;E9KL42,2519
caffeine,345651,ACTBL2,actin beta like 2,Q562R1,Q562R1,2519
caffeine,23266,ADGRL2,adhesion G protein-coupled receptor L2,O95490,O95490;A0A6I8PIV6;A0A6I8PLG0;A0A6I8PTT2;A0A8I5KUX3,2519
caffeine,22848,AAK1,AP2 associated kinase 1,Q2M2I8,Q2M2I8;E9PG46,2519
caffeine,9625,AATK,apoptosis associated tyrosine kinase,Q6ZMQ8,Q6ZMQ8;H7C175,2519
caffeine,4301,AFDN,"afadin, adherens junction formation factor",P55196,P55196;A0A1P7ZIN0;A0A804HJ20;A8MQ02;G1UI22;J3KN01,2519
caffeine,79026,AHNAK,AHNAK nucleoprotein,Q09666,Q09666;B4DTV0;Q9BVU3,2519
caffeine,84962,AJUBA,ajuba LIM protein,Q96IF1,Q96IF1,2519
caffeine,9590,AKAP12,A-kinase anchoring protein 12,Q02952,Q02952;Q86TJ9,2519
caffeine,55122,AKIRIN2,akirin 2,Q53H80,Q53H80;Q9NW35,2519
caffeine,64400,AKTIP,AKT interacting protein,Q9H8T0,Q9H8T0,2519
caffeine,11218,DDX20,DEAD-box helicase 20,Q9UHI6,Q9UHI6;Q9H4N4,2519
caffeine,54890,ALKBH5,"alkB homolog 5, RNA demethylase",Q6P6C2,Q6P6C2,2519
caffeine,139285,AMER1,APC membrane recruitment protein 1,Q5JTC6,Q5JTC6,2519
caffeine,11325,DDX42,DEAD-box helicase 42,Q86XP3,Q86XP3,2519
caffeine,317781,DDX51,DEAD-box helicase 51,Q8N8A6,Q8N8A6,2519
caffeine,10522,DEAF1,DEAF1 transcription factor,O75398,O75398;A0A804HIS1,2519
caffeine,51433,ANAPC5,anaphase promoting complex subunit 5,Q9UJX4,Q9UJX4;F5H0F9,2519
caffeine,54467,ANKIB1,ankyrin repeat and IBR domain containing 1,Q9P2G1,Q9P2G1,2519
caffeine,10260,DENND4A,DENN domain containing 4A,Q7Z401,Q7Z401;A0A0U1RR27;A0A7I2RAZ6;Q05C90,2519
caffeine,9681,DEPDC5,"DEP domain containing 5, GATOR1 subcomplex subunit",O75140,O75140;A0A2R8Y5T1;A0A2R8Y6H3;A0A2R8Y6V4;H0Y770,2519
caffeine,139189,DGKK,diacylglycerol kinase kappa,Q5KSL6,Q5KSL6,2519
caffeine,88455,ANKRD13A,ankyrin repeat domain 13A,Q8IZ07,Q8IZ07;Q3ZTS7;Q9Y5A3,2519
caffeine,57182,ANKRD50,ankyrin repeat domain 50,Q9ULJ7,Q9ULJ7;Q8TB46,2519
caffeine,84168,ANTXR1,ANTXR cell adhesion molecule 1,Q9H6X2,Q9H6X2;H0YC24;Q53FL1;Q96EC6,2519
caffeine,54505,DHX29,DExH-box helicase 29,Q7Z478,Q7Z478,2519
caffeine,23181,DIP2A,DIP2 acetate--CoA ligase A,Q14689,Q14689;A0A494C143;Q96NX2,2519
caffeine,8542,APOL1,apolipoprotein L1,O14791,O14791;B1AH95;Q2KHQ6,2519
caffeine,374407,DNAJB13,DnaJ heat shock protein family (Hsp40) member B13,P59910,P59910,2519
caffeine,27000,DNAJC2,DnaJ heat shock protein family (Hsp40) member C2,Q99543,Q99543,2519
caffeine,9980,DOP1B,DOP1 leucine zipper like protein B,Q9Y3R5,Q9Y3R5,2519
caffeine,91039,DPP9,dipeptidyl peptidase 9,Q86TI2,Q86TI2;M0R2A8,2519
caffeine,51514,DTL,denticleless E3 ubiquitin protein ligase adapter,Q9NZJ0,Q9NZJ0;B4E0E6;F5GZ90,2519
caffeine,56931,DUS3L,dihydrouridine synthase 3 like,Q96G46,Q96G46;B2RDV7,2519
caffeine,51143,DYNC1LI1,dynein cytoplasmic 1 light intermediate chain 1,Q9Y6G9,Q9Y6G9;B3KM42;E9PHI6,2519
caffeine,55840,EAF2,ELL associated factor 2,Q96CJ1,Q96CJ1;B4DWJ3,2519
caffeine,10455,ECI2,enoyl-CoA delta isomerase 2,O75521,O75521;A0A0C4DGA2,2519
caffeine,84081,NSRP1,nuclear speckle splicing regulatory protein 1,Q9H0G5,Q9H0G5;A0A024QZ33;B7ZL27,2519
caffeine,4924,NUCB1,nucleobindin 1,Q02818,Q02818;A8K7Q1,2519
caffeine,4926,NUMA1,nuclear mitotic apparatus protein 1,Q14980,Q14980;Q3SYK8,2519
caffeine,8411,EEA1,early endosome antigen 1,Q15075,Q15075,2519
caffeine,399818,EEF1AKMT2,EEF1A lysine methyltransferase 2,Q5JPI9,Q5JPI9;Q8TC28,2519
caffeine,23511,NUP188,nucleoporin 188,Q5SRE5,Q5SRE5,2519
caffeine,129401,NUP35,nucleoporin 35,Q8NFH5,Q8NFH5,2519
caffeine,9688,NUP93,nucleoporin 93,Q8N1F7,Q8N1F7,2519
caffeine,80820,EEPD1,endonuclease/exonuclease/phosphatase family domain containing 1,Q7L9B9,Q7L9B9,2519
caffeine,51162,EGFL7,EGF like domain multiple 7,Q9UHF1,Q9UHF1,2519
caffeine,254102,EHBP1L1,EH domain binding protein 1 like 1,Q8N3D4,Q8N3D4,2519
caffeine,10482,NXF1,nuclear RNA export factor 1,Q9UBU9,Q9UBU9;Q59E96,2519
caffeine,100506658,OCLN,occludin,Q16625,Q16625;A8K3T2,2519
caffeine,8473,OGT,O-linked N-acetylglucosamine (GlcNAc) transferase,O15294,O15294,2519
caffeine,9451,EIF2AK3,eukaryotic translation initiation factor 2 alpha kinase 3,Q9NZJ5,Q9NZJ5;A0A804HIT4;B3KY45,2519
caffeine,26687,OR4E1,olfactory receptor family 4 subfamily E member 1,P0C645,P0C645,2519
caffeine,114884,OSBPL10,oxysterol binding protein like 10,Q9BXB5,Q9BXB5;Q9NX98,2519
caffeine,114883,OSBPL9,oxysterol binding protein like 9,Q96SU4,Q96SU4;B1AKJ6;B3KW33,2519
caffeine,8943,AP3D1,adaptor related protein complex 3 subunit delta 1,O14617,O14617;A0A8V8TQW4,2519
caffeine,54812,AFTPH,aftiphilin,Q6ULP2,Q6ULP2;A0A8Q3SI61;A0A8Q3SIA4;A0A8Q3WKU6;A0A8Q3WM48;Q53GW0,2519
caffeine,8661,EIF3A,eukaryotic translation initiation factor 3 subunit A,Q14152,Q14152,2519
caffeine,8665,EIF3F,eukaryotic translation initiation factor 3 subunit F,O00303,O00303,2519
caffeine,27335,EIF3K,eukaryotic translation initiation factor 3 subunit K,Q9UBQ5,Q9UBQ5;K7EK53;K7ERF1;U3LUI4,2519
caffeine,28962,OSTM1,osteoclastogenesis associated transmembrane protein 1,Q86WC4,Q86WC4;A0A8V8TNX7;A0A8V8TPT7,2519
caffeine,56957,OTUD7B,OTU deubiquitinase 7B,Q6GQQ9,Q6GQQ9,2519
caffeine,116224,PABIR1,PP2A Aalpha (PPP2R1A) and B55A (PPP2R2A) interacting phosphatase regulator 1,Q96E09,Q96E09;B3KX07,2519
caffeine,23241,PACS2,phosphofurin acidic cluster sorting protein 2,Q86VP3,Q86VP3,2519
caffeine,10605,PAIP1,poly(A) binding protein interacting protein 1,Q9H074,Q9H074,2519
caffeine,7260,EIPR1,EARP complex and GARP complex interacting protein 1,Q53HC9,Q53HC9;A8MUM1,2519
caffeine,80237,ELL3,elongation factor for RNA polymerase II 3,Q9HB65,Q9HB65,2519
caffeine,342979,PALM3,paralemmin 3,A6NDB9,A6NDB9;A0A590UJ36;K7EKN5,2519
caffeine,80025,PANK2,pantothenate kinase 2,Q9BZ23,Q9BZ23;Q6P1K9,2519
caffeine,56288,PARD3,par-3 family cell polarity regulator,Q8TEW0,Q8TEW0,2519
caffeine,51234,EMC4,ER membrane protein complex subunit 4,Q5J8M3,Q5J8M3;A0A024R9N3;A0A0S2Z598,2519
caffeine,27436,EML4,EMAP like 4,Q9HC35,Q9HC35;B5MBZ0,2519
caffeine,58478,ENOPH1,enolase-phosphatase 1,Q9UHY7,Q9UHY7;D6RA00,2519
caffeine,80314,EPC1,enhancer of polycomb 1,Q9H2F5,Q9H2F5,2519
caffeine,23598,PATZ1,POZ/BTB and AT hook containing zinc finger 1,Q9HBE1,Q9HBE1,2519
caffeine,55872,PBK,PDZ binding kinase,Q96KB5,Q96KB5;V9HWH0,2519
caffeine,5093,PCBP1,poly(rC) binding protein 1,Q15365,Q15365;Q53SS8,2519
caffeine,51585,PCF11,PCF11 cleavage and polyadenylation factor subunit,O94913,O94913;A0A8I5KX04,2519
caffeine,5108,PCM1,pericentriolar material 1,Q15154,Q15154;A0A4W8VX11;A0A5H1ZRS1;A2RUU9;B9EIS5;E9PGW9,2519
caffeine,399909,PCNX3,pecanex 3,Q9H6A9,Q9H6A9,2519
caffeine,5833,PCYT2,"phosphate cytidylyltransferase 2, ethanolamine",Q99447,Q99447;B3KSC8;B7Z4W6;I3L1R7,2519
caffeine,9124,PDLIM1,PDZ and LIM domain 1,O00151,O00151;V9HW92,2519
caffeine,5170,PDPK1,3-phosphoinositide dependent protein kinase 1,O15530,O15530;E9PER6,2519
caffeine,8682,PEA15,proliferation and apoptosis adaptor protein 15,Q15121,Q15121;B1AKZ4;B1AKZ5;Q96FS5,2519
caffeine,5178,PEG3,paternally expressed 3,Q9GZU2,Q9GZU2;A0A3B3IRU6,2519
caffeine,5195,PEX14,peroxisomal biogenesis factor 14,O75381,O75381,2519
caffeine,5214,PFKP,"phosphofructokinase, platelet",Q01813,Q01813;A0A7I2V3Z0;A0A8V8TMY4;B1APP6,2519
caffeine,267004,PGBD3,piggyBac transposable element derived 3,Q8N328,Q8N328,2519
caffeine,150864,FAM117B,family with sequence similarity 117 member B,Q6P1L5,Q6P1L5,2519
caffeine,130074,FAM168B,family with sequence similarity 168 member B,A1KXE4,A1KXE4,2519
caffeine,79632,FAM184A,family with sequence similarity 184 member A,Q8NB25,Q8NB25;H7BY63;Q6P9G8,2519
caffeine,51307,FAM53C,family with sequence similarity 53 member C,Q9NYF3,Q9NYF3,2519
caffeine,157769,FAM91A1,family with sequence similarity 91 member A1,Q658Y4,Q658Y4;B4DUD8;E7ER68,2519
caffeine,10160,FARP1,"FERM, ARH/RhoGEF and pleckstrin domain protein 1",Q9Y4F1,Q9Y4F1;A0A2X0TVY0;C9JME2,2519
caffeine,84893,FBH1,F-box DNA helicase 1,Q8NFZ0,Q8NFZ0;B3KV95;F6UZG9;Q2TAK1,2519
caffeine,84961,FBXL20,F-box and leucine rich repeat protein 20,Q96IG2,Q96IG2;J3KTA1,2519
caffeine,23291,FBXW11,F-box and WD repeat domain containing 11,Q9UKB1,Q9UKB1;B4DH70;E5RGC1,2519
caffeine,11336,EXOC3,exocyst complex component 3,O60645,O60645,2519
caffeine,83641,FAM107B,family with sequence similarity 107 member B,Q9H098,Q9H098,2519
caffeine,64760,FHIP2B,FHF complex subunit HOOK interacting protein 2B,Q86V87,Q86V87,2519
caffeine,114984,FLYWCH2,FLYWCH family member 2,Q96CP2,Q96CP2,2519
caffeine,22862,FNDC3A,fibronectin type III domain containing 3A,Q9Y2H6,Q9Y2H6,2519
caffeine,8061,FOSL1,"FOS like 1, AP-1 transcription factor subunit",P15407,P15407;A0A0S2Z595;E9PKL5;E9PPX2,2519
caffeine,221937,FOXK1,forkhead box K1,P85037,P85037,2519
caffeine,118924,FRA10AC1,FRA10A associated CGG repeat 1,Q70Z53,Q70Z53,2519
caffeine,83786,FRMD8,FERM domain containing 8,Q9BZ67,Q9BZ67;A8K6L3,2519
caffeine,285527,FRYL,FRY like transcription coactivator,O94915,O94915;A0A2C9F2R7;B3KXG5;Q6ZR29,2519
caffeine,8939,FUBP3,far upstream element binding protein 3,Q96I24,Q96I24,2519
caffeine,9513,FXR2,FMR1 autosomal homolog 2,P51116,P51116,2519
caffeine,7855,FZD5,frizzled class receptor 5,Q13467,Q13467,2519
caffeine,23193,GANAB,glucosidase II alpha subunit,Q14697,Q14697;B4DIW2;B4DSM6;B4DZ53;E9PKU7;F5H6X6,2519
caffeine,84253,GARNL3,GTPase activating Rap/RanGAP domain like 3,Q5VVW2,Q5VVW2;B4DH81,2519
caffeine,51313,GASK1B,golgi associated kinase 1B,Q6UWH4,Q6UWH4;Q9NYZ0,2519
caffeine,8729,GBF1,golgi brefeldin A resistant guanine nucleotide exchange factor 1,Q92538,Q92538;A0A669KB10;A0A669KBG8;A0A7I2V2L5;A0A7I2V452;A0A7I2V514;A0A7I2YQ65,2519
caffeine,50628,GEMIN4,gem nuclear organelle associated protein 4,P57678,P57678;I3L2C7;Q8WUM5;Q9HC39,2519
caffeine,26058,GIGYF2,GRB10 interacting GYF protein 2,Q6Y7W6,Q6Y7W6,2519
caffeine,9815,GIT2,GIT ArfGAP 2,Q14161,Q14161;F8VXI9;F8W822;Q6FI58,2519
caffeine,51291,GMIP,GEM interacting protein,Q9P107,Q9P107;A0A024R7N1;B4DLZ1,2519
caffeine,59345,GNB4,G protein subunit beta 4,Q9HAV0,Q9HAV0,2519
caffeine,8443,GNPAT,glyceronephosphate O-acyltransferase,O15228,O15228,2519
caffeine,57120,GOPC,golgi associated PDZ and coiled-coil motif containing,Q9HD26,Q9HD26,2519
caffeine,57678,GPAM,"glycerol-3-phosphate acyltransferase, mitochondrial",Q9HCL2,Q9HCL2;Q8N1G6,2519
caffeine,23131,GPATCH8,G-patch domain containing 8,Q9UKJ3,Q9UKJ3,2519
caffeine,56850,GRIPAP1,GRIP1 associated protein 1,Q4V328,Q4V328,2519
caffeine,83743,GRWD1,glutamate rich WD repeat containing 1,Q9BQ67,Q9BQ67,2519
caffeine,23560,GTPBP4,GTP binding protein 4,Q9BZE4,Q9BZE4;D2CFK9,2519
caffeine,8348,H2BC17,H2B clustered histone 17,P23527,P23527,2519
caffeine,22927,HABP4,hyaluronan binding protein 4,Q5JVS0,Q5JVS0,2519
caffeine,54801,HAUS6,HAUS augmin like complex subunit 6,Q7Z4H7,Q7Z4H7,2519
caffeine,9759,HDAC4,histone deacetylase 4,P56524,P56524;A0A7I2SVS4;B7Z8G5,2519
caffeine,55027,HEATR3,HEAT repeat containing 3,Q7Z4Q2,Q7Z4Q2,2519
caffeine,283450,HECTD4,HECT domain E3 ubiquitin protein ligase 4,A0A804HJX8,A0A804HJX8;F8VWT9,2519
caffeine,220296,HEPACAM,hepatic and glial cell adhesion molecule,Q14CZ8,Q14CZ8;A0A994J4I1,2519
caffeine,9146,HGS,hepatocyte growth factor-regulated tyrosine kinase substrate,O14964,O14964;A0A0S2Z4R4,2519
caffeine,6596,HLTF,helicase like transcription factor,Q14527,Q14527;A0A0C4DGA6;A8K5B6;Q05BZ6,2519
caffeine,10042,HMGXB4,HMG-box containing 4,Q9UGU5,Q9UGU5;Q7Z641,2519
caffeine,84376,HOOK3,hook microtubule tethering protein 3,Q86VS8,Q86VS8,2519
caffeine,64342,HS1BP3,HCLS1 binding protein 3,Q53T59,Q53T59;Q9H7U7,2519
caffeine,664618,HSP90AB4P,"heat shock protein 90 alpha family class B member 4, pseudogene",,,2519
caffeine,84289,ING5,inhibitor of growth family member 5,Q8WYH8,Q8WYH8;A0A1B0GW41,2519
caffeine,26173,INTS1,integrator complex subunit 1,Q8N201,Q8N201,2519
caffeine,25896,INTS7,integrator complex subunit 7,Q9NVH2,Q9NVH2,2519
caffeine,50618,ITSN2,intersectin 2,Q9NZM3,Q9NZM3;A6H8W8,2519
caffeine,9767,JADE3,jade family PHD finger 3,Q92613,Q92613,2519
caffeine,134957,STXBP5,syntaxin binding protein 5,Q5T5C0,Q5T5C0;A0A9L9PXY2;H0Y332,2519
caffeine,51684,SUFU,SUFU negative regulator of hedgehog signaling,Q9UMX1,Q9UMX1;A0A223LX15,2519
caffeine,6822,SULT2A1,sulfotransferase family 2A member 1,Q06520,Q06520;A8K015,2519
caffeine,6830,SUPT6H,"SPT6 homolog, histone chaperone and transcription elongation factor",Q7KZ85,Q7KZ85,2519
caffeine,23512,SUZ12,SUZ12 polycomb repressive complex 2 subunit,Q15022,Q15022;J3QQW9,2519
caffeine,8189,SYMPK,symplekin scaffold protein,Q92797,Q92797,2519
caffeine,8867,SYNJ1,synaptojanin 1,O43426,O43426;A0A0D9SGJ6;B9EGN3;Q05CZ1,2519
caffeine,341359,SYT10,synaptotagmin 10,Q6XYQ8,Q6XYQ8,2519
caffeine,10454,TAB1,TGF-beta activated kinase 1 (MAP3K7) binding protein 1,Q15750,Q15750;A8K6K3,2519
caffeine,10460,TACC3,transforming acidic coiled-coil containing protein 3,Q9Y6A5,Q9Y6A5;A0A087WUE2,2519
caffeine,83860,TAF3,TATA-box binding protein associated factor 3,Q5VWG9,Q5VWG9;A0A8I5KR98,2519
caffeine,6879,TAF7,TATA-box binding protein associated factor 7,Q15545,Q15545,2519
caffeine,85461,TANC1,"tetratricopeptide repeat, ankyrin repeat and coiled-coil containing 1",Q9C0D5,Q9C0D5;B9EK39,2519
caffeine,202018,TAPT1,transmembrane anterior posterior transformation 1,Q6NXT6,Q6NXT6;B4DJJ3,2519
caffeine,54906,TASOR2,transcription activation suppressor family member 2,Q5VWN6,Q5VWN6;A0A2R8YH03;A0A8Q3SI84,2519
caffeine,125058,TBC1D16,TBC1 domain family member 16,Q8TBP0,Q8TBP0,2519
caffeine,55773,TBC1D23,TBC1 domain family member 23,Q9NUY8,Q9NUY8,2519
caffeine,11138,TBC1D8,TBC1 domain family member 8,O95759,O95759;J3KQ40,2519
caffeine,29110,TBK1,TANK binding kinase 1,Q9UHD2,Q9UHD2,2519
caffeine,6926,TBX3,T-box transcription factor 3,O15119,O15119,2519
caffeine,6938,TCF12,transcription factor 12,Q99081,Q99081;F5GY10,2519
caffeine,25853,DCAF12,DDB1 and CUL4 associated factor 12,Q5T6F0,Q5T6F0,2519
caffeine,285761,DCBLD1,"discoidin, CUB and LCCL domain containing 1",Q8N8Z6,Q8N8Z6,2519
caffeine,9937,DCLRE1A,DNA cross-link repair 1A,Q6PJP8,Q6PJP8,2519
caffeine,28988,DBNL,drebrin like,Q9UJU6,Q9UJU6;B4DUF9,2519
caffeine,10540,DCTN2,dynactin subunit 2,Q13561,Q13561;A0A384MDU9;A8K8J9;B3KTX4;V9HW58,2519
caffeine,790918,HSPB11,"heat shock protein, alpha-crystallin-related, b11",A1A607,A1A607,2519
caffeine,436680,LIM2.4,lens intrinsic membrane protein 2.4,Q1L960,Q1L960;Q6DH11,2519
caffeine,4300,MLLT3,MLLT3 super elongation complex subunit,P42568,P42568;A0A0S2Z448,2519
caffeine,447930,MYLPFB,"myosin light chain, phosphorylatable, fast skeletal muscle b",Q66I73,Q66I73,2519
caffeine,30199,EPD,ependymin,P17561,P17561,2519
caffeine,792176,HE1.3,"hatching enzyme 1, tandem duplicate 3",A4VCG4,A4VCG4,2519
caffeine,447836,PFKMA,"phosphofructokinase, muscle a",Q66HV8,Q66HV8,2519
caffeine,326845,SLCO1D1,"solute carrier organic anion transporter family, member 1D1",A0A8M9PU70,A0A8M9PU70,2519
caffeine,161145,TMEM229B,transmembrane protein 229B,Q8NBD8,Q8NBD8,2519
caffeine,335789,CRYGMX,"crystallin, gamma MX",Q5XTN0,Q5XTN0,2519
caffeine,48340,GSTD7,Glutathione S transferase D7,Q9VG93,Q9VG93,2519
caffeine,251984,JHEH1,Juvenile hormone epoxide hydrolase 1,Q7JRC3,Q7JRC3,2519
caffeine,115992,RNF166,ring finger protein 166,Q96A37,Q96A37,2519
caffeine,10069,RWDD2B,RWD domain containing 2B,P57060,P57060,2519
caffeine,4208,MEF2C,myocyte enhancer factor 2C,Q06413,Q06413;A0A0D9SFD0;A0A0D9SGI5;A0A0R4J2G5;A0A9L9PYA3;D8L7E9,2519
caffeine,55178,MRM3,mitochondrial rRNA methyltransferase 3,Q9HC36,Q9HC36,2519
caffeine,5465,PPARA,peroxisome proliferator activated receptor alpha,Q07869,Q07869;F1D8S4,2519
caffeine,9801,MRPL19,mitochondrial ribosomal protein L19,P49406,P49406,2519
caffeine,4598,MVK,mevalonate kinase,Q03426,Q03426;B2RDU6;B7Z1C2;B7Z301;F5H8H2,2519
caffeine,20249,SCD1,stearoyl-Coenzyme A desaturase 1,P13516,P13516;Q547C4,2519
caffeine,51312,SLC25A37,solute carrier family 25 member 37,Q9NYZ2,Q9NYZ2,2519
caffeine,55278,QRSL1,glutaminyl-tRNA amidotransferase subunit QRSL1,Q9H0R6,Q9H0R6,2519
caffeine,10137,RBM12,RNA binding motif protein 12,Q9NTZ6,Q9NTZ6,2519
caffeine,121268,RHEBL1,RHEB like 1,Q8TAI7,Q8TAI7,2519
caffeine,6653,SORL1,sortilin related receptor 1,Q92673,Q92673,2519
caffeine,5308,PITX2,paired like homeodomain 2,Q99697,Q99697,2519
caffeine,57498,KIDINS220,kinase D interacting substrate 220,Q9ULH0,Q9ULH0;A0A8I5QJC0,2519
caffeine,225689,MAPK15,mitogen-activated protein kinase 15,Q8TD08,Q8TD08,2519
caffeine,51622,CCZ1,CCZ1 vacuolar protein trafficking and biogenesis associated,P86791,P86791,2519
caffeine,23160,WDR43,WD repeat domain 43,Q15061,Q15061,2519
caffeine,57247,ZFP276,zinc finger protein (C2H2 type) 276,Q8CE64,Q8CE64,2519
caffeine,23052,ENDOD1,endonuclease domain containing 1,O94919,O94919,2519
caffeine,51478,HSD17B7,hydroxysteroid 17-beta dehydrogenase 7,P56937,P56937,2519
caffeine,9200,HACD1,3-hydroxyacyl-CoA dehydratase 1,B0YJ81,B0YJ81,2519
caffeine,6853,SYN1,synapsin I,P17600,P17600,2519
caffeine,6999,TDO2,"tryptophan 2,3-dioxygenase",P48775,P48775,2519
caffeine,116238,TLCD1,TLC domain containing 1,Q96CP7,Q96CP7,2519
caffeine,29914,UBIAD1,UbiA prenyltransferase domain containing 1,Q9Y5Z9,Q9Y5Z9,2519
caffeine,39226,APS,Aps pyrophosphatase,Q7JVG2,Q7JVG2,2519
caffeine,11607,AGTR1A,"angiotensin II receptor, type 1a",P29754,P29754,2519
caffeine,4306,NR3C2,nuclear receptor subfamily 3 group C member 2,P08235,P08235;B0ZBF6,2519
caffeine,4915,NTRK2,neurotrophic receptor tyrosine kinase 2,Q16620,Q16620;A0A8I5KR47;A0A8I5KUZ1;A0A8I5KZB7;A0A8J8YUT9;Q548C2;Q5VWE5,2519
caffeine,4744,NEFH,neurofilament heavy chain,P12036,P12036,2519
caffeine,4868,NPHS1,"NPHS1 adhesion molecule, nephrin",O60500,O60500,2519
caffeine,4879,NPPB,natriuretic peptide B,P16860,P16860,2519
caffeine,6720,SREBF1,sterol regulatory element binding transcription factor 1,P36956,P36956;B3KR77,2519
caffeine,134429,STARD4,StAR related lipid transfer domain containing 4,Q96DR4,Q96DR4;B0AZS2,2519
caffeine,13079,CYP21A1,"cytochrome P450, family 21, subfamily a, polypeptide 1",P03940,P03940;A0A0R4J048;Q3UJ92,2519
caffeine,80821,DDHD1,DDHD domain containing 1,Q8NEL9,Q8NEL9,2519
caffeine,541504,IGFN1.1,"immunoglobulin like and fibronectin type III domain containing 1, tandem duplicate 1",,,2519
caffeine,64130,LIN7B,lin-7 cell polarity scaffold B,Q9HAP6,Q9HAP6,2519
caffeine,552940,CAVIN4A,caveolae associated protein 4a,A1L260,A1L260,2519
caffeine,30095,CKMA,"creatine kinase, muscle a",A2BHA3,A2BHA3,2519
caffeine,4780,NFE2L2,NFE2 like bZIP transcription factor 2,Q16236,Q16236;A0A8V8TN14;A0A8V8TPA8,2519
caffeine,30671,HSP70.3,"heat shock cognate 70-kd protein, tandem duplicate 3",Q6PH56,Q6PH56,2519
caffeine,7384,UQCRC1,ubiquinol-cytochrome c reductase core protein 1,P31930,P31930,2519
caffeine,60640,CYP19A1B,"cytochrome P450, family 19, subfamily A, polypeptide 1b",A0A8M9PGW6,A0A8M9PGW6;A0AB32TJ68;Q5U870,2519
caffeine,10846,PDE10A,phosphodiesterase 10A,Q9Y233,Q9Y233;A0A1B1UZQ1;A0A1B1UZR0,2519
caffeine,8622,PDE8B,phosphodiesterase 8B,O95263,O95263;A0A2R8Y4E6;B3KN77,2519
caffeine,31193,CYP4AE1,Cytochrome P450 4ae1,O46054,O46054,2519
caffeine,36665,CYP6A21,Cytochrome P450 6a21,Q9V774,Q9V774,2519
caffeine,5228,PGF,placental growth factor,P49763,P49763;G3XA84;Q53XY6;Q86TW6,2519
caffeine,36316,CYP6G1,Cytochrome P450 6g1,Q9V674,Q9V674;B6IDY5,2519
caffeine,4724,NDUFS4,NADH:ubiquinone oxidoreductase subunit S4,O43181,O43181;A0A0S2Z433,2519
caffeine,9445,ITM2B,integral membrane protein 2B,Q9Y287,Q9Y287;A0A384MDP7,2519
caffeine,5201,PFDN1,prefoldin subunit 1,O60925,O60925,2519
caffeine,81579,PLA2G12A,phospholipase A2 group XIIA,Q9BZM1,Q9BZM1;Q542Y6,2519
caffeine,7390,UROS,uroporphyrinogen III synthase,P10746,P10746;A0A0S2Z4T8;A0A0S2Z5C5;A0A3B3ISM6;A0A3B3ITJ2;Q5T3L8,2519
caffeine,11193,WBP4,WW domain binding protein 4,O75554,O75554,2519
caffeine,7786,MAP3K12,mitogen-activated protein kinase kinase kinase 12,Q12852,Q12852,2519
caffeine,10533,ATG7,autophagy related 7,O95352,O95352;B3KQM6,2519
caffeine,51026,GOLT1B,golgi transport 1B,Q9Y3E0,Q9Y3E0,2519
caffeine,15122,HBA-A1,"hemoglobin alpha, adult chain 1",Q91VB8,Q91VB8,2519
caffeine,6860,SYT4,synaptotagmin 4,Q9H2B2,Q9H2B2,2519
caffeine,7069,THRSP,thyroid hormone responsive,Q92748,Q92748,2519
caffeine,22859,ADGRL1,adhesion G protein-coupled receptor L1,O94910,O94910,2519
caffeine,4189,DNAJB9,DnaJ heat shock protein family (Hsp40) member B9,Q9UBS3,Q9UBS3;Q6FIF1,2519
caffeine,26471,NUPR1,"nuclear protein 1, transcriptional regulator",O60356,O60356,2519
caffeine,54850,FBXL12,F-box and leucine rich repeat protein 12,Q9NXK8,Q9NXK8,2519
caffeine,6648,SOD2,superoxide dismutase 2,P04179,P04179;A0A384NL29;G5E9P6;Q96AM7,2519
caffeine,5743,PTGS2,prostaglandin-endoperoxide synthase 2,P35354,P35354,2519
caffeine,17750,MT2,metallothionein 2,P02798,P02798,2519
caffeine,22883,CLSTN1,calsyntenin 1,O94985,O94985;B4E3Q1,2519
caffeine,56997,COQ8A,coenzyme Q8A,Q8NI60,Q8NI60,2519
caffeine,6154,RPL26,ribosomal protein L26,P61254,P61254,2519
caffeine,6726,SRP9,signal recognition particle 9,P49458,P49458,2519
caffeine,22823,MTF2,metal response element binding transcription factor 2,Q9Y483,Q9Y483;B4DZ69;B4DZG1;Q7Z534,2519
caffeine,51181,DCXR,dicarbonyl and L-xylulose reductase,Q7Z4W1,Q7Z4W1;A0A384NY14,2519
caffeine,5837,PYGM,"glycogen phosphorylase, muscle associated",P11217,P11217,2519
caffeine,4792,NFKBIA,NFKB inhibitor alpha,P25963,P25963,2519
caffeine,5251,PHEX,phosphate regulating endopeptidase X-linked,P78562,P78562;B4DNS0;B4DWG8,2519
caffeine,23396,PIP5K1C,phosphatidylinositol-4-phosphate 5-kinase type 1 gamma,O60331,O60331,2519
caffeine,7322,UBE2D2,ubiquitin conjugating enzyme E2 D2,P62837,P62837,2519
caffeine,4128,MAOA,monoamine oxidase A,P21397,P21397;Q49A63;Q53YE7,2519
caffeine,4172,MCM3,minichromosome maintenance complex component 3,P25205,P25205;A0A0S2Z492;A0A0S2Z4T1;A0A499FHX9;B4DUQ9;J3KQ69,2519
caffeine,7314,UBB,ubiquitin B,P0CG47,P0CG47;Q5U5U6,2519
caffeine,10121,ACTR1A,actin related protein 1A,P61163,P61163;A0A384NQ21;B4DXP9,2519
caffeine,23071,ERP44,endoplasmic reticulum protein 44,Q9BS26,Q9BS26;A0A384MEE7,2519
caffeine,5005,ORM2,orosomucoid 2,P19652,P19652,2519
caffeine,55512,SMPD3,sphingomyelin phosphodiesterase 3,Q9NY59,Q9NY59;A8K0T6,2519
caffeine,55012,PPP2R3C,protein phosphatase 2 regulatory subunit B''gamma,Q969Q6,Q969Q6,2519
caffeine,5705,PSMC5,"proteasome 26S subunit, ATPase 5",P62195,P62195;A0A140VJS3,2519
caffeine,406906,MIR122,microRNA 122,,,2519
caffeine,55052,MRPL20,mitochondrial ribosomal protein L20,Q9BYC9,Q9BYC9,2519
caffeine,5810,RAD1,RAD1 checkpoint DNA exonuclease,O60671,O60671,2519
caffeine,6241,RRM2,ribonucleotide reductase regulatory subunit M2,P31350,P31350,2519
caffeine,57611,ISLR2,immunoglobulin superfamily containing leucine rich repeat 2,Q6UXK2,Q6UXK2,2519
caffeine,57633,LRRN1,leucine rich repeat neuronal 1,Q6UXK5,Q6UXK5;A8K6Q2,2519
caffeine,253827,MSRB3,methionine sulfoxide reductase B3,Q8IXL7,Q8IXL7,2519
caffeine,415139,CRYBA2A,"crystallin, beta A2a",Q6IQU2,Q6IQU2,2519
caffeine,553473,CRYBB1L1,"crystallin, beta B1, like 1",E7F8M1,E7F8M1,2519
caffeine,404039,NPSN,nephrosin,F1REP3,F1REP3;Q05AP0,2519
caffeine,64263,GCH2,GTP cyclohydrolase 2,Q6IQV5,Q6IQV5,2519
caffeine,560210,HSP70L,"heat shock cognate 70-kd protein, like",A8WFS0,A8WFS0,2519
caffeine,7498,XDH,xanthine dehydrogenase,P47989,P47989,2519
caffeine,140634,CYP1A,"cytochrome P450, family 1, subfamily A",Q8UW07,Q8UW07,2519
caffeine,9699,RIMS2,regulating synaptic membrane exocytosis 2,Q9UQ26,Q9UQ26;A0A8Q3SIU4;A0A8Q3SJ53;A0A994J503;A0A994J5M6;A0A994J7W6;F8W6W8,2519
caffeine,4205,MEF2A,myocyte enhancer factor 2A,Q02078,Q02078;A0A0S2Z417;A0A0S2Z453;A0A0S2Z454;A0A0S2Z4C8;A0A0S2Z4N0;A0A8I5KVQ4;A8K720,2519
caffeine,693122,MIR421,microRNA 421,,,2519
caffeine,116255,MOGAT1,monoacylglycerol O-acyltransferase 1,Q96PD6,Q96PD6,2519
caffeine,5738,PTGFRN,prostaglandin F2 receptor inhibitor,Q9P2B2,Q9P2B2,2519
caffeine,441024,MTHFD2L,methylenetetrahydrofolate dehydrogenase (NADP+ dependent) 2 like,Q9H903,Q9H903,2519
caffeine,4597,MVD,mevalonate diphosphate decarboxylase,P53602,P53602,2519
caffeine,10280,SIGMAR1,sigma non-opioid intracellular receptor 1,Q99720,Q99720;A0A7P0T9D5;A0A7P0Z4C2;B4DR71,2519
caffeine,6505,SLC1A1,solute carrier family 1 member 1,P43005,P43005,2519
caffeine,5859,QARS1,glutaminyl-tRNA synthetase 1,P47897,P47897;B7Z840,2519
caffeine,285282,RABL3,"RAB, member of RAS oncogene family like 3",Q5HYI8,Q5HYI8;C9JXM3,2519
caffeine,6696,SPP1,secreted phosphoprotein 1,P10451,P10451;B7Z351;Q3LGB0,2519
caffeine,5241,PGR,progesterone receptor,P06401,P06401,2519
caffeine,65987,KCTD14,potassium channel tetramerization domain containing 14,Q9BQ13,Q9BQ13,2519
caffeine,7448,VTN,vitronectin,P04004,P04004;D9ZGG2,2519
caffeine,389610,XKR5,XK related 5,Q6UX68,Q6UX68,2519
caffeine,23220,DTX4,deltex E3 ubiquitin ligase 4,Q9Y2E6,Q9Y2E6,2519
caffeine,83460,EMC6,ER membrane protein complex subunit 6,Q9BV81,Q9BV81,2519
caffeine,9456,HOMER1,homer scaffold protein 1,Q86YM7,Q86YM7;Q5U5K4,2519
caffeine,125476,INO80C,INO80 complex subunit C,Q6PI98,Q6PI98;K7EIY8,2519
caffeine,9238,TBRG4,transforming growth factor beta regulator 4,Q969Z0,Q969Z0;B3KM73;B3KRS4;B4DU42,2519
caffeine,7046,TGFBR1,transforming growth factor beta receptor 1,P36897,P36897;B4DXN7;B4DY26;F8W0K6;Q5T7S2,2519
caffeine,80351,TNKS2,tankyrase 2,Q9H2K2,Q9H2K2,2519
caffeine,129450,TYW5,tRNA-yW synthesizing protein 5,A2RUC4,A2RUC4,2519
caffeine,55937,APOM,apolipoprotein M,O95445,O95445;A0A1U9X793,2519
caffeine,64756,ATPAF1,ATP synthase mitochondrial F1 complex assembly factor 1,Q5TC12,Q5TC12;A8MRA7;I3L448,2519
caffeine,353322,ANKRD37,ankyrin repeat domain 37,Q7Z713,Q7Z713;B4E066,2519
caffeine,4907,NT5E,5'-nucleotidase ecto,P21589,P21589;Q6NZX3,2519
caffeine,79072,FASTKD3,FAST kinase domains 3,Q14CZ7,Q14CZ7;D6RAR6,2519
caffeine,11259,FILIP1L,filamin A interacting protein 1 like,Q4L180,Q4L180;H7C4M0,2519
caffeine,100135472,ADORA1,adenosine A1 receptor,P47745,P47745,2519
caffeine,10052,GJC1,gap junction protein gamma 1,P36383,P36383,2519
caffeine,37106,GSTE1,Glutathione S transferase E1,Q7KK90,Q7KK90,2519
caffeine,4129,MAOB,monoamine oxidase B,P27338,P27338;B7Z242,2519
caffeine,9170,LPAR2,lysophosphatidic acid receptor 2,Q9HBW0,Q9HBW0,2519
caffeine,5731,PTGER1,prostaglandin E receptor 1,P34995,P34995,2519
caffeine,4968,OGG1,8-oxoguanine DNA glycosylase,O15527,O15527;A0A9L9PXU1;E5KPM5;E5KPM6;E5KPM7;E5KPM8;E5KPM9;E5KPN0;E5KPN1,2519
caffeine,9429,ABCG2,ATP binding cassette subfamily G member 2 (JR blood group),Q9UNQ0,Q9UNQ0,2519
caffeine,566702,AND2,actinodin2,A9JRX1,A9JRX1,2519
caffeine,570772,BCL2A,BCL2 apoptosis regulator a,Q564A4,Q564A4,2519
