uniprot_accession,total_count,n_compounds,compounds,symbol,geneid,n_pathways,pathways
P05177,48.0,2.0,caffeine;maprotiline,CYP1A2,1544,7.0,PathBank_SMP0000028;Reactome_R-HSA-1430728;Reactome_R-HSA-211859;Reactome_R-HSA-211897;Reactome_R-HSA-211945;Reactome_R-HSA-211957;Reactome_R-HSA-211981
P29274,42.0,1.0,caffeine,ADORA2A,135,0.0,
P30542,40.0,1.0,caffeine,ADORA1,134,0.0,
Q13315,34.0,1.0,caffeine,ATM,472,0.0,
P42574,31.0,2.0,Ginsenoside rb1;caffeine,CASP3,836,0.0,
P31749,19.0,2.0,Ginsenoside rb1;caffeine,AKT1,207,1.0,Reactome_R-HSA-1430728
P04637,16.0,1.0,caffeine,TP53,7157,1.0,Reactome_R-HSA-1430728
P38936,16.0,1.0,caffeine,CDKN1A,1026,0.0,
P11229,14.0,3.0,bethanechol;maprotiline;pilocarpine,CHRM1,1128,0.0,
O14757,14.0,1.0,caffeine,CHEK1,1111,0.0,
P09874,14.0,1.0,caffeine,PARP1,142,0.0,
P16104,14.0,1.0,caffeine,H2AX,3014,0.0,
Q13535,14.0,1.0,caffeine,ATR,545,0.0,
P20309,13.0,4.0,bethanechol;carbachol;maprotiline;pilocarpine,CHRM3,1131,1.0,Reactome_R-HSA-1430728
P05019,13.0,2.0,Ginsenoside rb1;caffeine,IGF1,3479,0.0,
P29275,12.0,1.0,caffeine,ADORA2B,136,0.0,
P08172,11.0,3.0,bethanechol;maprotiline;pilocarpine,CHRM2,1129,0.0,
P08173,11.0,3.0,bethanechol;maprotiline;pilocarpine,CHRM4,1132,0.0,
P08912,11.0,3.0,bethanechol;maprotiline;pilocarpine,CHRM5,1133,0.0,
P14416,11.0,2.0,caffeine;maprotiline,DRD2,1813,0.0,
P04035,10.0,1.0,caffeine,HMGCR,3156,0.0,
P06493,10.0,1.0,caffeine,CDK1,983,0.0,
P14635,10.0,1.0,caffeine,CCNB1,891,0.0,
P22303,10.0,1.0,caffeine,ACHE,43,1.0,Reactome_R-HSA-1430728
P08684,9.0,3.0,caffeine;maprotiline;pilocarpine,CYP3A4,1576,4.0,PathBank_SMP0000028;Reactome_R-HSA-1430728;Reactome_R-HSA-211859;Reactome_R-HSA-211945
P04114,9.0,2.0,Ethanolamine;caffeine,APOB,338,1.0,Reactome_R-HSA-1430728
P0DMS8,9.0,1.0,caffeine,ADORA3,140,0.0,
O96017,8.0,1.0,caffeine,CHEK2,11200,0.0,
P04040,8.0,1.0,caffeine,CAT,847,0.0,
P11245,8.0,1.0,caffeine,NAT2,10,3.0,PathBank_SMP0000028;Reactome_R-HSA-1430728;Reactome_R-HSA-211859
P16220,8.0,1.0,caffeine,CREB1,1385,0.0,
P55211,8.0,1.0,caffeine,CASP9,842,0.0,
Q01581,8.0,1.0,caffeine,HMGCS1,3157,1.0,Reactome_R-HSA-1430728
Q07812,8.0,1.0,caffeine,BAX,581,0.0,
Q8WTV0,8.0,1.0,caffeine,SCARB1,949,0.0,
P10635,7.0,2.0,caffeine;maprotiline,CYP2D6,1565,0.0,
Q13501,7.0,2.0,Ginsenoside rb1;caffeine,SQSTM1,8878,0.0,
P21817,7.0,1.0,caffeine,RYR1,6261,0.0,
P42345,7.0,1.0,caffeine,MTOR,2475,0.0,
P01375,6.0,2.0,Ginsenoside rb1;caffeine,TNF,7124,0.0,
P05231,6.0,2.0,Ginsenoside rb1;caffeine,IL6,3569,0.0,
P11509,6.0,2.0,caffeine;pilocarpine,CYP2A6,1548,1.0,PathBank_SMP0000028
P04150,6.0,1.0,caffeine,NR3C1,2908,0.0,
P04792,6.0,1.0,caffeine,HSPB1,3315,0.0,
P08069,6.0,1.0,caffeine,IGF1R,3480,0.0,
P09429,6.0,1.0,caffeine,HMGB1,3146,0.0,
P14060,6.0,1.0,caffeine,HSD3B1,3283,1.0,Reactome_R-HSA-1430728
P14136,6.0,1.0,caffeine,GFAP,2670,0.0,
P15559,6.0,1.0,caffeine,NQO1,1728,1.0,Reactome_R-HSA-1430728
P23975,6.0,1.0,maprotiline,SLC6A2,6530,0.0,
P24298,6.0,1.0,caffeine,GPT,2875,1.0,Reactome_R-HSA-1430728
P24941,6.0,1.0,caffeine,CDK2,1017,0.0,
P25445,6.0,1.0,caffeine,FAS,355,0.0,
P30307,6.0,1.0,caffeine,CDC25C,995,0.0,
P35222,6.0,1.0,caffeine,CTNNB1,1499,0.0,
P37268,6.0,1.0,caffeine,FDFT1,2222,1.0,Reactome_R-HSA-1430728
P49327,6.0,1.0,caffeine,FASN,2194,1.0,Reactome_R-HSA-1430728
P49715,6.0,1.0,caffeine,CEBPA,1050,0.0,
P61978,6.0,1.0,caffeine,HNRNPK,3190,0.0,
Q14643,6.0,1.0,caffeine,ITPR1,3708,1.0,Reactome_R-HSA-1430728
Q9NRZ9,6.0,1.0,caffeine,HELLS,3070,0.0,
O95622,5.0,2.0,caffeine;forskolin,ADCY5,111,0.0,
P01584,5.0,2.0,Ginsenoside rb1;caffeine,IL1B,3553,0.0,
P07858,5.0,2.0,Ginsenoside rb1;caffeine,CTSB,1508,0.0,
P04798,5.0,1.0,caffeine,CYP1A1,1543,5.0,Reactome_R-HSA-1430728;Reactome_R-HSA-211859;Reactome_R-HSA-211897;Reactome_R-HSA-211945;Reactome_R-HSA-211981
P11712,5.0,1.0,caffeine,CYP2C9,1559,1.0,PathBank_SMP0000028
Q14573,5.0,1.0,caffeine,ITPR3,3710,1.0,Reactome_R-HSA-1430728
P00338,4.0,2.0,Ginsenoside rb1;caffeine,LDHA,3939,1.0,Reactome_R-HSA-1430728
P08482,4.0,2.0,bethanechol;pilocarpine,CHRM1,25229,0.0,
P10275,4.0,2.0,caffeine;forskolin,AR,367,0.0,
P63092,4.0,2.0,caffeine;forskolin,GNAS,2778,0.0,
Q01959,4.0,2.0,caffeine;maprotiline,SLC6A3,6531,0.0,
Q16236,4.0,2.0,Ginsenoside rb1;caffeine,NFE2L2,4780,0.0,
O43683,4.0,1.0,caffeine,BUB1,699,0.0,
O43852,4.0,1.0,caffeine,CALU,813,0.0,
O60488,4.0,1.0,caffeine,ACSL4,2182,0.0,
P00352,4.0,1.0,caffeine,ALDH1A1,216,3.0,Reactome_R-HSA-1430728;Reactome_R-HSA-211859;Reactome_R-HSA-211945
P00813,4.0,1.0,caffeine,ADA,100,1.0,Reactome_R-HSA-1430728
P02452,4.0,1.0,caffeine,COL1A1,1277,0.0,
P02647,4.0,1.0,caffeine,APOA1,335,1.0,Reactome_R-HSA-1430728
P02652,4.0,1.0,caffeine,APOA2,336,1.0,Reactome_R-HSA-1430728
P02654,4.0,1.0,caffeine,APOC1,341,0.0,
P02655,4.0,1.0,caffeine,APOC2,344,1.0,Reactome_R-HSA-1430728
P02768,4.0,1.0,caffeine,ALB,213,1.0,Reactome_R-HSA-1430728
P04075,4.0,1.0,caffeine,ALDOA,226,1.0,Reactome_R-HSA-1430728
P04406,4.0,1.0,caffeine,GAPDH,2597,1.0,Reactome_R-HSA-1430728
P05362,4.0,1.0,caffeine,ICAM1,3383,0.0,
P06730,4.0,1.0,caffeine,EIF4E,1977,0.0,
P06733,4.0,1.0,caffeine,ENO1,2023,1.0,Reactome_R-HSA-1430728
P06744,4.0,1.0,caffeine,GPI,2821,1.0,Reactome_R-HSA-1430728
P07900,4.0,1.0,caffeine,HSP90AA1,3320,1.0,Reactome_R-HSA-1430728
P07910,4.0,1.0,caffeine,HNRNPC,3183,0.0,
P09525,4.0,1.0,caffeine,ANXA4,307,0.0,
P09651,4.0,1.0,caffeine,HNRNPA1,3178,0.0,
P0DP23,4.0,1.0,caffeine,CALM1,801,1.0,Reactome_R-HSA-1430728
P10145,4.0,1.0,caffeine,CXCL8,3576,0.0,
P10412,4.0,1.0,caffeine,H1-4,3008,0.0,
P11802,4.0,1.0,caffeine,CDK4,1019,0.0,
P12830,4.0,1.0,caffeine,CDH1,999,0.0,
P13639,4.0,1.0,caffeine,EEF2,1938,0.0,
P16112,4.0,1.0,caffeine,ACAN,176,0.0,
P16401,4.0,1.0,caffeine,H1-5,3009,0.0,
P16949,4.0,1.0,caffeine,STMN1,3925,0.0,
P17096,4.0,1.0,caffeine,HMGA1,3159,0.0,
P17302,4.0,1.0,caffeine,GJA1,2697,0.0,
P17676,4.0,1.0,caffeine,CEBPB,1051,0.0,
P18146,4.0,1.0,caffeine,EGR1,1958,0.0,
P23560,4.0,1.0,caffeine,BDNF,627,0.0,
P26358,4.0,1.0,caffeine,DNMT1,1786,0.0,
P27708,4.0,1.0,caffeine,CAD,790,1.0,Reactome_R-HSA-1430728
P29692,4.0,1.0,caffeine,EEF1D,1936,0.0,
P30305,4.0,1.0,caffeine,CDC25B,994,0.0,
P30543,4.0,1.0,caffeine,ADORA2A,25369,0.0,
P31689,4.0,1.0,caffeine,DNAJA1,3301,0.0,
P31943,4.0,1.0,caffeine,HNRNPH1,3187,0.0,
P34932,4.0,1.0,caffeine,HSPA4,3308,0.0,
P35348,4.0,1.0,maprotiline,ADRA1A,148,0.0,
P40126,4.0,1.0,caffeine,DCT,1638,1.0,Reactome_R-HSA-1430728
P42575,4.0,1.0,caffeine,CASP2,835,0.0,
P48506,4.0,1.0,caffeine,GCLC,2729,2.0,Reactome_R-HSA-1430728;Reactome_R-HSA-211859
P49675,4.0,1.0,caffeine,STAR,6770,1.0,Reactome_R-HSA-1430728
P49840,4.0,1.0,caffeine,GSK3A,2931,0.0,
P49841,4.0,1.0,caffeine,GSK3B,2932,0.0,
P50052,4.0,1.0,caffeine,AGTR2,186,0.0,
P50416,4.0,1.0,caffeine,CPT1A,1374,1.0,Reactome_R-HSA-1430728
P51959,4.0,1.0,caffeine,CCNG1,900,0.0,
P52597,4.0,1.0,caffeine,HNRNPF,3185,0.0,
P53396,4.0,1.0,caffeine,ACLY,47,1.0,Reactome_R-HSA-1430728
P55010,4.0,1.0,caffeine,EIF5,1983,0.0,
P60709,4.0,1.0,caffeine,ACTB,60,0.0,
P68104,4.0,1.0,caffeine,EEF1A1,1915,0.0,
P80365,4.0,1.0,caffeine,HSD11B2,3291,0.0,
P80404,4.0,1.0,caffeine,ABAT,18,0.0,
Q00341,4.0,1.0,caffeine,HDLBP,3069,0.0,
Q07343,4.0,1.0,caffeine,PDE4B,5142,0.0,
Q08334,4.0,1.0,caffeine,IL10RB,3588,0.0,
Q08462,4.0,1.0,forskolin,ADCY2,108,0.0,
Q12983,4.0,1.0,caffeine,BNIP3,664,0.0,
Q13085,4.0,1.0,caffeine,ACACA,31,1.0,Reactome_R-HSA-1430728
Q13231,4.0,1.0,caffeine,CHIT1,1118,0.0,
Q13255,4.0,1.0,caffeine,GRM1,2911,0.0,
Q13541,4.0,1.0,caffeine,EIF4EBP1,1978,0.0,
Q92887,4.0,1.0,caffeine,ABCC2,1244,1.0,Reactome_R-HSA-1430728
Q9UBC3,4.0,1.0,caffeine,DNMT3B,1789,0.0,
Q9Y6K1,4.0,1.0,caffeine,DNMT3A,1788,0.0,
O60503,3.0,2.0,caffeine;forskolin,ADCY9,115,0.0,
P01100,3.0,2.0,Ginsenoside rb1;caffeine,FOS,2353,0.0,
P01137,3.0,2.0,Ginsenoside rb1;caffeine,TGFB1,7040,0.0,
P02649,3.0,2.0,Ethanolamine;caffeine,APOE,348,1.0,Reactome_R-HSA-1430728
P07339,3.0,2.0,Ginsenoside rb1;caffeine,CTSD,1509,0.0,
P11215,3.0,2.0,Ginsenoside rb1;caffeine,ITGAM,3684,0.0,
P11511,3.0,2.0,caffeine;forskolin,CYP19A1,1588,4.0,Reactome_R-HSA-1430728;Reactome_R-HSA-211859;Reactome_R-HSA-211897;Reactome_R-HSA-211945
P21281,3.0,2.0,Ginsenoside rb1;caffeine,ATP6V1B2,526,0.0,
P28482,3.0,2.0,caffeine;forskolin,MAPK1,5594,0.0,
P49588,3.0,2.0,bethanechol;caffeine,AARS1,16,0.0,
P51828,3.0,2.0,caffeine;forskolin,ADCY7,113,0.0,
Q06278,3.0,2.0,caffeine;maprotiline,AOX1,316,1.0,Reactome_R-HSA-1430728
Q12809,3.0,2.0,Ginsenoside rb1;caffeine,KCNH2,3757,0.0,
Q8WUI4,3.0,2.0,caffeine;forskolin,HDAC7,51564,0.0,
Q92793,3.0,2.0,caffeine;forskolin,CREBBP,1387,1.0,Reactome_R-HSA-1430728
O76074,3.0,1.0,caffeine,PDE5A,8654,0.0,
P01130,3.0,1.0,caffeine,LDLR,3949,1.0,Reactome_R-HSA-1430728
P02340,3.0,1.0,caffeine,TRP53,22059,0.0,
P05181,3.0,1.0,caffeine,CYP2E1,1571,2.0,PathBank_SMP0000028;Reactome_R-HSA-1430728
P06213,3.0,1.0,caffeine,INSR,3643,0.0,
P08913,3.0,1.0,maprotiline,ADRA2A,150,0.0,
P15692,3.0,1.0,caffeine,VEGFA,7422,0.0,
P18089,3.0,1.0,maprotiline,ADRA2B,151,0.0,
P18825,3.0,1.0,maprotiline,ADRA2C,152,0.0,
P23246,3.0,1.0,caffeine,SFPQ,6421,0.0,
P25099,3.0,1.0,caffeine,ADORA1,29290,0.0,
P25100,3.0,1.0,maprotiline,ADRA1D,146,0.0,
P28223,3.0,1.0,maprotiline,HTR2A,3356,0.0,
P28335,3.0,1.0,maprotiline,HTR2C,3358,0.0,
P35367,3.0,1.0,maprotiline,HRH1,3269,0.0,
P41159,3.0,1.0,caffeine,LEP,3952,0.0,
P48357,3.0,1.0,caffeine,LEPR,3953,0.0,
P48436,3.0,1.0,caffeine,SOX9,6662,0.0,
Q13177,3.0,1.0,caffeine,PAK2,5062,0.0,
Q14534,3.0,1.0,caffeine,SQLE,6713,1.0,Reactome_R-HSA-1430728
Q14571,3.0,1.0,caffeine,ITPR2,3709,1.0,Reactome_R-HSA-1430728
Q15413,3.0,1.0,caffeine,RYR3,6263,0.0,
Q16678,3.0,1.0,caffeine,CYP1B1,1545,4.0,Reactome_R-HSA-1430728;Reactome_R-HSA-211859;Reactome_R-HSA-211897;Reactome_R-HSA-211945
Q96EB6,3.0,1.0,caffeine,SIRT1,23411,0.0,
P02763,2.0,2.0,caffeine;maprotiline,ORM1,5004,0.0,
P03372,2.0,2.0,Ethanolamine;forskolin,ESR1,2099,0.0,
P06401,2.0,2.0,Ginsenoside rb1;caffeine,PGR,5241,0.0,
P11473,2.0,2.0,caffeine;forskolin,VDR,7421,1.0,Reactome_R-HSA-1430728
P27338,2.0,2.0,caffeine;maprotiline,MAOB,4129,3.0,Reactome_R-HSA-1430728;Reactome_R-HSA-211859;Reactome_R-HSA-211945
P27361,2.0,2.0,caffeine;forskolin,MAPK3,5595,0.0,
P35869,2.0,2.0,Ethanolamine;forskolin,AHR,196,5.0,Reactome_R-HSA-1430728;Reactome_R-HSA-211859;Reactome_R-HSA-211897;Reactome_R-HSA-211945;Reactome_R-HSA-211981
Q13950,2.0,2.0,Ginsenoside rb1;caffeine,RUNX2,860,0.0,
Q96QE3,2.0,2.0,caffeine;forskolin,ATAD5,79915,0.0,
Q9GZQ8,2.0,2.0,Ginsenoside rb1;caffeine,MAP1LC3B,81631,0.0,
A0FGR8,2.0,1.0,caffeine,ESYT2,57488,0.0,
O00148,2.0,1.0,caffeine,DDX39A,10212,0.0,
O00167,2.0,1.0,caffeine,EYA2,2139,0.0,
O00192,2.0,1.0,caffeine,ARVCF,421,0.0,
O00230,2.0,1.0,caffeine,CORT,1325,0.0,
O00273,2.0,1.0,caffeine,DFFA,1676,0.0,
O00291,2.0,1.0,caffeine,HIP1,3092,0.0,
O00299,2.0,1.0,caffeine,CLIC1,1192,0.0,
O00329,2.0,1.0,caffeine,PIK3CD,5293,2.0,Reactome_R-HSA-1430728;WikiPathways_WP2533
O00458,2.0,1.0,caffeine,IFRD1,3475,0.0,
O00512,2.0,1.0,caffeine,BCL9,607,0.0,
O00571,2.0,1.0,caffeine,DDX3X,1654,0.0,
O00763,2.0,1.0,caffeine,ACACB,32,1.0,Reactome_R-HSA-1430728
O14627,2.0,1.0,caffeine,CDX4,1046,0.0,
O14639,2.0,1.0,caffeine,ABLIM1,3983,0.0,
O14641,2.0,1.0,caffeine,DVL2,1856,0.0,
O14646,2.0,1.0,caffeine,CHD1,1105,0.0,
O14647,2.0,1.0,caffeine,CHD2,1106,0.0,
O14867,2.0,1.0,caffeine,BACH1,571,0.0,
O14920,2.0,1.0,caffeine,IKBKB,3551,0.0,
O14979,2.0,1.0,caffeine,HNRNPDL,9987,0.0,
O15123,2.0,1.0,caffeine,ANGPT2,285,0.0,
O15182,2.0,1.0,caffeine,CETN3,1070,0.0,
O15551,2.0,1.0,caffeine,CLDN3,1365,0.0,
O43237,2.0,1.0,caffeine,DYNC1LI2,1783,0.0,
O43293,2.0,1.0,caffeine,DAPK3,1613,0.0,
O43405,2.0,1.0,caffeine,COCH,1690,0.0,
O43424,2.0,1.0,caffeine,GRID2,2895,0.0,
O43491,2.0,1.0,caffeine,EPB41L2,2037,0.0,
O43524,2.0,1.0,caffeine,FOXO3,2309,0.0,
O43707,2.0,1.0,caffeine,ACTN4,81,0.0,
O43822,2.0,1.0,caffeine,CFAP410,755,0.0,
O43903,2.0,1.0,caffeine,GAS2,2620,0.0,
O60220,2.0,1.0,caffeine,TIMM8A,1678,0.0,
O60238,2.0,1.0,caffeine,BNIP3L,665,0.0,
O60331,2.0,1.0,caffeine,PIP5K1C,23396,0.0,
O60443,2.0,1.0,caffeine,GSDME,1687,0.0,
O60500,2.0,1.0,caffeine,NPHS1,4868,0.0,
O60566,2.0,1.0,caffeine,BUB1B,701,0.0,
O60583,2.0,1.0,caffeine,CCNT2,905,0.0,
O60610,2.0,1.0,caffeine,DIAPH1,1729,0.0,
O60658,2.0,1.0,caffeine,PDE8A,5151,0.0,
O60716,2.0,1.0,caffeine,CTNND1,1500,0.0,
O60832,2.0,1.0,caffeine,DKC1,1736,0.0,
O75128,2.0,1.0,caffeine,COBL,23242,0.0,
O75369,2.0,1.0,caffeine,FLNB,2317,0.0,
O75460,2.0,1.0,caffeine,ERN1,2081,0.0,
O75469,2.0,1.0,forskolin,NR1I2,8856,0.0,
O75581,2.0,1.0,caffeine,LRP6,4040,0.0,
O75976,2.0,1.0,caffeine,CPD,1362,0.0,
O95069,2.0,1.0,caffeine,KCNK2,3776,0.0,
O95081,2.0,1.0,caffeine,AGFG2,3268,0.0,
O95477,2.0,1.0,caffeine,ABCA1,19,1.0,Reactome_R-HSA-1430728
O95573,2.0,1.0,caffeine,ACSL3,2181,0.0,
O96019,2.0,1.0,caffeine,ACTL6A,86,0.0,
P00367,2.0,1.0,caffeine,GLUD1,2746,0.0,
P00390,2.0,1.0,caffeine,GSR,2936,0.0,
P00441,2.0,1.0,caffeine,SOD1,6647,0.0,
P00489,2.0,1.0,caffeine,PYGM,100008972,0.0,
P00492,2.0,1.0,caffeine,HPRT1,3251,1.0,Reactome_R-HSA-1430728
P00505,2.0,1.0,caffeine,GOT2,2806,1.0,Reactome_R-HSA-1430728
P00519,2.0,1.0,caffeine,ABL1,25,0.0,
P00736,2.0,1.0,caffeine,C1R,715,0.0,
P00746,2.0,1.0,caffeine,CFD,1675,0.0,
P01019,2.0,1.0,caffeine,AGT,183,1.0,Reactome_R-HSA-1430728
P01034,2.0,1.0,caffeine,CST3,1471,0.0,
P01106,2.0,1.0,caffeine,MYC,4609,0.0,
P01112,2.0,1.0,caffeine,HRAS,3265,0.0,
P01160,2.0,1.0,caffeine,NPPA,4878,0.0,
P01241,2.0,1.0,caffeine,GH1,2688,0.0,
P01344,2.0,1.0,caffeine,IGF2,3481,0.0,
P01350,2.0,1.0,caffeine,GAST,2520,0.0,
P01589,2.0,1.0,caffeine,IL2RA,3559,0.0,
P02458,2.0,1.0,caffeine,COL2A1,1280,0.0,
P02656,2.0,1.0,caffeine,APOC3,345,1.0,Reactome_R-HSA-1430728
P02786,2.0,1.0,caffeine,TFRC,7037,0.0,
P02818,2.0,1.0,caffeine,BGLAP,632,0.0,
P03940,2.0,1.0,caffeine,CYP21A1,13079,0.0,
P03950,2.0,1.0,caffeine,ANG,283,0.0,
P04179,2.0,1.0,caffeine,SOD2,6648,0.0,
P04233,2.0,1.0,caffeine,CD74,972,0.0,
P04439,2.0,1.0,caffeine,HLA-A,3105,0.0,
P04626,2.0,1.0,caffeine,ERBB2,2064,0.0,
P04899,2.0,1.0,caffeine,GNAI2,2771,0.0,
P05023,2.0,1.0,caffeine,ATP1A1,476,0.0,
P05093,2.0,1.0,caffeine,CYP17A1,1586,1.0,Reactome_R-HSA-1430728
P05108,2.0,1.0,caffeine,CYP11A1,1583,4.0,Reactome_R-HSA-1430728;Reactome_R-HSA-211859;Reactome_R-HSA-211897;Reactome_R-HSA-211945
P05113,2.0,1.0,caffeine,IL5,3567,0.0,
P05114,2.0,1.0,caffeine,HMGN1,3150,0.0,
P05186,2.0,1.0,caffeine,ALPL,249,0.0,
P05305,2.0,1.0,caffeine,EDN1,1906,0.0,
P05412,2.0,1.0,caffeine,JUN,3725,0.0,
P05423,2.0,1.0,caffeine,POLR3D,661,0.0,
P05783,2.0,1.0,caffeine,KRT18,3875,0.0,
P06241,2.0,1.0,caffeine,FYN,2534,0.0,
P06858,2.0,1.0,caffeine,LPL,4023,0.0,
P07101,2.0,1.0,caffeine,TH,7054,1.0,Reactome_R-HSA-1430728
P07199,2.0,1.0,caffeine,CENPB,1059,0.0,
P07203,2.0,1.0,caffeine,GPX1,2876,0.0,
P07307,2.0,1.0,caffeine,ASGR2,433,0.0,
P07332,2.0,1.0,caffeine,FES,2242,0.0,
P07355,2.0,1.0,caffeine,ANXA2,302,0.0,
P07384,2.0,1.0,caffeine,CAPN1,823,0.0,
P07711,2.0,1.0,caffeine,CTSL,1514,1.0,Reactome_R-HSA-1430728
P07814,2.0,1.0,caffeine,EPRS1,2058,1.0,Reactome_R-HSA-1430728
P08185,2.0,1.0,caffeine,SERPINA6,866,1.0,Reactome_R-HSA-1430728
P08238,2.0,1.0,caffeine,HSP90AB1,3326,3.0,Reactome_R-HSA-1430728;Reactome_R-HSA-211859;Reactome_R-HSA-211945
P08243,2.0,1.0,caffeine,ASNS,440,1.0,Reactome_R-HSA-1430728
P08574,2.0,1.0,caffeine,CYC1,1537,1.0,Reactome_R-HSA-1430728
P08686,2.0,1.0,caffeine,CYP21A2,1589,4.0,Reactome_R-HSA-1430728;Reactome_R-HSA-211859;Reactome_R-HSA-211897;Reactome_R-HSA-211945
P08700,2.0,1.0,caffeine,IL3,3562,0.0,
P08833,2.0,1.0,caffeine,IGFBP1,3484,0.0,
P09016,2.0,1.0,caffeine,HOXD4,3233,0.0,
P09038,2.0,1.0,caffeine,FGF2,2247,0.0,
P09104,2.0,1.0,caffeine,ENO2,2026,1.0,Reactome_R-HSA-1430728
P09211,2.0,1.0,caffeine,GSTP1,2950,2.0,Reactome_R-HSA-1430728;Reactome_R-HSA-211859
P09543,2.0,1.0,caffeine,CNP,1267,0.0,
P09601,2.0,1.0,Ginsenoside rb1,HMOX1,3162,0.0,
P09629,2.0,1.0,caffeine,HOXB7,3217,0.0,
P09871,2.0,1.0,caffeine,C1S,716,0.0,
P09972,2.0,1.0,caffeine,ALDOC,230,1.0,Reactome_R-HSA-1430728
P0DMV8,2.0,1.0,caffeine,HSPA1B,3304,0.0,
P0DP91,2.0,1.0,caffeine,ERCC6,2074,0.0,
P10071,2.0,1.0,caffeine,GLI3,2737,0.0,
P10074,2.0,1.0,caffeine,ZBTB48,3104,0.0,
P10109,2.0,1.0,caffeine,FDX1,2230,1.0,Reactome_R-HSA-1430728
P10398,2.0,1.0,caffeine,ARAF,369,0.0,
P10415,2.0,1.0,caffeine,BCL2,596,0.0,
P10451,2.0,1.0,caffeine,SPP1,6696,0.0,
P10588,2.0,1.0,caffeine,NR2F6,2063,0.0,
P10632,2.0,1.0,caffeine,CYP2C8,1558,1.0,PathBank_SMP0000028
P10768,2.0,1.0,caffeine,ESD,2098,2.0,Reactome_R-HSA-1430728;Reactome_R-HSA-211859
P10809,2.0,1.0,caffeine,HSPD1,3329,0.0,
P10980,2.0,1.0,pilocarpine,CHRM2,81645,0.0,
P11169,2.0,1.0,caffeine,SLC2A3,6515,0.0,
P11171,2.0,1.0,caffeine,EPB41,2035,0.0,
P11274,2.0,1.0,caffeine,BCR,613,0.0,
P11387,2.0,1.0,caffeine,TOP1,7150,0.0,
P11413,2.0,1.0,caffeine,G6PD,2539,1.0,Reactome_R-HSA-1430728
P11474,2.0,1.0,caffeine,ESRRA,2101,1.0,Reactome_R-HSA-1430728
P11532,2.0,1.0,caffeine,DMD,1756,0.0,
P11717,2.0,1.0,caffeine,IGF2R,3482,0.0,
P12268,2.0,1.0,caffeine,IMPDH2,3615,1.0,Reactome_R-HSA-1430728
P12277,2.0,1.0,caffeine,CKB,1152,1.0,Reactome_R-HSA-1430728
P12429,2.0,1.0,Ethanolamine,ANXA3,306,0.0,
P12814,2.0,1.0,caffeine,ACTN1,87,0.0,
P12821,2.0,1.0,caffeine,ACE,1636,0.0,
P12956,2.0,1.0,caffeine,XRCC6,2547,0.0,
P13010,2.0,1.0,caffeine,XRCC5,7520,0.0,
P13498,2.0,1.0,caffeine,CYBA,1535,0.0,
P13584,2.0,1.0,caffeine,CYP4B1,1580,0.0,
P13611,2.0,1.0,caffeine,VCAN,1462,0.0,
P13637,2.0,1.0,caffeine,ATP1A3,478,0.0,
P13688,2.0,1.0,caffeine,CEACAM1,634,0.0,
P13798,2.0,1.0,caffeine,APEH,327,0.0,
P13804,2.0,1.0,caffeine,ETFA,2108,1.0,Reactome_R-HSA-1430728
P13807,2.0,1.0,caffeine,GYS1,2997,1.0,Reactome_R-HSA-1430728
P13984,2.0,1.0,caffeine,GTF2F2,2963,0.0,
P13987,2.0,1.0,caffeine,CD59,966,0.0,
P14625,2.0,1.0,caffeine,HSP90B1,7184,0.0,
P14866,2.0,1.0,caffeine,HNRNPL,3191,0.0,
P15056,2.0,1.0,caffeine,BRAF,673,0.0,
P15090,2.0,1.0,caffeine,FABP4,2167,1.0,Reactome_R-HSA-1430728
P15260,2.0,1.0,caffeine,IFNGR1,3459,0.0,
P15311,2.0,1.0,caffeine,EZR,7430,0.0,
P15538,2.0,1.0,caffeine,CYP11B1,1584,0.0,
P15822,2.0,1.0,caffeine,HIVEP1,3096,0.0,
P15924,2.0,1.0,caffeine,DSP,1832,0.0,
P15954,2.0,1.0,caffeine,COX7C,1350,1.0,Reactome_R-HSA-1430728
P16382,2.0,1.0,caffeine,IL4RA,16190,0.0,
P16591,2.0,1.0,caffeine,FER,2241,0.0,
P16615,2.0,1.0,caffeine,ATP2A2,488,0.0,
P16671,2.0,1.0,caffeine,CD36,948,1.0,Reactome_R-HSA-1430728
P17275,2.0,1.0,caffeine,JUNB,3726,0.0,
P17655,2.0,1.0,caffeine,CAPN2,824,0.0,
P17812,2.0,1.0,caffeine,CTPS1,1503,1.0,Reactome_R-HSA-1430728
P17844,2.0,1.0,caffeine,DDX5,1655,0.0,
P17987,2.0,1.0,caffeine,TCP1,6950,0.0,
P19099,2.0,1.0,caffeine,CYP11B2,1585,4.0,Reactome_R-HSA-1430728;Reactome_R-HSA-211859;Reactome_R-HSA-211897;Reactome_R-HSA-211945
P19338,2.0,1.0,caffeine,NCL,4691,0.0,
P19484,2.0,1.0,Ginsenoside rb1,TFEB,7942,0.0,
P19784,2.0,1.0,caffeine,CSNK2A2,1459,0.0,
P19823,2.0,1.0,caffeine,ITIH2,3698,0.0,
P19838,2.0,1.0,caffeine,NFKB1,4790,0.0,
P20020,2.0,1.0,caffeine,ATP2B1,490,0.0,
P20290,2.0,1.0,caffeine,BTF3,689,0.0,
P20700,2.0,1.0,caffeine,LMNB1,4001,0.0,
P20749,2.0,1.0,caffeine,BCL3,602,0.0,
P20810,2.0,1.0,caffeine,CAST,831,0.0,
P20827,2.0,1.0,caffeine,EFNA1,1942,0.0,
P21127,2.0,1.0,caffeine,CDK11B,984,0.0,
P21333,2.0,1.0,caffeine,FLNA,2316,0.0,
P21589,2.0,1.0,caffeine,NT5E,4907,1.0,Reactome_R-HSA-1430728
P21709,2.0,1.0,caffeine,EPHA1,2041,0.0,
P21815,2.0,1.0,caffeine,IBSP,3381,0.0,
P21860,2.0,1.0,caffeine,ERBB3,2065,0.0,
P21926,2.0,1.0,caffeine,CD9,928,0.0,
P21964,2.0,1.0,caffeine,COMT,1312,2.0,Reactome_R-HSA-1430728;Reactome_R-HSA-211859
P22301,2.0,1.0,caffeine,IL10,3586,0.0,
P22314,2.0,1.0,caffeine,UBA1,7317,0.0,
P22352,2.0,1.0,caffeine,GPX3,2878,0.0,
P22455,2.0,1.0,caffeine,FGFR4,2264,0.0,
P22492,2.0,1.0,caffeine,H1-6,3010,0.0,
P22607,2.0,1.0,caffeine,FGFR3,2261,0.0,
P22626,2.0,1.0,caffeine,HNRNPA2B1,3181,0.0,
P23327,2.0,1.0,caffeine,HRC,3270,0.0,
P23526,2.0,1.0,caffeine,AHCY,191,2.0,Reactome_R-HSA-1430728;Reactome_R-HSA-211859
P23528,2.0,1.0,caffeine,CFL1,1072,0.0,
P23588,2.0,1.0,caffeine,EIF4B,1975,0.0,
P23769,2.0,1.0,caffeine,GATA2,2624,0.0,
P24385,2.0,1.0,caffeine,CCND1,595,0.0,
P24534,2.0,1.0,caffeine,EEF1B2,1933,0.0,
P24864,2.0,1.0,caffeine,CCNE1,898,0.0,
P25054,2.0,1.0,caffeine,APC,324,0.0,
P25098,2.0,1.0,caffeine,GRK2,156,0.0,
P26232,2.0,1.0,caffeine,CTNNA2,1496,0.0,
P26641,2.0,1.0,caffeine,EEF1G,1937,0.0,
P27449,2.0,1.0,caffeine,ATP6V0C,527,0.0,
P27487,2.0,1.0,caffeine,DPP4,1803,0.0,
P27695,2.0,1.0,caffeine,APEX1,328,0.0,
P27707,2.0,1.0,caffeine,DCK,1633,1.0,Reactome_R-HSA-1430728
P27797,2.0,1.0,caffeine,CALR,811,0.0,
P27815,2.0,1.0,caffeine,PDE4A,5141,0.0,
P27824,2.0,1.0,caffeine,CANX,821,0.0,
P28715,2.0,1.0,caffeine,ERCC5,2073,0.0,
P28845,2.0,1.0,caffeine,HSD11B1,3290,0.0,
P29083,2.0,1.0,caffeine,GTF2E1,2960,0.0,
P29276,2.0,1.0,caffeine,ADORA2B,29316,0.0,
P29317,2.0,1.0,caffeine,EPHA2,1969,0.0,
P29459,2.0,1.0,caffeine,IL12A,3592,0.0,
P29460,2.0,1.0,caffeine,IL12B,3593,0.0,
P29754,2.0,1.0,caffeine,AGTR1A,11607,0.0,
P29966,2.0,1.0,caffeine,MARCKS,4082,1.0,Reactome_R-HSA-1430728
P30101,2.0,1.0,caffeine,PDIA3,2923,0.0,
P30260,2.0,1.0,caffeine,CDC27,996,0.0,
P30550,2.0,1.0,caffeine,GRPR,2925,0.0,
P30566,2.0,1.0,caffeine,ADSL,158,1.0,Reactome_R-HSA-1430728
P30740,2.0,1.0,caffeine,SERPINB1,1992,0.0,
P31629,2.0,1.0,caffeine,HIVEP2,3097,0.0,
P31645,2.0,1.0,maprotiline,SLC6A4,6532,0.0,
P31751,2.0,1.0,caffeine,AKT2,208,0.0,
P31939,2.0,1.0,caffeine,ATIC,471,1.0,Reactome_R-HSA-1430728
P31942,2.0,1.0,caffeine,HNRNPH3,3189,0.0,
P32121,2.0,1.0,caffeine,ARRB2,409,0.0,
P32519,2.0,1.0,caffeine,ELF1,1997,0.0,
P32754,2.0,1.0,caffeine,HPD,3242,1.0,Reactome_R-HSA-1430728
P32929,2.0,1.0,caffeine,CTH,1491,1.0,Reactome_R-HSA-1430728
P33151,2.0,1.0,caffeine,CDH5,1003,0.0,
P33240,2.0,1.0,caffeine,CSTF2,1478,0.0,
P34947,2.0,1.0,caffeine,GRK5,2869,0.0,
P34969,2.0,1.0,maprotiline,HTR7,3363,0.0,
P35221,2.0,1.0,caffeine,CTNNA1,1495,0.0,
P35228,2.0,1.0,caffeine,NOS2,4843,0.0,
P35232,2.0,1.0,caffeine,PHB1,5245,0.0,
P35368,2.0,1.0,maprotiline,ADRA1B,147,0.0,
P35520,2.0,1.0,caffeine,CBS,875,1.0,Reactome_R-HSA-1430728
P35611,2.0,1.0,caffeine,ADD1,118,0.0,
P35613,2.0,1.0,caffeine,BSG,682,0.0,
P35637,2.0,1.0,caffeine,FUS,2521,0.0,
P35754,2.0,1.0,caffeine,GLRX,2745,1.0,Reactome_R-HSA-1430728
P35913,2.0,1.0,caffeine,PDE6B,5158,0.0,
P36382,2.0,1.0,caffeine,GJA5,2702,0.0,
P36894,2.0,1.0,caffeine,BMPR1A,657,0.0,
P36915,2.0,1.0,caffeine,GNL1,2794,0.0,
P36956,2.0,1.0,caffeine,SREBF1,6720,0.0,
P36969,2.0,1.0,caffeine,GPX4,2879,0.0,
P37058,2.0,1.0,caffeine,HSD17B3,3293,0.0,
P37288,2.0,1.0,caffeine,AVPR1A,552,0.0,
P38398,2.0,1.0,caffeine,BRCA1,672,0.0,
P38405,2.0,1.0,caffeine,GNAL,2774,0.0,
P38646,2.0,1.0,caffeine,HSPA9,3313,1.0,Reactome_R-HSA-1430728
P39019,2.0,1.0,caffeine,RPS19,6223,0.0,
P39880,2.0,1.0,caffeine,CUX1,1523,0.0,
P40189,2.0,1.0,caffeine,IL6ST,3572,0.0,
P40227,2.0,1.0,caffeine,CCT6A,908,0.0,
P40939,2.0,1.0,caffeine,HADHA,3030,1.0,Reactome_R-HSA-1430728
P41002,2.0,1.0,caffeine,CCNF,899,0.0,
P41161,2.0,1.0,caffeine,ETV5,2119,0.0,
P41162,2.0,1.0,caffeine,ETV3,2117,0.0,
P41182,2.0,1.0,caffeine,BCL6,604,0.0,
P41212,2.0,1.0,caffeine,ETV6,2120,0.0,
P41240,2.0,1.0,caffeine,CSK,1445,0.0,
P41567,2.0,1.0,caffeine,EIF1,10209,0.0,
P42126,2.0,1.0,caffeine,ECI1,1632,1.0,Reactome_R-HSA-1430728
P42338,2.0,1.0,caffeine,PIK3CB,5291,2.0,Reactome_R-HSA-1430728;WikiPathways_WP2533
P42566,2.0,1.0,caffeine,EPS15,2060,0.0,
P42684,2.0,1.0,caffeine,ABL2,27,0.0,
P42685,2.0,1.0,caffeine,FRK,2444,0.0,
P42858,2.0,1.0,caffeine,HTT,3064,0.0,
P43250,2.0,1.0,caffeine,GRK6,2870,0.0,
P43268,2.0,1.0,caffeine,ETV4,2118,0.0,
P46098,2.0,1.0,caffeine,HTR3A,3359,0.0,
P46100,2.0,1.0,caffeine,ATRX,546,0.0,
P46108,2.0,1.0,caffeine,CRK,1398,0.0,
P47974,2.0,1.0,caffeine,ZFP36L2,678,0.0,
P47989,2.0,1.0,caffeine,XDH,7498,2.0,PathBank_SMP0000028;Reactome_R-HSA-1430728
P48444,2.0,1.0,caffeine,ARCN1,372,0.0,
P48542,2.0,1.0,maprotiline,KCNJ6,16522,0.0,
P48551,2.0,1.0,caffeine,IFNAR2,3455,0.0,
P48730,2.0,1.0,caffeine,CSNK1D,1453,0.0,
P48775,2.0,1.0,caffeine,TDO2,6999,1.0,Reactome_R-HSA-1430728
P49189,2.0,1.0,caffeine,ALDH9A1,223,1.0,Reactome_R-HSA-1430728
P49407,2.0,1.0,caffeine,ARRB1,408,0.0,
P49454,2.0,1.0,caffeine,CENPF,1063,0.0,
P49589,2.0,1.0,caffeine,CARS1,833,0.0,
P49674,2.0,1.0,caffeine,CSNK1E,1454,0.0,
P49703,2.0,1.0,caffeine,ARL4D,379,0.0,
P49760,2.0,1.0,caffeine,CLK2,1196,0.0,
P49761,2.0,1.0,caffeine,CLK3,1198,0.0,
P49773,2.0,1.0,caffeine,HINT1,3094,0.0,
P50148,2.0,1.0,caffeine,GNAQ,2776,0.0,
P50395,2.0,1.0,caffeine,GDI2,2665,0.0,
P50402,2.0,1.0,caffeine,EMD,2010,0.0,
P50443,2.0,1.0,caffeine,SLC26A2,1836,0.0,
P50548,2.0,1.0,caffeine,ERF,2077,0.0,
P50570,2.0,1.0,caffeine,DNM2,1785,1.0,Reactome_R-HSA-1430728
P50613,2.0,1.0,caffeine,CDK7,1022,0.0,
P50747,2.0,1.0,caffeine,HLCS,3141,1.0,Reactome_R-HSA-1430728
P50895,2.0,1.0,caffeine,BCAM,4059,0.0,
P50995,2.0,1.0,caffeine,ANXA11,311,0.0,
P51587,2.0,1.0,caffeine,BRCA2,675,0.0,
P51610,2.0,1.0,caffeine,HCFC1,3054,0.0,
P51648,2.0,1.0,caffeine,ALDH3A2,224,0.0,
P51654,2.0,1.0,caffeine,GPC3,2719,0.0,
P51826,2.0,1.0,caffeine,AFF3,3899,0.0,
P51858,2.0,1.0,caffeine,HDGF,3068,0.0,
P51946,2.0,1.0,caffeine,CCNH,902,0.0,
P52565,2.0,1.0,caffeine,ARHGDIA,396,0.0,
P52594,2.0,1.0,caffeine,AGFG1,3267,0.0,
P52701,2.0,1.0,caffeine,MSH6,2956,0.0,
P52824,2.0,1.0,caffeine,DGKQ,1609,0.0,
P52926,2.0,1.0,caffeine,HMGA2,8091,0.0,
P52943,2.0,1.0,caffeine,CRIP2,1397,0.0,
P53621,2.0,1.0,caffeine,COPA,1314,0.0,
P53673,2.0,1.0,caffeine,CRYBA4,1413,0.0,
P53674,2.0,1.0,caffeine,CRYBB1,1414,0.0,
P54105,2.0,1.0,caffeine,CLNS1A,1207,0.0,
P54132,2.0,1.0,caffeine,BLM,641,0.0,
P54259,2.0,1.0,caffeine,ATN1,1822,0.0,
P54709,2.0,1.0,caffeine,ATP1B3,483,0.0,
P54760,2.0,1.0,caffeine,EPHB4,2050,0.0,
P54886,2.0,1.0,caffeine,ALDH18A1,5832,0.0,
P55072,2.0,1.0,caffeine,VCP,7415,0.0,
P55107,2.0,1.0,caffeine,GDF10,2662,0.0,
P55199,2.0,1.0,caffeine,ELL,8178,0.0,
P55265,2.0,1.0,caffeine,ADAR,103,0.0,
P55287,2.0,1.0,caffeine,CDH11,1009,0.0,
P55317,2.0,1.0,caffeine,FOXA1,3169,0.0,
P55789,2.0,1.0,caffeine,GFER,2671,0.0,
P55795,2.0,1.0,caffeine,HNRNPH2,3188,0.0,
P55884,2.0,1.0,caffeine,EIF3B,8662,0.0,
P55957,2.0,1.0,caffeine,BID,637,0.0,
P56537,2.0,1.0,caffeine,EIF6,3692,0.0,
P56539,2.0,1.0,caffeine,CAV3,859,0.0,
P58107,2.0,1.0,caffeine,EPPK1,83481,0.0,
P60983,2.0,1.0,caffeine,GMFB,2764,0.0,
P61604,2.0,1.0,caffeine,HSPE1,3336,0.0,
P61803,2.0,1.0,caffeine,DAD1,1603,0.0,
P61981,2.0,1.0,caffeine,YWHAG,7532,0.0,
P62258,2.0,1.0,caffeine,YWHAE,7531,0.0,
P62736,2.0,1.0,caffeine,ACTA2,59,0.0,
P62861,2.0,1.0,caffeine,FAU,2197,0.0,
P62873,2.0,1.0,caffeine,GNB1,2782,0.0,
P63096,2.0,1.0,caffeine,GNAI1,2770,0.0,
P63218,2.0,1.0,caffeine,GNG5,2787,0.0,
P63241,2.0,1.0,caffeine,EIF5A,1984,0.0,
P78310,2.0,1.0,caffeine,CXADR,1525,0.0,
P78347,2.0,1.0,caffeine,GTF2I,2969,0.0,
P78527,2.0,1.0,caffeine,PRKDC,5591,0.0,
P78563,2.0,1.0,caffeine,ADARB1,104,0.0,
P84022,2.0,1.0,caffeine,SMAD3,4088,0.0,
P84077,2.0,1.0,caffeine,ARF1,375,1.0,Reactome_R-HSA-1430728
P86791,2.0,1.0,caffeine,CCZ1,51622,0.0,
P98082,2.0,1.0,caffeine,DAB2,1601,0.0,
P98095,2.0,1.0,caffeine,FBLN2,2199,0.0,
P98160,2.0,1.0,caffeine,HSPG2,3339,0.0,
P98174,2.0,1.0,caffeine,FGD1,2245,0.0,
Q00403,2.0,1.0,caffeine,GTF2B,2959,0.0,
Q00534,2.0,1.0,caffeine,CDK6,1021,0.0,
Q00610,2.0,1.0,caffeine,CLTC,1213,0.0,
Q00613,2.0,1.0,caffeine,HSF1,3297,0.0,
Q00688,2.0,1.0,caffeine,FKBP3,2287,0.0,
Q00839,2.0,1.0,caffeine,HNRNPU,3192,0.0,
Q01094,2.0,1.0,caffeine,E2F1,1869,0.0,
Q01130,2.0,1.0,caffeine,SRSF2,6427,0.0,
Q01167,2.0,1.0,caffeine,FOXK2,3607,0.0,
Q01433,2.0,1.0,caffeine,AMPD2,271,1.0,Reactome_R-HSA-1430728
Q01484,2.0,1.0,caffeine,ANK2,287,0.0,
Q01658,2.0,1.0,caffeine,DR1,1810,0.0,
Q01850,2.0,1.0,caffeine,CDR2,1039,0.0,
Q02127,2.0,1.0,caffeine,DHODH,1723,1.0,Reactome_R-HSA-1430728
Q02224,2.0,1.0,caffeine,CENPE,1062,0.0,
Q02363,2.0,1.0,caffeine,ID2,3398,0.0,
Q02487,2.0,1.0,caffeine,DSC2,1824,0.0,
Q02535,2.0,1.0,caffeine,ID3,3399,0.0,
Q03001,2.0,1.0,caffeine,DST,667,0.0,
Q03060,2.0,1.0,caffeine,CREM,1390,0.0,
Q03135,2.0,1.0,caffeine,CAV1,857,1.0,Reactome_R-HSA-1430728
Q03188,2.0,1.0,caffeine,CENPC,1060,0.0,
Q04637,2.0,1.0,caffeine,EIF4G1,1981,0.0,
Q05048,2.0,1.0,caffeine,CSTF1,1477,0.0,
Q05586,2.0,1.0,caffeine,GRIN1,2902,0.0,
Q06481,2.0,1.0,caffeine,APLP2,334,0.0,
Q06520,2.0,1.0,caffeine,SULT2A1,6822,2.0,Reactome_R-HSA-1430728;Reactome_R-HSA-211859
Q06546,2.0,1.0,caffeine,GABPA,2551,0.0,
Q07021,2.0,1.0,caffeine,C1QBP,708,0.0,
Q07352,2.0,1.0,caffeine,ZFP36L1,677,0.0,
Q07687,2.0,1.0,caffeine,DLX2,1746,0.0,
Q07817,2.0,1.0,caffeine,BCL2L1,598,0.0,
Q07912,2.0,1.0,caffeine,TNK2,10188,0.0,
Q07960,2.0,1.0,caffeine,ARHGAP1,392,0.0,
Q08050,2.0,1.0,caffeine,FOXM1,2305,0.0,
Q08345,2.0,1.0,caffeine,DDR1,780,0.0,
Q08378,2.0,1.0,caffeine,GOLGA3,2802,0.0,
Q08379,2.0,1.0,caffeine,GOLGA2,2801,0.0,
Q08426,2.0,1.0,caffeine,EHHADH,1962,1.0,Reactome_R-HSA-1430728
Q08495,2.0,1.0,caffeine,DMTN,2039,0.0,
Q09019,2.0,1.0,caffeine,DMWD,1762,0.0,
Q09472,2.0,1.0,caffeine,EP300,2033,1.0,Reactome_R-HSA-1430728
Q0IIM8,2.0,1.0,caffeine,TBC1D8B,54885,0.0,
Q12772,2.0,1.0,caffeine,SREBF2,6721,0.0,
Q12789,2.0,1.0,caffeine,GTF3C1,2975,0.0,
Q12830,2.0,1.0,caffeine,BPTF,2186,0.0,
Q12834,2.0,1.0,caffeine,CDC20,991,0.0,
Q12873,2.0,1.0,caffeine,CHD3,1107,0.0,
Q12879,2.0,1.0,caffeine,GRIN2A,2903,0.0,
Q12906,2.0,1.0,caffeine,ILF3,3609,0.0,
Q12929,2.0,1.0,caffeine,EPS8,2059,0.0,
Q12959,2.0,1.0,caffeine,DLG1,1739,0.0,
Q12982,2.0,1.0,caffeine,BNIP2,663,0.0,
Q12996,2.0,1.0,caffeine,CSTF3,1479,0.0,
Q13017,2.0,1.0,caffeine,ARHGAP5,394,0.0,
Q13098,2.0,1.0,caffeine,GPS1,2873,0.0,
Q13153,2.0,1.0,caffeine,PAK1,5058,0.0,
Q13191,2.0,1.0,caffeine,CBLB,868,0.0,
Q13202,2.0,1.0,caffeine,DUSP8,1850,0.0,
Q13206,2.0,1.0,caffeine,DDX10,1662,0.0,
Q13224,2.0,1.0,caffeine,GRIN2B,2904,0.0,
Q13263,2.0,1.0,caffeine,TRIM28,10155,0.0,
Q13285,2.0,1.0,caffeine,NR5A1,2516,0.0,
Q13286,2.0,1.0,caffeine,CLN3,1201,0.0,
Q13322,2.0,1.0,caffeine,GRB10,2887,0.0,
Q13370,2.0,1.0,caffeine,PDE3B,5140,0.0,
Q13409,2.0,1.0,caffeine,DYNC1I2,1781,0.0,
Q13439,2.0,1.0,caffeine,GOLGA4,2803,0.0,
Q13451,2.0,1.0,caffeine,FKBP5,2289,0.0,
Q13459,2.0,1.0,caffeine,MYO9B,4650,0.0,
Q13480,2.0,1.0,caffeine,GAB1,2549,0.0,
Q13490,2.0,1.0,caffeine,BIRC2,329,0.0,
Q13542,2.0,1.0,caffeine,EIF4EBP2,1979,0.0,
Q13547,2.0,1.0,caffeine,HDAC1,3065,0.0,
Q13554,2.0,1.0,caffeine,CAMK2B,816,0.0,
Q13555,2.0,1.0,caffeine,CAMK2G,818,0.0,
Q13557,2.0,1.0,caffeine,CAMK2D,817,0.0,
Q13586,2.0,1.0,caffeine,STIM1,6786,0.0,
Q13627,2.0,1.0,caffeine,DYRK1A,1859,0.0,
Q13642,2.0,1.0,caffeine,FHL1,2273,0.0,
Q13796,2.0,1.0,caffeine,SHROOM2,357,0.0,
Q13907,2.0,1.0,caffeine,IDI1,3422,1.0,Reactome_R-HSA-1430728
Q14103,2.0,1.0,caffeine,HNRNPD,3184,0.0,
Q14185,2.0,1.0,caffeine,DOCK1,1793,0.0,
Q14186,2.0,1.0,caffeine,TFDP1,7027,0.0,
Q14204,2.0,1.0,caffeine,DYNC1H1,1778,0.0,
Q14247,2.0,1.0,caffeine,CTTN,2017,0.0,
Q14254,2.0,1.0,caffeine,FLOT2,2319,0.0,
Q14376,2.0,1.0,caffeine,GALE,2582,1.0,Reactome_R-HSA-1430728
Q14432,2.0,1.0,caffeine,PDE3A,5139,0.0,
Q14444,2.0,1.0,caffeine,CAPRIN1,4076,0.0,
Q14451,2.0,1.0,caffeine,GRB7,2886,0.0,
Q14517,2.0,1.0,caffeine,FAT1,2195,0.0,
Q14562,2.0,1.0,caffeine,DHX8,1659,0.0,
Q14596,2.0,1.0,caffeine,NBR1,4077,0.0,
Q14789,2.0,1.0,caffeine,GOLGB1,2804,0.0,
Q14790,2.0,1.0,caffeine,CASP8,841,0.0,
Q14839,2.0,1.0,caffeine,CHD4,1108,0.0,
Q15067,2.0,1.0,caffeine,ACOX1,51,0.0,
Q15389,2.0,1.0,caffeine,ANGPT1,284,0.0,
Q15392,2.0,1.0,caffeine,DHCR24,1718,1.0,Reactome_R-HSA-1430728
Q15417,2.0,1.0,caffeine,CNN3,1266,0.0,
Q15714,2.0,1.0,caffeine,TSC22D1,8848,0.0,
Q15717,2.0,1.0,caffeine,ELAVL1,1994,0.0,
Q15723,2.0,1.0,caffeine,ELF2,1998,0.0,
Q15768,2.0,1.0,caffeine,EFNB3,1949,0.0,
Q15911,2.0,1.0,caffeine,ZFHX3,463,0.0,
Q16181,2.0,1.0,caffeine,SEPTIN7,989,0.0,
Q16254,2.0,1.0,caffeine,E2F4,1874,0.0,
Q16555,2.0,1.0,caffeine,DPYSL2,1808,0.0,
Q16610,2.0,1.0,caffeine,ECM1,1893,0.0,
Q16643,2.0,1.0,caffeine,DBN1,1627,0.0,
Q16665,2.0,1.0,caffeine,HIF1A,3091,0.0,
Q16881,2.0,1.0,caffeine,TXNRD1,7296,1.0,Reactome_R-HSA-1430728
Q2M3V2,2.0,1.0,caffeine,SOWAHA,134548,0.0,
Q53ET0,2.0,1.0,caffeine,CRTC2,200186,0.0,
Q60614,2.0,1.0,caffeine,ADORA2B,11541,0.0,
Q6P1M3,2.0,1.0,caffeine,LLGL2,3993,0.0,
Q86UP2,2.0,1.0,caffeine,KTN1,3895,0.0,
Q86VP6,2.0,1.0,caffeine,CAND1,55832,0.0,
Q86YS7,2.0,1.0,caffeine,C2CD5,9847,0.0,
Q8IWU9,2.0,1.0,caffeine,TPH2,121278,0.0,
Q8N6C5,2.0,1.0,caffeine,IGSF1,3547,0.0,
Q8NBP7,2.0,1.0,caffeine,PCSK9,255738,0.0,
Q8NDI1,2.0,1.0,caffeine,EHBP1,23301,0.0,
Q8NE71,2.0,1.0,caffeine,ABCF1,23,0.0,
Q8TCU4,2.0,1.0,caffeine,ALMS1,7840,0.0,
Q8TEB1,2.0,1.0,caffeine,DCAF11,80344,0.0,
Q8WUA4,2.0,1.0,caffeine,GTF3C2,2976,0.0,
Q8WVM8,2.0,1.0,caffeine,SCFD1,23256,0.0,
Q92769,2.0,1.0,caffeine,HDAC2,3066,0.0,
Q92805,2.0,1.0,caffeine,GOLGA1,2800,0.0,
Q92835,2.0,1.0,caffeine,INPP5D,3635,0.0,
Q92889,2.0,1.0,caffeine,ERCC4,2072,0.0,
Q92994,2.0,1.0,caffeine,BRF1,2972,0.0,
Q92997,2.0,1.0,caffeine,DVL3,1857,0.0,
Q93088,2.0,1.0,caffeine,BHMT,635,1.0,Reactome_R-HSA-1430728
Q96CT7,2.0,1.0,caffeine,CCDC124,115098,0.0,
Q96CW1,2.0,1.0,caffeine,AP2M1,1173,0.0,
Q96PG8,2.0,1.0,caffeine,BBC3,27113,0.0,
Q99259,2.0,1.0,caffeine,GAD1,2571,0.0,
Q99426,2.0,1.0,caffeine,TBCB,1155,0.0,
Q99439,2.0,1.0,caffeine,CNN2,1265,0.0,
Q99459,2.0,1.0,caffeine,CDC5L,988,0.0,
Q99502,2.0,1.0,caffeine,EYA1,2138,0.0,
Q99607,2.0,1.0,caffeine,ELF4,2000,0.0,
Q99645,2.0,1.0,caffeine,EPYC,1833,0.0,
Q99704,2.0,1.0,caffeine,DOK1,1796,0.0,
Q99728,2.0,1.0,caffeine,BARD1,580,0.0,
Q99729,2.0,1.0,caffeine,HNRNPAB,3182,0.0,
Q99741,2.0,1.0,caffeine,CDC6,990,0.0,
Q99808,2.0,1.0,caffeine,SLC29A1,2030,0.0,
Q99856,2.0,1.0,caffeine,ARID3A,1820,0.0,
Q99956,2.0,1.0,caffeine,DUSP9,1852,0.0,
Q9BQ67,2.0,1.0,caffeine,GRWD1,83743,0.0,
Q9BWD1,2.0,1.0,caffeine,ACAT2,39,1.0,Reactome_R-HSA-1430728
Q9BYC5,2.0,1.0,caffeine,FUT8,2530,0.0,
Q9BZC7,2.0,1.0,caffeine,ABCA2,20,0.0,
Q9H2J7,2.0,1.0,caffeine,SLC6A15,55117,0.0,
Q9H4G0,2.0,1.0,caffeine,EPB41L1,2036,0.0,
Q9H8V3,2.0,1.0,caffeine,ECT2,1894,0.0,
Q9HB96,2.0,1.0,caffeine,FANCE,2178,0.0,
Q9HCF6,2.0,1.0,maprotiline,TRPM3,80036,0.0,
Q9HCR9,2.0,1.0,caffeine,PDE11A,50940,0.0,
Q9NPD5,2.0,1.0,Ginsenoside rb1,SLCO1B3,28234,1.0,Reactome_R-HSA-1430728
Q9NRA2,2.0,1.0,caffeine,SLC17A5,26503,1.0,Reactome_R-HSA-1430728
Q9NRY4,2.0,1.0,caffeine,ARHGAP35,2909,0.0,
Q9UBK8,2.0,1.0,caffeine,MTRR,4552,2.0,Reactome_R-HSA-1430728;Reactome_R-HSA-211859
Q9UBM7,2.0,1.0,caffeine,DHCR7,1717,1.0,Reactome_R-HSA-1430728
Q9UER7,2.0,1.0,caffeine,DAXX,1616,0.0,
Q9UEY8,2.0,1.0,caffeine,ADD3,120,0.0,
Q9UJ14,2.0,1.0,caffeine,GGT7,2686,2.0,Reactome_R-HSA-1430728;Reactome_R-HSA-211859
Q9UKK3,2.0,1.0,caffeine,PARP4,143,0.0,
Q9UKV3,2.0,1.0,caffeine,ACIN1,22985,0.0,
Q9UKV5,2.0,1.0,caffeine,AMFR,267,0.0,
Q9Y261,2.0,1.0,caffeine,FOXA2,3170,0.0,
Q9Y281,2.0,1.0,caffeine,CFL2,1073,0.0,
Q9Y285,2.0,1.0,caffeine,FARSA,2193,0.0,
Q9Y2G1,2.0,1.0,caffeine,MYRF,745,0.0,
Q9Y2I1,2.0,1.0,caffeine,NISCH,11188,0.0,
Q9Y2T3,2.0,1.0,caffeine,GDA,9615,1.0,Reactome_R-HSA-1430728
Q9Y485,2.0,1.0,caffeine,DMXL1,1657,0.0,
Q9Y4D2,2.0,1.0,caffeine,DAGLA,747,0.0,
Q9Y4J8,2.0,1.0,caffeine,DTNA,1837,0.0,
Q9Y679,2.0,1.0,caffeine,AUP1,550,0.0,
Q9Y6M4,2.0,1.0,caffeine,CSNK1G3,1456,0.0,
A0A2R8RK22,1.0,1.0,caffeine,ATP2A1L,494489,0.0,
A0A804HJX8,1.0,1.0,caffeine,HECTD4,283450,0.0,
A0A8M9PGW6,1.0,1.0,caffeine,CYP19A1B,60640,0.0,
A0A8M9PU70,1.0,1.0,caffeine,SLCO1D1,326845,0.0,
A0AVK6,1.0,1.0,caffeine,E2F8,79733,0.0,
A0AVT1,1.0,1.0,caffeine,UBA6,55236,0.0,
A0JNW5,1.0,1.0,caffeine,BLTP3B,23074,0.0,
A1A607,1.0,1.0,caffeine,HSPB11,790918,0.0,
A1KXE4,1.0,1.0,caffeine,FAM168B,130074,0.0,
A1L170,1.0,1.0,caffeine,C1ORF226,400793,0.0,
A1L260,1.0,1.0,caffeine,CAVIN4A,552940,0.0,
A1X283,1.0,1.0,caffeine,SH3PXD2B,285590,0.0,
A1ZB68,1.0,1.0,caffeine,GSTE3,37108,0.0,
A2AJT9,1.0,1.0,caffeine,BCLAF3,256643,0.0,
A2BHA3,1.0,1.0,caffeine,CKMA,30095,0.0,
A2RUC4,1.0,1.0,caffeine,TYW5,129450,0.0,
A3KN83,1.0,1.0,caffeine,SBNO1,55206,0.0,
A4VCG4,1.0,1.0,caffeine,HE1.3,792176,0.0,
A5PL33,1.0,1.0,caffeine,KRABD3,84626,0.0,
A5YKK6,1.0,1.0,caffeine,CNOT1,23019,0.0,
A5YM69,1.0,1.0,caffeine,ARHGEF35,445328,0.0,
A6NCI4,1.0,1.0,caffeine,VWA3A,146177,0.0,
A6NCS6,1.0,1.0,caffeine,C2ORF72,257407,0.0,
A6ND36,1.0,1.0,caffeine,SACK1G,644815,0.0,
A6NDB9,1.0,1.0,caffeine,PALM3,342979,0.0,
A6NFI3,1.0,1.0,caffeine,ZNF316,100131017,0.0,
A6NGG8,1.0,1.0,caffeine,PCARE,388939,0.0,
A6NHL2,1.0,1.0,caffeine,TUBAL3,79861,0.0,
A6NJT0,1.0,1.0,caffeine,UNCX,340260,0.0,
A6NKD9,1.0,1.0,caffeine,CCDC85C,317762,0.0,
A7E2K5,1.0,1.0,caffeine,CRYBB1L2,560055,0.0,
A7KAX9,1.0,1.0,caffeine,ARHGAP32,9743,0.0,
A7XYQ1,1.0,1.0,caffeine,SOBP,55084,0.0,
A8MTL9,1.0,1.0,caffeine,HMSD,284293,0.0,
A8MU93,1.0,1.0,caffeine,C17ORF100,388327,0.0,
A8MUZ8,1.0,1.0,caffeine,ZNF705G,100131980,0.0,
A8WFS0,1.0,1.0,caffeine,HSP70L,560210,0.0,
A9JRX1,1.0,1.0,caffeine,AND2,566702,0.0,
A9JSZ0,1.0,1.0,Ethanolamine,HMGCRA,559054,0.0,
B0YJ81,1.0,1.0,caffeine,HACD1,9200,0.0,
B1AJZ9,1.0,1.0,caffeine,FHAD1,114827,0.0,
B1AK53,1.0,1.0,caffeine,ESPN,83715,0.0,
B2RTY4,1.0,1.0,caffeine,MYO9A,4649,0.0,
B2RUZ4,1.0,1.0,caffeine,SMIM1,388588,0.0,
B3DGA5,1.0,1.0,caffeine,OTPA,560759,0.0,
C9J069,1.0,1.0,caffeine,AJM1,389813,0.0,
E7F5V5,1.0,1.0,caffeine,AND1,794315,0.0,
E7F8M1,1.0,1.0,caffeine,CRYBB1L1,553473,0.0,
E9Q5X9,1.0,1.0,caffeine,ZFP819,74400,0.0,
F1REP3,1.0,1.0,caffeine,NPSN,404039,0.0,
G5E9A6,1.0,1.0,caffeine,USP11,8237,0.0,
O00151,1.0,1.0,caffeine,PDLIM1,9124,0.0,
O00159,1.0,1.0,caffeine,MYO1C,4641,0.0,
O00161,1.0,1.0,caffeine,SNAP23,8773,0.0,
O00168,1.0,1.0,caffeine,FXYD1,5348,0.0,
O00170,1.0,1.0,caffeine,AIP,9049,3.0,Reactome_R-HSA-1430728;Reactome_R-HSA-211859;Reactome_R-HSA-211945
O00178,1.0,1.0,caffeine,GTPBP1,9567,0.0,
O00220,1.0,1.0,caffeine,TNFRSF10A,8797,0.0,
O00221,1.0,1.0,caffeine,NFKBIE,4794,0.0,
O00257,1.0,1.0,caffeine,CBX4,8535,0.0,
O00267,1.0,1.0,caffeine,SUPT5H,6829,0.0,
O00268,1.0,1.0,caffeine,TAF4,6874,0.0,
O00303,1.0,1.0,caffeine,EIF3F,8665,0.0,
O00330,1.0,1.0,caffeine,PDHX,8050,1.0,Reactome_R-HSA-1430728
O00408,1.0,1.0,caffeine,PDE2A,5138,0.0,
O00418,1.0,1.0,caffeine,EEF2K,29904,0.0,
O00422,1.0,1.0,caffeine,SAP18,10284,0.0,
O00472,1.0,1.0,caffeine,ELL2,22936,0.0,
O00488,1.0,1.0,caffeine,ZNF593,51042,0.0,
O00507,1.0,1.0,caffeine,USP9Y,8287,0.0,
O00515,1.0,1.0,caffeine,LAD1,3898,0.0,
O00559,1.0,1.0,caffeine,EBAG9,9166,0.0,
O00560,1.0,1.0,caffeine,SDCBP,6386,0.0,
O00567,1.0,1.0,caffeine,NOP56,10528,0.0,
O00767,1.0,1.0,caffeine,SCD,6319,1.0,Reactome_R-HSA-1430728
O14497,1.0,1.0,caffeine,ARID1A,8289,0.0,
O14523,1.0,1.0,caffeine,C2CD2L,9854,0.0,
O14544,1.0,1.0,caffeine,SOCS6,9306,0.0,
O14545,1.0,1.0,caffeine,TRAFD1,10906,0.0,
O14548,1.0,1.0,caffeine,COX7A2L,9167,0.0,
O14558,1.0,1.0,caffeine,HSPB6,126393,0.0,
O14579,1.0,1.0,caffeine,COPE,11316,0.0,
O14617,1.0,1.0,caffeine,AP3D1,8943,0.0,
O14662,1.0,1.0,caffeine,STX16,8675,0.0,
O14681,1.0,1.0,caffeine,EI24,9538,0.0,
O14745,1.0,1.0,caffeine,NHERF1,9368,0.0,
O14777,1.0,1.0,caffeine,NDC80,10403,0.0,
O14786,1.0,1.0,caffeine,NRP1,8829,0.0,
O14788,1.0,1.0,Ginsenoside rb1,TNFSF11,8600,0.0,
O14791,1.0,1.0,caffeine,APOL1,8542,0.0,
O14795,1.0,1.0,caffeine,UNC13B,10497,0.0,
O14828,1.0,1.0,caffeine,SCAMP3,10067,0.0,
O14874,1.0,1.0,caffeine,BCKDK,10295,1.0,Reactome_R-HSA-1430728
O14907,1.0,1.0,caffeine,TAX1BP3,30851,0.0,
O14964,1.0,1.0,caffeine,HGS,9146,0.0,
O14980,1.0,1.0,caffeine,XPO1,7514,0.0,
O14981,1.0,1.0,caffeine,BTAF1,9044,0.0,
O15014,1.0,1.0,caffeine,ZNF609,23060,0.0,
O15027,1.0,1.0,caffeine,SEC16A,9919,0.0,
O15042,1.0,1.0,caffeine,U2SURP,23350,0.0,
O15047,1.0,1.0,caffeine,SETD1A,9739,0.0,
O15056,1.0,1.0,caffeine,SYNJ2,8871,0.0,
O15063,1.0,1.0,caffeine,GARRE1,9710,0.0,
O15066,1.0,1.0,caffeine,KIF3B,9371,0.0,
O15085,1.0,1.0,caffeine,ARHGEF11,9826,0.0,
O15119,1.0,1.0,caffeine,TBX3,6926,0.0,
O15126,1.0,1.0,caffeine,SCAMP1,9522,0.0,
O15143,1.0,1.0,caffeine,ARPC1B,10095,0.0,
O15145,1.0,1.0,caffeine,ARPC3,10094,0.0,
O15164,1.0,1.0,caffeine,TRIM24,8805,0.0,
O15173,1.0,1.0,caffeine,PGRMC2,10424,0.0,
O15198,1.0,1.0,caffeine,SMAD9,4093,0.0,
O15226,1.0,1.0,caffeine,NKRF,55922,0.0,
O15228,1.0,1.0,caffeine,GNPAT,8443,2.0,Reactome_R-HSA-1430728;WikiPathways_WP2533
O15234,1.0,1.0,caffeine,CASC3,22794,0.0,
O15265,1.0,1.0,caffeine,ATXN7,6314,0.0,
O15321,1.0,1.0,caffeine,TM9SF1,10548,0.0,
O15357,1.0,1.0,caffeine,INPPL1,3636,0.0,
O15372,1.0,1.0,caffeine,EIF3H,8667,0.0,
O15400,1.0,1.0,caffeine,STX7,8417,0.0,
O15403,1.0,1.0,caffeine,SLC16A6,9120,0.0,
O15417,1.0,1.0,caffeine,TNRC18,84629,0.0,
O15438,1.0,1.0,caffeine,ABCC3,8714,1.0,Reactome_R-HSA-1430728
O15439,1.0,1.0,caffeine,ABCC4,10257,0.0,
O15503,1.0,1.0,caffeine,INSIG1,3638,0.0,
O15516,1.0,1.0,caffeine,CLOCK,9575,1.0,Reactome_R-HSA-1430728
O15527,1.0,1.0,caffeine,OGG1,4968,0.0,
O15530,1.0,1.0,caffeine,PDPK1,5170,0.0,
O15554,1.0,1.0,forskolin,KCNN4,3783,0.0,
O35660,1.0,1.0,caffeine,GSTM6,14867,0.0,
O43149,1.0,1.0,caffeine,ZZEF1,23140,0.0,
O43150,1.0,1.0,caffeine,ASAP2,8853,0.0,
O43164,1.0,1.0,caffeine,PJA2,9867,0.0,
O43166,1.0,1.0,caffeine,SIPA1L1,26037,0.0,
O43169,1.0,1.0,caffeine,CYB5B,80777,3.0,Reactome_R-HSA-1430728;Reactome_R-HSA-211859;Reactome_R-HSA-211945
O43181,1.0,1.0,caffeine,NDUFS4,4724,1.0,Reactome_R-HSA-1430728
O43189,1.0,1.0,caffeine,PHF1,5252,0.0,
O43255,1.0,1.0,caffeine,SIAH2,6478,0.0,
O43294,1.0,1.0,caffeine,TGFB1I1,7041,0.0,
O43306,1.0,1.0,forskolin,ADCY6,112,0.0,
O43312,1.0,1.0,caffeine,MTSS1,9788,0.0,
O43353,1.0,1.0,caffeine,RIPK2,8767,0.0,
O43379,1.0,1.0,caffeine,WDR62,284403,0.0,
O43390,1.0,1.0,caffeine,HNRNPR,10236,0.0,
O43399,1.0,1.0,caffeine,TPD52L2,7165,0.0,
O43426,1.0,1.0,caffeine,SYNJ1,8867,0.0,
O43463,1.0,1.0,caffeine,SUV39H1,6839,0.0,
O43474,1.0,1.0,caffeine,KLF4,9314,0.0,
O43482,1.0,1.0,caffeine,OIP5,11339,0.0,
O43490,1.0,1.0,caffeine,PROM1,8842,0.0,
O43493,1.0,1.0,caffeine,TGOLN2,10618,0.0,
O43572,1.0,1.0,caffeine,AKAP10,11216,0.0,
O43609,1.0,1.0,caffeine,SPRY1,10252,0.0,
O43674,1.0,1.0,caffeine,NDUFB5,4711,1.0,Reactome_R-HSA-1430728
O43719,1.0,1.0,caffeine,HTATSF1,27336,0.0,
O43752,1.0,1.0,caffeine,STX6,10228,0.0,
O43815,1.0,1.0,caffeine,STRN,6801,0.0,
O43889,1.0,1.0,forskolin,CREB3,10488,0.0,
O43933,1.0,1.0,caffeine,PEX1,5189,0.0,
O46051,1.0,1.0,caffeine,CYP4D14,45706,0.0,
O46054,1.0,1.0,caffeine,CYP4AE1,31193,0.0,
O60231,1.0,1.0,caffeine,DHX16,8449,0.0,
O60258,1.0,1.0,caffeine,FGF17,8822,0.0,
O60264,1.0,1.0,caffeine,SMARCA5,8467,0.0,
O60266,1.0,1.0,forskolin,ADCY3,109,0.0,
O60271,1.0,1.0,caffeine,SPAG9,9043,0.0,
O60292,1.0,1.0,caffeine,SIPA1L3,23094,0.0,
O60293,1.0,1.0,caffeine,ZFC3H1,196441,0.0,
O60343,1.0,1.0,caffeine,TBC1D4,9882,0.0,
O60346,1.0,1.0,caffeine,PHLPP1,23239,0.0,
O60353,1.0,1.0,caffeine,FZD6,8323,0.0,
O60493,1.0,1.0,caffeine,SNX3,8724,0.0,
O60499,1.0,1.0,caffeine,STX10,8677,0.0,
O60502,1.0,1.0,caffeine,OGA,10724,0.0,
O60504,1.0,1.0,caffeine,SORBS3,10174,0.0,
O60506,1.0,1.0,caffeine,SYNCRIP,10492,0.0,
O60524,1.0,1.0,caffeine,NEMF,9147,0.0,
O60645,1.0,1.0,caffeine,EXOC3,11336,0.0,
O60701,1.0,1.0,caffeine,UGDH,7358,2.0,Reactome_R-HSA-1430728;Reactome_R-HSA-211859
O60729,1.0,1.0,caffeine,CDC14B,8555,0.0,
O60739,1.0,1.0,caffeine,EIF1B,10289,0.0,
O60749,1.0,1.0,caffeine,SNX2,6643,0.0,
O60762,1.0,1.0,caffeine,DPM1,8813,0.0,
O60763,1.0,1.0,caffeine,USO1,8615,0.0,
O60779,1.0,1.0,caffeine,SLC19A2,10560,0.0,
O60784,1.0,1.0,caffeine,TOM1,10043,0.0,
O60825,1.0,1.0,caffeine,PFKFB2,5208,1.0,Reactome_R-HSA-1430728
O60841,1.0,1.0,caffeine,EIF5B,9669,0.0,
O60870,1.0,1.0,caffeine,KIN,22944,0.0,
O60885,1.0,1.0,caffeine,BRD4,23476,0.0,
O60907,1.0,1.0,caffeine,TBL1X,6907,1.0,Reactome_R-HSA-1430728
O60934,1.0,1.0,caffeine,NBN,4683,0.0,
O60936,1.0,1.0,caffeine,NOL3,8996,0.0,
O75044,1.0,1.0,caffeine,SRGAP2,23380,0.0,
O75052,1.0,1.0,caffeine,NOS1AP,9722,0.0,
O75069,1.0,1.0,caffeine,TMCC2,9911,0.0,
O75096,1.0,1.0,caffeine,LRP4,4038,0.0,
O75113,1.0,1.0,caffeine,N4BP1,9683,0.0,
O75122,1.0,1.0,caffeine,CLASP2,23122,0.0,
O75123,1.0,1.0,caffeine,ZNF623,9831,0.0,
O75132,1.0,1.0,caffeine,ZBED4,9889,0.0,
O75140,1.0,1.0,caffeine,DEPDC5,9681,0.0,
O75151,1.0,1.0,caffeine,PHF2,5253,0.0,
O75152,1.0,1.0,caffeine,ZC3H11A,9877,0.0,
O75153,1.0,1.0,caffeine,CLUH,23277,0.0,
O75161,1.0,1.0,caffeine,NPHP4,261734,0.0,
O75164,1.0,1.0,caffeine,KDM4A,9682,0.0,
O75167,1.0,1.0,caffeine,PHACTR2,9749,0.0,
O75179,1.0,1.0,caffeine,ANKRD17,26057,0.0,
O75190,1.0,1.0,caffeine,DNAJB6,10049,0.0,
O75192,1.0,1.0,Ethanolamine,PEX11A,8800,1.0,Reactome_R-HSA-1430728
O75319,1.0,1.0,caffeine,DUSP11,8446,0.0,
O75362,1.0,1.0,caffeine,ZNF217,7764,0.0,
O75376,1.0,1.0,caffeine,NCOR1,9611,1.0,Reactome_R-HSA-1430728
O75381,1.0,1.0,caffeine,PEX14,5195,0.0,
O75385,1.0,1.0,caffeine,ULK1,8408,0.0,
O75387,1.0,1.0,caffeine,SLC43A1,8501,0.0,
O75391,1.0,1.0,caffeine,SPAG7,9552,0.0,
O75396,1.0,1.0,caffeine,SEC22B,9554,0.0,
O75398,1.0,1.0,caffeine,DEAF1,10522,0.0,
O75410,1.0,1.0,caffeine,TACC1,6867,0.0,
O75420,1.0,1.0,caffeine,GIGYF1,64599,0.0,
O75427,1.0,1.0,caffeine,LRCH4,4034,0.0,
O75436,1.0,1.0,caffeine,VPS26A,9559,0.0,
O75439,1.0,1.0,caffeine,PMPCB,9512,0.0,
O75449,1.0,1.0,caffeine,KATNA1,11104,0.0,
O75473,1.0,1.0,caffeine,LGR5,8549,0.0,
O75496,1.0,1.0,caffeine,GMNN,51053,0.0,
O75508,1.0,1.0,caffeine,CLDN11,5010,0.0,
O75509,1.0,1.0,caffeine,TNFRSF21,27242,1.0,Reactome_R-HSA-1430728
O75521,1.0,1.0,caffeine,ECI2,10455,0.0,
O75531,1.0,1.0,caffeine,BANF1,8815,0.0,
O75533,1.0,1.0,caffeine,SF3B1,23451,0.0,
O75554,1.0,1.0,caffeine,WBP4,11193,0.0,
O75564,1.0,1.0,caffeine,JRK,8629,0.0,
O75569,1.0,1.0,caffeine,PRKRA,8575,0.0,
O75592,1.0,1.0,caffeine,MYCBP2,23077,0.0,
O75643,1.0,1.0,caffeine,SNRNP200,23020,0.0,
O75665,1.0,1.0,caffeine,OFD1,8481,0.0,
O75683,1.0,1.0,caffeine,SURF6,6838,0.0,
O75717,1.0,1.0,caffeine,WDHD1,11169,0.0,
O75764,1.0,1.0,caffeine,TCEA3,6920,0.0,
O75808,1.0,1.0,caffeine,CAPN15,6650,0.0,
O75815,1.0,1.0,caffeine,BCAR3,8412,0.0,
O75821,1.0,1.0,caffeine,EIF3G,8666,0.0,
O75822,1.0,1.0,caffeine,EIF3J,8669,0.0,
O75845,1.0,1.0,caffeine,SC5D,6309,1.0,Reactome_R-HSA-1430728
O75881,1.0,1.0,caffeine,CYP7B1,9420,0.0,
O75882,1.0,1.0,caffeine,ATRN,8455,0.0,
O75907,1.0,1.0,caffeine,DGAT1,8694,1.0,Reactome_R-HSA-1430728
O75909,1.0,1.0,caffeine,CCNK,8812,0.0,
O75940,1.0,1.0,caffeine,SMNDC1,10285,0.0,
O75962,1.0,1.0,caffeine,TRIO,7204,0.0,
O76013,1.0,1.0,caffeine,KRT36,8689,0.0,
O76024,1.0,1.0,caffeine,WFS1,7466,0.0,
O76061,1.0,1.0,caffeine,STC2,8614,0.0,
O76064,1.0,1.0,caffeine,RNF8,9025,0.0,
O76080,1.0,1.0,caffeine,ZFAND5,7763,0.0,
O76083,1.0,1.0,caffeine,PDE9A,5152,0.0,
O76094,1.0,1.0,caffeine,SRP72,6731,0.0,
O94763,1.0,1.0,caffeine,URI1,8725,0.0,
O94768,1.0,1.0,caffeine,STK17B,9262,0.0,
O94782,1.0,1.0,caffeine,USP1,7398,0.0,
O94804,1.0,1.0,caffeine,STK10,6793,0.0,
O94805,1.0,1.0,caffeine,ACTL6B,51412,0.0,
O94826,1.0,1.0,caffeine,TOMM70,9868,0.0,
O94842,1.0,1.0,caffeine,TOX4,9878,0.0,
O94864,1.0,1.0,caffeine,SUPT7L,9913,0.0,
O94868,1.0,1.0,caffeine,FCHSD2,9873,0.0,
O94875,1.0,1.0,caffeine,SORBS2,8470,0.0,
O94876,1.0,1.0,caffeine,TMCC1,23023,0.0,
O94880,1.0,1.0,caffeine,PHF14,9678,0.0,
O94885,1.0,1.0,caffeine,SASH1,23328,0.0,
O94887,1.0,1.0,caffeine,FARP2,9855,0.0,
O94888,1.0,1.0,caffeine,UBXN7,26043,0.0,
O94910,1.0,1.0,caffeine,ADGRL1,22859,0.0,
O94913,1.0,1.0,caffeine,PCF11,51585,0.0,
O94915,1.0,1.0,caffeine,FRYL,285527,0.0,
O94916,1.0,1.0,caffeine,NFAT5,10725,0.0,
O94919,1.0,1.0,caffeine,ENDOD1,23052,0.0,
O94964,1.0,1.0,caffeine,MTCL2,140710,0.0,
O94972,1.0,1.0,caffeine,TRIM37,4591,0.0,
O94979,1.0,1.0,caffeine,SEC31A,22872,0.0,
O94983,1.0,1.0,caffeine,CAMTA2,23125,0.0,
O94985,1.0,1.0,caffeine,CLSTN1,22883,0.0,
O95049,1.0,1.0,caffeine,TJP3,27134,0.0,
O95071,1.0,1.0,caffeine,UBR5,51366,0.0,
O95149,1.0,1.0,caffeine,SNUPN,10073,0.0,
O95155,1.0,1.0,caffeine,UBE4B,10277,0.0,
O95163,1.0,1.0,caffeine,ELP1,8518,0.0,
O95201,1.0,1.0,caffeine,ZNF205,7755,0.0,
O95210,1.0,1.0,caffeine,STBD1,8987,0.0,
O95218,1.0,1.0,caffeine,ZRANB2,9406,0.0,
O95235,1.0,1.0,caffeine,KIF20A,10112,0.0,
O95249,1.0,1.0,caffeine,GOSR1,9527,0.0,
O95260,1.0,1.0,caffeine,ATE1,11101,0.0,
O95263,1.0,1.0,caffeine,PDE8B,8622,0.0,
O95295,1.0,1.0,caffeine,SNAPIN,23557,0.0,
O95352,1.0,1.0,caffeine,ATG7,10533,0.0,
O95359,1.0,1.0,caffeine,TACC2,10579,0.0,
O95365,1.0,1.0,caffeine,ZBTB7A,51341,0.0,
O95400,1.0,1.0,caffeine,CD2BP2,10421,0.0,
O95425,1.0,1.0,caffeine,SVIL,6840,0.0,
O95429,1.0,1.0,caffeine,BAG4,9530,0.0,
O95445,1.0,1.0,caffeine,APOM,55937,1.0,Reactome_R-HSA-1430728
O95478,1.0,1.0,caffeine,NSA2,10412,0.0,
O95490,1.0,1.0,caffeine,ADGRL2,23266,0.0,
O95503,1.0,1.0,caffeine,CBX6,23466,0.0,
O95528,1.0,1.0,caffeine,SLC2A10,81031,0.0,
O95544,1.0,1.0,caffeine,NADK,65220,1.0,Reactome_R-HSA-1430728
O95551,1.0,1.0,caffeine,TDP2,51567,0.0,
O95625,1.0,1.0,caffeine,ZBTB11,27107,0.0,
O95639,1.0,1.0,caffeine,CPSF4,10898,0.0,
O95644,1.0,1.0,Ginsenoside rb1,NFATC1,4772,0.0,
O95671,1.0,1.0,caffeine,ASMTL,8623,0.0,
O95684,1.0,1.0,caffeine,CEP43,11116,0.0,
O95696,1.0,1.0,caffeine,BRD1,23774,0.0,
O95714,1.0,1.0,caffeine,HERC2,8924,0.0,
O95747,1.0,1.0,caffeine,OXSR1,9943,0.0,
O95757,1.0,1.0,caffeine,HSPA4L,22824,0.0,
O95759,1.0,1.0,caffeine,TBC1D8,11138,0.0,
O95772,1.0,1.0,caffeine,STARD3NL,83930,0.0,
O95785,1.0,1.0,caffeine,WIZ,58525,0.0,
O95793,1.0,1.0,caffeine,STAU1,6780,0.0,
O95801,1.0,1.0,caffeine,TTC4,7268,0.0,
O95810,1.0,1.0,caffeine,CAVIN2,8436,0.0,
O95817,1.0,1.0,caffeine,BAG3,9531,0.0,
O95870,1.0,1.0,caffeine,ABHD16A,7920,0.0,
O95905,1.0,1.0,caffeine,ECD,11319,0.0,
O96018,1.0,1.0,caffeine,APBA3,9546,0.0,
O96028,1.0,1.0,caffeine,NSD2,7468,0.0,
P00439,1.0,1.0,caffeine,PAH,5053,1.0,Reactome_R-HSA-1430728
P00491,1.0,1.0,caffeine,PNP,4860,1.0,Reactome_R-HSA-1430728
P00558,1.0,1.0,caffeine,PGK1,5230,1.0,Reactome_R-HSA-1430728
P00797,1.0,1.0,caffeine,REN,5972,0.0,
P00915,1.0,1.0,caffeine,CA1,759,1.0,Reactome_R-HSA-1430728
P00918,1.0,1.0,caffeine,CA2,760,1.0,Reactome_R-HSA-1430728
P01009,1.0,1.0,caffeine,SERPINA1,5265,0.0,
P01133,1.0,1.0,Ethanolamine,EGF,1950,0.0,
P01308,1.0,1.0,caffeine,INS,3630,1.0,Reactome_R-HSA-1430728
P01325,1.0,1.0,caffeine,INS1,16333,0.0,
P02545,1.0,1.0,caffeine,LMNA,4000,0.0,
P02798,1.0,1.0,caffeine,MT2,17750,0.0,
P04004,1.0,1.0,caffeine,VTN,7448,0.0,
P04264,1.0,1.0,caffeine,KRT1,3848,0.0,
P04818,1.0,1.0,caffeine,TYMS,7298,1.0,Reactome_R-HSA-1430728
P04844,1.0,1.0,caffeine,RPN2,6185,0.0,
P04920,1.0,1.0,caffeine,SLC4A2,6522,0.0,
P05107,1.0,1.0,Ginsenoside rb1,ITGB2,3689,0.0,
P05121,1.0,1.0,forskolin,SERPINE1,5054,0.0,
P05162,1.0,1.0,caffeine,LGALS2,3957,0.0,
P05230,1.0,1.0,Ethanolamine,FGF1,2246,0.0,
P05387,1.0,1.0,caffeine,RPLP2,6181,0.0,
P05455,1.0,1.0,caffeine,SSB,6741,0.0,
P05556,1.0,1.0,caffeine,ITGB1,3688,0.0,
P06239,1.0,1.0,caffeine,LCK,3932,0.0,
P06748,1.0,1.0,caffeine,NPM1,4869,0.0,
P06753,1.0,1.0,caffeine,TPM3,7170,0.0,
P07205,1.0,1.0,caffeine,PGK2,5232,1.0,Reactome_R-HSA-1430728
P07737,1.0,1.0,caffeine,PFN1,5216,0.0,
P07942,1.0,1.0,caffeine,LAMB1,3912,0.0,
P07947,1.0,1.0,caffeine,YES1,7525,0.0,
P08047,1.0,1.0,caffeine,SP1,6667,1.0,Reactome_R-HSA-1430728
P08048,1.0,1.0,caffeine,ZFY,7544,0.0,
P08183,1.0,1.0,forskolin,ABCB1,5243,0.0,
P08235,1.0,1.0,caffeine,NR3C2,4306,0.0,
P08237,1.0,1.0,caffeine,PFKM,5213,1.0,Reactome_R-HSA-1430728
P08483,1.0,1.0,pilocarpine,CHRM3,24260,0.0,
P08485,1.0,1.0,pilocarpine,CHRM4,25111,0.0,
P08651,1.0,1.0,caffeine,NFIC,4782,0.0,
P08910,1.0,1.0,caffeine,ABHD2,11057,0.0,
P08911,1.0,1.0,pilocarpine,CHRM5,53949,0.0,
P09234,1.0,1.0,caffeine,SNRPC,6631,0.0,
P09237,1.0,1.0,caffeine,MMP7,4316,0.0,
P09327,1.0,1.0,caffeine,VIL1,7429,0.0,
P09661,1.0,1.0,caffeine,SNRPA1,6627,0.0,
P09936,1.0,1.0,caffeine,UCHL1,7345,0.0,
P0C1Z6,1.0,1.0,caffeine,TFPT,29844,0.0,
P0C7T5,1.0,1.0,caffeine,ATXN1L,342371,0.0,
P0CG47,1.0,1.0,caffeine,UBB,7314,0.0,
P0CG48,1.0,1.0,caffeine,UBC,7316,0.0,
P0DJD0,1.0,1.0,caffeine,RGPD1,400966,0.0,
P0DMM9,1.0,1.0,caffeine,SULT1A4,445329,2.0,Reactome_R-HSA-1430728;Reactome_R-HSA-211859
P0DN37,1.0,1.0,caffeine,PPIAL4G,644591,0.0,
P0DPD6,1.0,1.0,caffeine,ECE2,9718,0.0,
P10147,1.0,1.0,caffeine,CCL3,6348,0.0,
P10244,1.0,1.0,caffeine,MYBL2,4605,0.0,
P10746,1.0,1.0,caffeine,UROS,7390,1.0,Reactome_R-HSA-1430728
P10922,1.0,1.0,caffeine,H1F0,14958,0.0,
P11137,1.0,1.0,Ginsenoside rb1,MAP2,4133,0.0,
P11166,1.0,1.0,caffeine,SLC2A1,6513,1.0,Reactome_R-HSA-1430728
P11217,1.0,1.0,caffeine,PYGM,5837,2.0,BioCyc_META_PWY-5941;Reactome_R-HSA-1430728
P11279,1.0,1.0,Ginsenoside rb1,LAMP1,3916,0.0,
P11388,1.0,1.0,caffeine,TOP2A,7153,0.0,
P11441,1.0,1.0,caffeine,UBL4A,8266,0.0,
P11831,1.0,1.0,caffeine,SRF,6722,0.0,
P12004,1.0,1.0,caffeine,PCNA,5111,0.0,
P12036,1.0,1.0,caffeine,NEFH,4744,0.0,
P12270,1.0,1.0,caffeine,TPR,7175,1.0,Reactome_R-HSA-1430728
P12643,1.0,1.0,Ginsenoside rb1,BMP2,650,0.0,
P12657,1.0,1.0,pilocarpine,CHRM1,12669,0.0,
P12755,1.0,1.0,caffeine,SKI,6497,0.0,
P12757,1.0,1.0,caffeine,SKIL,6498,0.0,
P12883,1.0,1.0,caffeine,MYH7,4625,0.0,
P12931,1.0,1.0,caffeine,SRC,6714,0.0,
P13051,1.0,1.0,caffeine,UNG,7374,0.0,
P13516,1.0,1.0,caffeine,SCD1,20249,0.0,
P13569,1.0,1.0,forskolin,CFTR,1080,0.0,
P13612,1.0,1.0,caffeine,ITGA4,3676,0.0,
P13640,1.0,1.0,caffeine,MT1G,4495,0.0,
P13667,1.0,1.0,caffeine,PDIA4,9601,0.0,
P13797,1.0,1.0,caffeine,PLS3,5358,0.0,
P13994,1.0,1.0,caffeine,YJU2B,81576,0.0,
P14209,1.0,1.0,caffeine,CD99,4267,0.0,
P14314,1.0,1.0,caffeine,PRKCSH,5589,0.0,
P14550,1.0,1.0,caffeine,AKR1A1,10327,2.0,Reactome_R-HSA-1430728;Reactome_R-HSA-211859
P14649,1.0,1.0,caffeine,MYL6B,140465,0.0,
P14923,1.0,1.0,caffeine,JUP,3728,0.0,
P15382,1.0,1.0,Ginsenoside rb1,KCNE1,3753,0.0,
P15392,1.0,1.0,caffeine,CYP2A4,13086,0.0,
P15407,1.0,1.0,caffeine,FOSL1,8061,0.0,
P15622,1.0,1.0,caffeine,ZNF250,58500,0.0,
P15923,1.0,1.0,caffeine,TCF3,6929,0.0,
P15927,1.0,1.0,caffeine,RPA2,6118,0.0,
P16144,1.0,1.0,caffeine,ITGB4,3691,0.0,
P16333,1.0,1.0,caffeine,NCK1,4690,0.0,
P16383,1.0,1.0,caffeine,GCFC2,6936,0.0,
P16395,1.0,1.0,pilocarpine,MACHR-A,37892,0.0,
P16499,1.0,1.0,caffeine,PDE6A,5145,0.0,
P16860,1.0,1.0,caffeine,NPPB,4879,0.0,
P16989,1.0,1.0,caffeine,YBX3,8531,0.0,
P17028,1.0,1.0,caffeine,ZNF24,7572,0.0,
P17029,1.0,1.0,caffeine,ZKSCAN1,7586,0.0,
P17032,1.0,1.0,caffeine,ZNF37A,7587,0.0,
P17098,1.0,1.0,caffeine,ZNF8,7554,0.0,
P17535,1.0,1.0,caffeine,JUND,3727,0.0,
P17544,1.0,1.0,caffeine,ATF7,11016,0.0,
P17561,1.0,1.0,caffeine,EPD,30199,0.0,
P17600,1.0,1.0,caffeine,SYN1,6853,0.0,
P17612,1.0,1.0,caffeine,PRKACA,5566,0.0,
P18206,1.0,1.0,caffeine,VCL,7414,0.0,
P18583,1.0,1.0,caffeine,SON,6651,0.0,
P18615,1.0,1.0,caffeine,NELFE,7936,0.0,
P18858,1.0,1.0,caffeine,LIG1,3978,0.0,
P18887,1.0,1.0,caffeine,XRCC1,7515,0.0,
P19532,1.0,1.0,caffeine,TFE3,7030,0.0,
P19544,1.0,1.0,caffeine,WT1,7490,0.0,
P19623,1.0,1.0,caffeine,SRM,6723,1.0,Reactome_R-HSA-1430728
P19652,1.0,1.0,caffeine,ORM2,5005,0.0,
P20042,1.0,1.0,caffeine,EIF2S2,8894,0.0,
P20823,1.0,1.0,caffeine,HNF1A,6927,0.0,
P20929,1.0,1.0,caffeine,NEB,4703,0.0,
P21359,1.0,1.0,caffeine,NF1,4763,0.0,
P21439,1.0,1.0,caffeine,ABCB4,5244,1.0,Reactome_R-HSA-1430728
P21580,1.0,1.0,caffeine,TNFAIP3,7128,0.0,
P21728,1.0,1.0,maprotiline,DRD1,1812,0.0,
P21796,1.0,1.0,caffeine,VDAC1,7416,1.0,Reactome_R-HSA-1430728
P21918,1.0,1.0,maprotiline,DRD5,1816,0.0,
P22059,1.0,1.0,caffeine,OSBP,5007,1.0,Reactome_R-HSA-1430728
P22307,1.0,1.0,caffeine,SCP2,6342,1.0,Reactome_R-HSA-1430728
P22309,1.0,1.0,caffeine,UGT1A1,54658,2.0,Reactome_R-HSA-1430728;Reactome_R-HSA-211859
P22392,1.0,1.0,caffeine,NME2,4831,1.0,Reactome_R-HSA-1430728
P22413,1.0,1.0,caffeine,ENPP1,5167,1.0,Reactome_R-HSA-1430728
P22695,1.0,1.0,caffeine,UQCRC2,7385,1.0,Reactome_R-HSA-1430728
P22760,1.0,1.0,bethanechol,AADAC,13,3.0,Reactome_R-HSA-1430728;Reactome_R-HSA-211859;Reactome_R-HSA-211945
P23193,1.0,1.0,caffeine,TCEA1,6917,0.0,
P23396,1.0,1.0,caffeine,RPS3,6188,0.0,
P23443,1.0,1.0,caffeine,RPS6KB1,6198,0.0,
P23497,1.0,1.0,caffeine,SP100,6672,0.0,
P23508,1.0,1.0,caffeine,MCC,4163,0.0,
P23510,1.0,1.0,caffeine,TNFSF4,7292,0.0,
P23511,1.0,1.0,caffeine,NFYA,4800,1.0,Reactome_R-HSA-1430728
P23527,1.0,1.0,caffeine,H2BC17,8348,0.0,
P23677,1.0,1.0,caffeine,ITPKA,3706,1.0,Reactome_R-HSA-1430728
P25021,1.0,1.0,maprotiline,HRH2,3274,0.0,
P25440,1.0,1.0,caffeine,BRD2,6046,0.0,
P25963,1.0,1.0,caffeine,NFKBIA,4792,0.0,
P26368,1.0,1.0,caffeine,U2AF2,11338,0.0,
P26373,1.0,1.0,caffeine,RPL13,6137,0.0,
P26639,1.0,1.0,caffeine,TARS1,6897,0.0,
P26640,1.0,1.0,caffeine,VARS1,7407,0.0,
P26651,1.0,1.0,caffeine,ZFP36,7538,0.0,
P27169,1.0,1.0,pilocarpine,PON1,5444,1.0,Reactome_R-HSA-1430728
P27348,1.0,1.0,caffeine,YWHAQ,10971,0.0,
P27448,1.0,1.0,caffeine,MARK3,4140,0.0,
P28190,1.0,1.0,caffeine,ADORA1,282133,0.0,
P28336,1.0,1.0,caffeine,NMBR,4829,0.0,
P28370,1.0,1.0,caffeine,SMARCA1,6594,0.0,
P28647,1.0,1.0,caffeine,ADORA3,100911796,0.0,
P28702,1.0,1.0,forskolin,RXRB,6257,0.0,
P29144,1.0,1.0,caffeine,TPP2,7174,0.0,
P29374,1.0,1.0,caffeine,ARID4A,5926,0.0,
P29401,1.0,1.0,caffeine,TKT,7086,1.0,Reactome_R-HSA-1430728
P29466,1.0,1.0,Ginsenoside rb1,CASP1,834,0.0,
P29474,1.0,1.0,caffeine,NOS3,4846,1.0,Reactome_R-HSA-1430728
P30038,1.0,1.0,caffeine,ALDH4A1,8659,1.0,Reactome_R-HSA-1430728
P30086,1.0,1.0,caffeine,PEBP1,5037,0.0,
P30275,1.0,1.0,caffeine,CKMT1,12716,0.0,
P30414,1.0,1.0,caffeine,NKTR,4820,0.0,
P30419,1.0,1.0,caffeine,NMT1,4836,0.0,
P30622,1.0,1.0,caffeine,CLIP1,6249,0.0,
P31152,1.0,1.0,forskolin,MAPK4,5596,0.0,
P31321,1.0,1.0,caffeine,PRKAR1B,5575,0.0,
P31930,1.0,1.0,caffeine,UQCRC1,7384,1.0,Reactome_R-HSA-1430728
P31946,1.0,1.0,caffeine,YWHAB,7529,0.0,
P31948,1.0,1.0,caffeine,STIP1,10963,0.0,
P33261,1.0,1.0,caffeine,CYP2C19,1557,0.0,
P33270,1.0,1.0,caffeine,CYP6A2,35587,0.0,
P33527,1.0,1.0,caffeine,ABCC1,4363,1.0,Reactome_R-HSA-1430728
P35250,1.0,1.0,caffeine,RFC2,5982,0.0,
P35270,1.0,1.0,caffeine,SPR,6697,1.0,Reactome_R-HSA-1430728
P35462,1.0,1.0,maprotiline,DRD3,1814,0.0,
P35568,1.0,1.0,caffeine,IRS1,3667,0.0,
P35579,1.0,1.0,caffeine,MYH9,4627,0.0,
P35580,1.0,1.0,caffeine,MYH10,4628,0.0,
P35606,1.0,1.0,caffeine,COPB2,9276,0.0,
P35659,1.0,1.0,caffeine,DEK,7913,0.0,
P35711,1.0,1.0,caffeine,SOX5,6660,0.0,
P35968,1.0,1.0,caffeine,KDR,3791,0.0,
P36383,1.0,1.0,caffeine,GJC1,10052,0.0,
P36578,1.0,1.0,caffeine,RPL4,6124,0.0,
P36871,1.0,1.0,caffeine,PGM1,5236,2.0,BioCyc_META_PWY-5941;Reactome_R-HSA-1430728
P36897,1.0,1.0,caffeine,TGFBR1,7046,0.0,
P37173,1.0,1.0,caffeine,TGFBR2,7048,0.0,
P37198,1.0,1.0,caffeine,NUP62,23636,1.0,Reactome_R-HSA-1430728
P37231,1.0,1.0,forskolin,PPARG,5468,0.0,
P37275,1.0,1.0,caffeine,ZEB1,6935,0.0,
P38432,1.0,1.0,caffeine,COIL,8161,0.0,
P38606,1.0,1.0,Ginsenoside rb1,ATP6V1A,523,0.0,
P38919,1.0,1.0,caffeine,EIF4A3,9775,0.0,
P39023,1.0,1.0,caffeine,RPL3,6122,0.0,
P40145,1.0,1.0,forskolin,ADCY8,114,0.0,
P40222,1.0,1.0,caffeine,TXLNA,200081,0.0,
P40763,1.0,1.0,caffeine,STAT3,6774,0.0,
P40818,1.0,1.0,caffeine,USP8,9101,0.0,
P41227,1.0,1.0,caffeine,NAA10,8260,0.0,
P41235,1.0,1.0,forskolin,HNF4A,3172,0.0,
P41236,1.0,1.0,caffeine,PPP1R2,5504,0.0,
P41595,1.0,1.0,maprotiline,HTR2B,3357,0.0,
P42166,1.0,1.0,caffeine,TMPO,7112,0.0,
P42224,1.0,1.0,caffeine,STAT1,6772,0.0,
P42226,1.0,1.0,caffeine,STAT6,6778,0.0,
P42336,1.0,1.0,caffeine,PIK3CA,5290,2.0,Reactome_R-HSA-1430728;WikiPathways_WP2533
P42356,1.0,1.0,caffeine,PI4KA,5297,0.0,
P42694,1.0,1.0,caffeine,HELZ,9931,0.0,
P42695,1.0,1.0,caffeine,NCAPD3,23310,0.0,
P43005,1.0,1.0,caffeine,SLC1A1,6505,0.0,
P43140,1.0,1.0,maprotiline,ADRA1A,29412,0.0,
P43220,1.0,1.0,forskolin,GLP1R,2740,1.0,Reactome_R-HSA-1430728
P45973,1.0,1.0,caffeine,CBX5,23468,0.0,
P45974,1.0,1.0,caffeine,USP5,8078,0.0,
P45984,1.0,1.0,caffeine,MAPK9,5601,0.0,
P46013,1.0,1.0,caffeine,MKI67,4288,0.0,
P46087,1.0,1.0,caffeine,NOP2,4839,0.0,
P46379,1.0,1.0,caffeine,BAG6,7917,0.0,
P46459,1.0,1.0,caffeine,NSF,4905,0.0,
P46531,1.0,1.0,caffeine,NOTCH1,4851,0.0,
P46616,1.0,1.0,caffeine,ADORA2A,100135473,0.0,
P46937,1.0,1.0,caffeine,YAP1,10413,0.0,
P46939,1.0,1.0,caffeine,UTRN,7402,0.0,
P47745,1.0,1.0,caffeine,ADORA1,100135472,0.0,
P48029,1.0,1.0,caffeine,SLC6A8,6535,0.0,
P48061,1.0,1.0,caffeine,CXCL12,6387,0.0,
P48200,1.0,1.0,caffeine,IREB2,3658,0.0,
P48449,1.0,1.0,caffeine,LSS,4047,1.0,Reactome_R-HSA-1430728
P48545,1.0,1.0,maprotiline,KCNJ5,16521,0.0,
P48552,1.0,1.0,caffeine,NRIP1,8204,0.0,
P48643,1.0,1.0,caffeine,CCT5,22948,0.0,
P48681,1.0,1.0,caffeine,NES,10763,0.0,
P48995,1.0,1.0,caffeine,TRPC1,7220,0.0,
P49116,1.0,1.0,caffeine,NR2C2,7182,0.0,
P49321,1.0,1.0,caffeine,NASP,4678,0.0,
P49368,1.0,1.0,caffeine,CCT3,7203,0.0,
P49458,1.0,1.0,caffeine,SRP9,6726,0.0,
P49585,1.0,1.0,caffeine,PCYT1A,5130,553.0,PathBank_SMP0000025;PathBank_SMP0014212;PathBank_SMP0014216;PathBank_SMP0014217;PathBank_SMP0014218;PathBank_SMP0014219;PathBank_SMP0014220;PathBank_SMP0014221;PathBank_SMP0014222;PathBank_SMP0014223;PathBank_SMP0014224;PathBank_SMP0014225;PathBank_SMP0014226;PathBank_SMP0014227;PathBank_SMP0014228;PathBank_SMP0014229;PathBank_SMP0014230;PathBank_SMP0014231;PathBank_SMP0014232;PathBank_SMP0014233;PathBank_SMP0014234;PathBank_SMP0014235;PathBank_SMP0014236;PathBank_SMP0014237;PathBank_SMP0014238;PathBank_SMP0014239;PathBank_SMP0014240;PathBank_SMP0014241;PathBank_SMP0014242;PathBank_SMP0014243;PathBank_SMP0014244;PathBank_SMP0014245;PathBank_SMP0014246;PathBank_SMP0014247;PathBank_SMP0014248;PathBank_SMP0014249;PathBank_SMP0014250;PathBank_SMP0014251;PathBank_SMP0014252;PathBank_SMP0014253;PathBank_SMP0014254;PathBank_SMP0014255;PathBank_SMP0014256;PathBank_SMP0014257;PathBank_SMP0014258;PathBank_SMP0014259;PathBank_SMP0014260;PathBank_SMP0014261;PathBank_SMP0014262;PathBank_SMP0014263;PathBank_SMP0014264;PathBank_SMP0014265;PathBank_SMP0014266;PathBank_SMP0014267;PathBank_SMP0014268;PathBank_SMP0014269;PathBank_SMP0014270;PathBank_SMP0014271;PathBank_SMP0014272;PathBank_SMP0014273;PathBank_SMP0014274;PathBank_SMP0014275;PathBank_SMP0014276;PathBank_SMP0014277;PathBank_SMP0014278;PathBank_SMP0014279;PathBank_SMP0014280;PathBank_SMP0014281;PathBank_SMP0014282;PathBank_SMP0014283;PathBank_SMP0014284;PathBank_SMP0014285;PathBank_SMP0014286;PathBank_SMP0014287;PathBank_SMP0014288;PathBank_SMP0014289;PathBank_SMP0014290;PathBank_SMP0014291;PathBank_SMP0014292;PathBank_SMP0014293;PathBank_SMP0014294;PathBank_SMP0014295;PathBank_SMP0014296;PathBank_SMP0014297;PathBank_SMP0014298;PathBank_SMP0014299;PathBank_SMP0014300;PathBank_SMP0014301;PathBank_SMP0014302;PathBank_SMP0014303;PathBank_SMP0014304;PathBank_SMP0014305;PathBank_SMP0014306;PathBank_SMP0014307;PathBank_SMP0014308;PathBank_SMP0014309;PathBank_SMP0014310;PathBank_SMP0014311;PathBank_SMP0014312;PathBank_SMP0014313;PathBank_SMP0014314;PathBank_SMP0014315;PathBank_SMP0014316;PathBank_SMP0014317;PathBank_SMP0014318;PathBank_SMP0014319;PathBank_SMP0014320;PathBank_SMP0014321;PathBank_SMP0014322;PathBank_SMP0014323;PathBank_SMP0014324;PathBank_SMP0014325;PathBank_SMP0014326;PathBank_SMP0014327;PathBank_SMP0014328;PathBank_SMP0014329;PathBank_SMP0014330;PathBank_SMP0014331;PathBank_SMP0014332;PathBank_SMP0014333;PathBank_SMP0014334;PathBank_SMP0014335;PathBank_SMP0014336;PathBank_SMP0014337;PathBank_SMP0014338;PathBank_SMP0014339;PathBank_SMP0014340;PathBank_SMP0014341;PathBank_SMP0014342;PathBank_SMP0014343;PathBank_SMP0014344;PathBank_SMP0014345;PathBank_SMP0014346;PathBank_SMP0014347;PathBank_SMP0014348;PathBank_SMP0014349;PathBank_SMP0014350;PathBank_SMP0014351;PathBank_SMP0014352;PathBank_SMP0014353;PathBank_SMP0014354;PathBank_SMP0014355;PathBank_SMP0014356;PathBank_SMP0014357;PathBank_SMP0014358;PathBank_SMP0014359;PathBank_SMP0014360;PathBank_SMP0014361;PathBank_SMP0014362;PathBank_SMP0014363;PathBank_SMP0014364;PathBank_SMP0014365;PathBank_SMP0014366;PathBank_SMP0014367;PathBank_SMP0014368;PathBank_SMP0014369;PathBank_SMP0014370;PathBank_SMP0014371;PathBank_SMP0014372;PathBank_SMP0014373;PathBank_SMP0014374;PathBank_SMP0014375;PathBank_SMP0014376;PathBank_SMP0014377;PathBank_SMP0014378;PathBank_SMP0014379;PathBank_SMP0014380;PathBank_SMP0014381;PathBank_SMP0014382;PathBank_SMP0014383;PathBank_SMP0014384;PathBank_SMP0014385;PathBank_SMP0014386;PathBank_SMP0014387;PathBank_SMP0014388;PathBank_SMP0014389;PathBank_SMP0014390;PathBank_SMP0014391;PathBank_SMP0014392;PathBank_SMP0014393;PathBank_SMP0014394;PathBank_SMP0014395;PathBank_SMP0014396;PathBank_SMP0014397;PathBank_SMP0014398;PathBank_SMP0014399;PathBank_SMP0014400;PathBank_SMP0014401;PathBank_SMP0014402;PathBank_SMP0014403;PathBank_SMP0014404;PathBank_SMP0014405;PathBank_SMP0014406;PathBank_SMP0014407;PathBank_SMP0014408;PathBank_SMP0014409;PathBank_SMP0014410;PathBank_SMP0014411;PathBank_SMP0014412;PathBank_SMP0014413;PathBank_SMP0014414;PathBank_SMP0014415;PathBank_SMP0014416;PathBank_SMP0014417;PathBank_SMP0014418;PathBank_SMP0014419;PathBank_SMP0014420;PathBank_SMP0014421;PathBank_SMP0014422;PathBank_SMP0014423;PathBank_SMP0014424;PathBank_SMP0014425;PathBank_SMP0014426;PathBank_SMP0014427;PathBank_SMP0014428;PathBank_SMP0014429;PathBank_SMP0014430;PathBank_SMP0014431;PathBank_SMP0014432;PathBank_SMP0014433;PathBank_SMP0014434;PathBank_SMP0014435;PathBank_SMP0014436;PathBank_SMP0014437;PathBank_SMP0014438;PathBank_SMP0014439;PathBank_SMP0014440;PathBank_SMP0014441;PathBank_SMP0014442;PathBank_SMP0014443;PathBank_SMP0014444;PathBank_SMP0014445;PathBank_SMP0014446;PathBank_SMP0014447;PathBank_SMP0014448;PathBank_SMP0014449;PathBank_SMP0014450;PathBank_SMP0014451;PathBank_SMP0014452;PathBank_SMP0014453;PathBank_SMP0014454;PathBank_SMP0014455;PathBank_SMP0014457;PathBank_SMP0014461;PathBank_SMP0014465;PathBank_SMP0014469;PathBank_SMP0014473;PathBank_SMP0014477;PathBank_SMP0014481;PathBank_SMP0014485;PathBank_SMP0014489;PathBank_SMP0014493;PathBank_SMP0014497;PathBank_SMP0014501;PathBank_SMP0014505;PathBank_SMP0014509;PathBank_SMP0014513;PathBank_SMP0014517;PathBank_SMP0014521;PathBank_SMP0014525;PathBank_SMP0014529;PathBank_SMP0014533;PathBank_SMP0014537;PathBank_SMP0014541;PathBank_SMP0014545;PathBank_SMP0014549;PathBank_SMP0014553;PathBank_SMP0014557;PathBank_SMP0014561;PathBank_SMP0014565;PathBank_SMP0014569;PathBank_SMP0014573;PathBank_SMP0014577;PathBank_SMP0014581;PathBank_SMP0014585;PathBank_SMP0014589;PathBank_SMP0014593;PathBank_SMP0014597;PathBank_SMP0014601;PathBank_SMP0014605;PathBank_SMP0014609;PathBank_SMP0014613;PathBank_SMP0014617;PathBank_SMP0014621;PathBank_SMP0014625;PathBank_SMP0014629;PathBank_SMP0014633;PathBank_SMP0014637;PathBank_SMP0014641;PathBank_SMP0014645;PathBank_SMP0014649;PathBank_SMP0014653;PathBank_SMP0014657;PathBank_SMP0014661;PathBank_SMP0014665;PathBank_SMP0014669;PathBank_SMP0014673;PathBank_SMP0014677;PathBank_SMP0014681;PathBank_SMP0014685;PathBank_SMP0014689;PathBank_SMP0014693;PathBank_SMP0014697;PathBank_SMP0014701;PathBank_SMP0014705;PathBank_SMP0014709;PathBank_SMP0014713;PathBank_SMP0014717;PathBank_SMP0014721;PathBank_SMP0014725;PathBank_SMP0014729;PathBank_SMP0014733;PathBank_SMP0014737;PathBank_SMP0014741;PathBank_SMP0014745;PathBank_SMP0014748;PathBank_SMP0014749;PathBank_SMP0014752;PathBank_SMP0014753;PathBank_SMP0014756;PathBank_SMP0014757;PathBank_SMP0014760;PathBank_SMP0014761;PathBank_SMP0014764;PathBank_SMP0014765;PathBank_SMP0014768;PathBank_SMP0014769;PathBank_SMP0014772;PathBank_SMP0014773;PathBank_SMP0014776;PathBank_SMP0014777;PathBank_SMP0014780;PathBank_SMP0014781;PathBank_SMP0014784;PathBank_SMP0014785;PathBank_SMP0014788;PathBank_SMP0014789;PathBank_SMP0014792;PathBank_SMP0014793;PathBank_SMP0014796;PathBank_SMP0014797;PathBank_SMP0014800;PathBank_SMP0014801;PathBank_SMP0014804;PathBank_SMP0014805;PathBank_SMP0014808;PathBank_SMP0014809;PathBank_SMP0014812;PathBank_SMP0014813;PathBank_SMP0014816;PathBank_SMP0014817;PathBank_SMP0014820;PathBank_SMP0014821;PathBank_SMP0014824;PathBank_SMP0014825;PathBank_SMP0014828;PathBank_SMP0014829;PathBank_SMP0014832;PathBank_SMP0014833;PathBank_SMP0014836;PathBank_SMP0014837;PathBank_SMP0014840;PathBank_SMP0014841;PathBank_SMP0014844;PathBank_SMP0014845;PathBank_SMP0014848;PathBank_SMP0014849;PathBank_SMP0014852;PathBank_SMP0014853;PathBank_SMP0014856;PathBank_SMP0014857;PathBank_SMP0014860;PathBank_SMP0014861;PathBank_SMP0014864;PathBank_SMP0014865;PathBank_SMP0014868;PathBank_SMP0014869;PathBank_SMP0014872;PathBank_SMP0014873;PathBank_SMP0014876;PathBank_SMP0014877;PathBank_SMP0014880;PathBank_SMP0014881;PathBank_SMP0014884;PathBank_SMP0014885;PathBank_SMP0014888;PathBank_SMP0014889;PathBank_SMP0014892;PathBank_SMP0014893;PathBank_SMP0014896;PathBank_SMP0014897;PathBank_SMP0014900;PathBank_SMP0014901;PathBank_SMP0014904;PathBank_SMP0014905;PathBank_SMP0014908;PathBank_SMP0014909;PathBank_SMP0014912;PathBank_SMP0014913;PathBank_SMP0014916;PathBank_SMP0014917;PathBank_SMP0014920;PathBank_SMP0014921;PathBank_SMP0014924;PathBank_SMP0014925;PathBank_SMP0014928;PathBank_SMP0014929;PathBank_SMP0014932;PathBank_SMP0014933;PathBank_SMP0014936;PathBank_SMP0014937;PathBank_SMP0014940;PathBank_SMP0014941;PathBank_SMP0014944;PathBank_SMP0014945;PathBank_SMP0014948;PathBank_SMP0014949;PathBank_SMP0014952;PathBank_SMP0014953;PathBank_SMP0014956;PathBank_SMP0014957;PathBank_SMP0014960;PathBank_SMP0014961;PathBank_SMP0014964;PathBank_SMP0014965;PathBank_SMP0014968;PathBank_SMP0014969;PathBank_SMP0014972;PathBank_SMP0014973;PathBank_SMP0014976;PathBank_SMP0014977;PathBank_SMP0014980;PathBank_SMP0014981;PathBank_SMP0014984;PathBank_SMP0014985;PathBank_SMP0014988;PathBank_SMP0014989;PathBank_SMP0014992;PathBank_SMP0014993;PathBank_SMP0014996;PathBank_SMP0014997;PathBank_SMP0015000;PathBank_SMP0015001;PathBank_SMP0015004;PathBank_SMP0015005;PathBank_SMP0015008;PathBank_SMP0015009;PathBank_SMP0015012;PathBank_SMP0015013;PathBank_SMP0015016;PathBank_SMP0015017;PathBank_SMP0015020;PathBank_SMP0015021;PathBank_SMP0015024;PathBank_SMP0015025;PathBank_SMP0015028;PathBank_SMP0015029;PathBank_SMP0015032;PathBank_SMP0015033;PathBank_SMP0015036;PathBank_SMP0015037;PathBank_SMP0015040;PathBank_SMP0015041;PathBank_SMP0015044;PathBank_SMP0015045;PathBank_SMP0015048;PathBank_SMP0015049;PathBank_SMP0015052;PathBank_SMP0015053;PathBank_SMP0015897;PathBank_SMP0030234;PathBank_SMP0030241;PathBank_SMP0030242;PathBank_SMP0030243;PathBank_SMP0030244;PathBank_SMP0030245;PathBank_SMP0030246;PathBank_SMP0030247;PathBank_SMP0030248;PathBank_SMP0030249;PathBank_SMP0030250;PathBank_SMP0030251;PathBank_SMP0030252;PathBank_SMP0030253;PathBank_SMP0030254;PathBank_SMP0030255;PathBank_SMP0030256;PathBank_SMP0030257;PathBank_SMP0030258;PathBank_SMP0030259;PathBank_SMP0030260;PathBank_SMP0030261;PathBank_SMP0030262;PathBank_SMP0030263;PathBank_SMP0030264;PathBank_SMP0030265;PathBank_SMP0030266;PathBank_SMP0030267;PathBank_SMP0030268;PathBank_SMP0030269;PathBank_SMP0030270;PathBank_SMP0030271;PathBank_SMP0030272;PathBank_SMP0030273;PathBank_SMP0030274;PathBank_SMP0030275;PathBank_SMP0030276;PathBank_SMP0030277;PathBank_SMP0030278;PathBank_SMP0030279;PathBank_SMP0030280;PathBank_SMP0030281;PathBank_SMP0030282;PathBank_SMP0030283;PathBank_SMP0030284;PathBank_SMP0030285;PathBank_SMP0030286;PathBank_SMP0030287;PathBank_SMP0030288;PathBank_SMP0030289;PathBank_SMP0030290;PathBank_SMP0030291;PathBank_SMP0030292;PathBank_SMP0030293;PathBank_SMP0030294;PathBank_SMP0030295;PathBank_SMP0030296;PathBank_SMP0030297;PathBank_SMP0030298;PathBank_SMP0030299;PathBank_SMP0030300;PathBank_SMP0030301;PathBank_SMP0030302;PathBank_SMP0030303;PathBank_SMP0030304;PathBank_SMP0030305;PathBank_SMP0030306;PathBank_SMP0030307;PathBank_SMP0030308;PathBank_SMP0030309;PathBank_SMP0030310;PathBank_SMP0030311;PathBank_SMP0030312;PathBank_SMP0030313;PathBank_SMP0030314;PathBank_SMP0030315;PathBank_SMP0030316;PathBank_SMP0030317;PathBank_SMP0030318;PathBank_SMP0030319;PathBank_SMP0030320;PathBank_SMP0030321;Reactome_R-HSA-1430728
P49593,1.0,1.0,caffeine,PPM1F,9647,0.0,
P49711,1.0,1.0,caffeine,CTCF,10664,0.0,
P49736,1.0,1.0,caffeine,MCM2,4171,0.0,
P49750,1.0,1.0,caffeine,YLPM1,56252,0.0,
P49754,1.0,1.0,caffeine,VPS41,27072,0.0,
P49757,1.0,1.0,caffeine,NUMB,8650,0.0,
P49763,1.0,1.0,caffeine,PGF,5228,0.0,
P49795,1.0,1.0,caffeine,RGS19,10287,0.0,
P49815,1.0,1.0,caffeine,TSC2,7249,0.0,
P49848,1.0,1.0,caffeine,TAF6,6878,0.0,
P49915,1.0,1.0,caffeine,GMPS,8833,1.0,Reactome_R-HSA-1430728
P49916,1.0,1.0,caffeine,LIG3,3980,0.0,
P50225,1.0,1.0,caffeine,SULT1A1,6817,2.0,Reactome_R-HSA-1430728;Reactome_R-HSA-211859
P50406,1.0,1.0,maprotiline,HTR6,3362,0.0,
P50502,1.0,1.0,caffeine,ST13,6767,0.0,
P50552,1.0,1.0,caffeine,VASP,7408,0.0,
P50748,1.0,1.0,caffeine,KNTC1,9735,0.0,
P50851,1.0,1.0,caffeine,LRBA,987,0.0,
P50990,1.0,1.0,caffeine,CCT8,10694,0.0,
P50991,1.0,1.0,caffeine,CCT4,10575,0.0,
P51003,1.0,1.0,caffeine,PAPOLA,10914,0.0,
P51114,1.0,1.0,caffeine,FXR1,8087,0.0,
P51116,1.0,1.0,caffeine,FXR2,9513,0.0,
P51160,1.0,1.0,caffeine,PDE6C,5146,0.0,
P51449,1.0,1.0,Ethanolamine,RORC,6097,0.0,
P51531,1.0,1.0,caffeine,SMARCA2,6595,0.0,
P51532,1.0,1.0,caffeine,SMARCA4,6597,0.0,
P51617,1.0,1.0,caffeine,IRAK1,3654,0.0,
P51692,1.0,1.0,caffeine,STAT5B,6777,0.0,
P51798,1.0,1.0,Ginsenoside rb1,CLCN7,1186,0.0,
P51812,1.0,1.0,caffeine,RPS6KA3,6197,0.0,
P51825,1.0,1.0,caffeine,AFF1,4299,0.0,
P51843,1.0,1.0,forskolin,NR0B1,190,0.0,
P51956,1.0,1.0,caffeine,NEK3,4752,0.0,
P51957,1.0,1.0,caffeine,NEK4,6787,0.0,
P51991,1.0,1.0,caffeine,HNRNPA3,220988,0.0,
P52272,1.0,1.0,caffeine,HNRNPM,4670,0.0,
P52292,1.0,1.0,caffeine,KPNA2,3838,0.0,
P52333,1.0,1.0,caffeine,JAK3,3718,0.0,
P52735,1.0,1.0,caffeine,VAV2,7410,0.0,
P52746,1.0,1.0,caffeine,ZNF142,7701,0.0,
P52948,1.0,1.0,caffeine,NUP98,4928,0.0,
P53007,1.0,1.0,caffeine,SLC25A1,6576,0.0,
P53350,1.0,1.0,caffeine,PLK1,5347,0.0,
P53365,1.0,1.0,caffeine,ARFIP2,23647,0.0,
P53367,1.0,1.0,caffeine,ARFIP1,27236,0.0,
P53384,1.0,1.0,caffeine,NUBP1,4682,1.0,Reactome_R-HSA-1430728
P53602,1.0,1.0,caffeine,MVD,4597,1.0,Reactome_R-HSA-1430728
P53667,1.0,1.0,caffeine,LIMK1,3984,0.0,
P53671,1.0,1.0,caffeine,LIMK2,3985,0.0,
P53801,1.0,1.0,caffeine,PTTG1IP,754,0.0,
P53814,1.0,1.0,caffeine,SMTN,6525,0.0,
P53985,1.0,1.0,caffeine,SLC16A1,6566,0.0,
P53999,1.0,1.0,caffeine,SUB1,10923,0.0,
P54198,1.0,1.0,caffeine,HIRA,7290,0.0,
P54253,1.0,1.0,caffeine,ATXN1,6310,0.0,
P54317,1.0,1.0,Ethanolamine,PNLIPRP2,5408,0.0,
P54646,1.0,1.0,caffeine,PRKAA2,5563,1.0,Reactome_R-HSA-1430728
P54750,1.0,1.0,caffeine,PDE1A,5136,0.0,
P55011,1.0,1.0,caffeine,SLC12A2,6558,0.0,
P55055,1.0,1.0,forskolin,NR1H2,7376,0.0,
P55196,1.0,1.0,caffeine,AFDN,4301,0.0,
P55201,1.0,1.0,caffeine,BRPF1,7862,0.0,
P55209,1.0,1.0,caffeine,NAP1L1,4673,0.0,
P55327,1.0,1.0,caffeine,TPD52,7163,0.0,
P55735,1.0,1.0,caffeine,SEC13,6396,1.0,Reactome_R-HSA-1430728
P56134,1.0,1.0,caffeine,ATP5MF,9551,1.0,Reactome_R-HSA-1430728
P56524,1.0,1.0,caffeine,HDAC4,9759,0.0,
P56705,1.0,1.0,caffeine,WNT4,54361,0.0,
P56747,1.0,1.0,caffeine,CLDN6,9074,0.0,
P56749,1.0,1.0,caffeine,CLDN12,9069,0.0,
P56937,1.0,1.0,caffeine,HSD17B7,51478,1.0,Reactome_R-HSA-1430728
P56945,1.0,1.0,caffeine,BCAR1,9564,0.0,
P56962,1.0,1.0,caffeine,STX17,55014,0.0,
P57060,1.0,1.0,caffeine,RWDD2B,10069,0.0,
P57086,1.0,1.0,caffeine,SCAND1,51282,0.0,
P57678,1.0,1.0,caffeine,GEMIN4,50628,0.0,
P57764,1.0,1.0,Ginsenoside rb1,GSDMD,79792,0.0,
P58317,1.0,1.0,caffeine,ZNF121,7675,0.0,
P58753,1.0,1.0,caffeine,TIRAP,114609,0.0,
P59910,1.0,1.0,caffeine,DNAJB13,374407,0.0,
P60174,1.0,1.0,caffeine,TPI1,7167,1.0,Reactome_R-HSA-1430728
P60468,1.0,1.0,caffeine,SEC61B,10952,0.0,
P60880,1.0,1.0,caffeine,SNAP25,6616,1.0,Reactome_R-HSA-1430728
P60903,1.0,1.0,caffeine,S100A10,6281,0.0,
P61163,1.0,1.0,caffeine,ACTR1A,10121,0.0,
P62280,1.0,1.0,caffeine,RPS11,6205,0.0,
P62805,1.0,1.0,caffeine,H4C9,8294,0.0,
P62837,1.0,1.0,caffeine,UBE2D2,7322,0.0,
P62854,1.0,1.0,caffeine,RPS26,6231,0.0,
P62995,1.0,1.0,caffeine,TRA2B,6434,0.0,
P63104,1.0,1.0,caffeine,YWHAZ,7534,0.0,
P67809,1.0,1.0,caffeine,YBX1,4904,0.0,
P68363,1.0,1.0,caffeine,TUBA1B,10376,0.0,
P69849,1.0,1.0,caffeine,NOMO3,408050,0.0,
P70452,1.0,1.0,caffeine,STX4A,20909,0.0,
P78312,1.0,1.0,caffeine,FAM193A,8603,0.0,
P78362,1.0,1.0,caffeine,SRPK2,6733,0.0,
P78371,1.0,1.0,caffeine,CCT2,10576,0.0,
P78415,1.0,1.0,caffeine,IRX3,79191,0.0,
P78417,1.0,1.0,caffeine,GSTO1,9446,2.0,Reactome_R-HSA-1430728;Reactome_R-HSA-211859
P78423,1.0,1.0,caffeine,CX3CL1,6376,0.0,
P78504,1.0,1.0,caffeine,JAG1,182,0.0,
P78505,1.0,1.0,caffeine,PDE4C,5143,0.0,
P78524,1.0,1.0,caffeine,DENND2B,6764,0.0,
P78562,1.0,1.0,caffeine,PHEX,5251,0.0,
P80723,1.0,1.0,caffeine,BASP1,10409,0.0,
P82094,1.0,1.0,caffeine,TMF1,7110,0.0,
P82712,1.0,1.0,caffeine,CYP12D1-P,246648,0.0,
P82909,1.0,1.0,caffeine,KGD4,92259,1.0,Reactome_R-HSA-1430728
P83436,1.0,1.0,caffeine,COG7,91949,0.0,
P83731,1.0,1.0,caffeine,RPL24,6152,0.0,
P83916,1.0,1.0,caffeine,CBX1,10951,0.0,
P84157,1.0,1.0,caffeine,MXRA7,439921,0.0,
P85037,1.0,1.0,caffeine,FOXK1,221937,0.0,
P86452,1.0,1.0,caffeine,ZBED6,100381270,0.0,
P99999,1.0,1.0,caffeine,CYCS,54205,1.0,Reactome_R-HSA-1430728
Q00059,1.0,1.0,caffeine,TFAM,7019,0.0,
Q00168,1.0,1.0,Ginsenoside rb1,CAMKII,43828,0.0,
Q00536,1.0,1.0,caffeine,CDK16,5127,0.0,
Q00537,1.0,1.0,caffeine,CDK17,5128,0.0,
Q00587,1.0,1.0,caffeine,CDC42EP1,11135,0.0,
Q00653,1.0,1.0,caffeine,NFKB2,4791,0.0,
Q00975,1.0,1.0,maprotiline,CACNA1B,774,0.0,
Q01064,1.0,1.0,caffeine,PDE1B,5153,0.0,
Q01082,1.0,1.0,caffeine,SPTBN1,6711,0.0,
Q01196,1.0,1.0,caffeine,RUNX1,861,0.0,
Q01629,1.0,1.0,caffeine,IFITM2,10581,0.0,
Q01638,1.0,1.0,caffeine,IL1RL1,9173,0.0,
Q01664,1.0,1.0,caffeine,TFAP4,7023,0.0,
Q01804,1.0,1.0,caffeine,OTUD4,54726,0.0,
Q01813,1.0,1.0,caffeine,PFKP,5214,1.0,Reactome_R-HSA-1430728
Q01831,1.0,1.0,caffeine,XPC,7508,0.0,
Q01970,1.0,1.0,caffeine,PLCB3,5331,1.0,Reactome_R-HSA-1430728
Q01995,1.0,1.0,caffeine,TAGLN,6876,0.0,
Q02040,1.0,1.0,caffeine,AKAP17A,8227,0.0,
Q02086,1.0,1.0,caffeine,SP2,6668,0.0,
Q02252,1.0,1.0,caffeine,ALDH6A1,4329,1.0,Reactome_R-HSA-1430728
Q02446,1.0,1.0,caffeine,SP4,6671,0.0,
Q02447,1.0,1.0,caffeine,SP3,6670,0.0,
Q02817,1.0,1.0,forskolin,MUC2,4583,0.0,
Q02818,1.0,1.0,caffeine,NUCB1,4924,0.0,
Q02880,1.0,1.0,caffeine,TOP2B,7155,0.0,
Q02952,1.0,1.0,caffeine,AKAP12,9590,0.0,
Q03181,1.0,1.0,forskolin,PPARD,5467,1.0,Reactome_R-HSA-1430728
Q03426,1.0,1.0,caffeine,MVK,4598,1.0,Reactome_R-HSA-1430728
Q03989,1.0,1.0,caffeine,ARID5A,10865,0.0,
Q04206,1.0,1.0,Ginsenoside rb1,RELA,5970,0.0,
Q04725,1.0,1.0,caffeine,TLE2,7089,0.0,
Q04726,1.0,1.0,caffeine,TLE3,7090,0.0,
Q05519,1.0,1.0,caffeine,SRSF11,9295,0.0,
Q06418,1.0,1.0,caffeine,TYRO3,7301,0.0,
Q06730,1.0,1.0,caffeine,ZNF33A,7581,0.0,
Q06945,1.0,1.0,caffeine,SOX4,6659,0.0,
Q07002,1.0,1.0,caffeine,CDK18,5129,0.0,
Q07157,1.0,1.0,caffeine,TJP1,7082,0.0,
Q07617,1.0,1.0,caffeine,SPAG1,6674,0.0,
Q07869,1.0,1.0,caffeine,PPARA,5465,1.0,Reactome_R-HSA-1430728
Q07889,1.0,1.0,caffeine,SOS1,6654,0.0,
Q07955,1.0,1.0,caffeine,SRSF1,6426,0.0,
Q08170,1.0,1.0,caffeine,SRSF4,6429,0.0,
Q08357,1.0,1.0,caffeine,SLC20A2,6575,0.0,
Q08499,1.0,1.0,caffeine,PDE4D,5144,0.0,
Q08828,1.0,1.0,forskolin,ADCY1,107,0.0,
Q08AD1,1.0,1.0,caffeine,CAMSAP2,23271,0.0,
Q08AE8,1.0,1.0,caffeine,SPIRE1,56907,0.0,
Q08J23,1.0,1.0,caffeine,NSUN2,54888,0.0,
Q09666,1.0,1.0,caffeine,AHNAK,79026,0.0,
Q0JRZ9,1.0,1.0,caffeine,FCHO2,115548,0.0,
Q0VDD7,1.0,1.0,caffeine,BRME1,79173,0.0,
Q0VF96,1.0,1.0,caffeine,CGNL1,84952,0.0,
Q10570,1.0,1.0,caffeine,CPSF1,29894,0.0,
Q12767,1.0,1.0,caffeine,TMEM94,9772,0.0,
Q12770,1.0,1.0,caffeine,SCAP,22937,1.0,Reactome_R-HSA-1430728
Q12774,1.0,1.0,caffeine,ARHGEF5,7984,0.0,
Q12791,1.0,1.0,forskolin,KCNMA1,3778,0.0,
Q12792,1.0,1.0,caffeine,TWF1,5756,0.0,
Q12802,1.0,1.0,caffeine,AKAP13,11214,0.0,
Q12815,1.0,1.0,caffeine,TROAP,10024,0.0,
Q12846,1.0,1.0,caffeine,STX4,6810,0.0,
Q12851,1.0,1.0,caffeine,MAP4K2,5871,0.0,
Q12857,1.0,1.0,caffeine,NFIA,4774,0.0,
Q12870,1.0,1.0,caffeine,TCF15,6939,0.0,
Q12872,1.0,1.0,caffeine,SFSWAP,6433,0.0,
Q12874,1.0,1.0,caffeine,SF3A3,10946,0.0,
Q12888,1.0,1.0,caffeine,TP53BP1,7158,0.0,
Q12965,1.0,1.0,caffeine,MYO1E,4643,0.0,
Q12968,1.0,1.0,caffeine,NFATC3,4775,0.0,
Q12986,1.0,1.0,caffeine,NFX1,4799,0.0,
Q13009,1.0,1.0,caffeine,TIAM1,7074,0.0,
Q13029,1.0,1.0,caffeine,PRDM2,7799,0.0,
Q13033,1.0,1.0,caffeine,STRN3,29966,0.0,
Q13042,1.0,1.0,caffeine,CDC16,8881,0.0,
Q13049,1.0,1.0,caffeine,TRIM32,22954,0.0,
Q13107,1.0,1.0,caffeine,USP4,7375,0.0,
Q13111,1.0,1.0,caffeine,CHAF1A,10036,0.0,
Q13112,1.0,1.0,caffeine,CHAF1B,8208,0.0,
Q13127,1.0,1.0,caffeine,REST,5978,0.0,
Q13133,1.0,1.0,caffeine,NR1H3,10062,0.0,
Q13148,1.0,1.0,caffeine,TARDBP,23435,0.0,
Q13158,1.0,1.0,caffeine,FADD,8772,0.0,
Q13164,1.0,1.0,forskolin,MAPK7,5598,0.0,
Q13188,1.0,1.0,caffeine,STK3,6788,0.0,
Q13207,1.0,1.0,caffeine,TBX2,6909,0.0,
Q13233,1.0,1.0,caffeine,MAP3K1,4214,0.0,
Q13283,1.0,1.0,caffeine,G3BP1,10146,0.0,
Q13330,1.0,1.0,caffeine,MTA1,9112,0.0,
Q13402,1.0,1.0,caffeine,MYO7A,4647,0.0,
Q13415,1.0,1.0,caffeine,ORC1,4998,0.0,
Q13424,1.0,1.0,caffeine,SNTA1,6640,0.0,
Q13425,1.0,1.0,caffeine,SNTB2,6645,0.0,
Q13426,1.0,1.0,caffeine,XRCC4,7518,0.0,
Q13428,1.0,1.0,caffeine,TCOF1,6949,0.0,
Q13442,1.0,1.0,caffeine,PDAP1,11333,0.0,
Q13467,1.0,1.0,caffeine,FZD5,7855,0.0,
Q13469,1.0,1.0,caffeine,NFATC2,4773,0.0,
Q13505,1.0,1.0,caffeine,MTX1,4580,0.0,
Q13506,1.0,1.0,caffeine,NAB1,4664,0.0,
Q13507,1.0,1.0,caffeine,TRPC3,7222,0.0,
Q13530,1.0,1.0,caffeine,SERINC3,10955,0.0,
Q13561,1.0,1.0,caffeine,DCTN2,10540,0.0,
Q13573,1.0,1.0,caffeine,SNW1,22938,0.0,
Q13574,1.0,1.0,caffeine,DGKZ,8525,0.0,
Q13596,1.0,1.0,caffeine,SNX1,6642,0.0,
Q13613,1.0,1.0,caffeine,MTMR1,8776,0.0,
Q13614,1.0,1.0,caffeine,MTMR2,8898,1.0,Reactome_R-HSA-1430728
Q13615,1.0,1.0,caffeine,MTMR3,8897,0.0,
Q13619,1.0,1.0,caffeine,CUL4A,8451,0.0,
Q13620,1.0,1.0,caffeine,CUL4B,8450,0.0,
Q13625,1.0,1.0,caffeine,TP53BP2,7159,0.0,
Q13671,1.0,1.0,caffeine,RIN1,9610,0.0,
Q13685,1.0,1.0,bethanechol,AAMP,14,0.0,
Q13698,1.0,1.0,caffeine,CACNA1S,779,0.0,
Q13769,1.0,1.0,caffeine,THOC5,8563,0.0,
Q13813,1.0,1.0,caffeine,SPTAN1,6709,0.0,
Q13838,1.0,1.0,caffeine,DDX39B,7919,0.0,
Q13884,1.0,1.0,caffeine,SNTB1,6641,0.0,
Q13946,1.0,1.0,caffeine,PDE7A,5150,0.0,
Q14004,1.0,1.0,caffeine,CDK13,8621,0.0,
Q14116,1.0,1.0,Ginsenoside rb1,IL18,3606,0.0,
Q14123,1.0,1.0,caffeine,PDE1C,5137,0.0,
Q14135,1.0,1.0,caffeine,VGLL4,9686,0.0,
Q14137,1.0,1.0,caffeine,BOP1,23246,0.0,
Q14151,1.0,1.0,caffeine,SAFB2,9667,0.0,
Q14152,1.0,1.0,caffeine,EIF3A,8661,0.0,
Q14153,1.0,1.0,caffeine,FAM53B,9679,0.0,
Q14156,1.0,1.0,caffeine,EFR3A,23167,0.0,
Q14157,1.0,1.0,caffeine,UBAP2L,9898,0.0,
Q14160,1.0,1.0,caffeine,SCRIB,23513,0.0,
Q14161,1.0,1.0,caffeine,GIT2,9815,0.0,
Q14191,1.0,1.0,caffeine,WRN,7486,0.0,
Q14202,1.0,1.0,caffeine,ZMYM3,9203,0.0,
Q14241,1.0,1.0,caffeine,ELOA,6924,0.0,
Q14258,1.0,1.0,caffeine,TRIM25,7706,0.0,
Q14457,1.0,1.0,caffeine,BECN1,8678,0.0,
Q14511,1.0,1.0,caffeine,NEDD9,4739,0.0,
Q14527,1.0,1.0,caffeine,HLTF,6596,0.0,
Q14586,1.0,1.0,caffeine,ZNF267,10308,0.0,
Q14667,1.0,1.0,caffeine,BLTP2,9703,0.0,
Q14669,1.0,1.0,caffeine,TRIP12,9320,0.0,
Q14674,1.0,1.0,caffeine,ESPL1,9700,0.0,
Q14677,1.0,1.0,caffeine,CLINT1,9685,0.0,
Q14678,1.0,1.0,caffeine,KANK1,23189,0.0,
Q14679,1.0,1.0,caffeine,TTLL4,9654,0.0,
Q14683,1.0,1.0,caffeine,SMC1A,8243,0.0,
Q14687,1.0,1.0,caffeine,GSE1,23199,0.0,
Q14689,1.0,1.0,caffeine,DIP2A,23181,0.0,
Q14690,1.0,1.0,caffeine,PDCD11,22984,0.0,
Q14692,1.0,1.0,caffeine,BMS1,9790,0.0,
Q14693,1.0,1.0,caffeine,LPIN1,23175,2.0,Reactome_R-HSA-1430728;WikiPathways_WP2533
Q14694,1.0,1.0,caffeine,USP10,9100,0.0,
Q14697,1.0,1.0,caffeine,GANAB,23193,0.0,
Q14738,1.0,1.0,caffeine,PPP2R5D,5528,1.0,Reactome_R-HSA-1430728
Q14739,1.0,1.0,caffeine,LBR,3930,1.0,Reactome_R-HSA-1430728
Q147X3,1.0,1.0,caffeine,NAA30,122830,0.0,
Q14802,1.0,1.0,caffeine,FXYD3,5349,0.0,
Q14807,1.0,1.0,caffeine,KIF22,3835,0.0,
Q14847,1.0,1.0,caffeine,LASP1,3927,0.0,
Q14896,1.0,1.0,caffeine,MYBPC3,4607,0.0,
Q14938,1.0,1.0,caffeine,NFIX,4784,0.0,
Q14966,1.0,1.0,caffeine,ZNF638,27332,0.0,
Q14974,1.0,1.0,caffeine,KPNB1,3837,1.0,Reactome_R-HSA-1430728
Q14978,1.0,1.0,caffeine,NOLC1,9221,0.0,
Q14980,1.0,1.0,caffeine,NUMA1,4926,0.0,
Q14BN4,1.0,1.0,caffeine,SLMAP,7871,0.0,
Q14C86,1.0,1.0,caffeine,GAPVD1,26130,0.0,
Q14CS0,1.0,1.0,caffeine,UBXN2B,137886,0.0,
Q14CW9,1.0,1.0,caffeine,ATXN7L3,56970,0.0,
Q14CZ7,1.0,1.0,caffeine,FASTKD3,79072,0.0,
Q14CZ8,1.0,1.0,caffeine,HEPACAM,220296,0.0,
Q15003,1.0,1.0,caffeine,NCAPH,23397,0.0,
Q15018,1.0,1.0,caffeine,ABRAXAS2,23172,0.0,
Q15020,1.0,1.0,caffeine,SART3,9733,0.0,
Q15021,1.0,1.0,caffeine,NCAPD2,9918,0.0,
Q15022,1.0,1.0,caffeine,SUZ12,23512,0.0,
Q15025,1.0,1.0,caffeine,TNIP1,10318,0.0,
Q15029,1.0,1.0,caffeine,EFTUD2,9343,0.0,
Q15036,1.0,1.0,caffeine,SNX17,9784,0.0,
Q15041,1.0,1.0,caffeine,ARL6IP1,23204,0.0,
Q15046,1.0,1.0,caffeine,KARS1,3735,1.0,Reactome_R-HSA-1430728
Q15047,1.0,1.0,caffeine,SETDB1,9869,0.0,
Q15050,1.0,1.0,caffeine,RRS1,23212,0.0,
Q15052,1.0,1.0,caffeine,ARHGEF6,9459,0.0,
Q15056,1.0,1.0,caffeine,EIF4H,7458,0.0,
Q15059,1.0,1.0,caffeine,BRD3,8019,0.0,
Q15061,1.0,1.0,caffeine,WDR43,23160,0.0,
Q15075,1.0,1.0,caffeine,EEA1,8411,0.0,
Q15121,1.0,1.0,caffeine,PEA15,8682,0.0,
Q15125,1.0,1.0,caffeine,EBP,10682,1.0,Reactome_R-HSA-1430728
Q15149,1.0,1.0,caffeine,PLEC,5339,0.0,
Q15154,1.0,1.0,caffeine,PCM1,5108,0.0,
Q15233,1.0,1.0,caffeine,NONO,4841,0.0,
Q15365,1.0,1.0,caffeine,PCBP1,5093,0.0,
Q15366,1.0,1.0,caffeine,PCBP2,5094,0.0,
Q15388,1.0,1.0,caffeine,TOMM20,9804,0.0,
Q15398,1.0,1.0,caffeine,DLGAP5,9787,0.0,
Q15424,1.0,1.0,caffeine,SAFB,6294,0.0,
Q15435,1.0,1.0,caffeine,PPP1R7,5510,0.0,
Q15436,1.0,1.0,caffeine,SEC23A,10484,1.0,Reactome_R-HSA-1430728
Q15459,1.0,1.0,caffeine,SF3A1,10291,0.0,
Q15464,1.0,1.0,caffeine,SHB,6461,0.0,
Q15465,1.0,1.0,caffeine,SHH,6469,0.0,
Q15477,1.0,1.0,caffeine,SKIC2,6499,0.0,
Q15545,1.0,1.0,caffeine,TAF7,6879,0.0,
Q15555,1.0,1.0,caffeine,MAPRE2,10982,0.0,
Q15572,1.0,1.0,caffeine,TAF1C,9013,0.0,
Q15596,1.0,1.0,caffeine,NCOA2,10499,4.0,Reactome_R-HSA-1430728;Reactome_R-HSA-211859;Reactome_R-HSA-211897;Reactome_R-HSA-211945
Q15599,1.0,1.0,caffeine,NHERF2,9351,0.0,
Q15633,1.0,1.0,caffeine,TARBP2,6895,0.0,
Q15642,1.0,1.0,caffeine,TRIP10,9322,0.0,
Q15643,1.0,1.0,caffeine,TRIP11,9321,0.0,
Q15697,1.0,1.0,caffeine,ZNF174,7727,0.0,
Q15742,1.0,1.0,caffeine,NAB2,4665,0.0,
Q15746,1.0,1.0,caffeine,MYLK,4638,0.0,
Q15750,1.0,1.0,caffeine,TAB1,10454,0.0,
Q15751,1.0,1.0,caffeine,HERC1,8925,0.0,
Q15758,1.0,1.0,caffeine,SLC1A5,6510,0.0,
Q15776,1.0,1.0,caffeine,ZKSCAN8,7745,0.0,
Q15796,1.0,1.0,caffeine,SMAD2,4087,0.0,
Q15797,1.0,1.0,caffeine,SMAD1,4086,0.0,
Q15800,1.0,1.0,caffeine,MSMO1,6307,1.0,Reactome_R-HSA-1430728
Q15822,1.0,1.0,carbachol,CHRNA2,1135,0.0,
Q15836,1.0,1.0,caffeine,VAMP3,9341,0.0,
Q15858,1.0,1.0,caffeine,SCN9A,6335,0.0,
Q15916,1.0,1.0,caffeine,ZBTB6,10773,0.0,
Q15942,1.0,1.0,caffeine,ZYX,7791,0.0,
Q16186,1.0,1.0,caffeine,ADRM1,11047,0.0,
Q16204,1.0,1.0,caffeine,CCDC6,8030,0.0,
Q16512,1.0,1.0,caffeine,PKN1,5585,0.0,
Q16558,1.0,1.0,forskolin,KCNMB1,3779,0.0,
Q16594,1.0,1.0,caffeine,TAF9,6880,0.0,
Q16613,1.0,1.0,bethanechol,AANAT,15,1.0,Reactome_R-HSA-1430728
Q16620,1.0,1.0,caffeine,NTRK2,4915,0.0,
Q16625,1.0,1.0,caffeine,OCLN,100506658,0.0,
Q16629,1.0,1.0,caffeine,SRSF7,6432,0.0,
Q16630,1.0,1.0,caffeine,CPSF6,11052,0.0,
Q16637,1.0,1.0,caffeine,SMN1,6606,0.0,
Q16656,1.0,1.0,caffeine,NRF1,4899,1.0,Reactome_R-HSA-1430728
Q16659,1.0,1.0,forskolin,MAPK6,5597,0.0,
Q16822,1.0,1.0,caffeine,PCK2,5106,1.0,Reactome_R-HSA-1430728
Q16875,1.0,1.0,caffeine,PFKFB3,5209,1.0,Reactome_R-HSA-1430728
Q17R98,1.0,1.0,caffeine,ZNF827,152485,0.0,
Q17RY0,1.0,1.0,caffeine,CPEB4,80315,0.0,
Q1KMD3,1.0,1.0,caffeine,HNRNPUL2,221092,0.0,
Q1L960,1.0,1.0,caffeine,LIM2.4,436680,0.0,
Q1MSJ5,1.0,1.0,caffeine,CSPP1,79848,0.0,
Q1W6H9,1.0,1.0,caffeine,FAM110C,642273,0.0,
Q24JP5,1.0,1.0,caffeine,TMEM132A,54972,0.0,
Q27593,1.0,1.0,caffeine,CYP6A8,36666,0.0,
Q27606,1.0,1.0,caffeine,CYP4E2,35822,0.0,
Q2KHR2,1.0,1.0,caffeine,RFX7,64864,0.0,
Q2KHT3,1.0,1.0,caffeine,CLEC16A,23274,0.0,
Q2LD37,1.0,1.0,caffeine,BLTP1,84162,0.0,
Q2M2I8,1.0,1.0,caffeine,AAK1,22848,0.0,
Q2M389,1.0,1.0,caffeine,WASHC4,23325,0.0,
Q2M3C7,1.0,1.0,caffeine,SPHKAP,80309,0.0,
Q2M3G4,1.0,1.0,caffeine,SHROOM1,134549,0.0,
Q2NKX8,1.0,1.0,caffeine,ERCC6L,54821,0.0,
Q2Q1W2,1.0,1.0,caffeine,TRIM71,131405,0.0,
Q2TAZ0,1.0,1.0,caffeine,ATG2A,23130,0.0,
Q2TB10,1.0,1.0,caffeine,ZNF800,168850,0.0,
Q2TBE0,1.0,1.0,caffeine,CWF19L2,143884,0.0,
Q2VPK5,1.0,1.0,caffeine,CTU2,348180,0.0,
Q32P44,1.0,1.0,caffeine,EML3,256364,0.0,
Q3B726,1.0,1.0,caffeine,POLR1F,221830,0.0,
Q3SXY8,1.0,1.0,caffeine,ARL13B,200894,0.0,
Q3T8J9,1.0,1.0,caffeine,GON4L,54856,0.0,
Q3US17,1.0,1.0,caffeine,ZFP553,233887,0.0,
Q3V6T2,1.0,1.0,caffeine,CCDC88A,55704,0.0,
Q3YBR2,1.0,1.0,caffeine,TBRG1,84897,0.0,
Q3ZCM7,1.0,1.0,caffeine,TUBB8,347688,0.0,
Q49A26,1.0,1.0,caffeine,GLYR1,84656,0.0,
Q49AH0,1.0,1.0,caffeine,CDNF,441549,0.0,
Q49AR2,1.0,1.0,caffeine,C5ORF22,55322,0.0,
Q4G0F5,1.0,1.0,caffeine,VPS26B,112936,0.0,
Q4G0N4,1.0,1.0,caffeine,NADK2,133686,1.0,Reactome_R-HSA-1430728
Q4KMP7,1.0,1.0,caffeine,TBC1D10B,26000,0.0,
Q4KMQ1,1.0,1.0,caffeine,TPRN,286262,0.0,
Q4L180,1.0,1.0,caffeine,FILIP1L,11259,0.0,
Q4LE39,1.0,1.0,caffeine,ARID4B,51742,0.0,
Q4V328,1.0,1.0,caffeine,GRIPAP1,56850,0.0,
Q4VC44,1.0,1.0,caffeine,FLYWCH1,84256,0.0,
Q4ZG55,1.0,1.0,caffeine,GREB1,9687,0.0,
Q4ZJI3,1.0,1.0,caffeine,MIPB,553420,0.0,
Q504Q3,1.0,1.0,caffeine,PAN2,9924,0.0,
Q52LR7,1.0,1.0,caffeine,EPC2,26122,0.0,
Q52LW3,1.0,1.0,caffeine,ARHGAP29,9411,0.0,
Q53EL6,1.0,1.0,caffeine,PDCD4,27250,0.0,
Q53EP0,1.0,1.0,caffeine,FNDC3B,64778,0.0,
Q53F19,1.0,1.0,caffeine,NCBP3,55421,0.0,
Q53GT1,1.0,1.0,caffeine,KLHL22,84861,0.0,
Q53H80,1.0,1.0,caffeine,AKIRIN2,55122,0.0,
Q53HC9,1.0,1.0,caffeine,EIPR1,7260,0.0,
Q53SF7,1.0,1.0,caffeine,COBLL1,22837,0.0,
Q53T59,1.0,1.0,caffeine,HS1BP3,64342,0.0,
Q562R1,1.0,1.0,caffeine,ACTBL2,345651,0.0,
Q564A4,1.0,1.0,caffeine,BCL2A,570772,0.0,
Q569K4,1.0,1.0,caffeine,ZNF385B,151126,0.0,
Q56NI9,1.0,1.0,caffeine,ESCO2,157570,0.0,
Q58A45,1.0,1.0,caffeine,PAN3,255967,0.0,
Q58WW2,1.0,1.0,caffeine,DCAF6,55827,0.0,
Q5BIV9,1.0,1.0,caffeine,SPRN,503542,0.0,
Q5BJD5,1.0,1.0,caffeine,TMEM41B,440026,0.0,
Q5BJF2,1.0,1.0,caffeine,TMEM97,27346,0.0,
Q5BKX5,1.0,1.0,caffeine,ACTMAP,284325,0.0,
Q5BKZ1,1.0,1.0,caffeine,ZNF326,284695,0.0,
Q5D0E6,1.0,1.0,caffeine,DALRD3,55152,0.0,
Q5FWF4,1.0,1.0,caffeine,ZRANB3,84083,0.0,
Q5FWF5,1.0,1.0,caffeine,ESCO1,114799,0.0,
Q5H8A4,1.0,1.0,caffeine,PIGG,54872,0.0,
Q5H9F3,1.0,1.0,caffeine,BCORL1,63035,0.0,
Q5HYJ3,1.0,1.0,caffeine,FAM76B,143684,0.0,
Q5J8M3,1.0,1.0,caffeine,EMC4,51234,0.0,
Q5JPI9,1.0,1.0,caffeine,EEF1AKMT2,399818,0.0,
Q5JSH3,1.0,1.0,caffeine,WDR44,54521,0.0,
Q5JSP0,1.0,1.0,caffeine,FGD3,89846,0.0,
Q5JTC6,1.0,1.0,caffeine,AMER1,139285,0.0,
Q5JTD0,1.0,1.0,caffeine,TJAP1,93643,0.0,
Q5JTH9,1.0,1.0,caffeine,RRP12,23223,0.0,
Q5JTV8,1.0,1.0,caffeine,TOR1AIP1,26092,0.0,
Q5JTW2,1.0,1.0,caffeine,CEP78,84131,0.0,
Q5JV73,1.0,1.0,caffeine,FRMPD3,84443,0.0,
Q5JVS0,1.0,1.0,caffeine,HABP4,22927,0.0,
Q5JWR5,1.0,1.0,caffeine,DOP1A,23033,0.0,
Q5KSL6,1.0,1.0,caffeine,DGKK,139189,0.0,
Q5M775,1.0,1.0,caffeine,SPECC1,92521,0.0,
Q5PR37,1.0,1.0,caffeine,EFEMP2A,494044,0.0,
Q5PRF9,1.0,1.0,caffeine,SAMD4B,55095,0.0,
Q5QJE6,1.0,1.0,caffeine,DNTTIP2,30836,0.0,
Q5QP82,1.0,1.0,caffeine,DCAF10,79269,0.0,
Q5SNT2,1.0,1.0,caffeine,TMEM201,199953,0.0,
Q5SRE5,1.0,1.0,caffeine,NUP188,23511,1.0,Reactome_R-HSA-1430728
Q5SSJ5,1.0,1.0,caffeine,HP1BP3,50809,0.0,
Q5SW79,1.0,1.0,caffeine,CEP170,9859,0.0,
Q5SWH9,1.0,1.0,caffeine,TMEM69,51249,0.0,
Q5SXM2,1.0,1.0,caffeine,SNAPC4,6621,0.0,
Q5SYE7,1.0,1.0,caffeine,NHSL1,57224,0.0,
Q5T011,1.0,1.0,caffeine,SZT2,23334,0.0,
Q5T0B9,1.0,1.0,caffeine,ZNF362,149076,0.0,
Q5T0N5,1.0,1.0,caffeine,FNBP1L,54874,0.0,
Q5T1M5,1.0,1.0,caffeine,FKBP15,23307,0.0,
Q5T1V6,1.0,1.0,caffeine,DDX59,83479,0.0,
Q5T200,1.0,1.0,caffeine,ZC3H13,23091,0.0,
Q5T4S7,1.0,1.0,caffeine,UBR4,23352,0.0,
Q5T5C0,1.0,1.0,caffeine,STXBP5,134957,0.0,
Q5T5P2,1.0,1.0,caffeine,KIAA1217,56243,0.0,
Q5T5U3,1.0,1.0,caffeine,ARHGAP21,57584,0.0,
Q5T5X7,1.0,1.0,caffeine,BEND3,57673,0.0,
Q5T5Y3,1.0,1.0,caffeine,CAMSAP1,157922,0.0,
Q5T6F0,1.0,1.0,caffeine,DCAF12,25853,0.0,
Q5T6F2,1.0,1.0,caffeine,UBAP2,55833,0.0,
Q5T890,1.0,1.0,caffeine,ERCC6L2,375748,0.0,
Q5T8D3,1.0,1.0,caffeine,ACBD5,91452,0.0,
Q5T9C2,1.0,1.0,caffeine,EEIG1,399665,0.0,
Q5TBA9,1.0,1.0,caffeine,FRY,10129,0.0,
Q5TC12,1.0,1.0,caffeine,ATPAF1,64756,0.0,
Q5TCY1,1.0,1.0,caffeine,TTBK1,84630,0.0,
Q5TDH0,1.0,1.0,caffeine,DDI2,84301,0.0,
Q5TF39,1.0,1.0,caffeine,SLC60A2,91749,0.0,
Q5TGY3,1.0,1.0,caffeine,AHDC1,27245,0.0,
Q5TH69,1.0,1.0,caffeine,ARFGEF3,57221,0.0,
Q5THJ4,1.0,1.0,caffeine,VPS13D,55187,0.0,
Q5U5Z8,1.0,1.0,caffeine,AGBL2,79841,0.0,
Q5VIR6,1.0,1.0,caffeine,VPS53,55275,0.0,
Q5VSL9,1.0,1.0,caffeine,STRIP1,85369,0.0,
Q5VT06,1.0,1.0,caffeine,CEP350,9857,0.0,
Q5VT25,1.0,1.0,caffeine,CDC42BPA,8476,0.0,
Q5VUA4,1.0,1.0,caffeine,ZNF318,24149,0.0,
Q5VUB5,1.0,1.0,caffeine,FAM171A1,221061,0.0,
Q5VV41,1.0,1.0,caffeine,ARHGEF16,27237,0.0,
Q5VV52,1.0,1.0,caffeine,ZNF691,51058,0.0,
Q5VV67,1.0,1.0,caffeine,PPRC1,23082,0.0,
Q5VVW2,1.0,1.0,caffeine,GARNL3,84253,0.0,
Q5VWG9,1.0,1.0,caffeine,TAF3,83860,0.0,
Q5VWJ9,1.0,1.0,caffeine,SNX30,401548,0.0,
Q5VWN6,1.0,1.0,caffeine,TASOR2,54906,0.0,
Q5VWQ8,1.0,1.0,caffeine,DAB2IP,153090,0.0,
Q5VZ89,1.0,1.0,caffeine,DENND4C,55667,0.0,
Q5VZK9,1.0,1.0,caffeine,CARMIL1,55604,0.0,
Q5VZL5,1.0,1.0,caffeine,ZMYM4,9202,0.0,
Q5W0B1,1.0,1.0,caffeine,OBI1,79596,0.0,
Q5XKK7,1.0,1.0,caffeine,FAM219B,57184,0.0,
Q5XTN0,1.0,1.0,caffeine,CRYGMX,335789,0.0,
Q63HQ0,1.0,1.0,caffeine,AP1AR,55435,0.0,
Q63HR2,1.0,1.0,caffeine,TNS2,23371,0.0,
Q658Y4,1.0,1.0,caffeine,FAM91A1,157769,0.0,
Q659A1,1.0,1.0,caffeine,ICE2,79664,0.0,
Q66I73,1.0,1.0,caffeine,MYLPFB,447930,0.0,
Q66K14,1.0,1.0,caffeine,TBC1D9B,23061,0.0,
Q66K64,1.0,1.0,caffeine,DCAF15,90379,0.0,
Q66PJ3,1.0,1.0,caffeine,ARL6IP4,51329,0.0,
Q68CP9,1.0,1.0,caffeine,ARID2,196528,0.0,
Q68CQ7,1.0,1.0,caffeine,GLT8D1,55830,0.0,
Q68CZ2,1.0,1.0,caffeine,TNS3,64759,0.0,
Q68D85,1.0,1.0,caffeine,NCR3LG1,374383,0.0,
Q68DK2,1.0,1.0,caffeine,ZFYVE26,23503,0.0,
Q68DQ2,1.0,1.0,caffeine,CRYBG3,131544,0.0,
Q68EM7,1.0,1.0,caffeine,ARHGAP17,55114,0.0,
Q69YH5,1.0,1.0,caffeine,CDCA2,157313,0.0,
Q69YN4,1.0,1.0,caffeine,VIRMA,25962,0.0,
Q69YQ0,1.0,1.0,caffeine,SPECC1L,23384,0.0,
Q6AHZ1,1.0,1.0,caffeine,ZNF518A,9849,0.0,
Q6AI08,1.0,1.0,caffeine,HEATR6,63897,0.0,
Q6AI14,1.0,1.0,caffeine,SLC9A4,389015,0.0,
Q6AI39,1.0,1.0,caffeine,BICRAL,23506,0.0,
Q6BDS2,1.0,1.0,caffeine,BLTP3A,54887,0.0,
Q6BEB4,1.0,1.0,caffeine,SP5,389058,0.0,
Q6DCA0,1.0,1.0,caffeine,AMMECR1L,83607,0.0,
Q6DN12,1.0,1.0,caffeine,MCTP2,55784,0.0,
Q6DT37,1.0,1.0,caffeine,CDC42BPG,55561,0.0,
Q6F5E8,1.0,1.0,caffeine,CARMIL2,146206,0.0,
Q6FI81,1.0,1.0,caffeine,CIAPIN1,57019,1.0,Reactome_R-HSA-1430728
Q6GQQ9,1.0,1.0,caffeine,OTUD7B,56957,0.0,
Q6IA17,1.0,1.0,caffeine,SIGIRR,59307,0.0,
Q6IN85,1.0,1.0,caffeine,PPP4R3A,55671,0.0,
Q6IPR3,1.0,1.0,caffeine,TYW3,127253,0.0,
Q6IQ23,1.0,1.0,caffeine,PLEKHA7,144100,0.0,
Q6IQU2,1.0,1.0,caffeine,CRYBA2A,415139,0.0,
Q6IQV5,1.0,1.0,caffeine,GCH2,64263,0.0,
Q6J4K2,1.0,1.0,caffeine,SLC8B1,80024,0.0,
Q6KC79,1.0,1.0,caffeine,NIPBL,25836,0.0,
Q6MZP7,1.0,1.0,caffeine,LIN54,132660,0.0,
Q6N021,1.0,1.0,caffeine,TET2,54790,0.0,
Q6NTF7,1.0,1.0,caffeine,APOBEC3H,164668,0.0,
Q6NUK4,1.0,1.0,caffeine,REEP3,221035,0.0,
Q6NUQ4,1.0,1.0,caffeine,TMEM214,54867,0.0,
Q6NXT1,1.0,1.0,caffeine,ANKRD54,129138,0.0,
Q6NXT6,1.0,1.0,caffeine,TAPT1,202018,0.0,
Q6NZ36,1.0,1.0,caffeine,FAAP20,199990,0.0,
Q6NZI2,1.0,1.0,caffeine,CAVIN1,284119,0.0,
Q6NZY4,1.0,1.0,caffeine,ZCCHC8,55596,0.0,
Q6P0N0,1.0,1.0,caffeine,MIS18BP1,55320,0.0,
Q6P1L5,1.0,1.0,caffeine,FAM117B,150864,0.0,
Q6P1X5,1.0,1.0,caffeine,TAF2,6873,0.0,
Q6P2E9,1.0,1.0,caffeine,EDC4,23644,0.0,
Q6P444,1.0,1.0,caffeine,MTFR2,113115,0.0,
Q6P4A7,1.0,1.0,caffeine,SFXN4,119559,1.0,Reactome_R-HSA-1430728
Q6P4E1,1.0,1.0,caffeine,GOLM2,113201,0.0,
Q6P4F7,1.0,1.0,caffeine,ARHGAP11A,9824,0.0,
Q6P4R8,1.0,1.0,caffeine,NFRKB,4798,0.0,
Q6P6C2,1.0,1.0,caffeine,ALKBH5,54890,0.0,
Q6P996,1.0,1.0,caffeine,PDXDC1,23042,0.0,
Q6P9G9,1.0,1.0,caffeine,ZNF449,203523,0.0,
Q6P9H4,1.0,1.0,caffeine,CNKSR3,154043,0.0,
Q6PCT2,1.0,1.0,caffeine,FBXL19,54620,0.0,
Q6PFW1,1.0,1.0,caffeine,PPIP5K1,9677,0.0,
Q6PGQ7,1.0,1.0,caffeine,BORA,79866,0.0,
Q6PH56,1.0,1.0,caffeine,HSP70.3,30671,0.0,
Q6PHR2,1.0,1.0,caffeine,ULK3,25989,0.0,
Q6PII3,1.0,1.0,caffeine,CCDC174,51244,0.0,
Q6PIJ6,1.0,1.0,caffeine,FBXO38,81545,0.0,
Q6PJI9,1.0,1.0,caffeine,WDR59,79726,0.0,
Q6PJP8,1.0,1.0,caffeine,DCLRE1A,9937,0.0,
Q6PJT7,1.0,1.0,caffeine,ZC3H14,79882,0.0,
Q6PKG0,1.0,1.0,caffeine,LARP1,23367,0.0,
Q6PL18,1.0,1.0,caffeine,ATAD2,29028,0.0,
Q6PL24,1.0,1.0,caffeine,TMED8,283578,0.0,
Q6Q0C0,1.0,1.0,caffeine,TRAF7,84231,0.0,
Q6SPF0,1.0,1.0,caffeine,SAMD1,90378,0.0,
Q6UB35,1.0,1.0,caffeine,MTHFD1L,25902,1.0,Reactome_R-HSA-1430728
Q6UB98,1.0,1.0,caffeine,ANKRD12,23253,0.0,
Q6UB99,1.0,1.0,caffeine,ANKRD11,29123,0.0,
Q6ULP2,1.0,1.0,caffeine,AFTPH,54812,0.0,
Q6UN15,1.0,1.0,caffeine,FIP1L1,81608,0.0,
Q6UUV7,1.0,1.0,caffeine,CRTC3,64784,0.0,
Q6UUV9,1.0,1.0,caffeine,CRTC1,23373,0.0,
Q6UWH4,1.0,1.0,caffeine,GASK1B,51313,0.0,
Q6UWX4,1.0,1.0,caffeine,HHIPL2,79802,0.0,
Q6UWZ7,1.0,1.0,caffeine,ABRAXAS1,84142,0.0,
Q6UX68,1.0,1.0,caffeine,XKR5,389610,0.0,
Q6UXD5,1.0,1.0,caffeine,SEZ6L2,26470,0.0,
Q6UXV4,1.0,1.0,caffeine,APOOL,139322,0.0,
Q6UXY1,1.0,1.0,caffeine,BAIAP2L2,80115,0.0,
Q6VMQ6,1.0,1.0,caffeine,ATF7IP,55729,0.0,
Q6VY07,1.0,1.0,caffeine,PACS1,55690,0.0,
Q6W2J9,1.0,1.0,caffeine,BCOR,54880,0.0,
Q6XYQ8,1.0,1.0,caffeine,SYT10,341359,0.0,
Q6XZF7,1.0,1.0,caffeine,DNMBP,23268,0.0,
Q6Y7W6,1.0,1.0,caffeine,GIGYF2,26058,0.0,
Q6ZMQ8,1.0,1.0,caffeine,AATK,9625,0.0,
Q6ZN18,1.0,1.0,caffeine,AEBP2,121536,0.0,
Q6ZNJ1,1.0,1.0,caffeine,NBEAL2,23218,0.0,
Q6ZQN7,1.0,1.0,caffeine,SLCO4C1,353189,0.0,
Q6ZRI6,1.0,1.0,caffeine,C15ORF39,56905,0.0,
Q6ZRS2,1.0,1.0,caffeine,SRCAP,10847,0.0,
Q6ZRV2,1.0,1.0,caffeine,SACK1H,286077,0.0,
Q6ZS30,1.0,1.0,caffeine,NBEAL1,65065,0.0,
Q6ZSB9,1.0,1.0,caffeine,ZBTB49,166793,0.0,
Q6ZSZ5,1.0,1.0,caffeine,ARHGEF18,23370,0.0,
Q6ZU80,1.0,1.0,caffeine,CEP128,145508,0.0,
Q6ZUT9,1.0,1.0,caffeine,DENND5B,160518,0.0,
Q6ZV73,1.0,1.0,caffeine,FGD6,55785,0.0,
Q6ZV89,1.0,1.0,caffeine,SH2D5,400745,0.0,
Q6ZVD7,1.0,1.0,caffeine,STOX1,219736,0.0,
Q6ZVM7,1.0,1.0,caffeine,TOM1L2,146691,0.0,
Q6ZWJ1,1.0,1.0,caffeine,STXBP4,252983,0.0,
Q709C8,1.0,1.0,caffeine,VPS13C,54832,0.0,
Q70CQ2,1.0,1.0,caffeine,USP34,9736,0.0,
Q70CQ4,1.0,1.0,caffeine,USP31,57478,0.0,
Q70EL1,1.0,1.0,caffeine,USP54,159195,0.0,
Q70EL4,1.0,1.0,caffeine,USP43,124739,0.0,
Q70SY1,1.0,1.0,caffeine,CREB3L2,64764,0.0,
Q70Z53,1.0,1.0,caffeine,FRA10AC1,118924,0.0,
Q71DI3,1.0,1.0,caffeine,H3C15,333932,0.0,
Q71F23,1.0,1.0,caffeine,CENPU,79682,0.0,
Q71RG4,1.0,1.0,caffeine,TMUB2,79089,0.0,
Q765P7,1.0,1.0,caffeine,MTSS2,92154,0.0,
Q76FK4,1.0,1.0,caffeine,NOL8,55035,0.0,
Q76I76,1.0,1.0,caffeine,SSH2,85464,0.0,
Q76L83,1.0,1.0,caffeine,ASXL2,55252,0.0,
Q76N32,1.0,1.0,caffeine,CEP68,23177,0.0,
Q7JRC3,1.0,1.0,caffeine,JHEH1,251984,0.0,
Q7JVG2,1.0,1.0,caffeine,APS,39226,0.0,
Q7KK90,1.0,1.0,caffeine,GSTE1,37106,0.0,
Q7KR10,1.0,1.0,caffeine,CYP12D1-D,2768720,0.0,
Q7KTX7,1.0,1.0,Ginsenoside rb1,PARK,40336,0.0,
Q7KZ85,1.0,1.0,caffeine,SUPT6H,6830,0.0,
Q7KZF4,1.0,1.0,caffeine,SND1,27044,0.0,
Q7KZI7,1.0,1.0,caffeine,MARK2,2011,0.0,
Q7L014,1.0,1.0,caffeine,DDX46,9879,0.0,
Q7L2E3,1.0,1.0,caffeine,DHX30,22907,0.0,
Q7L2H7,1.0,1.0,caffeine,EIF3M,10480,0.0,
Q7L3B6,1.0,1.0,caffeine,CDC37L1,55664,0.0,
Q7L576,1.0,1.0,caffeine,CYFIP1,23191,0.0,
Q7L7X3,1.0,1.0,caffeine,TAOK1,57551,0.0,
Q7L9B9,1.0,1.0,caffeine,EEPD1,80820,0.0,
Q7RTU3,1.0,1.0,caffeine,OLIG3,167826,0.0,
Q7Z2T5,1.0,1.0,caffeine,TRMT1L,81627,0.0,
Q7Z2W4,1.0,1.0,caffeine,ZC3HAV1,56829,0.0,
Q7Z2Z1,1.0,1.0,caffeine,TICRR,90381,0.0,
Q7Z309,1.0,1.0,caffeine,PABIR2,159090,0.0,
Q7Z333,1.0,1.0,caffeine,SETX,23064,0.0,
Q7Z3C6,1.0,1.0,caffeine,ATG9A,79065,0.0,
Q7Z3D4,1.0,1.0,caffeine,LYSMD3,116068,0.0,
Q7Z3T8,1.0,1.0,caffeine,ZFYVE16,9765,0.0,
Q7Z3U7,1.0,1.0,caffeine,MON2,23041,0.0,
Q7Z3V4,1.0,1.0,caffeine,UBE3B,89910,0.0,
Q7Z401,1.0,1.0,caffeine,DENND4A,10260,0.0,
Q7Z402,1.0,1.0,caffeine,TMC7,79905,0.0,
Q7Z403,1.0,1.0,caffeine,TMC6,11322,0.0,
Q7Z417,1.0,1.0,caffeine,NUFIP2,57532,0.0,
Q7Z422,1.0,1.0,caffeine,SZRD1,26099,0.0,
Q7Z460,1.0,1.0,caffeine,CLASP1,23332,0.0,
Q7Z478,1.0,1.0,caffeine,DHX29,54505,0.0,
Q7Z4H3,1.0,1.0,caffeine,HDDC2,51020,0.0,
Q7Z4H7,1.0,1.0,caffeine,HAUS6,54801,0.0,
Q7Z4Q2,1.0,1.0,caffeine,HEATR3,55027,0.0,
Q7Z4V5,1.0,1.0,caffeine,HDGFL2,84717,0.0,
Q7Z4W1,1.0,1.0,caffeine,DCXR,51181,1.0,Reactome_R-HSA-1430728
Q7Z569,1.0,1.0,caffeine,BRAP,8315,0.0,
Q7Z589,1.0,1.0,caffeine,EMSY,56946,0.0,
Q7Z591,1.0,1.0,caffeine,AKNA,80709,0.0,
Q7Z5K2,1.0,1.0,caffeine,WAPL,23063,0.0,
Q7Z5Q1,1.0,1.0,caffeine,CPEB2,132864,0.0,
Q7Z698,1.0,1.0,caffeine,SPRED2,200734,0.0,
Q7Z699,1.0,1.0,caffeine,SPRED1,161742,0.0,
Q7Z6B7,1.0,1.0,caffeine,SRGAP1,57522,0.0,
Q7Z6J9,1.0,1.0,caffeine,TSEN54,283989,0.0,
Q7Z6Z7,1.0,1.0,caffeine,HUWE1,10075,0.0,
Q7Z713,1.0,1.0,caffeine,ANKRD37,353322,0.0,
Q7Z7G8,1.0,1.0,caffeine,VPS13B,157680,0.0,
Q7Z7J9,1.0,1.0,caffeine,CAMK2N1,55450,0.0,
Q7Z7K6,1.0,1.0,caffeine,CENPV,201161,0.0,
Q86SE8,1.0,1.0,caffeine,NPM2,10361,0.0,
Q86SQ4,1.0,1.0,caffeine,ADGRG6,57211,0.0,
Q86T82,1.0,1.0,caffeine,USP37,57695,0.0,
Q86TI2,1.0,1.0,caffeine,DPP9,91039,0.0,
Q86TU7,1.0,1.0,caffeine,SETD3,84193,0.0,
Q86TX2,1.0,1.0,caffeine,ACOT1,641371,0.0,
Q86U86,1.0,1.0,caffeine,PBRM1,55193,0.0,
Q86U90,1.0,1.0,caffeine,YRDC,79693,0.0,
Q86UD5,1.0,1.0,caffeine,SLC9B2,133308,0.0,
Q86UE4,1.0,1.0,caffeine,MTDH,92140,0.0,
Q86UE8,1.0,1.0,caffeine,TLK2,11011,0.0,
Q86UK7,1.0,1.0,caffeine,ZNF598,90850,0.0,
Q86UQ4,1.0,1.0,caffeine,ABCA13,154664,0.0,
Q86UU0,1.0,1.0,caffeine,BCL9L,283149,0.0,
Q86UW2,1.0,1.0,caffeine,SLC51B,123264,1.0,Reactome_R-HSA-1430728
Q86UX6,1.0,1.0,caffeine,STK32C,282974,0.0,
Q86V24,1.0,1.0,caffeine,ADIPOR2,79602,1.0,Reactome_R-HSA-1430728
Q86V81,1.0,1.0,caffeine,ALYREF,10189,0.0,
Q86V87,1.0,1.0,caffeine,FHIP2B,64760,0.0,
Q86VI3,1.0,1.0,caffeine,IQGAP3,128239,0.0,
Q86VL8,1.0,1.0,caffeine,SLC47A2,146802,0.0,
Q86VM9,1.0,1.0,caffeine,ZC3H18,124245,0.0,
Q86VP3,1.0,1.0,caffeine,PACS2,23241,0.0,
Q86VQ1,1.0,1.0,caffeine,GLCCI1,113263,0.0,
Q86VS8,1.0,1.0,caffeine,HOOK3,84376,0.0,
Q86VZ1,1.0,1.0,caffeine,P2RY8,286530,0.0,
Q86W33,1.0,1.0,caffeine,TPRA1,131601,0.0,
Q86W42,1.0,1.0,caffeine,THOC6,79228,0.0,
Q86W47,1.0,1.0,forskolin,KCNMB4,27345,0.0,
Q86W56,1.0,1.0,caffeine,PARG,8505,0.0,
Q86W92,1.0,1.0,caffeine,PPFIBP1,8496,0.0,
Q86WB0,1.0,1.0,caffeine,ZC3HC1,51530,0.0,
Q86WC4,1.0,1.0,caffeine,OSTM1,28962,0.0,
Q86WJ1,1.0,1.0,caffeine,CHD1L,9557,0.0,
Q86WP2,1.0,1.0,caffeine,GPBP1,65056,0.0,
Q86X29,1.0,1.0,caffeine,LSR,51599,0.0,
Q86XK2,1.0,1.0,caffeine,FBXO11,80204,0.0,
Q86XL3,1.0,1.0,caffeine,ANKLE2,23141,0.0,
Q86XP3,1.0,1.0,caffeine,DDX42,11325,0.0,
Q86XX4,1.0,1.0,caffeine,FRAS1,80144,0.0,
Q86Y13,1.0,1.0,caffeine,DZIP3,9666,0.0,
Q86Y82,1.0,1.0,caffeine,STX12,23673,0.0,
Q86YA3,1.0,1.0,caffeine,ZGRF1,55345,0.0,
Q86YC2,1.0,1.0,caffeine,PALB2,79728,0.0,
Q86YH2,1.0,1.0,caffeine,ZNF280B,140883,0.0,
Q86YM7,1.0,1.0,caffeine,HOMER1,9456,0.0,
Q86YP4,1.0,1.0,caffeine,GATAD2A,54815,0.0,
Q8CE64,1.0,1.0,caffeine,ZFP276,57247,0.0,
Q8IU81,1.0,1.0,caffeine,IRF2BP1,26145,0.0,
Q8IUD2,1.0,1.0,caffeine,ERC1,23085,0.0,
Q8IUD6,1.0,1.0,caffeine,RNF135,84282,0.0,
Q8IUW5,1.0,1.0,caffeine,RELL1,768211,0.0,
Q8IV31,1.0,1.0,caffeine,TMEM139,135932,0.0,
Q8IV63,1.0,1.0,caffeine,VRK3,51231,0.0,
Q8IVH2,1.0,1.0,caffeine,FOXP4,116113,0.0,
Q8IVL1,1.0,1.0,caffeine,NAV2,89797,0.0,
Q8IVL6,1.0,1.0,caffeine,P3H3,10536,0.0,
Q8IVM0,1.0,1.0,caffeine,CCDC50,152137,0.0,
Q8IVW6,1.0,1.0,caffeine,ARID3B,10620,0.0,
Q8IWB7,1.0,1.0,caffeine,WDFY1,57590,0.0,
Q8IWB9,1.0,1.0,caffeine,TEX2,55852,0.0,
Q8IWD4,1.0,1.0,caffeine,CCDC117,150275,0.0,
Q8IWF6,1.0,1.0,caffeine,DENND6A,201627,0.0,
Q8IWR0,1.0,1.0,caffeine,ZC3H7A,29066,0.0,
Q8IWU2,1.0,1.0,caffeine,LMTK2,22853,0.0,
Q8IWV7,1.0,1.0,caffeine,UBR1,197131,0.0,
Q8IWV8,1.0,1.0,caffeine,UBR2,23304,0.0,
Q8IWW6,1.0,1.0,caffeine,ARHGAP12,94134,0.0,
Q8IWX8,1.0,1.0,caffeine,CHERP,10523,0.0,
Q8IWY9,1.0,1.0,caffeine,CDAN1,146059,0.0,
Q8IWZ3,1.0,1.0,caffeine,ANKHD1,54882,0.0,
Q8IX01,1.0,1.0,caffeine,SUGP2,10147,0.0,
Q8IX03,1.0,1.0,caffeine,WWC1,23286,0.0,
Q8IX07,1.0,1.0,caffeine,ZFPM1,161882,0.0,
Q8IX12,1.0,1.0,caffeine,CCAR1,55749,0.0,
Q8IX21,1.0,1.0,caffeine,SLF2,55719,0.0,
Q8IXJ6,1.0,1.0,Ethanolamine,SIRT2,22933,0.0,
Q8IXJ9,1.0,1.0,caffeine,ASXL1,171023,0.0,
Q8IXS8,1.0,1.0,caffeine,HYCC2,285172,0.0,
Q8IXZ2,1.0,1.0,caffeine,ZC3H3,23144,0.0,
Q8IY18,1.0,1.0,caffeine,SMC5,23137,0.0,
Q8IY22,1.0,1.0,caffeine,CMIP,80790,0.0,
Q8IY42,1.0,1.0,caffeine,PGCKA1,55286,0.0,
Q8IY57,1.0,1.0,caffeine,YAF2,10138,0.0,
Q8IY81,1.0,1.0,caffeine,FTSJ3,117246,0.0,
Q8IY92,1.0,1.0,caffeine,SLX4,84464,0.0,
Q8IYB3,1.0,1.0,caffeine,SRRM1,10250,0.0,
Q8IYB7,1.0,1.0,caffeine,DIS3L2,129563,0.0,
Q8IYD8,1.0,1.0,caffeine,FANCM,57697,0.0,
Q8IYI0,1.0,1.0,caffeine,SHLD1,149840,0.0,
Q8IYJ3,1.0,1.0,caffeine,SYTL1,84958,0.0,
Q8IYL3,1.0,1.0,caffeine,C1ORF174,339448,0.0,
Q8IYP9,1.0,1.0,caffeine,ZDHHC23,254887,0.0,
Q8IYU2,1.0,1.0,caffeine,HACE1,57531,0.0,
Q8IZ07,1.0,1.0,caffeine,ANKRD13A,88455,0.0,
Q8IZ21,1.0,1.0,caffeine,PHACTR4,65979,0.0,
Q8IZD4,1.0,1.0,caffeine,DCP1B,196513,0.0,
Q8IZL2,1.0,1.0,caffeine,MAML2,84441,0.0,
Q8IZP0,1.0,1.0,caffeine,ABI1,10006,0.0,
Q8IZR5,1.0,1.0,caffeine,CMTM4,146223,0.0,
Q8IZT6,1.0,1.0,caffeine,ASPM,259266,0.0,
Q8N0W3,1.0,1.0,caffeine,FCSK,197258,0.0,
Q8N0X7,1.0,1.0,caffeine,SPART,23111,0.0,
Q8N0Z3,1.0,1.0,caffeine,SPICE1,152185,0.0,
Q8N128,1.0,1.0,caffeine,FAM177A1,283635,0.0,
Q8N163,1.0,1.0,caffeine,CCAR2,57805,0.0,
Q8N1F7,1.0,1.0,caffeine,NUP93,9688,1.0,Reactome_R-HSA-1430728
Q8N1F8,1.0,1.0,caffeine,STK11IP,114790,0.0,
Q8N1G0,1.0,1.0,caffeine,ZNF687,57592,0.0,
Q8N1G1,1.0,1.0,caffeine,REXO1,57455,0.0,
Q8N1G2,1.0,1.0,caffeine,CMTR1,23070,0.0,
Q8N1I0,1.0,1.0,caffeine,DOCK4,9732,0.0,
Q8N1S5,1.0,1.0,caffeine,SLC39A11,201266,0.0,
Q8N1W1,1.0,1.0,caffeine,ARHGEF28,64283,0.0,
Q8N2C7,1.0,1.0,caffeine,UNC80,285175,0.0,
Q8N300,1.0,1.0,caffeine,SVBP,374969,0.0,
Q8N302,1.0,1.0,caffeine,AGGF1,55109,0.0,
Q8N328,1.0,1.0,caffeine,PGBD3,267004,0.0,
Q8N350,1.0,1.0,caffeine,CBARP,255057,0.0,
Q8N357,1.0,1.0,caffeine,SLC35F6,54978,0.0,
Q8N370,1.0,1.0,caffeine,SLC43A2,124935,0.0,
Q8N392,1.0,1.0,caffeine,ARHGAP18,93663,0.0,
Q8N3D4,1.0,1.0,caffeine,EHBP1L1,254102,0.0,
Q8N3U4,1.0,1.0,caffeine,STAG2,10735,0.0,
Q8N3V7,1.0,1.0,caffeine,SYNPO,11346,0.0,
Q8N3X1,1.0,1.0,caffeine,FNBP4,23360,0.0,
Q8N4C6,1.0,1.0,caffeine,NIN,51199,0.0,
Q8N4S9,1.0,1.0,caffeine,MARVELD2,153562,0.0,
Q8N4V1,1.0,1.0,caffeine,MMGT1,93380,0.0,
Q8N5A5,1.0,1.0,caffeine,ZGPAT,84619,0.0,
Q8N5C6,1.0,1.0,caffeine,SRBD1,55133,0.0,
Q8N612,1.0,1.0,caffeine,FHIP1B,84067,0.0,
Q8N680,1.0,1.0,caffeine,ZBTB2,57621,0.0,
Q8N684,1.0,1.0,caffeine,CPSF7,79869,0.0,
Q8N695,1.0,1.0,caffeine,SLC5A8,160728,1.0,Reactome_R-HSA-1430728
Q8N6H7,1.0,1.0,caffeine,ARFGAP2,84364,0.0,
Q8N6P7,1.0,1.0,caffeine,IL22RA1,58985,0.0,
Q8N6Q1,1.0,1.0,caffeine,TMCO5A,145942,0.0,
Q8N6S5,1.0,1.0,caffeine,ARL6IP6,151188,0.0,
Q8N6T3,1.0,1.0,caffeine,ARFGAP1,55738,0.0,
Q8N720,1.0,1.0,caffeine,ZNF655,79027,0.0,
Q8N7R7,1.0,1.0,caffeine,CCNYL1,151195,0.0,
Q8N806,1.0,1.0,caffeine,UBR7,55148,0.0,
Q8N8A6,1.0,1.0,caffeine,DDX51,317781,0.0,
Q8N8E2,1.0,1.0,caffeine,ZNF513,130557,0.0,
Q8N8Z6,1.0,1.0,caffeine,DCBLD1,285761,0.0,
Q8N961,1.0,1.0,caffeine,ABTB2,25841,0.0,
Q8N9M1,1.0,1.0,caffeine,C19ORF47,126526,0.0,
Q8N9M5,1.0,1.0,caffeine,TMEM102,284114,0.0,
Q8N9Q2,1.0,1.0,caffeine,SREK1IP1,285672,0.0,
Q8NAF0,1.0,1.0,caffeine,ZNF579,163033,0.0,
Q8NAP3,1.0,1.0,caffeine,ZBTB38,253461,0.0,
Q8NB25,1.0,1.0,caffeine,FAM184A,79632,0.0,
Q8NB66,1.0,1.0,caffeine,UNC13C,440279,0.0,
Q8NBD8,1.0,1.0,caffeine,TMEM229B,161145,0.0,
Q8NBU5,1.0,1.0,caffeine,ATAD1,84896,0.0,
Q8NBV4,1.0,1.0,caffeine,PLPP7,84814,0.0,
Q8NBX0,1.0,1.0,caffeine,SCCPDH,51097,0.0,
Q8NC51,1.0,1.0,caffeine,SERBP1,26135,0.0,
Q8NCA9,1.0,1.0,caffeine,ZNF784,147808,0.0,
Q8NCD3,1.0,1.0,caffeine,HJURP,55355,0.0,
Q8NCE0,1.0,1.0,caffeine,TSEN2,80746,0.0,
Q8NCE2,1.0,1.0,caffeine,MTMR14,64419,0.0,
Q8NCF5,1.0,1.0,caffeine,NFATC2IP,84901,0.0,
Q8NCG7,1.0,1.0,caffeine,DAGLB,221955,0.0,
Q8NCJ5,1.0,1.0,caffeine,SPRYD3,84926,0.0,
Q8NCP5,1.0,1.0,caffeine,ZBTB44,29068,0.0,
Q8ND04,1.0,1.0,caffeine,SMG8,55181,0.0,
Q8ND76,1.0,1.0,caffeine,CCNY,219771,0.0,
Q8ND82,1.0,1.0,caffeine,ZNF280C,55609,0.0,
Q8NDV7,1.0,1.0,caffeine,TNRC6A,27327,0.0,
Q8NDX5,1.0,1.0,caffeine,PHC3,80012,0.0,
Q8NE01,1.0,1.0,caffeine,CNNM3,26505,0.0,
Q8NEE6,1.0,1.0,caffeine,FBXL13,222235,0.0,
Q8NEF9,1.0,1.0,caffeine,SRFBP1,153443,0.0,
Q8NEJ9,1.0,1.0,caffeine,NGDN,25983,0.0,
Q8NEL9,1.0,1.0,caffeine,DDHD1,80821,1.0,Reactome_R-HSA-1430728
Q8NEM7,1.0,1.0,caffeine,SUPT20H,55578,0.0,
Q8NEN9,1.0,1.0,caffeine,PDZD8,118987,0.0,
Q8NEQ6,1.0,1.0,caffeine,SRARP,149563,0.0,
Q8NET4,1.0,1.0,caffeine,RTL9,57529,0.0,
Q8NEW0,1.0,1.0,caffeine,SLC30A7,148867,0.0,
Q8NF91,1.0,1.0,caffeine,SYNE1,23345,0.0,
Q8NFA0,1.0,1.0,caffeine,USP32,84669,0.0,
Q8NFC6,1.0,1.0,caffeine,BOD1L1,259282,0.0,
Q8NFD5,1.0,1.0,caffeine,ARID1B,57492,0.0,
Q8NFG4,1.0,1.0,caffeine,FLCN,201163,0.0,
Q8NFH5,1.0,1.0,caffeine,NUP35,129401,1.0,Reactome_R-HSA-1430728
Q8NFM4,1.0,1.0,forskolin,ADCY4,196883,0.0,
Q8NFQ8,1.0,1.0,caffeine,TOR1AIP2,163590,0.0,
Q8NFZ0,1.0,1.0,caffeine,FBH1,84893,0.0,
Q8NFZ5,1.0,1.0,caffeine,TNIP2,79155,0.0,
Q8NG08,1.0,1.0,caffeine,HELB,92797,0.0,
Q8NG11,1.0,1.0,caffeine,TSPAN14,81619,0.0,
Q8NHG8,1.0,1.0,caffeine,ZNRF2,223082,0.0,
Q8NHH9,1.0,1.0,caffeine,ATL2,64225,0.0,
Q8NHQ9,1.0,1.0,caffeine,DDX55,57696,0.0,
Q8NHU6,1.0,1.0,caffeine,TDRD7,23424,0.0,
Q8NHV4,1.0,1.0,caffeine,NEDD1,121441,0.0,
Q8NHZ8,1.0,1.0,caffeine,CDC26,246184,0.0,
Q8NI08,1.0,1.0,caffeine,NCOA7,135112,0.0,
Q8NI27,1.0,1.0,caffeine,THOC2,57187,0.0,
Q8NI35,1.0,1.0,caffeine,PATJ,10207,0.0,
Q8NI60,1.0,1.0,caffeine,COQ8A,56997,0.0,
Q8TAA9,1.0,1.0,caffeine,VANGL1,81839,0.0,
Q8TAD8,1.0,1.0,caffeine,SNIP1,79753,0.0,
Q8TAF3,1.0,1.0,caffeine,WDR48,57599,0.0,
Q8TAI7,1.0,1.0,caffeine,RHEBL1,121268,0.0,
Q8TAP9,1.0,1.0,caffeine,MPLKIP,136647,0.0,
Q8TAQ2,1.0,1.0,caffeine,SMARCC2,6601,0.0,
Q8TAV0,1.0,1.0,caffeine,FAM76A,199870,0.0,
Q8TBE7,1.0,1.0,caffeine,SLC35G2,80723,0.0,
Q8TBF4,1.0,1.0,caffeine,ZCRB1,85437,0.0,
Q8TBK6,1.0,1.0,caffeine,ZCCHC10,54819,0.0,
Q8TBP0,1.0,1.0,caffeine,TBC1D16,125058,0.0,
Q8TBZ3,1.0,1.0,caffeine,WDR20,91833,0.0,
Q8TBZ5,1.0,1.0,caffeine,ZNF502,91392,0.0,
Q8TC71,1.0,1.0,caffeine,SPATA18,132671,0.0,
Q8TCJ2,1.0,1.0,caffeine,STT3B,201595,0.0,
Q8TCN5,1.0,1.0,caffeine,ZNF507,22847,0.0,
Q8TD08,1.0,1.0,forskolin,MAPK15,225689,0.0,
Q8TD16,1.0,1.0,caffeine,BICD2,23299,0.0,
Q8TD19,1.0,1.0,caffeine,NEK9,91754,0.0,
Q8TD26,1.0,1.0,caffeine,CHD6,84181,0.0,
Q8TD55,1.0,1.0,caffeine,PLEKHO2,80301,0.0,
Q8TDB6,1.0,1.0,caffeine,DTX3L,151636,0.0,
Q8TDD1,1.0,1.0,caffeine,DDX54,79039,0.0,
Q8TDJ6,1.0,1.0,caffeine,DMXL2,23312,0.0,
Q8TDM6,1.0,1.0,caffeine,DLG5,9231,0.0,
Q8TDN4,1.0,1.0,caffeine,CABLES1,91768,0.0,
Q8TDY4,1.0,1.0,caffeine,ASAP3,55616,0.0,
Q8TE67,1.0,1.0,caffeine,EPS8L3,79574,0.0,
Q8TEA8,1.0,1.0,caffeine,DTD1,92675,0.0,
Q8TEH3,1.0,1.0,caffeine,DENND1A,57706,0.0,
Q8TEK3,1.0,1.0,caffeine,DOT1L,84444,0.0,
Q8TEM1,1.0,1.0,caffeine,NUP210,23225,1.0,Reactome_R-HSA-1430728
Q8TEP8,1.0,1.0,caffeine,CEP192,55125,0.0,
Q8TEQ6,1.0,1.0,caffeine,GEMIN5,25929,0.0,
Q8TER5,1.0,1.0,caffeine,ARHGEF40,55701,0.0,
Q8TEV9,1.0,1.0,caffeine,SMCR8,140775,0.0,
Q8TEW0,1.0,1.0,caffeine,PARD3,56288,0.0,
Q8TEW6,1.0,1.0,caffeine,DOK4,55715,0.0,
Q8TF30,1.0,1.0,caffeine,WHAMM,123720,0.0,
Q8TF40,1.0,1.0,caffeine,FNIP1,96459,0.0,
Q8TF65,1.0,1.0,caffeine,GIPC2,54810,0.0,
Q8UW07,1.0,1.0,caffeine,CYP1A,140634,0.0,
Q8WTT2,1.0,1.0,caffeine,NOC3L,64318,0.0,
Q8WTU2,1.0,1.0,caffeine,SSC4D,136853,0.0,
Q8WTV1,1.0,1.0,caffeine,THAP3,90326,0.0,
Q8WU20,1.0,1.0,caffeine,FRS2,10818,0.0,
Q8WU90,1.0,1.0,caffeine,ZC3H15,55854,0.0,
Q8WUA7,1.0,1.0,caffeine,TBC1D22A,25771,0.0,
Q8WUB8,1.0,1.0,caffeine,PHF10,55274,0.0,
Q8WUG5,1.0,1.0,caffeine,SLC22A17,51310,0.0,
Q8WUM0,1.0,1.0,caffeine,NUP133,55746,1.0,Reactome_R-HSA-1430728
Q8WUX9,1.0,1.0,caffeine,CHMP7,91782,0.0,
Q8WUZ0,1.0,1.0,caffeine,BCL7C,9274,0.0,
Q8WV41,1.0,1.0,caffeine,SNX33,257364,0.0,
Q8WV99,1.0,1.0,caffeine,ZFAND2B,130617,0.0,
Q8WVB6,1.0,1.0,caffeine,CHTF18,63922,0.0,
Q8WVC0,1.0,1.0,caffeine,LEO1,123169,0.0,
Q8WVE0,1.0,1.0,caffeine,EEF1AKMT1,221143,0.0,
Q8WVM7,1.0,1.0,caffeine,STAG1,10274,0.0,
Q8WVR3,1.0,1.0,caffeine,TRAPPC14,55262,0.0,
Q8WVT3,1.0,1.0,caffeine,TRAPPC12,51112,0.0,
Q8WVV4,1.0,1.0,caffeine,POF1B,79983,0.0,
Q8WVV9,1.0,1.0,caffeine,HNRNPLL,92906,0.0,
Q8WW12,1.0,1.0,caffeine,PCNP,57092,0.0,
Q8WWA1,1.0,1.0,caffeine,TMEM40,55287,0.0,
Q8WWH5,1.0,1.0,caffeine,TRUB1,142940,0.0,
Q8WWI1,1.0,1.0,caffeine,LMO7,4008,0.0,
Q8WWK9,1.0,1.0,caffeine,CKAP2,26586,0.0,
Q8WWL2,1.0,1.0,caffeine,SPIRE2,84501,0.0,
Q8WWM7,1.0,1.0,caffeine,ATXN2L,11273,0.0,
Q8WXA9,1.0,1.0,caffeine,SREK1,140890,0.0,
Q8WXD0,1.0,1.0,forskolin,RXFP2,122042,0.0,
Q8WXD5,1.0,1.0,caffeine,GEMIN6,79833,0.0,
Q8WXE0,1.0,1.0,caffeine,CASKIN2,57513,0.0,
Q8WXE1,1.0,1.0,caffeine,ATRIP,84126,0.0,
Q8WXH0,1.0,1.0,caffeine,SYNE2,23224,0.0,
Q8WXI7,1.0,1.0,caffeine,MUC16,94025,0.0,
Q8WXI9,1.0,1.0,caffeine,GATAD2B,57459,0.0,
Q8WXX7,1.0,1.0,caffeine,AUTS2,26053,0.0,
Q8WY36,1.0,1.0,caffeine,BBX,56987,0.0,
Q8WYL5,1.0,1.0,caffeine,SSH1,54434,0.0,
Q8WYP5,1.0,1.0,caffeine,AHCTF1,25909,0.0,
Q8WYQ5,1.0,1.0,caffeine,DGCR8,54487,0.0,
Q8WZ42,1.0,1.0,caffeine,TTN,7273,0.0,
Q8WZ73,1.0,1.0,caffeine,RFFL,117584,0.0,
Q91VB8,1.0,1.0,caffeine,HBA-A1,15122,0.0,
Q92538,1.0,1.0,caffeine,GBF1,8729,0.0,
Q92540,1.0,1.0,caffeine,SMG7,9887,0.0,
Q92545,1.0,1.0,caffeine,TMEM131,23505,0.0,
Q92547,1.0,1.0,caffeine,TOPBP1,11073,0.0,
Q92560,1.0,1.0,caffeine,BAP1,8314,0.0,
Q92563,1.0,1.0,caffeine,SPOCK2,9806,0.0,
Q92567,1.0,1.0,caffeine,FAM168A,23201,0.0,
Q92574,1.0,1.0,caffeine,TSC1,7248,0.0,
Q92575,1.0,1.0,caffeine,UBXN4,23190,0.0,
Q92581,1.0,1.0,caffeine,SLC9A6,10479,0.0,
Q92597,1.0,1.0,caffeine,NDRG1,10397,0.0,
Q92598,1.0,1.0,caffeine,HSPH1,10808,0.0,
Q92609,1.0,1.0,caffeine,TBC1D5,9779,0.0,
Q92610,1.0,1.0,caffeine,ZNF592,9640,0.0,
Q92613,1.0,1.0,caffeine,JADE3,9767,0.0,
Q92614,1.0,1.0,caffeine,MYO18A,399687,0.0,
Q92618,1.0,1.0,caffeine,ZNF516,9658,0.0,
Q92619,1.0,1.0,caffeine,ARHGAP45,23526,0.0,
Q92621,1.0,1.0,caffeine,NUP205,23165,1.0,Reactome_R-HSA-1430728
Q92625,1.0,1.0,caffeine,ANKS1A,23294,0.0,
Q92667,1.0,1.0,caffeine,AKAP1,8165,0.0,
Q92673,1.0,1.0,caffeine,SORL1,6653,0.0,
Q92692,1.0,1.0,caffeine,NECTIN2,5819,0.0,
Q92734,1.0,1.0,caffeine,TFG,10342,0.0,
Q92736,1.0,1.0,caffeine,RYR2,6262,0.0,
Q92738,1.0,1.0,caffeine,USP6NL,9712,0.0,
Q92748,1.0,1.0,caffeine,THRSP,7069,1.0,Reactome_R-HSA-1430728
Q92753,1.0,1.0,forskolin,RORB,6096,0.0,
Q92766,1.0,1.0,caffeine,RREB1,6239,0.0,
Q92783,1.0,1.0,caffeine,STAM,8027,0.0,
Q92785,1.0,1.0,caffeine,DPF2,5977,0.0,
Q92794,1.0,1.0,caffeine,KAT6A,7994,0.0,
Q92797,1.0,1.0,caffeine,SYMPK,8189,0.0,
Q92804,1.0,1.0,caffeine,TAF15,8148,0.0,
Q92823,1.0,1.0,caffeine,NRCAM,4897,0.0,
Q92833,1.0,1.0,caffeine,JARID2,3720,0.0,
Q92841,1.0,1.0,caffeine,DDX17,10521,0.0,
Q92844,1.0,1.0,caffeine,TANK,10010,0.0,
Q92882,1.0,1.0,caffeine,OSTF1,26578,0.0,
Q92888,1.0,1.0,caffeine,ARHGEF1,9138,0.0,
Q92890,1.0,1.0,caffeine,UFD1,7353,0.0,
Q92900,1.0,1.0,caffeine,UPF1,5976,0.0,
Q92917,1.0,1.0,caffeine,GPKOW,27238,0.0,
Q92922,1.0,1.0,caffeine,SMARCC1,6599,0.0,
Q92952,1.0,1.0,forskolin,KCNN1,3780,0.0,
Q92968,1.0,1.0,caffeine,PEX13,5194,0.0,
Q92974,1.0,1.0,caffeine,ARHGEF2,9181,0.0,
Q92979,1.0,1.0,caffeine,EMG1,10436,0.0,
Q92989,1.0,1.0,caffeine,CLP1,10978,0.0,
Q93008,1.0,1.0,caffeine,USP9X,8239,0.0,
Q93009,1.0,1.0,caffeine,USP7,7874,0.0,
Q93052,1.0,1.0,caffeine,LPP,4026,0.0,
Q93075,1.0,1.0,caffeine,TATDN2,9797,0.0,
Q93079,1.0,1.0,caffeine,H2BC9,8345,0.0,
Q969G3,1.0,1.0,caffeine,SMARCE1,6605,0.0,
Q969G9,1.0,1.0,caffeine,NKD1,85407,0.0,
Q969H4,1.0,1.0,caffeine,CNKSR1,10256,0.0,
Q969J3,1.0,1.0,caffeine,BORCS5,118426,0.0,
Q969L2,1.0,1.0,caffeine,MAL2,114569,0.0,
Q969S2,1.0,1.0,caffeine,NEIL2,252969,0.0,
Q969V6,1.0,1.0,caffeine,MRTFA,57591,0.0,
Q969Z0,1.0,1.0,caffeine,TBRG4,9238,0.0,
Q96A22,1.0,1.0,caffeine,C11ORF52,91894,0.0,
Q96A25,1.0,1.0,caffeine,TMEM106A,113277,0.0,
Q96A49,1.0,1.0,caffeine,SYAP1,94056,0.0,
Q96A57,1.0,1.0,caffeine,TMEM230,29058,0.0,
Q96A65,1.0,1.0,caffeine,EXOC4,60412,0.0,
Q96AC1,1.0,1.0,caffeine,FERMT2,10979,0.0,
Q96AE4,1.0,1.0,caffeine,FUBP1,8880,0.0,
Q96AG3,1.0,1.0,caffeine,SLC25A46,91137,0.0,
Q96AP0,1.0,1.0,caffeine,ACD,65057,0.0,
Q96AV8,1.0,1.0,caffeine,E2F7,144455,0.0,
Q96AY4,1.0,1.0,caffeine,TTC28,23331,0.0,
Q96B21,1.0,1.0,caffeine,TMEM45B,120224,0.0,
Q96B23,1.0,1.0,caffeine,ARK2N,147339,0.0,
Q96B33,1.0,1.0,caffeine,CLDN23,137075,0.0,
Q96B36,1.0,1.0,caffeine,AKT1S1,84335,0.0,
Q96B45,1.0,1.0,caffeine,BORCS7,119032,0.0,
Q96B49,1.0,1.0,caffeine,TOMM6,100188893,0.0,
Q96B97,1.0,1.0,caffeine,SH3KBP1,30011,0.0,
Q96BD0,1.0,1.0,caffeine,SLCO4A1,28231,0.0,
Q96BF3,1.0,1.0,caffeine,TMIGD2,126259,0.0,
Q96BH1,1.0,1.0,caffeine,RNF25,64320,0.0,
Q96BY7,1.0,1.0,caffeine,ATG2B,55102,0.0,
Q96BZ9,1.0,1.0,caffeine,TBC1D20,128637,0.0,
Q96C00,1.0,1.0,caffeine,ZBTB9,221504,0.0,
Q96C19,1.0,1.0,caffeine,EFHD2,79180,0.0,
Q96C34,1.0,1.0,caffeine,RUNDC1,146923,0.0,
Q96CJ1,1.0,1.0,caffeine,EAF2,55840,0.0,
Q96CP2,1.0,1.0,caffeine,FLYWCH2,114984,0.0,
Q96CP6,1.0,1.0,caffeine,GRAMD1A,57655,0.0,
Q96CP7,1.0,1.0,caffeine,TLCD1,116238,0.0,
Q96CV9,1.0,1.0,caffeine,OPTN,10133,0.0,
Q96CW6,1.0,1.0,caffeine,SLC7A6OS,84138,0.0,
Q96D46,1.0,1.0,caffeine,NMD3,51068,0.0,
Q96DF8,1.0,1.0,caffeine,ESS2,8220,0.0,
Q96DG6,1.0,1.0,caffeine,CMBL,134147,3.0,Reactome_R-HSA-1430728;Reactome_R-HSA-211859;Reactome_R-HSA-211945
Q96DI7,1.0,1.0,caffeine,SNRNP40,9410,0.0,
Q96DR4,1.0,1.0,caffeine,STARD4,134429,0.0,
Q96DR7,1.0,1.0,caffeine,ARHGEF26,26084,0.0,
Q96DY7,1.0,1.0,caffeine,MTBP,27085,0.0,
Q96E09,1.0,1.0,caffeine,PABIR1,116224,0.0,
Q96EI5,1.0,1.0,caffeine,TCEAL4,79921,0.0,
Q96EP5,1.0,1.0,caffeine,DAZAP1,26528,0.0,
Q96EQ0,1.0,1.0,caffeine,SGTB,54557,0.0,
Q96ET8,1.0,1.0,caffeine,TVP23C,201158,0.0,
Q96EV8,1.0,1.0,caffeine,DTNBP1,84062,0.0,
Q96EY5,1.0,1.0,caffeine,MVB12A,93343,0.0,
Q96F24,1.0,1.0,caffeine,NRBF2,29982,0.0,
Q96F45,1.0,1.0,caffeine,ZNF503,84858,0.0,
Q96F86,1.0,1.0,caffeine,EDC3,80153,0.0,
Q96FF9,1.0,1.0,caffeine,CDCA5,113130,0.0,
Q96FH0,1.0,1.0,caffeine,BORCS8,729991,0.0,
Q96FL8,1.0,1.0,caffeine,SLC47A1,55244,0.0,
Q96FS4,1.0,1.0,caffeine,SIPA1,6494,0.0,
Q96FV9,1.0,1.0,caffeine,THOC1,9984,0.0,
Q96FZ7,1.0,1.0,caffeine,CHMP6,79643,0.0,
Q96G03,1.0,1.0,caffeine,PGM2,55276,2.0,BioCyc_META_PWY-5941;Reactome_R-HSA-1430728
Q96G46,1.0,1.0,caffeine,DUS3L,56931,0.0,
Q96G74,1.0,1.0,caffeine,OTUD5,55593,0.0,
Q96GE4,1.0,1.0,caffeine,CEP95,90799,0.0,
Q96GM8,1.0,1.0,caffeine,TOE1,114034,0.0,
Q96GS4,1.0,1.0,caffeine,BORCS6,54785,0.0,
Q96GX5,1.0,1.0,caffeine,MASTL,84930,0.0,
Q96GY0,1.0,1.0,caffeine,ZC2HC1A,51101,0.0,
Q96GZ6,1.0,1.0,caffeine,SLC41A3,54946,0.0,
Q96H55,1.0,1.0,caffeine,MYO19,80179,0.0,
Q96H79,1.0,1.0,caffeine,ZC3HAV1L,92092,0.0,
Q96HB5,1.0,1.0,caffeine,CCDC120,90060,0.0,
Q96HC4,1.0,1.0,caffeine,PDLIM5,10611,0.0,
Q96HH4,1.0,1.0,caffeine,TMEM169,92691,0.0,
Q96HH9,1.0,1.0,caffeine,GRAMD2B,65983,0.0,
Q96HI0,1.0,1.0,caffeine,SENP5,205564,0.0,
Q96HR8,1.0,1.0,caffeine,NAF1,92345,0.0,
Q96HU1,1.0,1.0,caffeine,SGSM3,27352,0.0,
Q96HY6,1.0,1.0,caffeine,DDRGK1,65992,0.0,
Q96I24,1.0,1.0,caffeine,FUBP3,8939,0.0,
Q96IF1,1.0,1.0,caffeine,AJUBA,84962,0.0,
Q96IG2,1.0,1.0,caffeine,FBXL20,84961,0.0,
Q96IZ0,1.0,1.0,caffeine,PAWR,5074,0.0,
Q96J92,1.0,1.0,caffeine,WNK4,65266,0.0,
Q96JB3,1.0,1.0,caffeine,HIC2,23119,0.0,
Q96JC9,1.0,1.0,caffeine,EAF1,85403,0.0,
Q96JE7,1.0,1.0,caffeine,SEC16B,89866,0.0,
Q96JG6,1.0,1.0,caffeine,VPS50,55610,0.0,
Q96JG8,1.0,1.0,caffeine,MAGED4,728239,0.0,
Q96JH7,1.0,1.0,caffeine,VCPIP1,80124,0.0,
Q96JK2,1.0,1.0,caffeine,DCAF5,8816,0.0,
Q96JM3,1.0,1.0,caffeine,CHAMP1,283489,0.0,
Q96JP2,1.0,1.0,caffeine,MYO15B,80022,0.0,
Q96JQ2,1.0,1.0,caffeine,CLMN,79789,0.0,
Q96JY6,1.0,1.0,caffeine,PDLIM2,64236,0.0,
Q96K21,1.0,1.0,caffeine,ZFYVE19,84936,0.0,
Q96K49,1.0,1.0,caffeine,TMEM87B,84910,0.0,
Q96K76,1.0,1.0,caffeine,USP47,55031,0.0,
Q96KB5,1.0,1.0,caffeine,PBK,55872,0.0,
Q96KM6,1.0,1.0,caffeine,ZNF512B,57473,0.0,
Q96KP4,1.0,1.0,caffeine,CNDP2,55748,2.0,Reactome_R-HSA-1430728;Reactome_R-HSA-211859
Q96KQ4,1.0,1.0,caffeine,PPP1R13B,23368,0.0,
Q96KQ7,1.0,1.0,caffeine,EHMT2,10919,0.0,
Q96KV7,1.0,1.0,caffeine,WDR90,197335,0.0,
Q96L91,1.0,1.0,caffeine,EP400,57634,0.0,
Q96L93,1.0,1.0,caffeine,KIF16B,55614,0.0,
Q96LB3,1.0,1.0,caffeine,IFT74,80173,0.0,
Q96LD4,1.0,1.0,caffeine,TRIM47,91107,0.0,
Q96LW4,1.0,1.0,caffeine,PRIMPOL,201973,0.0,
Q96M89,1.0,1.0,caffeine,CCDC138,165055,0.0,
Q96MH2,1.0,1.0,caffeine,HEXIM2,124790,0.0,
Q96MU7,1.0,1.0,caffeine,YTHDC1,91746,0.0,
Q96MY1,1.0,1.0,caffeine,NOL4L,140688,0.0,
Q96N21,1.0,1.0,caffeine,TEPSIN,146705,0.0,
Q96N23,1.0,1.0,caffeine,CFAP54,144535,0.0,
Q96N46,1.0,1.0,caffeine,TTC14,151613,0.0,
Q96N67,1.0,1.0,caffeine,DOCK7,85440,0.0,
Q96N77,1.0,1.0,caffeine,ZNF641,121274,0.0,
Q96NE9,1.0,1.0,caffeine,FRMD6,122786,0.0,
Q96NW4,1.0,1.0,caffeine,ANKRD27,84079,0.0,
Q96NY9,1.0,1.0,caffeine,MUS81,80198,0.0,
Q96P20,1.0,1.0,Ginsenoside rb1,NLRP3,114548,0.0,
Q96P31,1.0,1.0,caffeine,FCRL3,115352,0.0,
Q96P48,1.0,1.0,caffeine,ARAP1,116985,0.0,
Q96PD2,1.0,1.0,caffeine,DCBLD2,131566,0.0,
Q96PE2,1.0,1.0,caffeine,ARHGEF17,9828,0.0,
Q96PN6,1.0,1.0,forskolin,ADCY10,55811,0.0,
Q96PU4,1.0,1.0,caffeine,UHRF2,115426,0.0,
Q96PU5,1.0,1.0,caffeine,NEDD4L,23327,0.0,
Q96PY5,1.0,1.0,caffeine,FMNL2,114793,0.0,
Q96PY6,1.0,1.0,caffeine,NEK1,4750,1.0,Reactome_R-HSA-1430728
Q96Q05,1.0,1.0,caffeine,TRAPPC9,83696,0.0,
Q96Q15,1.0,1.0,caffeine,SMG1,23049,0.0,
Q96Q42,1.0,1.0,caffeine,ALS2,57679,0.0,
Q96QB1,1.0,1.0,caffeine,DLC1,10395,0.0,
Q96QC0,1.0,1.0,caffeine,PPP1R10,5514,0.0,
Q96QD9,1.0,1.0,caffeine,FYTTD1,84248,0.0,
Q96QK1,1.0,1.0,caffeine,VPS35,55737,0.0,
Q96QS3,1.0,1.0,caffeine,ARX,170302,0.0,
Q96QU8,1.0,1.0,caffeine,XPO6,23214,0.0,
Q96R06,1.0,1.0,caffeine,SPAG5,10615,0.0,
Q96RI1,1.0,1.0,forskolin,NR1H4,9971,4.0,Reactome_R-HSA-1430728;Reactome_R-HSA-211859;Reactome_R-HSA-211897;Reactome_R-HSA-211945
Q96RK0,1.0,1.0,caffeine,CIC,23152,0.0,
Q96RL1,1.0,1.0,caffeine,UIMC1,51720,0.0,
Q96RP9,1.0,1.0,caffeine,GFM1,85476,0.0,
Q96RR4,1.0,1.0,caffeine,CAMKK2,10645,0.0,
Q96RS0,1.0,1.0,caffeine,TGS1,96764,0.0,
Q96RT1,1.0,1.0,caffeine,ERBIN,55914,0.0,
Q96RU2,1.0,1.0,caffeine,USP28,57646,0.0,
Q96RU7,1.0,1.0,caffeine,TRIB3,57761,1.0,Reactome_R-HSA-1430728
Q96RV3,1.0,1.0,caffeine,PCNX1,22990,0.0,
Q96RY5,1.0,1.0,caffeine,CRAMP1,57585,0.0,
Q96S15,1.0,1.0,caffeine,WDR24,84219,0.0,
Q96S44,1.0,1.0,caffeine,TP53RK,112858,0.0,
Q96S55,1.0,1.0,caffeine,WRNIP1,56897,0.0,
Q96S66,1.0,1.0,caffeine,CLCC1,23155,0.0,
Q96S94,1.0,1.0,caffeine,CCNL2,81669,0.0,
Q96SB4,1.0,1.0,caffeine,SRPK1,6732,0.0,
Q96SI9,1.0,1.0,caffeine,STRBP,55342,0.0,
Q96SK2,1.0,1.0,caffeine,TMEM209,84928,0.0,
Q96SN8,1.0,1.0,caffeine,CDK5RAP2,55755,0.0,
Q96ST8,1.0,1.0,caffeine,CEP89,84902,0.0,
Q96SU4,1.0,1.0,caffeine,OSBPL9,114883,0.0,
Q96T17,1.0,1.0,caffeine,MAP7D2,256714,0.0,
Q96T25,1.0,1.0,caffeine,ZIC5,85416,0.0,
Q96T58,1.0,1.0,caffeine,SPEN,23013,0.0,
Q96T83,1.0,1.0,caffeine,SLC9A7,84679,0.0,
Q96T88,1.0,1.0,caffeine,UHRF1,29128,0.0,
Q96TA1,1.0,1.0,caffeine,NIBAN2,64855,0.0,
Q99081,1.0,1.0,caffeine,TCF12,6938,0.0,
Q99490,1.0,1.0,caffeine,AGAP2,116986,0.0,
Q99501,1.0,1.0,caffeine,GAS2L1,10634,0.0,
Q99536,1.0,1.0,caffeine,VAT1,10493,0.0,
Q99541,1.0,1.0,caffeine,PLIN2,123,1.0,Reactome_R-HSA-1430728
Q99543,1.0,1.0,caffeine,DNAJC2,27000,0.0,
Q99569,1.0,1.0,caffeine,PKP4,8502,0.0,
Q99571,1.0,1.0,Ginsenoside rb1,P2RX4,5025,0.0,
Q99575,1.0,1.0,caffeine,POP1,10940,0.0,
Q99584,1.0,1.0,caffeine,S100A13,6284,0.0,
Q99594,1.0,1.0,caffeine,TEAD3,7005,0.0,
Q99611,1.0,1.0,caffeine,SEPHS2,22928,1.0,Reactome_R-HSA-1430728
Q99613,1.0,1.0,caffeine,EIF3C,8663,0.0,
Q99614,1.0,1.0,caffeine,TTC1,7265,0.0,
Q99624,1.0,1.0,caffeine,SLC38A3,10991,0.0,
Q99650,1.0,1.0,caffeine,OSMR,9180,0.0,
Q99677,1.0,1.0,caffeine,LPAR4,2846,0.0,
Q99700,1.0,1.0,caffeine,ATXN2,6311,0.0,
Q99717,1.0,1.0,caffeine,SMAD5,4090,0.0,
Q99720,1.0,1.0,caffeine,SIGMAR1,10280,0.0,
Q99743,1.0,1.0,caffeine,NPAS2,4862,1.0,Reactome_R-HSA-1430728
Q99747,1.0,1.0,caffeine,NAPG,8774,0.0,
Q99758,1.0,1.0,caffeine,ABCA3,21,0.0,
Q99961,1.0,1.0,caffeine,SH3GL1,6455,0.0,
Q99996,1.0,1.0,caffeine,AKAP9,10142,0.0,
Q9BPX3,1.0,1.0,caffeine,NCAPG,64151,0.0,
Q9BQ52,1.0,1.0,caffeine,ELAC2,60528,0.0,
Q9BQE9,1.0,1.0,caffeine,BCL7B,9275,0.0,
Q9BQG0,1.0,1.0,caffeine,MYBBP1A,10514,0.0,
Q9BQI0,1.0,1.0,caffeine,AIF1L,83543,0.0,
Q9BQI3,1.0,1.0,caffeine,EIF2AK1,27102,0.0,
Q9BQL6,1.0,1.0,caffeine,FERMT1,55612,0.0,
Q9BQQ3,1.0,1.0,caffeine,GORASP1,64689,0.0,
Q9BRA2,1.0,1.0,caffeine,TXNDC17,84817,0.0,
Q9BRD0,1.0,1.0,caffeine,BUD13,84811,0.0,
Q9BRG2,1.0,1.0,caffeine,SH2D3A,10045,0.0,
Q9BRJ6,1.0,1.0,caffeine,CHLSN,84310,0.0,
Q9BRR8,1.0,1.0,caffeine,GPATCH1,55094,0.0,
Q9BRS2,1.0,1.0,caffeine,RIOK1,83732,0.0,
Q9BRT8,1.0,1.0,caffeine,ZNG1A,55871,0.0,
Q9BRY0,1.0,1.0,caffeine,SLC39A3,29985,0.0,
Q9BRZ2,1.0,1.0,caffeine,TRIM56,81844,0.0,
Q9BS26,1.0,1.0,caffeine,ERP44,23071,0.0,
Q9BS91,1.0,1.0,caffeine,SLC35A5,55032,0.0,
Q9BSJ5,1.0,1.0,caffeine,MTNAP1,55028,0.0,
Q9BSJ6,1.0,1.0,caffeine,PIMREG,54478,0.0,
Q9BSJ8,1.0,1.0,caffeine,ESYT1,23344,0.0,
Q9BSQ5,1.0,1.0,caffeine,CCM2,83605,0.0,
Q9BT25,1.0,1.0,caffeine,HAUS8,93323,0.0,
Q9BT92,1.0,1.0,caffeine,TCHP,84260,0.0,
Q9BTA9,1.0,1.0,caffeine,WAC,51322,0.0,
Q9BTC0,1.0,1.0,caffeine,DIDO1,11083,0.0,
Q9BTC8,1.0,1.0,caffeine,MTA3,57504,0.0,
Q9BTE3,1.0,1.0,caffeine,MCMBP,79892,0.0,
Q9BTE6,1.0,1.0,caffeine,AARSD1,80755,0.0,
Q9BTX1,1.0,1.0,caffeine,NDC1,55706,1.0,Reactome_R-HSA-1430728
Q9BU19,1.0,1.0,caffeine,ZNF692,55657,0.0,
Q9BU64,1.0,1.0,caffeine,CENPO,79172,0.0,
Q9BUA3,1.0,1.0,caffeine,SPINDOC,144097,0.0,
Q9BUB4,1.0,1.0,caffeine,ADAT1,23536,0.0,
Q9BUG6,1.0,1.0,caffeine,ZSCAN5A,79149,0.0,
Q9BUL5,1.0,1.0,caffeine,PHF23,79142,0.0,
Q9BUR4,1.0,1.0,caffeine,WRAP53,55135,0.0,
Q9BV19,1.0,1.0,caffeine,C1ORF50,79078,0.0,
Q9BV40,1.0,1.0,caffeine,VAMP8,8673,0.0,
Q9BV44,1.0,1.0,caffeine,THUMPD3,25917,0.0,
Q9BV73,1.0,1.0,caffeine,CEP250,11190,0.0,
Q9BV81,1.0,1.0,caffeine,EMC6,83460,0.0,
Q9BVG8,1.0,1.0,caffeine,KIFC3,3801,0.0,
Q9BVJ6,1.0,1.0,caffeine,UTP14A,10813,0.0,
Q9BVL2,1.0,1.0,caffeine,NUP58,9818,0.0,
Q9BVT8,1.0,1.0,caffeine,TMUB1,83590,0.0,
Q9BVV6,1.0,1.0,caffeine,KIAA0586,9786,0.0,
Q9BW71,1.0,1.0,caffeine,HIRIP3,8479,0.0,
Q9BWF2,1.0,1.0,caffeine,TRAIP,10293,0.0,
Q9BWM7,1.0,1.0,caffeine,SFXN3,81855,0.0,
Q9BWQ6,1.0,1.0,caffeine,YIPF2,78992,0.0,
Q9BWW4,1.0,1.0,caffeine,SSBP3,23648,0.0,
Q9BX63,1.0,1.0,caffeine,BRIP1,83990,1.0,Reactome_R-HSA-1430728
Q9BX66,1.0,1.0,caffeine,SORBS1,10580,0.0,
Q9BX95,1.0,1.0,caffeine,SGPP1,81537,0.0,
Q9BXB5,1.0,1.0,caffeine,OSBPL10,114884,0.0,
Q9BXD5,1.0,1.0,caffeine,NPL,80896,0.0,
Q9BXK1,1.0,1.0,caffeine,KLF16,83855,0.0,
Q9BXM7,1.0,1.0,Ginsenoside rb1,PINK1,65018,0.0,
Q9BXS5,1.0,1.0,caffeine,AP1M1,8907,0.0,
Q9BXS6,1.0,1.0,caffeine,NUSAP1,51203,0.0,
Q9BXY4,1.0,1.0,caffeine,RSPO3,84870,0.0,
Q9BY08,1.0,1.0,caffeine,EBPL,84650,0.0,
Q9BY12,1.0,1.0,caffeine,SCAPER,49855,0.0,
Q9BY44,1.0,1.0,caffeine,EIF2A,83939,0.0,
Q9BY49,1.0,1.0,caffeine,PECR,55825,1.0,Reactome_R-HSA-1430728
Q9BY76,1.0,1.0,caffeine,ANGPTL4,51129,1.0,Reactome_R-HSA-1430728
Q9BY84,1.0,1.0,caffeine,DUSP16,80824,0.0,
Q9BYC9,1.0,1.0,caffeine,MRPL20,55052,0.0,
Q9BYE2,1.0,1.0,caffeine,TMPRSS13,84000,0.0,
Q9BYF1,1.0,1.0,caffeine,ACE2,59272,0.0,
Q9BYG3,1.0,1.0,caffeine,NIFK,84365,0.0,
Q9BYG5,1.0,1.0,caffeine,PARD6B,84612,0.0,
Q9BYI3,1.0,1.0,caffeine,HYCC1,84668,0.0,
Q9BYV8,1.0,1.0,caffeine,CEP41,95681,0.0,
Q9BYW2,1.0,1.0,caffeine,SETD2,29072,0.0,
Q9BZ23,1.0,1.0,caffeine,PANK2,80025,1.0,Reactome_R-HSA-1430728
Q9BZ67,1.0,1.0,caffeine,FRMD8,83786,0.0,
Q9BZE4,1.0,1.0,caffeine,GTPBP4,23560,0.0,
Q9BZE9,1.0,1.0,caffeine,ASPSCR1,79058,0.0,
Q9BZF1,1.0,1.0,caffeine,OSBPL8,114882,0.0,
Q9BZF9,1.0,1.0,caffeine,UACA,55075,0.0,
Q9BZH6,1.0,1.0,caffeine,WDR11,55717,0.0,
Q9BZI7,1.0,1.0,caffeine,UPF3B,65109,0.0,
Q9BZM4,1.0,1.0,caffeine,ULBP3,79465,0.0,
Q9BZM5,1.0,1.0,caffeine,ULBP2,80328,0.0,
Q9BZV1,1.0,1.0,caffeine,UBXN6,80700,0.0,
Q9C004,1.0,1.0,caffeine,SPRY4,81848,0.0,
Q9C040,1.0,1.0,caffeine,TRIM2,23321,0.0,
Q9C073,1.0,1.0,caffeine,FAM117A,81558,0.0,
Q9C0B0,1.0,1.0,caffeine,UNK,85451,0.0,
Q9C0B5,1.0,1.0,caffeine,ZDHHC5,25921,0.0,
Q9C0B9,1.0,1.0,caffeine,ZCCHC2,54877,0.0,
Q9C0C2,1.0,1.0,caffeine,TNKS1BP1,85456,0.0,
Q9C0C9,1.0,1.0,caffeine,UBE2O,63893,0.0,
Q9C0D5,1.0,1.0,caffeine,TANC1,85461,0.0,
Q9C0G0,1.0,1.0,caffeine,ZNF407,55628,0.0,
Q9C0H2,1.0,1.0,caffeine,TTYH3,80727,0.0,
Q9C0H5,1.0,1.0,caffeine,ARHGAP39,80728,0.0,
Q9C0H9,1.0,1.0,caffeine,SRCIN1,80725,0.0,
Q9C0I4,1.0,1.0,caffeine,THSD7B,80731,0.0,
Q9C0J8,1.0,1.0,caffeine,WDR33,55339,0.0,
Q9C0K7,1.0,1.0,caffeine,STRADB,55437,0.0,
Q9CYK2,1.0,1.0,Ethanolamine,QPCT,70536,0.0,
Q9GZM8,1.0,1.0,caffeine,NDEL1,81565,0.0,
Q9GZN2,1.0,1.0,caffeine,TGIF2,60436,0.0,
Q9GZR1,1.0,1.0,caffeine,SENP6,26054,0.0,
Q9GZR7,1.0,1.0,caffeine,DDX24,57062,0.0,
Q9GZT9,1.0,1.0,caffeine,EGLN1,54583,0.0,
Q9GZU2,1.0,1.0,caffeine,PEG3,5178,0.0,
Q9GZV5,1.0,1.0,caffeine,WWTR1,25937,0.0,
Q9GZZ9,1.0,1.0,caffeine,UBA5,79876,0.0,
Q9H040,1.0,1.0,caffeine,SPRTN,83932,0.0,
Q9H063,1.0,1.0,caffeine,MAF1,84232,0.0,
Q9H074,1.0,1.0,caffeine,PAIP1,10605,0.0,
Q9H089,1.0,1.0,caffeine,LSG1,55341,0.0,
Q9H098,1.0,1.0,caffeine,FAM107B,83641,0.0,
Q9H0D6,1.0,1.0,caffeine,XRN2,22803,0.0,
Q9H0E3,1.0,1.0,caffeine,SAP130,79595,0.0,
Q9H0E9,1.0,1.0,caffeine,BRD8,10902,0.0,
Q9H0F6,1.0,1.0,caffeine,SHARPIN,81858,0.0,
Q9H0J9,1.0,1.0,caffeine,PARP12,64761,0.0,
Q9H0M0,1.0,1.0,caffeine,WWP1,11059,0.0,
Q9H0R3,1.0,1.0,caffeine,TMEM222,84065,0.0,
Q9H0S4,1.0,1.0,caffeine,DDX47,51202,0.0,
Q9H0W8,1.0,1.0,caffeine,SMG9,56006,0.0,
Q9H0X6,1.0,1.0,caffeine,RNF208,727800,0.0,
Q9H116,1.0,1.0,caffeine,GZF1,64412,0.0,
Q9H190,1.0,1.0,caffeine,SDCBP2,27111,0.0,
Q9H1A4,1.0,1.0,caffeine,ANAPC1,64682,0.0,
Q9H1E3,1.0,1.0,caffeine,NUCKS1,64710,0.0,
Q9H1J1,1.0,1.0,caffeine,UPF3A,65110,0.0,
Q9H1K0,1.0,1.0,caffeine,RBSN,64145,0.0,
Q9H211,1.0,1.0,caffeine,CDT1,81620,0.0,
Q9H223,1.0,1.0,caffeine,EHD4,30844,0.0,
Q9H257,1.0,1.0,caffeine,CARD9,64170,0.0,
Q9H2A3,1.0,1.0,caffeine,NEUROG2,63973,0.0,
Q9H2A7,1.0,1.0,caffeine,CXCL16,58191,0.0,
Q9H2B2,1.0,1.0,caffeine,SYT4,6860,0.0,
Q9H2D6,1.0,1.0,caffeine,TRIOBP,11078,0.0,
Q9H2F5,1.0,1.0,caffeine,EPC1,80314,0.0,
Q9H2G2,1.0,1.0,caffeine,SLK,9748,0.0,
Q9H2G9,1.0,1.0,caffeine,BLZF1,8548,0.0,
Q9H2K2,1.0,1.0,caffeine,TNKS2,80351,0.0,
Q9H2P0,1.0,1.0,caffeine,ADNP,23394,0.0,
Q9H2S1,1.0,1.0,forskolin,KCNN2,3781,0.0,
Q9H2S9,1.0,1.0,caffeine,IKZF4,64375,0.0,
Q9H2U1,1.0,1.0,caffeine,DHX36,170506,0.0,
Q9H2Y7,1.0,1.0,caffeine,ZNF106,64397,0.0,
Q9H329,1.0,1.0,caffeine,EPB41L4B,54566,0.0,
Q9H330,1.0,1.0,caffeine,TMEM245,23731,0.0,
Q9H3C7,1.0,1.0,caffeine,GGNBP2,79893,0.0,
Q9H3H1,1.0,1.0,caffeine,TRIT1,54802,0.0,
Q9H3K2,1.0,1.0,caffeine,GHITM,27069,0.0,
Q9H3N1,1.0,1.0,caffeine,TMX1,81542,0.0,
Q9H3P2,1.0,1.0,caffeine,NELFA,7469,0.0,
Q9H3Q1,1.0,1.0,caffeine,CDC42EP4,23580,0.0,
Q9H3T3,1.0,1.0,caffeine,SEMA6B,10501,0.0,
Q9H3U1,1.0,1.0,caffeine,UNC45A,55898,0.0,
Q9H3Z4,1.0,1.0,caffeine,DNAJC5,80331,0.0,
Q9H400,1.0,1.0,caffeine,LIME1,54923,0.0,
Q9H467,1.0,1.0,caffeine,CUEDC2,79004,0.0,
Q9H4A3,1.0,1.0,caffeine,WNK1,65125,0.0,
Q9H4H8,1.0,1.0,caffeine,SACK1D,81610,0.0,
Q9H4I2,1.0,1.0,caffeine,ZHX3,23051,0.0,
Q9H4L4,1.0,1.0,caffeine,SENP3,26168,0.0,
Q9H4L5,1.0,1.0,caffeine,OSBPL3,26031,0.0,
Q9H4L7,1.0,1.0,caffeine,SMARCAD1,56916,0.0,
Q9H4M9,1.0,1.0,caffeine,EHD1,10938,0.0,
Q9H4Z2,1.0,1.0,caffeine,ZNF335,63925,0.0,
Q9H4Z3,1.0,1.0,caffeine,PCIF1,63935,0.0,
Q9H501,1.0,1.0,caffeine,ESF1,51575,0.0,
Q9H582,1.0,1.0,caffeine,ZNF644,84146,0.0,
Q9H583,1.0,1.0,caffeine,HEATR1,55127,0.0,
Q9H5H4,1.0,1.0,caffeine,ZNF768,79724,0.0,
Q9H5J8,1.0,1.0,caffeine,TAF1D,79101,0.0,
Q9H6A9,1.0,1.0,caffeine,PCNX3,399909,0.0,
Q9H6D7,1.0,1.0,caffeine,HAUS4,54930,0.0,
Q9H6F5,1.0,1.0,caffeine,CCDC86,79080,0.0,
Q9H6H4,1.0,1.0,caffeine,REEP4,80346,0.0,
Q9H6Q3,1.0,1.0,caffeine,SLA2,84174,0.0,
Q9H6R7,1.0,1.0,caffeine,WDCP,80304,0.0,
Q9H6S0,1.0,1.0,caffeine,YTHDC2,64848,0.0,
Q9H6S3,1.0,1.0,caffeine,EPS8L2,64787,0.0,
Q9H6U6,1.0,1.0,caffeine,BCAS3,54828,0.0,
Q9H6X2,1.0,1.0,caffeine,ANTXR1,84168,0.0,
Q9H706,1.0,1.0,caffeine,GAREM1,64762,0.0,
Q9H773,1.0,1.0,caffeine,DCTPP1,79077,1.0,Reactome_R-HSA-1430728
Q9H7C9,1.0,1.0,caffeine,AAMDC,28971,0.0,
Q9H7D0,1.0,1.0,caffeine,DOCK5,80005,0.0,
Q9H7E2,1.0,1.0,caffeine,TDRD3,81550,0.0,
Q9H7E9,1.0,1.0,caffeine,C8ORF33,65265,0.0,
Q9H7F0,1.0,1.0,caffeine,ATP13A3,79572,0.0,
Q9H7L9,1.0,1.0,caffeine,SUDS3,64426,0.0,
Q9H7N4,1.0,1.0,caffeine,SCAF1,58506,0.0,
Q9H7P6,1.0,1.0,caffeine,MVB12B,89853,0.0,
Q9H7U1,1.0,1.0,caffeine,CCSER2,54462,0.0,
Q9H832,1.0,1.0,caffeine,UBE2Z,65264,0.0,
Q9H8G2,1.0,1.0,caffeine,CAAP1,79886,0.0,
Q9H8H2,1.0,1.0,caffeine,DDX31,64794,0.0,
Q9H8M2,1.0,1.0,caffeine,BRD9,65980,0.0,
Q9H8M5,1.0,1.0,caffeine,CNNM2,54805,0.0,
Q9H8M9,1.0,1.0,caffeine,EVA1A,84141,0.0,
Q9H8T0,1.0,1.0,caffeine,AKTIP,64400,0.0,
Q9H8U3,1.0,1.0,caffeine,ZFAND3,60685,0.0,
Q9H8Y8,1.0,1.0,caffeine,GORASP2,26003,0.0,
Q9H900,1.0,1.0,caffeine,ZWILCH,55055,0.0,
Q9H903,1.0,1.0,caffeine,MTHFD2L,441024,0.0,
Q9H9A7,1.0,1.0,caffeine,RMI1,80010,0.0,
Q9H9D4,1.0,1.0,caffeine,ZNF408,79797,0.0,
Q9H9E3,1.0,1.0,caffeine,COG4,25839,0.0,
Q9H9J4,1.0,1.0,caffeine,USP42,84132,0.0,
Q9H9Q2,1.0,1.0,caffeine,COPS7B,64708,0.0,
Q9H9Q4,1.0,1.0,caffeine,NHEJ1,79840,0.0,
Q9H9T3,1.0,1.0,caffeine,ELP3,55140,0.0,
Q9HA47,1.0,1.0,caffeine,UCK1,83549,1.0,Reactome_R-HSA-1430728
Q9HA82,1.0,1.0,caffeine,CERS4,79603,0.0,
Q9HAH7,1.0,1.0,caffeine,FBRS,64319,0.0,
Q9HAN9,1.0,1.0,caffeine,NMNAT1,64802,1.0,Reactome_R-HSA-1430728
Q9HAS0,1.0,1.0,caffeine,C17ORF75,64149,0.0,
Q9HAU4,1.0,1.0,caffeine,SMURF2,64750,0.0,
Q9HAV0,1.0,1.0,caffeine,GNB4,59345,0.0,
Q9HAW4,1.0,1.0,caffeine,CLSPN,63967,0.0,
Q9HB09,1.0,1.0,caffeine,BCL2L12,83596,0.0,
Q9HB20,1.0,1.0,caffeine,PLEKHA3,65977,0.0,
Q9HB65,1.0,1.0,caffeine,ELL3,80237,0.0,
Q9HB71,1.0,1.0,caffeine,CACYBP,27101,0.0,
Q9HB75,1.0,1.0,caffeine,PIDD1,55367,0.0,
Q9HBE1,1.0,1.0,caffeine,PATZ1,23598,0.0,
Q9HBI0,1.0,1.0,caffeine,PARVG,64098,0.0,
Q9HBK9,1.0,1.0,caffeine,AS3MT,57412,2.0,Reactome_R-HSA-1430728;Reactome_R-HSA-211859
Q9HBL0,1.0,1.0,caffeine,TNS1,7145,0.0,
Q9HBM6,1.0,1.0,caffeine,TAF9B,51616,0.0,
Q9HBR0,1.0,1.0,caffeine,SLC38A10,124565,0.0,
Q9HBW0,1.0,1.0,caffeine,LPAR2,9170,0.0,
Q9HBX9,1.0,1.0,forskolin,RXFP1,59350,0.0,
Q9HC35,1.0,1.0,caffeine,EML4,27436,0.0,
Q9HC44,1.0,1.0,caffeine,GPBP1L1,60313,0.0,
Q9HC52,1.0,1.0,caffeine,CBX8,57332,0.0,
Q9HC98,1.0,1.0,caffeine,NEK6,10783,0.0,
Q9HCD5,1.0,1.0,caffeine,NCOA5,57727,0.0,
Q9HCE0,1.0,1.0,caffeine,EPG5,57724,0.0,
Q9HCE1,1.0,1.0,caffeine,MOV10,4343,0.0,
Q9HCE6,1.0,1.0,caffeine,ARHGEF10L,55160,0.0,
Q9HCJ0,1.0,1.0,caffeine,TNRC6C,57690,0.0,
Q9HCK8,1.0,1.0,caffeine,CHD8,57680,0.0,
Q9HCL2,1.0,1.0,caffeine,GPAM,57678,3.0,PathBank_SMP0000025;Reactome_R-HSA-1430728;WikiPathways_WP2533
Q9HCM4,1.0,1.0,caffeine,EPB41L5,57669,0.0,
Q9HCU9,1.0,1.0,caffeine,BRMS1,25855,0.0,
Q9HD20,1.0,1.0,caffeine,ATP13A1,57130,0.0,
Q9HD26,1.0,1.0,caffeine,GOPC,57120,0.0,
Q9I9N4,1.0,1.0,caffeine,BAXA,58081,0.0,
Q9IBD1,1.0,1.0,Ethanolamine,CELF3A,57922,0.0,
Q9NP56,1.0,1.0,caffeine,PDE7B,27115,0.0,
Q9NP61,1.0,1.0,caffeine,ARFGAP3,26286,0.0,
Q9NP71,1.0,1.0,caffeine,MLXIPL,51085,1.0,Reactome_R-HSA-1430728
Q9NP85,1.0,1.0,caffeine,NPHS2,7827,0.0,
Q9NPA1,1.0,1.0,forskolin,KCNMB3,27094,0.0,
Q9NPF5,1.0,1.0,caffeine,DMAP1,55929,0.0,
Q9NPI1,1.0,1.0,caffeine,BRD7,29117,0.0,
Q9NPI6,1.0,1.0,caffeine,DCP1A,55802,0.0,
Q9NPQ8,1.0,1.0,caffeine,RIC8A,60626,0.0,
Q9NPR2,1.0,1.0,caffeine,SEMA4B,10509,0.0,
Q9NQ84,1.0,1.0,caffeine,GPRC5C,55890,0.0,
Q9NQ86,1.0,1.0,caffeine,TRIM36,55521,0.0,
Q9NQG7,1.0,1.0,caffeine,HPS4,89781,0.0,
Q9NQS1,1.0,1.0,caffeine,AVEN,57099,0.0,
Q9NQS3,1.0,1.0,caffeine,NECTIN3,25945,0.0,
Q9NQS7,1.0,1.0,caffeine,INCENP,3619,0.0,
Q9NQW6,1.0,1.0,caffeine,ANLN,54443,0.0,
Q9NQX3,1.0,1.0,caffeine,GPHN,10243,1.0,Reactome_R-HSA-1430728
Q9NR09,1.0,1.0,caffeine,BIRC6,57448,0.0,
Q9NR19,1.0,1.0,caffeine,ACSS2,55902,3.0,Reactome_R-HSA-1430728;Reactome_R-HSA-211859;Reactome_R-HSA-211945
Q9NR30,1.0,1.0,caffeine,DDX21,9188,0.0,
Q9NR46,1.0,1.0,caffeine,SH3GLB2,56904,0.0,
Q9NRA8,1.0,1.0,caffeine,EIF4ENIF1,56478,0.0,
Q9NRF8,1.0,1.0,caffeine,CTPS2,56474,1.0,Reactome_R-HSA-1430728
Q9NRH2,1.0,1.0,caffeine,SNRK,54861,0.0,
Q9NRL2,1.0,1.0,caffeine,BAZ1A,11177,0.0,
Q9NRM7,1.0,1.0,caffeine,LATS2,26524,0.0,
Q9NRR3,1.0,1.0,caffeine,CDC42SE2,56990,0.0,
Q9NRR5,1.0,1.0,caffeine,UBQLN4,56893,0.0,
Q9NRS6,1.0,1.0,caffeine,SNX15,29907,0.0,
Q9NRY5,1.0,1.0,caffeine,FAM114A2,10827,0.0,
Q9NS56,1.0,1.0,caffeine,TOPORS,10210,0.0,
Q9NS68,1.0,1.0,caffeine,TNFRSF19,55504,0.0,
Q9NSA3,1.0,1.0,caffeine,CTNNBIP1,56998,0.0,
Q9NSB2,1.0,1.0,caffeine,KRT84,3890,0.0,
Q9NSC5,1.0,1.0,caffeine,HOMER3,9454,0.0,
Q9NSI2,1.0,1.0,caffeine,SLX9,85395,0.0,
Q9NSI6,1.0,1.0,caffeine,BRWD1,54014,0.0,
Q9NSV4,1.0,1.0,caffeine,DIAPH3,81624,0.0,
Q9NSY1,1.0,1.0,caffeine,BMP2K,55589,0.0,
Q9NTG7,1.0,1.0,caffeine,SIRT3,23410,1.0,Reactome_R-HSA-1430728
Q9NTI5,1.0,1.0,caffeine,PDS5B,23047,0.0,
Q9NTJ3,1.0,1.0,caffeine,SMC4,10051,0.0,
Q9NTN9,1.0,1.0,caffeine,SEMA4G,57715,0.0,
Q9NU19,1.0,1.0,caffeine,TBC1D22B,55633,0.0,
Q9NUA8,1.0,1.0,caffeine,ZBTB40,9923,0.0,
Q9NUE0,1.0,1.0,caffeine,ZDHHC18,84243,0.0,
Q9NUL3,1.0,1.0,caffeine,STAU2,27067,0.0,
Q9NUM4,1.0,1.0,caffeine,TMEM106B,54664,0.0,
Q9NUQ3,1.0,1.0,caffeine,TXLNG,55787,0.0,
Q9NUQ6,1.0,1.0,caffeine,SPATS2L,26010,0.0,
Q9NUU7,1.0,1.0,caffeine,DDX19A,55308,0.0,
Q9NUY8,1.0,1.0,caffeine,TBC1D23,55773,0.0,
Q9NV56,1.0,1.0,caffeine,MRGBP,55257,0.0,
Q9NV70,1.0,1.0,caffeine,EXOC1,55763,0.0,
Q9NVC3,1.0,1.0,caffeine,SLC38A7,55238,0.0,
Q9NVE5,1.0,1.0,caffeine,USP40,55230,0.0,
Q9NVE7,1.0,1.0,caffeine,PANK4,55229,1.0,Reactome_R-HSA-1430728
Q9NVI1,1.0,1.0,caffeine,FANCI,55215,0.0,
Q9NVI7,1.0,1.0,caffeine,ATAD3A,55210,0.0,
Q9NVM1,1.0,1.0,caffeine,EVA1B,55194,0.0,
Q9NVM9,1.0,1.0,caffeine,INTS13,55726,0.0,
Q9NVN8,1.0,1.0,caffeine,GNL3L,54552,0.0,
Q9NVP1,1.0,1.0,caffeine,DDX18,8886,0.0,
Q9NVT9,1.0,1.0,caffeine,ARMC1,55156,0.0,
Q9NVZ3,1.0,1.0,caffeine,NECAP2,55707,0.0,
Q9NW68,1.0,1.0,caffeine,BSDC1,55108,0.0,
Q9NW75,1.0,1.0,caffeine,GPATCH2,55105,0.0,
Q9NW97,1.0,1.0,caffeine,TMEM51,55092,0.0,
Q9NWB6,1.0,1.0,caffeine,ARGLU1,55082,0.0,
Q9NWH9,1.0,1.0,caffeine,SLTM,79811,0.0,
Q9NWK9,1.0,1.0,caffeine,ZNHIT6,54680,0.0,
Q9NWM0,1.0,1.0,caffeine,SMOX,54498,0.0,
Q9NWQ4,1.0,1.0,caffeine,GPATCH2L,55668,0.0,
Q9NWS9,1.0,1.0,caffeine,ZNF446,55663,0.0,
Q9NWU2,1.0,1.0,caffeine,GID8,54994,1.0,Reactome_R-HSA-1430728
Q9NWZ5,1.0,1.0,caffeine,UCKL1,54963,1.0,Reactome_R-HSA-1430728
Q9NWZ8,1.0,1.0,caffeine,GEMIN8,54960,0.0,
Q9NX40,1.0,1.0,caffeine,OCIAD1,54940,0.0,
Q9NX76,1.0,1.0,caffeine,CMTM6,54918,0.0,
Q9NX94,1.0,1.0,caffeine,WBP1L,54838,0.0,
Q9NXD2,1.0,1.0,caffeine,MTMR10,54893,1.0,Reactome_R-HSA-1430728
Q9NXE4,1.0,1.0,caffeine,SMPD4,55627,1.0,Reactome_R-HSA-1430728
Q9NXE8,1.0,1.0,caffeine,CWC25,54883,0.0,
Q9NXF1,1.0,1.0,caffeine,TEX10,54881,0.0,
Q9NXF8,1.0,1.0,caffeine,ZDHHC7,55625,0.0,
Q9NXG2,1.0,1.0,caffeine,THUMPD1,55623,0.0,
Q9NXH9,1.0,1.0,caffeine,TRMT1,55621,0.0,
Q9NXK8,1.0,1.0,caffeine,FBXL12,54850,0.0,
Q9NXR1,1.0,1.0,caffeine,NDE1,54820,0.0,
Q9NXV6,1.0,1.0,caffeine,CDKN2AIP,55602,0.0,
Q9NY47,1.0,1.0,caffeine,CACNA2D2,9254,1.0,Reactome_R-HSA-1430728
Q9NY57,1.0,1.0,caffeine,STK32B,55351,0.0,
Q9NY59,1.0,1.0,caffeine,SMPD3,55512,0.0,
Q9NYB0,1.0,1.0,caffeine,TERF2IP,54386,0.0,
Q9NYB9,1.0,1.0,caffeine,ABI2,10152,0.0,
Q9NYF3,1.0,1.0,caffeine,FAM53C,51307,0.0,
Q9NYF8,1.0,1.0,caffeine,BCLAF1,9774,0.0,
Q9NYJ8,1.0,1.0,caffeine,TAB2,23118,0.0,
Q9NYL2,1.0,1.0,caffeine,MAP3K20,51776,0.0,
Q9NYL9,1.0,1.0,caffeine,TMOD3,29766,0.0,
Q9NYM9,1.0,1.0,caffeine,BET1L,51272,0.0,
Q9NYP3,1.0,1.0,caffeine,DONSON,29980,0.0,
Q9NYV4,1.0,1.0,caffeine,CDK12,51755,0.0,
Q9NYY8,1.0,1.0,caffeine,FASTKD2,22868,0.0,
Q9NYZ3,1.0,1.0,caffeine,GTSE1,51512,0.0,
Q9NZ09,1.0,1.0,caffeine,UBAP1,51271,0.0,
Q9NZ63,1.0,1.0,caffeine,C9ORF78,51759,0.0,
Q9NZB2,1.0,1.0,caffeine,FAM120A,23196,0.0,
Q9NZC9,1.0,1.0,caffeine,SMARCAL1,50485,0.0,
Q9NZI5,1.0,1.0,caffeine,GRHL1,29841,1.0,Reactome_R-HSA-1430728
Q9NZI7,1.0,1.0,caffeine,UBP1,7342,0.0,
Q9NZI8,1.0,1.0,caffeine,IGF2BP1,10642,0.0,
Q9NZJ0,1.0,1.0,caffeine,DTL,51514,0.0,
Q9NZJ4,1.0,1.0,caffeine,SACS,26278,0.0,
Q9NZJ5,1.0,1.0,caffeine,EIF2AK3,9451,0.0,
Q9NZJ7,1.0,1.0,caffeine,MTCH1,23787,0.0,
Q9NZL4,1.0,1.0,caffeine,HSPBP1,23640,0.0,
Q9NZM1,1.0,1.0,caffeine,MYOF,26509,0.0,
Q9NZM5,1.0,1.0,caffeine,NOP53,29997,0.0,
Q9NZN4,1.0,1.0,caffeine,EHD2,30846,0.0,
Q9NZN5,1.0,1.0,caffeine,ARHGEF12,23365,0.0,
Q9NZN8,1.0,1.0,caffeine,CNOT2,4848,0.0,
Q9NZQ3,1.0,1.0,caffeine,NCKIPSD,51517,0.0,
Q9NZT2,1.0,1.0,caffeine,OGFR,11054,0.0,
Q9NZV1,1.0,1.0,caffeine,CRIM1,51232,0.0,
Q9NZV5,1.0,1.0,caffeine,SELENON,57190,0.0,
Q9NZZ3,1.0,1.0,caffeine,CHMP5,51510,0.0,
Q9P021,1.0,1.0,caffeine,CRIPT,9419,0.0,
Q9P0J7,1.0,1.0,caffeine,KCMF1,56888,0.0,
Q9P0K8,1.0,1.0,caffeine,FOXJ2,55810,0.0,
Q9P0L0,1.0,1.0,caffeine,VAPA,9218,0.0,
Q9P0L1,1.0,1.0,caffeine,ZKSCAN7,55888,0.0,
Q9P0U4,1.0,1.0,caffeine,CXXC1,30827,0.0,
Q9P107,1.0,1.0,caffeine,GMIP,51291,0.0,
Q9P1Q0,1.0,1.0,caffeine,VPS54,51542,0.0,
Q9P1Y5,1.0,1.0,caffeine,CAMSAP3,57662,0.0,
Q9P1Y6,1.0,1.0,caffeine,PHRF1,57661,0.0,
Q9P206,1.0,1.0,caffeine,NHSL3,57648,0.0,
Q9P217,1.0,1.0,caffeine,ZSWIM5,57643,0.0,
Q9P219,1.0,1.0,caffeine,CCDC88C,440193,0.0,
Q9P246,1.0,1.0,caffeine,STIM2,57620,0.0,
Q9P253,1.0,1.0,caffeine,VPS18,57617,0.0,
Q9P265,1.0,1.0,caffeine,DIP2B,57609,0.0,
Q9P267,1.0,1.0,caffeine,MBD5,55777,0.0,
Q9P270,1.0,1.0,caffeine,SLAIN2,57606,0.0,
Q9P275,1.0,1.0,caffeine,USP36,57602,0.0,
Q9P278,1.0,1.0,caffeine,FNIP2,57600,0.0,
Q9P2B4,1.0,1.0,caffeine,CTTNBP2NL,55917,0.0,
Q9P2B7,1.0,1.0,caffeine,CFAP97,57587,0.0,
Q9P2D0,1.0,1.0,caffeine,IBTK,25998,0.0,
Q9P2D1,1.0,1.0,caffeine,CHD7,55636,0.0,
Q9P2D6,1.0,1.0,caffeine,FAM135A,57579,0.0,
Q9P2F5,1.0,1.0,caffeine,STOX2,56977,0.0,
Q9P2G1,1.0,1.0,caffeine,ANKIB1,54467,0.0,
Q9P2I0,1.0,1.0,caffeine,CPSF2,53981,0.0,
Q9P2J5,1.0,1.0,caffeine,LARS1,51520,1.0,Reactome_R-HSA-1430728
Q9P2K8,1.0,1.0,caffeine,EIF2AK4,440275,0.0,
Q9P2M7,1.0,1.0,caffeine,CGN,57530,0.0,
Q9P2R6,1.0,1.0,caffeine,RERE,473,0.0,
Q9P2S5,1.0,1.0,caffeine,WRAP73,49856,0.0,
Q9P2Y4,1.0,1.0,caffeine,ZNF219,51222,0.0,
Q9UBB6,1.0,1.0,caffeine,NCDN,23154,0.0,
Q9UBB9,1.0,1.0,caffeine,TFIP11,24144,0.0,
Q9UBC1,1.0,1.0,caffeine,NFKBIL1,4795,0.0,
Q9UBC2,1.0,1.0,caffeine,EPS15L1,58513,0.0,
Q9UBH6,1.0,1.0,caffeine,XPR1,9213,0.0,
Q9UBI9,1.0,1.0,caffeine,HECA,51696,0.0,
Q9UBK2,1.0,1.0,caffeine,PPARGC1A,10891,1.0,Reactome_R-HSA-1430728
Q9UBP0,1.0,1.0,caffeine,SPAST,6683,0.0,
Q9UBQ5,1.0,1.0,caffeine,EIF3K,27335,0.0,
Q9UBQ7,1.0,1.0,caffeine,GRHPR,9380,1.0,Reactome_R-HSA-1430728
Q9UBS3,1.0,1.0,caffeine,DNAJB9,4189,0.0,
Q9UBS9,1.0,1.0,caffeine,SUCO,51430,0.0,
Q9UBT7,1.0,1.0,caffeine,CTNNAL1,8727,0.0,
Q9UBU6,1.0,1.0,caffeine,FAM8A1,51439,0.0,
Q9UBU7,1.0,1.0,caffeine,DBF4,10926,0.0,
Q9UBU9,1.0,1.0,caffeine,NXF1,10482,0.0,
Q9UBW7,1.0,1.0,caffeine,ZMYM2,7750,0.0,
Q9UBW8,1.0,1.0,caffeine,COPS7A,50813,0.0,
Q9UDT6,1.0,1.0,caffeine,CLIP2,7461,0.0,
Q9UDV7,1.0,1.0,caffeine,ZNF282,8427,0.0,
Q9UDY2,1.0,1.0,caffeine,TJP2,9414,0.0,
Q9UEE5,1.0,1.0,caffeine,STK17A,9263,0.0,
Q9UET6,1.0,1.0,caffeine,FTSJ1,24140,0.0,
Q9UEW8,1.0,1.0,caffeine,STK39,27347,0.0,
Q9UF56,1.0,1.0,caffeine,FBXL17,64839,0.0,
Q9UGH3,1.0,1.0,caffeine,SLC23A2,9962,0.0,
Q9UGI6,1.0,1.0,forskolin,KCNN3,3782,0.0,
Q9UGP8,1.0,1.0,caffeine,SEC63,11231,0.0,
Q9UGR2,1.0,1.0,caffeine,ZC3H7B,23264,0.0,
Q9UGU0,1.0,1.0,caffeine,TCF20,6942,0.0,
Q9UGU5,1.0,1.0,caffeine,HMGXB4,10042,0.0,
Q9UGV2,1.0,1.0,caffeine,NDRG3,57446,0.0,
Q9UGY1,1.0,1.0,caffeine,NOL12,79159,0.0,
Q9UH99,1.0,1.0,caffeine,SUN2,25777,0.0,
Q9UHB7,1.0,1.0,caffeine,AFF4,27125,0.0,
Q9UHB9,1.0,1.0,caffeine,SRP68,6730,0.0,
Q9UHC9,1.0,1.0,caffeine,NPC1L1,29881,0.0,
Q9UHD1,1.0,1.0,caffeine,CHORDC1,26973,0.0,
Q9UHD2,1.0,1.0,caffeine,TBK1,29110,0.0,
Q9UHE8,1.0,1.0,caffeine,STEAP1,26872,0.0,
Q9UHF1,1.0,1.0,caffeine,EGFL7,51162,0.0,
Q9UHG0,1.0,1.0,caffeine,DCDC2,51473,0.0,
Q9UHI6,1.0,1.0,caffeine,DDX20,11218,0.0,
Q9UHJ9,1.0,1.0,caffeine,PGAP2,27315,0.0,
Q9UHL9,1.0,1.0,caffeine,GTF2IRD1,9569,0.0,
Q9UHN6,1.0,1.0,caffeine,CEMIP2,23670,0.0,
Q9UHR4,1.0,1.0,caffeine,BAIAP2L1,55971,0.0,
Q9UHR5,1.0,1.0,caffeine,SAP30BP,29115,0.0,
Q9UHW9,1.0,1.0,caffeine,SLC12A6,9990,0.0,
Q9UHY7,1.0,1.0,caffeine,ENOPH1,58478,1.0,Reactome_R-HSA-1430728
Q9UI10,1.0,1.0,caffeine,EIF2B4,8890,0.0,
Q9UI30,1.0,1.0,caffeine,TRMT112,51504,2.0,Reactome_R-HSA-1430728;Reactome_R-HSA-211859
Q9UID6,1.0,1.0,caffeine,ZNF639,51193,0.0,
Q9UIF7,1.0,1.0,caffeine,MUTYH,4595,0.0,
Q9UIF8,1.0,1.0,caffeine,BAZ2B,29994,0.0,
Q9UIF9,1.0,1.0,caffeine,BAZ2A,11176,0.0,
Q9UIG0,1.0,1.0,caffeine,BAZ1B,9031,0.0,
Q9UIQ6,1.0,1.0,caffeine,LNPEP,4012,0.0,
Q9UIS9,1.0,1.0,caffeine,MBD1,4152,0.0,
Q9UIU6,1.0,1.0,caffeine,SIX4,51804,0.0,
Q9UIW0,1.0,1.0,caffeine,VAX2,25806,0.0,
Q9UJC3,1.0,1.0,caffeine,HOOK1,51361,0.0,
Q9UJM3,1.0,1.0,caffeine,ERRFI1,54206,0.0,
Q9UJU6,1.0,1.0,caffeine,DBNL,28988,0.0,
Q9UJV9,1.0,1.0,caffeine,DDX41,51428,0.0,
Q9UJW0,1.0,1.0,caffeine,DCTN4,51164,0.0,
Q9UJX4,1.0,1.0,caffeine,ANAPC5,51433,0.0,
Q9UJX5,1.0,1.0,caffeine,ANAPC4,29945,0.0,
Q9UJX6,1.0,1.0,caffeine,ANAPC2,29882,0.0,
Q9UJY4,1.0,1.0,caffeine,GGA2,23062,0.0,
Q9UK58,1.0,1.0,caffeine,CCNL1,57018,0.0,
Q9UKA4,1.0,1.0,caffeine,AKAP11,11215,0.0,
Q9UKB1,1.0,1.0,caffeine,FBXW11,23291,0.0,
Q9UKB3,1.0,1.0,caffeine,DNAJC12,56521,0.0,
Q9UKF6,1.0,1.0,caffeine,CPSF3,51692,0.0,
Q9UKG1,1.0,1.0,caffeine,APPL1,26060,0.0,
Q9UKI8,1.0,1.0,caffeine,TLK1,9874,0.0,
Q9UKJ3,1.0,1.0,caffeine,GPATCH8,23131,0.0,
Q9UKL0,1.0,1.0,caffeine,RCOR1,23186,0.0,
Q9UKL3,1.0,1.0,caffeine,CASP8AP2,9994,0.0,
Q9UKT4,1.0,1.0,caffeine,FBXO5,26271,0.0,
Q9UKV8,1.0,1.0,caffeine,AGO2,27161,0.0,
Q9UKX7,1.0,1.0,caffeine,NUP50,10762,1.0,Reactome_R-HSA-1430728
Q9UKY7,1.0,1.0,caffeine,CDV3,55573,0.0,
Q9UL12,1.0,1.0,Ethanolamine,SARDH,1757,1.0,Reactome_R-HSA-1430728
Q9UL54,1.0,1.0,caffeine,TAOK2,9344,0.0,
Q9ULC8,1.0,1.0,caffeine,ZDHHC8,29801,0.0,
Q9ULD2,1.0,1.0,caffeine,MTUS1,57509,0.0,
Q9ULD4,1.0,1.0,caffeine,BRPF3,27154,0.0,
Q9ULD5,1.0,1.0,caffeine,ZNF777,27153,0.0,
Q9ULG1,1.0,1.0,caffeine,INO80,54617,0.0,
Q9ULH1,1.0,1.0,caffeine,ASAP1,50807,0.0,
Q9ULI0,1.0,1.0,caffeine,ATAD2B,54454,0.0,
Q9ULI1,1.0,1.0,caffeine,NWD2,57495,0.0,
Q9ULJ3,1.0,1.0,caffeine,ZBTB21,49854,0.0,
Q9ULJ7,1.0,1.0,caffeine,ANKRD50,57182,0.0,
Q9ULM3,1.0,1.0,caffeine,YEATS2,55689,0.0,
Q9ULT6,1.0,1.0,caffeine,ZNRF3,84133,0.0,
Q9ULT8,1.0,1.0,caffeine,HECTD1,25831,0.0,
Q9ULU4,1.0,1.0,caffeine,ZMYND8,23613,0.0,
Q9ULV0,1.0,1.0,caffeine,MYO5B,4645,0.0,
Q9ULV8,1.0,1.0,caffeine,CBLC,23624,0.0,
Q9ULW0,1.0,1.0,caffeine,TPX2,22974,0.0,
Q9ULX3,1.0,1.0,caffeine,NOB1,28987,0.0,
Q9UM54,1.0,1.0,caffeine,MYO6,4646,0.0,
Q9UMN6,1.0,1.0,caffeine,KMT2B,9757,0.0,
Q9UMX1,1.0,1.0,caffeine,SUFU,51684,0.0,
Q9UMZ2,1.0,1.0,caffeine,SYNRG,11276,0.0,
Q9UN36,1.0,1.0,caffeine,NDRG2,57447,0.0,
Q9UN76,1.0,1.0,caffeine,SLC6A14,11254,0.0,
Q9UN79,1.0,1.0,caffeine,SOX13,9580,0.0,
Q9UN86,1.0,1.0,caffeine,G3BP2,9908,0.0,
Q9UNA0,1.0,1.0,caffeine,ADAMTS5,11096,0.0,
Q9UNA1,1.0,1.0,caffeine,ARHGAP26,23092,0.0,
Q9UNA4,1.0,1.0,caffeine,POLI,11201,0.0,
Q9UNF0,1.0,1.0,caffeine,PACSIN2,11252,0.0,
Q9UNK0,1.0,1.0,caffeine,STX8,9482,0.0,
Q9UNL2,1.0,1.0,caffeine,SSR3,6747,0.0,
Q9UNQ0,1.0,1.0,maprotiline,ABCG2,9429,1.0,Reactome_R-HSA-1430728
Q9UNS1,1.0,1.0,caffeine,TIMELESS,8914,0.0,
Q9UNS2,1.0,1.0,caffeine,COPS3,8533,0.0,
Q9UNX4,1.0,1.0,caffeine,WDR3,10885,0.0,
Q9UNY4,1.0,1.0,caffeine,TTF2,8458,0.0,
Q9UNZ2,1.0,1.0,caffeine,NSFL1C,55968,0.0,
Q9UPM8,1.0,1.0,caffeine,AP4E1,23431,0.0,
Q9UPN4,1.0,1.0,caffeine,CEP131,22994,0.0,
Q9UPN6,1.0,1.0,caffeine,SCAF8,22828,0.0,
Q9UPN9,1.0,1.0,caffeine,TRIM33,51592,0.0,
Q9UPP1,1.0,1.0,caffeine,PHF8,23133,0.0,
Q9UPQ9,1.0,1.0,caffeine,TNRC6B,23112,0.0,
Q9UPS8,1.0,1.0,caffeine,ANKRD26,22852,0.0,
Q9UPT5,1.0,1.0,caffeine,EXOC7,23265,0.0,
Q9UPT8,1.0,1.0,caffeine,ZC3H4,23211,0.0,
Q9UPU5,1.0,1.0,caffeine,USP24,23358,0.0,
Q9UPU9,1.0,1.0,caffeine,SAMD4A,23034,0.0,
Q9UPV0,1.0,1.0,caffeine,CEP164,22897,0.0,
Q9UPW6,1.0,1.0,caffeine,SATB2,23314,0.0,
Q9UPX8,1.0,1.0,caffeine,SHANK2,22941,0.0,
Q9UPY3,1.0,1.0,caffeine,DICER1,23405,0.0,
Q9UPZ3,1.0,1.0,caffeine,HPS5,11234,0.0,
Q9UQ35,1.0,1.0,caffeine,SRRM2,23524,0.0,
Q9UQ49,1.0,1.0,caffeine,NEU3,10825,1.0,Reactome_R-HSA-1430728
Q9UQB8,1.0,1.0,caffeine,BAIAP2,10458,0.0,
Q9UQC2,1.0,1.0,caffeine,GAB2,9846,0.0,
Q9UQE7,1.0,1.0,caffeine,SMC3,9126,0.0,
Q9UQL6,1.0,1.0,caffeine,HDAC5,10014,0.0,
Q9UQN3,1.0,1.0,caffeine,CHMP2B,25978,0.0,
Q9UQR0,1.0,1.0,caffeine,SCML2,10389,0.0,
Q9V674,1.0,1.0,caffeine,CYP6G1,36316,0.0,
Q9V774,1.0,1.0,caffeine,CYP6A21,36665,0.0,
Q9V9L1,1.0,1.0,caffeine,CYP6W1,35543,0.0,
Q9VCW1,1.0,1.0,caffeine,CYP6D4,42682,0.0,
Q9VFP1,1.0,1.0,caffeine,CYP6D5,41706,0.0,
Q9VG93,1.0,1.0,caffeine,GSTD7,48340,0.0,
Q9VG98,1.0,1.0,caffeine,GSTD2,48335,0.0,
Q9Y232,1.0,1.0,caffeine,CDYL,9425,0.0,
Q9Y233,1.0,1.0,caffeine,PDE10A,10846,0.0,
Q9Y241,1.0,1.0,caffeine,HIGD1A,25994,1.0,Reactome_R-HSA-1430728
Q9Y248,1.0,1.0,caffeine,GINS2,51659,0.0,
Q9Y255,1.0,1.0,caffeine,PRELID1,27166,0.0,
Q9Y262,1.0,1.0,caffeine,EIF3L,51386,0.0,
Q9Y294,1.0,1.0,caffeine,ASF1A,25842,0.0,
Q9Y2B5,1.0,1.0,caffeine,VPS9D1,9605,0.0,
Q9Y2D5,1.0,1.0,caffeine,PALM2AKAP2,445815,0.0,
Q9Y2D8,1.0,1.0,caffeine,SSX2IP,117178,0.0,
Q9Y2D9,1.0,1.0,caffeine,ZNF652,22834,0.0,
Q9Y2E6,1.0,1.0,caffeine,DTX4,23220,0.0,
Q9Y2E8,1.0,1.0,caffeine,SLC9A8,23315,0.0,
Q9Y2F5,1.0,1.0,caffeine,ICE1,23379,0.0,
Q9Y2G8,1.0,1.0,caffeine,DNAJC16,23341,0.0,
Q9Y2H0,1.0,1.0,caffeine,DLGAP4,22839,0.0,
Q9Y2H6,1.0,1.0,caffeine,FNDC3A,22862,0.0,
Q9Y2I9,1.0,1.0,caffeine,TBC1D30,23329,0.0,
Q9Y2J4,1.0,1.0,caffeine,AMOTL2,51421,0.0,
Q9Y2K1,1.0,1.0,caffeine,ZBTB1,22890,0.0,
Q9Y2K7,1.0,1.0,caffeine,KDM2A,22992,0.0,
Q9Y2L9,1.0,1.0,caffeine,LRCH1,23143,0.0,
Q9Y2T1,1.0,1.0,caffeine,AXIN2,8313,0.0,
Q9Y2V2,1.0,1.0,caffeine,CARHSP1,23589,0.0,
Q9Y2W1,1.0,1.0,caffeine,THRAP3,9967,1.0,Reactome_R-HSA-1430728
Q9Y2W6,1.0,1.0,caffeine,TDRKH,11022,0.0,
Q9Y2X3,1.0,1.0,caffeine,NOP58,51602,0.0,
Q9Y2X7,1.0,1.0,caffeine,GIT1,28964,0.0,
Q9Y2X9,1.0,1.0,caffeine,ZNF281,23528,0.0,
Q9Y2Z0,1.0,1.0,caffeine,SUGT1,10910,0.0,
Q9Y314,1.0,1.0,caffeine,NOSIP,51070,1.0,Reactome_R-HSA-1430728
Q9Y320,1.0,1.0,caffeine,TMX2,51075,0.0,
Q9Y383,1.0,1.0,caffeine,LUC7L2,51631,0.0,
Q9Y3A6,1.0,1.0,caffeine,TMED5,50999,0.0,
Q9Y3E0,1.0,1.0,caffeine,GOLT1B,51026,0.0,
Q9Y3E2,1.0,1.0,caffeine,BOLA1,51027,0.0,
Q9Y3L3,1.0,1.0,caffeine,SH3BP1,23616,0.0,
Q9Y3M8,1.0,1.0,caffeine,STARD13,90627,0.0,
Q9Y3M9,1.0,1.0,caffeine,ZNF337,26152,0.0,
Q9Y3P8,1.0,1.0,caffeine,SIT1,27240,0.0,
Q9Y3Q8,1.0,1.0,caffeine,TSC22D4,81628,0.0,
Q9Y3R5,1.0,1.0,caffeine,DOP1B,9980,0.0,
Q9Y3S1,1.0,1.0,caffeine,WNK2,65268,0.0,
Q9Y3T9,1.0,1.0,caffeine,NOC2L,26155,0.0,
Q9Y3X0,1.0,1.0,caffeine,CCDC9,26093,0.0,
Q9Y426,1.0,1.0,caffeine,C2CD2,25966,0.0,
Q9Y450,1.0,1.0,caffeine,HBS1L,10767,0.0,
Q9Y483,1.0,1.0,caffeine,MTF2,22823,0.0,
Q9Y487,1.0,1.0,caffeine,ATP6V0A2,23545,0.0,
Q9Y490,1.0,1.0,caffeine,TLN1,7094,0.0,
Q9Y4A5,1.0,1.0,caffeine,TRRAP,8295,0.0,
Q9Y4B6,1.0,1.0,caffeine,DCAF1,9730,0.0,
Q9Y4D1,1.0,1.0,caffeine,DAAM1,23002,0.0,
Q9Y4E1,1.0,1.0,caffeine,WASHC2C,253725,0.0,
Q9Y4E6,1.0,1.0,caffeine,WDR7,23335,0.0,
Q9Y4E8,1.0,1.0,caffeine,USP15,9958,0.0,
Q9Y4F1,1.0,1.0,caffeine,FARP1,10160,0.0,
Q9Y4F5,1.0,1.0,caffeine,CEP170B,283638,0.0,
Q9Y4G6,1.0,1.0,caffeine,TLN2,83660,0.0,
Q9Y4I1,1.0,1.0,caffeine,MYO5A,4644,0.0,
Q9Y4R8,1.0,1.0,caffeine,TELO2,9894,0.0,
Q9Y5A9,1.0,1.0,caffeine,YTHDF2,51441,0.0,
Q9Y5B0,1.0,1.0,caffeine,CTDP1,9150,0.0,
Q9Y5B6,1.0,1.0,caffeine,PAXBP1,94104,0.0,
Q9Y5E4,1.0,1.0,caffeine,PCDHB5,26167,0.0,
Q9Y5J1,1.0,1.0,caffeine,UTP18,51096,0.0,
Q9Y5J5,1.0,1.0,caffeine,PHLDA3,23612,0.0,
Q9Y5K3,1.0,1.0,caffeine,PCYT1B,9468,1.0,Reactome_R-HSA-1430728
Q9Y5K6,1.0,1.0,caffeine,CD2AP,23607,0.0,
Q9Y5K8,1.0,1.0,caffeine,ATP6V1D,51382,0.0,
Q9Y5M8,1.0,1.0,caffeine,SRPRB,58477,0.0,
Q9Y5N6,1.0,1.0,caffeine,ORC6,23594,0.0,
Q9Y5P4,1.0,1.0,caffeine,CERT1,10087,0.0,
Q9Y5Q8,1.0,1.0,caffeine,GTF3C5,9328,0.0,
Q9Y5Q9,1.0,1.0,caffeine,GTF3C3,9330,0.0,
Q9Y5S1,1.0,1.0,caffeine,TRPV2,51393,0.0,
Q9Y5W8,1.0,1.0,caffeine,SNX13,23161,0.0,
Q9Y5X1,1.0,1.0,caffeine,SNX9,51429,0.0,
Q9Y5X2,1.0,1.0,caffeine,SNX8,29886,0.0,
Q9Y5Y0,1.0,1.0,caffeine,FLVCR1,28982,0.0,
Q9Y5Z4,1.0,1.0,caffeine,HEBP2,23593,0.0,
Q9Y5Z9,1.0,1.0,caffeine,UBIAD1,29914,1.0,Reactome_R-HSA-1430728
Q9Y608,1.0,1.0,caffeine,LRRFIP2,9209,0.0,
Q9Y613,1.0,1.0,caffeine,FHOD1,29109,0.0,
Q9Y618,1.0,1.0,caffeine,NCOR2,9612,0.0,
Q9Y624,1.0,1.0,caffeine,F11R,50848,0.0,
Q9Y675,1.0,1.0,caffeine,SNURF,8926,0.0,
Q9Y678,1.0,1.0,caffeine,COPG1,22820,0.0,
Q9Y691,1.0,1.0,forskolin,KCNMB2,10242,0.0,
Q9Y6A5,1.0,1.0,caffeine,TACC3,10460,0.0,
Q9Y6D5,1.0,1.0,caffeine,ARFGEF2,10564,0.0,
Q9Y6D6,1.0,1.0,caffeine,ARFGEF1,10565,0.0,
Q9Y6E2,1.0,1.0,caffeine,BZW2,28969,0.0,
Q9Y6G9,1.0,1.0,caffeine,DYNC1LI1,51143,0.0,
Q9Y6I3,1.0,1.0,caffeine,EPN1,29924,0.0,
Q9Y6J0,1.0,1.0,caffeine,CABIN1,23523,0.0,
Q9Y6J9,1.0,1.0,caffeine,TAF6L,10629,0.0,
Q9Y6M1,1.0,1.0,caffeine,IGF2BP2,10644,0.0,
Q9Y6M5,1.0,1.0,caffeine,SLC30A1,7779,0.0,
Q9Y6M7,1.0,1.0,caffeine,SLC4A7,9497,0.0,
Q9Y6N7,1.0,1.0,caffeine,ROBO1,6091,0.0,
Q9Y6P5,1.0,1.0,caffeine,SESN1,27244,0.0,
Q9Y6Q9,1.0,1.0,caffeine,NCOA3,8202,1.0,Reactome_R-HSA-1430728
Q9Y6R9,1.0,1.0,caffeine,CCDC61,729440,0.0,
Q9Y6W5,1.0,1.0,caffeine,WASF2,10163,0.0,
Q9Y6X4,1.0,1.0,caffeine,FAM169A,26049,0.0,
Q9Y6Y0,1.0,1.0,caffeine,IVNS1ABP,10625,0.0,
Q9Y6Y8,1.0,1.0,caffeine,SEC23IP,11196,0.0,
A0A0A6ZFR4,,,,,,1.0,BioCyc_META_PWY-5672
A0A0A6ZFY4,,,,,,1.0,BioCyc_META_PWY-5672
A0A0A7HB61,,,,,,1.0,BioCyc_META_PWY-5672
A0A0K0PVM5,,,,,,1.0,BioCyc_META_PWY-5672
A0A0K0PVW1,,,,,,1.0,BioCyc_META_PWY-5672
A0JLT2,,,,,,1.0,Reactome_R-HSA-1430728
A0PJW6,,,,,,1.0,Reactome_R-HSA-1430728
A1L188,,,,,,1.0,Reactome_R-HSA-1430728
A1L3X0,,,,,,1.0,Reactome_R-HSA-1430728
A1Z9E0,,,,,,42.0,PathBank_SMP0100279;PathBank_SMP0100280;PathBank_SMP0100287;PathBank_SMP0100289;PathBank_SMP0100290;PathBank_SMP0100291;PathBank_SMP0100292;PathBank_SMP0100293;PathBank_SMP0100294;PathBank_SMP0100295;PathBank_SMP0100296;PathBank_SMP0100297;PathBank_SMP0100298;PathBank_SMP0100299;PathBank_SMP0100300;PathBank_SMP0100301;PathBank_SMP0100302;PathBank_SMP0100303;PathBank_SMP0100304;PathBank_SMP0100305;PathBank_SMP0100306;PathBank_SMP0100307;PathBank_SMP0100308;PathBank_SMP0100309;PathBank_SMP0100310;PathBank_SMP0100317;PathBank_SMP0100319;PathBank_SMP0100325;PathBank_SMP0100327;PathBank_SMP0100332;PathBank_SMP0100334;PathBank_SMP0100338;PathBank_SMP0100340;PathBank_SMP0100343;PathBank_SMP0100345;PathBank_SMP0100347;PathBank_SMP0100349;PathBank_SMP0100350;PathBank_SMP0100351;PathBank_SMP0100352;PathBank_SMP0100354;PathBank_SMP0100355
A2RU49,,,,,,1.0,Reactome_R-HSA-1430728
A4GNA8,,,,,,12.0,PathBank_SMP0063827;PathBank_SMP0063838;PathBank_SMP0063848;PathBank_SMP0063857;PathBank_SMP0063865;PathBank_SMP0063872;PathBank_SMP0063878;PathBank_SMP0063883;PathBank_SMP0063887;PathBank_SMP0063890;PathBank_SMP0063891;PathBank_SMP0063892
A5D6W6,,,,,,1.0,Reactome_R-HSA-1430728
A5YM72,,,,,,1.0,Reactome_R-HSA-1430728
A6NDG6,,,,,,1.0,Reactome_R-HSA-1430728
A6NFY7,,,,,,1.0,Reactome_R-HSA-1430728
A6NGU5,,,,,,2.0,Reactome_R-HSA-1430728;Reactome_R-HSA-211859
A6NNW6,,,,,,1.0,Reactome_R-HSA-1430728
A6VD70,,,,,,848.0,PathBank_SMP0121354;PathBank_SMP0121355;PathBank_SMP0121356;PathBank_SMP0121358;PathBank_SMP0121359;PathBank_SMP0121360;PathBank_SMP0121361;PathBank_SMP0121363;PathBank_SMP0121364;PathBank_SMP0121365;PathBank_SMP0121366;PathBank_SMP0121367;PathBank_SMP0121368;PathBank_SMP0121369;PathBank_SMP0121370;PathBank_SMP0121371;PathBank_SMP0121372;PathBank_SMP0121373;PathBank_SMP0121374;PathBank_SMP0121375;PathBank_SMP0121376;PathBank_SMP0121377;PathBank_SMP0121378;PathBank_SMP0121379;PathBank_SMP0121380;PathBank_SMP0121381;PathBank_SMP0121382;PathBank_SMP0121383;PathBank_SMP0121384;PathBank_SMP0121385;PathBank_SMP0121386;PathBank_SMP0121387;PathBank_SMP0121388;PathBank_SMP0121389;PathBank_SMP0121390;PathBank_SMP0121391;PathBank_SMP0121392;PathBank_SMP0121393;PathBank_SMP0121394;PathBank_SMP0121395;PathBank_SMP0121396;PathBank_SMP0121397;PathBank_SMP0121398;PathBank_SMP0121399;PathBank_SMP0121400;PathBank_SMP0121401;PathBank_SMP0121402;PathBank_SMP0121403;PathBank_SMP0121404;PathBank_SMP0121405;PathBank_SMP0121406;PathBank_SMP0121407;PathBank_SMP0121408;PathBank_SMP0121409;PathBank_SMP0121410;PathBank_SMP0121411;PathBank_SMP0121412;PathBank_SMP0121413;PathBank_SMP0121414;PathBank_SMP0121415;PathBank_SMP0121416;PathBank_SMP0121417;PathBank_SMP0121418;PathBank_SMP0121419;PathBank_SMP0121420;PathBank_SMP0121421;PathBank_SMP0121422;PathBank_SMP0121423;PathBank_SMP0121424;PathBank_SMP0121425;PathBank_SMP0121426;PathBank_SMP0121427;PathBank_SMP0121428;PathBank_SMP0121429;PathBank_SMP0121430;PathBank_SMP0121431;PathBank_SMP0121432;PathBank_SMP0121433;PathBank_SMP0121434;PathBank_SMP0121435;PathBank_SMP0121436;PathBank_SMP0121437;PathBank_SMP0121438;PathBank_SMP0121439;PathBank_SMP0121440;PathBank_SMP0121441;PathBank_SMP0121442;PathBank_SMP0121443;PathBank_SMP0121444;PathBank_SMP0121445;PathBank_SMP0121446;PathBank_SMP0121447;PathBank_SMP0121448;PathBank_SMP0121449;PathBank_SMP0121450;PathBank_SMP0121451;PathBank_SMP0121452;PathBank_SMP0121453;PathBank_SMP0121454;PathBank_SMP0121455;PathBank_SMP0121456;PathBank_SMP0121457;PathBank_SMP0121458;PathBank_SMP0121459;PathBank_SMP0121460;PathBank_SMP0121461;PathBank_SMP0121462;PathBank_SMP0121463;PathBank_SMP0121464;PathBank_SMP0121465;PathBank_SMP0121466;PathBank_SMP0121467;PathBank_SMP0121468;PathBank_SMP0121469;PathBank_SMP0121470;PathBank_SMP0121471;PathBank_SMP0121472;PathBank_SMP0121473;PathBank_SMP0121474;PathBank_SMP0121475;PathBank_SMP0121476;PathBank_SMP0121477;PathBank_SMP0121478;PathBank_SMP0121479;PathBank_SMP0121480;PathBank_SMP0121481;PathBank_SMP0121482;PathBank_SMP0121483;PathBank_SMP0121484;PathBank_SMP0121485;PathBank_SMP0121486;PathBank_SMP0121487;PathBank_SMP0121488;PathBank_SMP0121489;PathBank_SMP0121490;PathBank_SMP0121491;PathBank_SMP0121492;PathBank_SMP0121493;PathBank_SMP0121494;PathBank_SMP0121495;PathBank_SMP0121496;PathBank_SMP0121497;PathBank_SMP0121498;PathBank_SMP0121499;PathBank_SMP0121500;PathBank_SMP0121501;PathBank_SMP0121502;PathBank_SMP0121503;PathBank_SMP0121504;PathBank_SMP0121505;PathBank_SMP0121506;PathBank_SMP0121507;PathBank_SMP0121508;PathBank_SMP0121509;PathBank_SMP0121510;PathBank_SMP0121511;PathBank_SMP0121512;PathBank_SMP0121513;PathBank_SMP0121514;PathBank_SMP0121515;PathBank_SMP0121516;PathBank_SMP0121517;PathBank_SMP0121518;PathBank_SMP0121519;PathBank_SMP0121520;PathBank_SMP0121521;PathBank_SMP0121522;PathBank_SMP0121523;PathBank_SMP0121524;PathBank_SMP0121525;PathBank_SMP0121526;PathBank_SMP0121527;PathBank_SMP0121528;PathBank_SMP0121529;PathBank_SMP0121530;PathBank_SMP0121531;PathBank_SMP0121532;PathBank_SMP0121533;PathBank_SMP0121534;PathBank_SMP0121535;PathBank_SMP0121536;PathBank_SMP0121537;PathBank_SMP0121538;PathBank_SMP0121539;PathBank_SMP0121540;PathBank_SMP0121541;PathBank_SMP0121542;PathBank_SMP0121543;PathBank_SMP0121544;PathBank_SMP0121545;PathBank_SMP0121546;PathBank_SMP0121547;PathBank_SMP0121548;PathBank_SMP0121549;PathBank_SMP0121550;PathBank_SMP0121551;PathBank_SMP0121552;PathBank_SMP0121553;PathBank_SMP0121554;PathBank_SMP0121555;PathBank_SMP0121556;PathBank_SMP0121557;PathBank_SMP0121558;PathBank_SMP0121559;PathBank_SMP0121560;PathBank_SMP0121561;PathBank_SMP0121562;PathBank_SMP0121563;PathBank_SMP0121564;PathBank_SMP0121565;PathBank_SMP0121566;PathBank_SMP0121567;PathBank_SMP0121568;PathBank_SMP0121569;PathBank_SMP0121570;PathBank_SMP0121571;PathBank_SMP0121572;PathBank_SMP0121573;PathBank_SMP0121574;PathBank_SMP0121575;PathBank_SMP0121576;PathBank_SMP0121577;PathBank_SMP0121578;PathBank_SMP0121579;PathBank_SMP0121580;PathBank_SMP0121581;PathBank_SMP0121582;PathBank_SMP0121583;PathBank_SMP0121584;PathBank_SMP0121585;PathBank_SMP0121586;PathBank_SMP0121587;PathBank_SMP0121588;PathBank_SMP0121589;PathBank_SMP0121590;PathBank_SMP0121591;PathBank_SMP0121592;PathBank_SMP0121593;PathBank_SMP0121594;PathBank_SMP0121595;PathBank_SMP0121596;PathBank_SMP0121597;PathBank_SMP0121598;PathBank_SMP0121599;PathBank_SMP0121600;PathBank_SMP0121601;PathBank_SMP0121602;PathBank_SMP0121603;PathBank_SMP0121604;PathBank_SMP0121605;PathBank_SMP0121606;PathBank_SMP0121607;PathBank_SMP0121608;PathBank_SMP0121609;PathBank_SMP0121610;PathBank_SMP0121611;PathBank_SMP0121612;PathBank_SMP0121613;PathBank_SMP0121614;PathBank_SMP0121615;PathBank_SMP0121616;PathBank_SMP0121617;PathBank_SMP0121618;PathBank_SMP0121619;PathBank_SMP0121620;PathBank_SMP0121621;PathBank_SMP0121622;PathBank_SMP0121623;PathBank_SMP0121624;PathBank_SMP0121625;PathBank_SMP0121626;PathBank_SMP0121627;PathBank_SMP0121628;PathBank_SMP0121629;PathBank_SMP0121630;PathBank_SMP0121631;PathBank_SMP0121632;PathBank_SMP0121633;PathBank_SMP0121634;PathBank_SMP0121635;PathBank_SMP0121636;PathBank_SMP0121637;PathBank_SMP0121638;PathBank_SMP0121639;PathBank_SMP0121640;PathBank_SMP0121641;PathBank_SMP0121642;PathBank_SMP0121643;PathBank_SMP0121644;PathBank_SMP0121645;PathBank_SMP0121646;PathBank_SMP0121647;PathBank_SMP0121648;PathBank_SMP0121649;PathBank_SMP0121650;PathBank_SMP0121651;PathBank_SMP0121652;PathBank_SMP0121653;PathBank_SMP0121654;PathBank_SMP0121655;PathBank_SMP0121656;PathBank_SMP0121657;PathBank_SMP0121658;PathBank_SMP0121659;PathBank_SMP0121660;PathBank_SMP0121661;PathBank_SMP0121662;PathBank_SMP0121663;PathBank_SMP0121664;PathBank_SMP0121665;PathBank_SMP0121666;PathBank_SMP0121667;PathBank_SMP0121668;PathBank_SMP0121669;PathBank_SMP0121670;PathBank_SMP0121671;PathBank_SMP0121672;PathBank_SMP0121673;PathBank_SMP0121674;PathBank_SMP0121675;PathBank_SMP0121676;PathBank_SMP0121677;PathBank_SMP0121678;PathBank_SMP0121679;PathBank_SMP0121680;PathBank_SMP0121681;PathBank_SMP0121682;PathBank_SMP0121683;PathBank_SMP0121684;PathBank_SMP0121685;PathBank_SMP0121686;PathBank_SMP0121687;PathBank_SMP0121688;PathBank_SMP0121689;PathBank_SMP0121690;PathBank_SMP0121691;PathBank_SMP0121692;PathBank_SMP0121693;PathBank_SMP0121694;PathBank_SMP0121695;PathBank_SMP0121696;PathBank_SMP0121697;PathBank_SMP0121698;PathBank_SMP0121699;PathBank_SMP0121700;PathBank_SMP0121701;PathBank_SMP0121702;PathBank_SMP0121703;PathBank_SMP0121704;PathBank_SMP0121705;PathBank_SMP0121706;PathBank_SMP0121707;PathBank_SMP0121708;PathBank_SMP0121709;PathBank_SMP0121710;PathBank_SMP0121711;PathBank_SMP0121712;PathBank_SMP0121713;PathBank_SMP0121714;PathBank_SMP0121715;PathBank_SMP0121716;PathBank_SMP0121717;PathBank_SMP0121718;PathBank_SMP0121719;PathBank_SMP0121720;PathBank_SMP0121721;PathBank_SMP0121722;PathBank_SMP0121723;PathBank_SMP0121724;PathBank_SMP0121725;PathBank_SMP0121726;PathBank_SMP0121727;PathBank_SMP0121728;PathBank_SMP0121729;PathBank_SMP0121730;PathBank_SMP0121731;PathBank_SMP0121732;PathBank_SMP0121733;PathBank_SMP0121734;PathBank_SMP0121735;PathBank_SMP0121736;PathBank_SMP0121737;PathBank_SMP0121738;PathBank_SMP0121739;PathBank_SMP0121740;PathBank_SMP0121741;PathBank_SMP0121742;PathBank_SMP0121743;PathBank_SMP0121744;PathBank_SMP0121745;PathBank_SMP0121746;PathBank_SMP0121747;PathBank_SMP0121748;PathBank_SMP0121749;PathBank_SMP0121750;PathBank_SMP0121751;PathBank_SMP0121752;PathBank_SMP0121753;PathBank_SMP0121754;PathBank_SMP0121755;PathBank_SMP0121756;PathBank_SMP0121757;PathBank_SMP0121758;PathBank_SMP0121759;PathBank_SMP0121760;PathBank_SMP0121761;PathBank_SMP0121762;PathBank_SMP0121763;PathBank_SMP0121764;PathBank_SMP0121765;PathBank_SMP0121766;PathBank_SMP0121767;PathBank_SMP0121768;PathBank_SMP0121769;PathBank_SMP0121770;PathBank_SMP0121771;PathBank_SMP0121772;PathBank_SMP0121773;PathBank_SMP0121774;PathBank_SMP0121775;PathBank_SMP0121776;PathBank_SMP0121777;PathBank_SMP0121778;PathBank_SMP0121779;PathBank_SMP0121780;PathBank_SMP0121781;PathBank_SMP0121782;PathBank_SMP0121783;PathBank_SMP0121784;PathBank_SMP0121785;PathBank_SMP0121786;PathBank_SMP0121787;PathBank_SMP0121788;PathBank_SMP0121789;PathBank_SMP0121790;PathBank_SMP0121791;PathBank_SMP0121792;PathBank_SMP0121793;PathBank_SMP0121794;PathBank_SMP0121795;PathBank_SMP0121796;PathBank_SMP0121797;PathBank_SMP0121798;PathBank_SMP0121799;PathBank_SMP0121800;PathBank_SMP0121801;PathBank_SMP0121802;PathBank_SMP0121803;PathBank_SMP0121804;PathBank_SMP0121805;PathBank_SMP0121806;PathBank_SMP0121807;PathBank_SMP0121808;PathBank_SMP0121809;PathBank_SMP0121810;PathBank_SMP0121811;PathBank_SMP0121812;PathBank_SMP0121813;PathBank_SMP0121814;PathBank_SMP0121815;PathBank_SMP0121816;PathBank_SMP0121817;PathBank_SMP0121818;PathBank_SMP0121819;PathBank_SMP0121820;PathBank_SMP0121821;PathBank_SMP0121822;PathBank_SMP0121823;PathBank_SMP0121824;PathBank_SMP0121825;PathBank_SMP0121826;PathBank_SMP0121827;PathBank_SMP0121828;PathBank_SMP0121829;PathBank_SMP0121830;PathBank_SMP0121831;PathBank_SMP0121832;PathBank_SMP0121833;PathBank_SMP0121834;PathBank_SMP0121835;PathBank_SMP0121836;PathBank_SMP0121837;PathBank_SMP0121838;PathBank_SMP0121839;PathBank_SMP0121840;PathBank_SMP0121841;PathBank_SMP0121842;PathBank_SMP0121843;PathBank_SMP0121844;PathBank_SMP0121845;PathBank_SMP0121846;PathBank_SMP0121847;PathBank_SMP0121848;PathBank_SMP0121849;PathBank_SMP0121850;PathBank_SMP0121851;PathBank_SMP0121852;PathBank_SMP0121853;PathBank_SMP0121854;PathBank_SMP0121855;PathBank_SMP0121856;PathBank_SMP0121857;PathBank_SMP0121858;PathBank_SMP0121859;PathBank_SMP0121860;PathBank_SMP0121861;PathBank_SMP0121862;PathBank_SMP0121863;PathBank_SMP0121864;PathBank_SMP0121865;PathBank_SMP0121866;PathBank_SMP0121867;PathBank_SMP0121868;PathBank_SMP0121869;PathBank_SMP0121870;PathBank_SMP0121871;PathBank_SMP0121872;PathBank_SMP0121873;PathBank_SMP0121874;PathBank_SMP0121875;PathBank_SMP0121876;PathBank_SMP0121877;PathBank_SMP0121878;PathBank_SMP0121879;PathBank_SMP0121880;PathBank_SMP0121881;PathBank_SMP0121882;PathBank_SMP0121883;PathBank_SMP0121884;PathBank_SMP0121885;PathBank_SMP0121886;PathBank_SMP0121887;PathBank_SMP0121888;PathBank_SMP0121889;PathBank_SMP0121890;PathBank_SMP0121891;PathBank_SMP0121892;PathBank_SMP0121893;PathBank_SMP0121894;PathBank_SMP0121895;PathBank_SMP0121896;PathBank_SMP0121897;PathBank_SMP0121898;PathBank_SMP0121899;PathBank_SMP0121900;PathBank_SMP0121901;PathBank_SMP0121902;PathBank_SMP0121903;PathBank_SMP0121904;PathBank_SMP0121905;PathBank_SMP0121906;PathBank_SMP0121907;PathBank_SMP0121908;PathBank_SMP0121909;PathBank_SMP0121910;PathBank_SMP0121911;PathBank_SMP0121912;PathBank_SMP0121913;PathBank_SMP0121914;PathBank_SMP0121915;PathBank_SMP0121916;PathBank_SMP0121917;PathBank_SMP0121918;PathBank_SMP0121919;PathBank_SMP0121920;PathBank_SMP0121921;PathBank_SMP0121922;PathBank_SMP0121923;PathBank_SMP0121924;PathBank_SMP0121925;PathBank_SMP0121926;PathBank_SMP0121927;PathBank_SMP0121928;PathBank_SMP0121929;PathBank_SMP0121930;PathBank_SMP0121931;PathBank_SMP0121932;PathBank_SMP0121933;PathBank_SMP0121934;PathBank_SMP0121935;PathBank_SMP0121936;PathBank_SMP0121937;PathBank_SMP0121938;PathBank_SMP0121939;PathBank_SMP0121940;PathBank_SMP0121941;PathBank_SMP0121942;PathBank_SMP0121943;PathBank_SMP0121944;PathBank_SMP0121945;PathBank_SMP0121946;PathBank_SMP0121947;PathBank_SMP0121948;PathBank_SMP0121949;PathBank_SMP0121950;PathBank_SMP0121951;PathBank_SMP0121952;PathBank_SMP0121953;PathBank_SMP0121954;PathBank_SMP0121955;PathBank_SMP0121956;PathBank_SMP0121957;PathBank_SMP0121958;PathBank_SMP0121959;PathBank_SMP0121960;PathBank_SMP0121961;PathBank_SMP0121962;PathBank_SMP0121963;PathBank_SMP0121964;PathBank_SMP0121965;PathBank_SMP0121966;PathBank_SMP0121967;PathBank_SMP0121968;PathBank_SMP0121969;PathBank_SMP0121970;PathBank_SMP0121971;PathBank_SMP0121972;PathBank_SMP0121973;PathBank_SMP0121974;PathBank_SMP0121975;PathBank_SMP0121976;PathBank_SMP0121977;PathBank_SMP0121978;PathBank_SMP0121979;PathBank_SMP0121980;PathBank_SMP0121981;PathBank_SMP0121982;PathBank_SMP0121983;PathBank_SMP0121984;PathBank_SMP0121985;PathBank_SMP0121986;PathBank_SMP0121987;PathBank_SMP0121988;PathBank_SMP0121989;PathBank_SMP0121990;PathBank_SMP0121991;PathBank_SMP0121992;PathBank_SMP0121993;PathBank_SMP0121994;PathBank_SMP0121995;PathBank_SMP0121996;PathBank_SMP0121997;PathBank_SMP0121998;PathBank_SMP0121999;PathBank_SMP0122000;PathBank_SMP0122001;PathBank_SMP0122002;PathBank_SMP0122003;PathBank_SMP0122004;PathBank_SMP0122005;PathBank_SMP0122006;PathBank_SMP0122007;PathBank_SMP0122008;PathBank_SMP0122009;PathBank_SMP0122010;PathBank_SMP0122011;PathBank_SMP0122012;PathBank_SMP0122013;PathBank_SMP0122014;PathBank_SMP0122015;PathBank_SMP0122016;PathBank_SMP0122017;PathBank_SMP0122018;PathBank_SMP0122019;PathBank_SMP0122020;PathBank_SMP0122021;PathBank_SMP0122022;PathBank_SMP0122023;PathBank_SMP0122024;PathBank_SMP0122025;PathBank_SMP0122026;PathBank_SMP0122027;PathBank_SMP0122028;PathBank_SMP0122029;PathBank_SMP0122030;PathBank_SMP0122031;PathBank_SMP0122032;PathBank_SMP0122033;PathBank_SMP0122034;PathBank_SMP0122035;PathBank_SMP0122036;PathBank_SMP0122037;PathBank_SMP0122038;PathBank_SMP0122039;PathBank_SMP0122041;PathBank_SMP0122042;PathBank_SMP0122043;PathBank_SMP0122044;PathBank_SMP0122045;PathBank_SMP0122046;PathBank_SMP0122047;PathBank_SMP0122048;PathBank_SMP0122049;PathBank_SMP0122050;PathBank_SMP0122051;PathBank_SMP0122052;PathBank_SMP0122053;PathBank_SMP0122054;PathBank_SMP0122055;PathBank_SMP0122056;PathBank_SMP0122057;PathBank_SMP0122058;PathBank_SMP0122059;PathBank_SMP0122060;PathBank_SMP0122061;PathBank_SMP0122062;PathBank_SMP0122063;PathBank_SMP0122064;PathBank_SMP0122065;PathBank_SMP0122066;PathBank_SMP0122067;PathBank_SMP0122068;PathBank_SMP0122069;PathBank_SMP0122070;PathBank_SMP0122071;PathBank_SMP0122072;PathBank_SMP0122073;PathBank_SMP0122074;PathBank_SMP0122075;PathBank_SMP0122076;PathBank_SMP0122077;PathBank_SMP0122078;PathBank_SMP0122079;PathBank_SMP0122080;PathBank_SMP0122081;PathBank_SMP0122082;PathBank_SMP0122083;PathBank_SMP0122084;PathBank_SMP0122085;PathBank_SMP0122086;PathBank_SMP0122087;PathBank_SMP0122088;PathBank_SMP0122089;PathBank_SMP0122090;PathBank_SMP0122091;PathBank_SMP0122092;PathBank_SMP0122093;PathBank_SMP0122094;PathBank_SMP0122095;PathBank_SMP0122096;PathBank_SMP0122097;PathBank_SMP0122098;PathBank_SMP0122106;PathBank_SMP0122107;PathBank_SMP0122108;PathBank_SMP0122109;PathBank_SMP0122110;PathBank_SMP0122111;PathBank_SMP0122113;PathBank_SMP0122114;PathBank_SMP0122115;PathBank_SMP0122116;PathBank_SMP0122117;PathBank_SMP0122118;PathBank_SMP0122119;PathBank_SMP0122120;PathBank_SMP0122121;PathBank_SMP0122122;PathBank_SMP0122123;PathBank_SMP0122124;PathBank_SMP0122125;PathBank_SMP0122126;PathBank_SMP0122127;PathBank_SMP0122128;PathBank_SMP0122129;PathBank_SMP0122130;PathBank_SMP0122131;PathBank_SMP0122132;PathBank_SMP0122134;PathBank_SMP0122135;PathBank_SMP0122136;PathBank_SMP0122137;PathBank_SMP0122138;PathBank_SMP0122139;PathBank_SMP0122140;PathBank_SMP0122141;PathBank_SMP0122142;PathBank_SMP0122143;PathBank_SMP0122144;PathBank_SMP0122145;PathBank_SMP0122146;PathBank_SMP0122147;PathBank_SMP0122148;PathBank_SMP0122149;PathBank_SMP0122150;PathBank_SMP0122151;PathBank_SMP0122152;PathBank_SMP0122153;PathBank_SMP0122154;PathBank_SMP0122155;PathBank_SMP0122156;PathBank_SMP0122157;PathBank_SMP0122158;PathBank_SMP0122159;PathBank_SMP0122160;PathBank_SMP0122162;PathBank_SMP0122163;PathBank_SMP0122164;PathBank_SMP0122165;PathBank_SMP0122166;PathBank_SMP0122167;PathBank_SMP0122168;PathBank_SMP0122169;PathBank_SMP0122170;PathBank_SMP0122171;PathBank_SMP0122172;PathBank_SMP0122174;PathBank_SMP0122175;PathBank_SMP0122176;PathBank_SMP0122177;PathBank_SMP0122178;PathBank_SMP0122179;PathBank_SMP0122180;PathBank_SMP0122181;PathBank_SMP0122182;PathBank_SMP0122183;PathBank_SMP0122184;PathBank_SMP0122185;PathBank_SMP0122186;PathBank_SMP0122187;PathBank_SMP0122188;PathBank_SMP0122189;PathBank_SMP0122190;PathBank_SMP0122191;PathBank_SMP0122192;PathBank_SMP0122193;PathBank_SMP0122194;PathBank_SMP0122195;PathBank_SMP0122196;PathBank_SMP0122197;PathBank_SMP0122198;PathBank_SMP0122199;PathBank_SMP0122200;PathBank_SMP0122201;PathBank_SMP0122202;PathBank_SMP0122203;PathBank_SMP0122205;PathBank_SMP0122206;PathBank_SMP0122207;PathBank_SMP0122208;PathBank_SMP0122209;PathBank_SMP0122210;PathBank_SMP0122211;PathBank_SMP0122212;PathBank_SMP0122213;PathBank_SMP0122214;PathBank_SMP0122215;PathBank_SMP0122216
A8MUP2,,,,,,1.0,Reactome_R-HSA-1430728
A8MV81,,,,,,1.0,Reactome_R-HSA-1430728
A8MXV4,,,,,,1.0,Reactome_R-HSA-1430728
A9YTQ3,,,,,,5.0,Reactome_R-HSA-1430728;Reactome_R-HSA-211859;Reactome_R-HSA-211897;Reactome_R-HSA-211945;Reactome_R-HSA-211981
B7V2U0,,,,,,848.0,PathBank_SMP0121354;PathBank_SMP0121355;PathBank_SMP0121356;PathBank_SMP0121358;PathBank_SMP0121359;PathBank_SMP0121360;PathBank_SMP0121361;PathBank_SMP0121363;PathBank_SMP0121364;PathBank_SMP0121365;PathBank_SMP0121366;PathBank_SMP0121367;PathBank_SMP0121368;PathBank_SMP0121369;PathBank_SMP0121370;PathBank_SMP0121371;PathBank_SMP0121372;PathBank_SMP0121373;PathBank_SMP0121374;PathBank_SMP0121375;PathBank_SMP0121376;PathBank_SMP0121377;PathBank_SMP0121378;PathBank_SMP0121379;PathBank_SMP0121380;PathBank_SMP0121381;PathBank_SMP0121382;PathBank_SMP0121383;PathBank_SMP0121384;PathBank_SMP0121385;PathBank_SMP0121386;PathBank_SMP0121387;PathBank_SMP0121388;PathBank_SMP0121389;PathBank_SMP0121390;PathBank_SMP0121391;PathBank_SMP0121392;PathBank_SMP0121393;PathBank_SMP0121394;PathBank_SMP0121395;PathBank_SMP0121396;PathBank_SMP0121397;PathBank_SMP0121398;PathBank_SMP0121399;PathBank_SMP0121400;PathBank_SMP0121401;PathBank_SMP0121402;PathBank_SMP0121403;PathBank_SMP0121404;PathBank_SMP0121405;PathBank_SMP0121406;PathBank_SMP0121407;PathBank_SMP0121408;PathBank_SMP0121409;PathBank_SMP0121410;PathBank_SMP0121411;PathBank_SMP0121412;PathBank_SMP0121413;PathBank_SMP0121414;PathBank_SMP0121415;PathBank_SMP0121416;PathBank_SMP0121417;PathBank_SMP0121418;PathBank_SMP0121419;PathBank_SMP0121420;PathBank_SMP0121421;PathBank_SMP0121422;PathBank_SMP0121423;PathBank_SMP0121424;PathBank_SMP0121425;PathBank_SMP0121426;PathBank_SMP0121427;PathBank_SMP0121428;PathBank_SMP0121429;PathBank_SMP0121430;PathBank_SMP0121431;PathBank_SMP0121432;PathBank_SMP0121433;PathBank_SMP0121434;PathBank_SMP0121435;PathBank_SMP0121436;PathBank_SMP0121437;PathBank_SMP0121438;PathBank_SMP0121439;PathBank_SMP0121440;PathBank_SMP0121441;PathBank_SMP0121442;PathBank_SMP0121443;PathBank_SMP0121444;PathBank_SMP0121445;PathBank_SMP0121446;PathBank_SMP0121447;PathBank_SMP0121448;PathBank_SMP0121449;PathBank_SMP0121450;PathBank_SMP0121451;PathBank_SMP0121452;PathBank_SMP0121453;PathBank_SMP0121454;PathBank_SMP0121455;PathBank_SMP0121456;PathBank_SMP0121457;PathBank_SMP0121458;PathBank_SMP0121459;PathBank_SMP0121460;PathBank_SMP0121461;PathBank_SMP0121462;PathBank_SMP0121463;PathBank_SMP0121464;PathBank_SMP0121465;PathBank_SMP0121466;PathBank_SMP0121467;PathBank_SMP0121468;PathBank_SMP0121469;PathBank_SMP0121470;PathBank_SMP0121471;PathBank_SMP0121472;PathBank_SMP0121473;PathBank_SMP0121474;PathBank_SMP0121475;PathBank_SMP0121476;PathBank_SMP0121477;PathBank_SMP0121478;PathBank_SMP0121479;PathBank_SMP0121480;PathBank_SMP0121481;PathBank_SMP0121482;PathBank_SMP0121483;PathBank_SMP0121484;PathBank_SMP0121485;PathBank_SMP0121486;PathBank_SMP0121487;PathBank_SMP0121488;PathBank_SMP0121489;PathBank_SMP0121490;PathBank_SMP0121491;PathBank_SMP0121492;PathBank_SMP0121493;PathBank_SMP0121494;PathBank_SMP0121495;PathBank_SMP0121496;PathBank_SMP0121497;PathBank_SMP0121498;PathBank_SMP0121499;PathBank_SMP0121500;PathBank_SMP0121501;PathBank_SMP0121502;PathBank_SMP0121503;PathBank_SMP0121504;PathBank_SMP0121505;PathBank_SMP0121506;PathBank_SMP0121507;PathBank_SMP0121508;PathBank_SMP0121509;PathBank_SMP0121510;PathBank_SMP0121511;PathBank_SMP0121512;PathBank_SMP0121513;PathBank_SMP0121514;PathBank_SMP0121515;PathBank_SMP0121516;PathBank_SMP0121517;PathBank_SMP0121518;PathBank_SMP0121519;PathBank_SMP0121520;PathBank_SMP0121521;PathBank_SMP0121522;PathBank_SMP0121523;PathBank_SMP0121524;PathBank_SMP0121525;PathBank_SMP0121526;PathBank_SMP0121527;PathBank_SMP0121528;PathBank_SMP0121529;PathBank_SMP0121530;PathBank_SMP0121531;PathBank_SMP0121532;PathBank_SMP0121533;PathBank_SMP0121534;PathBank_SMP0121535;PathBank_SMP0121536;PathBank_SMP0121537;PathBank_SMP0121538;PathBank_SMP0121539;PathBank_SMP0121540;PathBank_SMP0121541;PathBank_SMP0121542;PathBank_SMP0121543;PathBank_SMP0121544;PathBank_SMP0121545;PathBank_SMP0121546;PathBank_SMP0121547;PathBank_SMP0121548;PathBank_SMP0121549;PathBank_SMP0121550;PathBank_SMP0121551;PathBank_SMP0121552;PathBank_SMP0121553;PathBank_SMP0121554;PathBank_SMP0121555;PathBank_SMP0121556;PathBank_SMP0121557;PathBank_SMP0121558;PathBank_SMP0121559;PathBank_SMP0121560;PathBank_SMP0121561;PathBank_SMP0121562;PathBank_SMP0121563;PathBank_SMP0121564;PathBank_SMP0121565;PathBank_SMP0121566;PathBank_SMP0121567;PathBank_SMP0121568;PathBank_SMP0121569;PathBank_SMP0121570;PathBank_SMP0121571;PathBank_SMP0121572;PathBank_SMP0121573;PathBank_SMP0121574;PathBank_SMP0121575;PathBank_SMP0121576;PathBank_SMP0121577;PathBank_SMP0121578;PathBank_SMP0121579;PathBank_SMP0121580;PathBank_SMP0121581;PathBank_SMP0121582;PathBank_SMP0121583;PathBank_SMP0121584;PathBank_SMP0121585;PathBank_SMP0121586;PathBank_SMP0121587;PathBank_SMP0121588;PathBank_SMP0121589;PathBank_SMP0121590;PathBank_SMP0121591;PathBank_SMP0121592;PathBank_SMP0121593;PathBank_SMP0121594;PathBank_SMP0121595;PathBank_SMP0121596;PathBank_SMP0121597;PathBank_SMP0121598;PathBank_SMP0121599;PathBank_SMP0121600;PathBank_SMP0121601;PathBank_SMP0121602;PathBank_SMP0121603;PathBank_SMP0121604;PathBank_SMP0121605;PathBank_SMP0121606;PathBank_SMP0121607;PathBank_SMP0121608;PathBank_SMP0121609;PathBank_SMP0121610;PathBank_SMP0121611;PathBank_SMP0121612;PathBank_SMP0121613;PathBank_SMP0121614;PathBank_SMP0121615;PathBank_SMP0121616;PathBank_SMP0121617;PathBank_SMP0121618;PathBank_SMP0121619;PathBank_SMP0121620;PathBank_SMP0121621;PathBank_SMP0121622;PathBank_SMP0121623;PathBank_SMP0121624;PathBank_SMP0121625;PathBank_SMP0121626;PathBank_SMP0121627;PathBank_SMP0121628;PathBank_SMP0121629;PathBank_SMP0121630;PathBank_SMP0121631;PathBank_SMP0121632;PathBank_SMP0121633;PathBank_SMP0121634;PathBank_SMP0121635;PathBank_SMP0121636;PathBank_SMP0121637;PathBank_SMP0121638;PathBank_SMP0121639;PathBank_SMP0121640;PathBank_SMP0121641;PathBank_SMP0121642;PathBank_SMP0121643;PathBank_SMP0121644;PathBank_SMP0121645;PathBank_SMP0121646;PathBank_SMP0121647;PathBank_SMP0121648;PathBank_SMP0121649;PathBank_SMP0121650;PathBank_SMP0121651;PathBank_SMP0121652;PathBank_SMP0121653;PathBank_SMP0121654;PathBank_SMP0121655;PathBank_SMP0121656;PathBank_SMP0121657;PathBank_SMP0121658;PathBank_SMP0121659;PathBank_SMP0121660;PathBank_SMP0121661;PathBank_SMP0121662;PathBank_SMP0121663;PathBank_SMP0121664;PathBank_SMP0121665;PathBank_SMP0121666;PathBank_SMP0121667;PathBank_SMP0121668;PathBank_SMP0121669;PathBank_SMP0121670;PathBank_SMP0121671;PathBank_SMP0121672;PathBank_SMP0121673;PathBank_SMP0121674;PathBank_SMP0121675;PathBank_SMP0121676;PathBank_SMP0121677;PathBank_SMP0121678;PathBank_SMP0121679;PathBank_SMP0121680;PathBank_SMP0121681;PathBank_SMP0121682;PathBank_SMP0121683;PathBank_SMP0121684;PathBank_SMP0121685;PathBank_SMP0121686;PathBank_SMP0121687;PathBank_SMP0121688;PathBank_SMP0121689;PathBank_SMP0121690;PathBank_SMP0121691;PathBank_SMP0121692;PathBank_SMP0121693;PathBank_SMP0121694;PathBank_SMP0121695;PathBank_SMP0121696;PathBank_SMP0121697;PathBank_SMP0121698;PathBank_SMP0121699;PathBank_SMP0121700;PathBank_SMP0121701;PathBank_SMP0121702;PathBank_SMP0121703;PathBank_SMP0121704;PathBank_SMP0121705;PathBank_SMP0121706;PathBank_SMP0121707;PathBank_SMP0121708;PathBank_SMP0121709;PathBank_SMP0121710;PathBank_SMP0121711;PathBank_SMP0121712;PathBank_SMP0121713;PathBank_SMP0121714;PathBank_SMP0121715;PathBank_SMP0121716;PathBank_SMP0121717;PathBank_SMP0121718;PathBank_SMP0121719;PathBank_SMP0121720;PathBank_SMP0121721;PathBank_SMP0121722;PathBank_SMP0121723;PathBank_SMP0121724;PathBank_SMP0121725;PathBank_SMP0121726;PathBank_SMP0121727;PathBank_SMP0121728;PathBank_SMP0121729;PathBank_SMP0121730;PathBank_SMP0121731;PathBank_SMP0121732;PathBank_SMP0121733;PathBank_SMP0121734;PathBank_SMP0121735;PathBank_SMP0121736;PathBank_SMP0121737;PathBank_SMP0121738;PathBank_SMP0121739;PathBank_SMP0121740;PathBank_SMP0121741;PathBank_SMP0121742;PathBank_SMP0121743;PathBank_SMP0121744;PathBank_SMP0121745;PathBank_SMP0121746;PathBank_SMP0121747;PathBank_SMP0121748;PathBank_SMP0121749;PathBank_SMP0121750;PathBank_SMP0121751;PathBank_SMP0121752;PathBank_SMP0121753;PathBank_SMP0121754;PathBank_SMP0121755;PathBank_SMP0121756;PathBank_SMP0121757;PathBank_SMP0121758;PathBank_SMP0121759;PathBank_SMP0121760;PathBank_SMP0121761;PathBank_SMP0121762;PathBank_SMP0121763;PathBank_SMP0121764;PathBank_SMP0121765;PathBank_SMP0121766;PathBank_SMP0121767;PathBank_SMP0121768;PathBank_SMP0121769;PathBank_SMP0121770;PathBank_SMP0121771;PathBank_SMP0121772;PathBank_SMP0121773;PathBank_SMP0121774;PathBank_SMP0121775;PathBank_SMP0121776;PathBank_SMP0121777;PathBank_SMP0121778;PathBank_SMP0121779;PathBank_SMP0121780;PathBank_SMP0121781;PathBank_SMP0121782;PathBank_SMP0121783;PathBank_SMP0121784;PathBank_SMP0121785;PathBank_SMP0121786;PathBank_SMP0121787;PathBank_SMP0121788;PathBank_SMP0121789;PathBank_SMP0121790;PathBank_SMP0121791;PathBank_SMP0121792;PathBank_SMP0121793;PathBank_SMP0121794;PathBank_SMP0121795;PathBank_SMP0121796;PathBank_SMP0121797;PathBank_SMP0121798;PathBank_SMP0121799;PathBank_SMP0121800;PathBank_SMP0121801;PathBank_SMP0121802;PathBank_SMP0121803;PathBank_SMP0121804;PathBank_SMP0121805;PathBank_SMP0121806;PathBank_SMP0121807;PathBank_SMP0121808;PathBank_SMP0121809;PathBank_SMP0121810;PathBank_SMP0121811;PathBank_SMP0121812;PathBank_SMP0121813;PathBank_SMP0121814;PathBank_SMP0121815;PathBank_SMP0121816;PathBank_SMP0121817;PathBank_SMP0121818;PathBank_SMP0121819;PathBank_SMP0121820;PathBank_SMP0121821;PathBank_SMP0121822;PathBank_SMP0121823;PathBank_SMP0121824;PathBank_SMP0121825;PathBank_SMP0121826;PathBank_SMP0121827;PathBank_SMP0121828;PathBank_SMP0121829;PathBank_SMP0121830;PathBank_SMP0121831;PathBank_SMP0121832;PathBank_SMP0121833;PathBank_SMP0121834;PathBank_SMP0121835;PathBank_SMP0121836;PathBank_SMP0121837;PathBank_SMP0121838;PathBank_SMP0121839;PathBank_SMP0121840;PathBank_SMP0121841;PathBank_SMP0121842;PathBank_SMP0121843;PathBank_SMP0121844;PathBank_SMP0121845;PathBank_SMP0121846;PathBank_SMP0121847;PathBank_SMP0121848;PathBank_SMP0121849;PathBank_SMP0121850;PathBank_SMP0121851;PathBank_SMP0121852;PathBank_SMP0121853;PathBank_SMP0121854;PathBank_SMP0121855;PathBank_SMP0121856;PathBank_SMP0121857;PathBank_SMP0121858;PathBank_SMP0121859;PathBank_SMP0121860;PathBank_SMP0121861;PathBank_SMP0121862;PathBank_SMP0121863;PathBank_SMP0121864;PathBank_SMP0121865;PathBank_SMP0121866;PathBank_SMP0121867;PathBank_SMP0121868;PathBank_SMP0121869;PathBank_SMP0121870;PathBank_SMP0121871;PathBank_SMP0121872;PathBank_SMP0121873;PathBank_SMP0121874;PathBank_SMP0121875;PathBank_SMP0121876;PathBank_SMP0121877;PathBank_SMP0121878;PathBank_SMP0121879;PathBank_SMP0121880;PathBank_SMP0121881;PathBank_SMP0121882;PathBank_SMP0121883;PathBank_SMP0121884;PathBank_SMP0121885;PathBank_SMP0121886;PathBank_SMP0121887;PathBank_SMP0121888;PathBank_SMP0121889;PathBank_SMP0121890;PathBank_SMP0121891;PathBank_SMP0121892;PathBank_SMP0121893;PathBank_SMP0121894;PathBank_SMP0121895;PathBank_SMP0121896;PathBank_SMP0121897;PathBank_SMP0121898;PathBank_SMP0121899;PathBank_SMP0121900;PathBank_SMP0121901;PathBank_SMP0121902;PathBank_SMP0121903;PathBank_SMP0121904;PathBank_SMP0121905;PathBank_SMP0121906;PathBank_SMP0121907;PathBank_SMP0121908;PathBank_SMP0121909;PathBank_SMP0121910;PathBank_SMP0121911;PathBank_SMP0121912;PathBank_SMP0121913;PathBank_SMP0121914;PathBank_SMP0121915;PathBank_SMP0121916;PathBank_SMP0121917;PathBank_SMP0121918;PathBank_SMP0121919;PathBank_SMP0121920;PathBank_SMP0121921;PathBank_SMP0121922;PathBank_SMP0121923;PathBank_SMP0121924;PathBank_SMP0121925;PathBank_SMP0121926;PathBank_SMP0121927;PathBank_SMP0121928;PathBank_SMP0121929;PathBank_SMP0121930;PathBank_SMP0121931;PathBank_SMP0121932;PathBank_SMP0121933;PathBank_SMP0121934;PathBank_SMP0121935;PathBank_SMP0121936;PathBank_SMP0121937;PathBank_SMP0121938;PathBank_SMP0121939;PathBank_SMP0121940;PathBank_SMP0121941;PathBank_SMP0121942;PathBank_SMP0121943;PathBank_SMP0121944;PathBank_SMP0121945;PathBank_SMP0121946;PathBank_SMP0121947;PathBank_SMP0121948;PathBank_SMP0121949;PathBank_SMP0121950;PathBank_SMP0121951;PathBank_SMP0121952;PathBank_SMP0121953;PathBank_SMP0121954;PathBank_SMP0121955;PathBank_SMP0121956;PathBank_SMP0121957;PathBank_SMP0121958;PathBank_SMP0121959;PathBank_SMP0121960;PathBank_SMP0121961;PathBank_SMP0121962;PathBank_SMP0121963;PathBank_SMP0121964;PathBank_SMP0121965;PathBank_SMP0121966;PathBank_SMP0121967;PathBank_SMP0121968;PathBank_SMP0121969;PathBank_SMP0121970;PathBank_SMP0121971;PathBank_SMP0121972;PathBank_SMP0121973;PathBank_SMP0121974;PathBank_SMP0121975;PathBank_SMP0121976;PathBank_SMP0121977;PathBank_SMP0121978;PathBank_SMP0121979;PathBank_SMP0121980;PathBank_SMP0121981;PathBank_SMP0121982;PathBank_SMP0121983;PathBank_SMP0121984;PathBank_SMP0121985;PathBank_SMP0121986;PathBank_SMP0121987;PathBank_SMP0121988;PathBank_SMP0121989;PathBank_SMP0121990;PathBank_SMP0121991;PathBank_SMP0121992;PathBank_SMP0121993;PathBank_SMP0121994;PathBank_SMP0121995;PathBank_SMP0121996;PathBank_SMP0121997;PathBank_SMP0121998;PathBank_SMP0121999;PathBank_SMP0122000;PathBank_SMP0122001;PathBank_SMP0122002;PathBank_SMP0122003;PathBank_SMP0122004;PathBank_SMP0122005;PathBank_SMP0122006;PathBank_SMP0122007;PathBank_SMP0122008;PathBank_SMP0122009;PathBank_SMP0122010;PathBank_SMP0122011;PathBank_SMP0122012;PathBank_SMP0122013;PathBank_SMP0122014;PathBank_SMP0122015;PathBank_SMP0122016;PathBank_SMP0122017;PathBank_SMP0122018;PathBank_SMP0122019;PathBank_SMP0122020;PathBank_SMP0122021;PathBank_SMP0122022;PathBank_SMP0122023;PathBank_SMP0122024;PathBank_SMP0122025;PathBank_SMP0122026;PathBank_SMP0122027;PathBank_SMP0122028;PathBank_SMP0122029;PathBank_SMP0122030;PathBank_SMP0122031;PathBank_SMP0122032;PathBank_SMP0122033;PathBank_SMP0122034;PathBank_SMP0122035;PathBank_SMP0122036;PathBank_SMP0122037;PathBank_SMP0122038;PathBank_SMP0122039;PathBank_SMP0122041;PathBank_SMP0122042;PathBank_SMP0122043;PathBank_SMP0122044;PathBank_SMP0122045;PathBank_SMP0122046;PathBank_SMP0122047;PathBank_SMP0122048;PathBank_SMP0122049;PathBank_SMP0122050;PathBank_SMP0122051;PathBank_SMP0122052;PathBank_SMP0122053;PathBank_SMP0122054;PathBank_SMP0122055;PathBank_SMP0122056;PathBank_SMP0122057;PathBank_SMP0122058;PathBank_SMP0122059;PathBank_SMP0122060;PathBank_SMP0122061;PathBank_SMP0122062;PathBank_SMP0122063;PathBank_SMP0122064;PathBank_SMP0122065;PathBank_SMP0122066;PathBank_SMP0122067;PathBank_SMP0122068;PathBank_SMP0122069;PathBank_SMP0122070;PathBank_SMP0122071;PathBank_SMP0122072;PathBank_SMP0122073;PathBank_SMP0122074;PathBank_SMP0122075;PathBank_SMP0122076;PathBank_SMP0122077;PathBank_SMP0122078;PathBank_SMP0122079;PathBank_SMP0122080;PathBank_SMP0122081;PathBank_SMP0122082;PathBank_SMP0122083;PathBank_SMP0122084;PathBank_SMP0122085;PathBank_SMP0122086;PathBank_SMP0122087;PathBank_SMP0122088;PathBank_SMP0122089;PathBank_SMP0122090;PathBank_SMP0122091;PathBank_SMP0122092;PathBank_SMP0122093;PathBank_SMP0122094;PathBank_SMP0122095;PathBank_SMP0122096;PathBank_SMP0122097;PathBank_SMP0122098;PathBank_SMP0122106;PathBank_SMP0122107;PathBank_SMP0122108;PathBank_SMP0122109;PathBank_SMP0122110;PathBank_SMP0122111;PathBank_SMP0122113;PathBank_SMP0122114;PathBank_SMP0122115;PathBank_SMP0122116;PathBank_SMP0122117;PathBank_SMP0122118;PathBank_SMP0122119;PathBank_SMP0122120;PathBank_SMP0122121;PathBank_SMP0122122;PathBank_SMP0122123;PathBank_SMP0122124;PathBank_SMP0122125;PathBank_SMP0122126;PathBank_SMP0122127;PathBank_SMP0122128;PathBank_SMP0122129;PathBank_SMP0122130;PathBank_SMP0122131;PathBank_SMP0122132;PathBank_SMP0122134;PathBank_SMP0122135;PathBank_SMP0122136;PathBank_SMP0122137;PathBank_SMP0122138;PathBank_SMP0122139;PathBank_SMP0122140;PathBank_SMP0122141;PathBank_SMP0122142;PathBank_SMP0122143;PathBank_SMP0122144;PathBank_SMP0122145;PathBank_SMP0122146;PathBank_SMP0122147;PathBank_SMP0122148;PathBank_SMP0122149;PathBank_SMP0122150;PathBank_SMP0122151;PathBank_SMP0122152;PathBank_SMP0122153;PathBank_SMP0122154;PathBank_SMP0122155;PathBank_SMP0122156;PathBank_SMP0122157;PathBank_SMP0122158;PathBank_SMP0122159;PathBank_SMP0122160;PathBank_SMP0122162;PathBank_SMP0122163;PathBank_SMP0122164;PathBank_SMP0122165;PathBank_SMP0122166;PathBank_SMP0122167;PathBank_SMP0122168;PathBank_SMP0122169;PathBank_SMP0122170;PathBank_SMP0122171;PathBank_SMP0122172;PathBank_SMP0122174;PathBank_SMP0122175;PathBank_SMP0122176;PathBank_SMP0122177;PathBank_SMP0122178;PathBank_SMP0122179;PathBank_SMP0122180;PathBank_SMP0122181;PathBank_SMP0122182;PathBank_SMP0122183;PathBank_SMP0122184;PathBank_SMP0122185;PathBank_SMP0122186;PathBank_SMP0122187;PathBank_SMP0122188;PathBank_SMP0122189;PathBank_SMP0122190;PathBank_SMP0122191;PathBank_SMP0122192;PathBank_SMP0122193;PathBank_SMP0122194;PathBank_SMP0122195;PathBank_SMP0122196;PathBank_SMP0122197;PathBank_SMP0122198;PathBank_SMP0122199;PathBank_SMP0122200;PathBank_SMP0122201;PathBank_SMP0122202;PathBank_SMP0122203;PathBank_SMP0122205;PathBank_SMP0122206;PathBank_SMP0122207;PathBank_SMP0122208;PathBank_SMP0122209;PathBank_SMP0122210;PathBank_SMP0122211;PathBank_SMP0122212;PathBank_SMP0122213;PathBank_SMP0122214;PathBank_SMP0122215;PathBank_SMP0122216
B7V5T6,,,,,,847.0,PathBank_SMP0121354;PathBank_SMP0121355;PathBank_SMP0121356;PathBank_SMP0121358;PathBank_SMP0121359;PathBank_SMP0121360;PathBank_SMP0121361;PathBank_SMP0121363;PathBank_SMP0121364;PathBank_SMP0121365;PathBank_SMP0121366;PathBank_SMP0121367;PathBank_SMP0121368;PathBank_SMP0121369;PathBank_SMP0121370;PathBank_SMP0121371;PathBank_SMP0121372;PathBank_SMP0121373;PathBank_SMP0121374;PathBank_SMP0121375;PathBank_SMP0121376;PathBank_SMP0121377;PathBank_SMP0121378;PathBank_SMP0121379;PathBank_SMP0121380;PathBank_SMP0121381;PathBank_SMP0121382;PathBank_SMP0121383;PathBank_SMP0121384;PathBank_SMP0121385;PathBank_SMP0121386;PathBank_SMP0121387;PathBank_SMP0121388;PathBank_SMP0121389;PathBank_SMP0121390;PathBank_SMP0121391;PathBank_SMP0121392;PathBank_SMP0121393;PathBank_SMP0121394;PathBank_SMP0121395;PathBank_SMP0121396;PathBank_SMP0121397;PathBank_SMP0121398;PathBank_SMP0121399;PathBank_SMP0121400;PathBank_SMP0121401;PathBank_SMP0121402;PathBank_SMP0121403;PathBank_SMP0121404;PathBank_SMP0121405;PathBank_SMP0121406;PathBank_SMP0121407;PathBank_SMP0121408;PathBank_SMP0121409;PathBank_SMP0121410;PathBank_SMP0121411;PathBank_SMP0121412;PathBank_SMP0121413;PathBank_SMP0121414;PathBank_SMP0121415;PathBank_SMP0121416;PathBank_SMP0121417;PathBank_SMP0121418;PathBank_SMP0121419;PathBank_SMP0121420;PathBank_SMP0121421;PathBank_SMP0121422;PathBank_SMP0121423;PathBank_SMP0121424;PathBank_SMP0121425;PathBank_SMP0121426;PathBank_SMP0121427;PathBank_SMP0121428;PathBank_SMP0121429;PathBank_SMP0121430;PathBank_SMP0121431;PathBank_SMP0121432;PathBank_SMP0121433;PathBank_SMP0121434;PathBank_SMP0121435;PathBank_SMP0121436;PathBank_SMP0121437;PathBank_SMP0121438;PathBank_SMP0121439;PathBank_SMP0121440;PathBank_SMP0121441;PathBank_SMP0121442;PathBank_SMP0121443;PathBank_SMP0121444;PathBank_SMP0121445;PathBank_SMP0121446;PathBank_SMP0121447;PathBank_SMP0121448;PathBank_SMP0121449;PathBank_SMP0121450;PathBank_SMP0121451;PathBank_SMP0121452;PathBank_SMP0121453;PathBank_SMP0121454;PathBank_SMP0121455;PathBank_SMP0121456;PathBank_SMP0121457;PathBank_SMP0121458;PathBank_SMP0121459;PathBank_SMP0121460;PathBank_SMP0121461;PathBank_SMP0121462;PathBank_SMP0121463;PathBank_SMP0121464;PathBank_SMP0121465;PathBank_SMP0121466;PathBank_SMP0121467;PathBank_SMP0121468;PathBank_SMP0121469;PathBank_SMP0121470;PathBank_SMP0121471;PathBank_SMP0121472;PathBank_SMP0121473;PathBank_SMP0121474;PathBank_SMP0121475;PathBank_SMP0121476;PathBank_SMP0121477;PathBank_SMP0121478;PathBank_SMP0121479;PathBank_SMP0121480;PathBank_SMP0121481;PathBank_SMP0121482;PathBank_SMP0121483;PathBank_SMP0121484;PathBank_SMP0121485;PathBank_SMP0121486;PathBank_SMP0121487;PathBank_SMP0121488;PathBank_SMP0121489;PathBank_SMP0121490;PathBank_SMP0121491;PathBank_SMP0121492;PathBank_SMP0121493;PathBank_SMP0121494;PathBank_SMP0121495;PathBank_SMP0121496;PathBank_SMP0121497;PathBank_SMP0121498;PathBank_SMP0121499;PathBank_SMP0121500;PathBank_SMP0121501;PathBank_SMP0121502;PathBank_SMP0121503;PathBank_SMP0121504;PathBank_SMP0121505;PathBank_SMP0121506;PathBank_SMP0121507;PathBank_SMP0121508;PathBank_SMP0121509;PathBank_SMP0121510;PathBank_SMP0121511;PathBank_SMP0121512;PathBank_SMP0121513;PathBank_SMP0121514;PathBank_SMP0121515;PathBank_SMP0121516;PathBank_SMP0121517;PathBank_SMP0121518;PathBank_SMP0121519;PathBank_SMP0121520;PathBank_SMP0121521;PathBank_SMP0121522;PathBank_SMP0121523;PathBank_SMP0121524;PathBank_SMP0121525;PathBank_SMP0121526;PathBank_SMP0121527;PathBank_SMP0121528;PathBank_SMP0121529;PathBank_SMP0121530;PathBank_SMP0121531;PathBank_SMP0121532;PathBank_SMP0121533;PathBank_SMP0121534;PathBank_SMP0121535;PathBank_SMP0121536;PathBank_SMP0121537;PathBank_SMP0121538;PathBank_SMP0121539;PathBank_SMP0121540;PathBank_SMP0121541;PathBank_SMP0121542;PathBank_SMP0121543;PathBank_SMP0121544;PathBank_SMP0121545;PathBank_SMP0121546;PathBank_SMP0121547;PathBank_SMP0121548;PathBank_SMP0121549;PathBank_SMP0121550;PathBank_SMP0121551;PathBank_SMP0121552;PathBank_SMP0121553;PathBank_SMP0121554;PathBank_SMP0121555;PathBank_SMP0121556;PathBank_SMP0121557;PathBank_SMP0121558;PathBank_SMP0121559;PathBank_SMP0121560;PathBank_SMP0121561;PathBank_SMP0121562;PathBank_SMP0121563;PathBank_SMP0121564;PathBank_SMP0121565;PathBank_SMP0121566;PathBank_SMP0121567;PathBank_SMP0121568;PathBank_SMP0121569;PathBank_SMP0121570;PathBank_SMP0121571;PathBank_SMP0121572;PathBank_SMP0121573;PathBank_SMP0121574;PathBank_SMP0121575;PathBank_SMP0121576;PathBank_SMP0121577;PathBank_SMP0121578;PathBank_SMP0121579;PathBank_SMP0121580;PathBank_SMP0121581;PathBank_SMP0121582;PathBank_SMP0121583;PathBank_SMP0121584;PathBank_SMP0121585;PathBank_SMP0121586;PathBank_SMP0121587;PathBank_SMP0121588;PathBank_SMP0121589;PathBank_SMP0121590;PathBank_SMP0121591;PathBank_SMP0121592;PathBank_SMP0121593;PathBank_SMP0121594;PathBank_SMP0121595;PathBank_SMP0121596;PathBank_SMP0121597;PathBank_SMP0121598;PathBank_SMP0121599;PathBank_SMP0121600;PathBank_SMP0121601;PathBank_SMP0121602;PathBank_SMP0121603;PathBank_SMP0121604;PathBank_SMP0121605;PathBank_SMP0121606;PathBank_SMP0121607;PathBank_SMP0121608;PathBank_SMP0121609;PathBank_SMP0121610;PathBank_SMP0121611;PathBank_SMP0121612;PathBank_SMP0121613;PathBank_SMP0121614;PathBank_SMP0121615;PathBank_SMP0121616;PathBank_SMP0121617;PathBank_SMP0121618;PathBank_SMP0121619;PathBank_SMP0121620;PathBank_SMP0121621;PathBank_SMP0121622;PathBank_SMP0121623;PathBank_SMP0121624;PathBank_SMP0121625;PathBank_SMP0121626;PathBank_SMP0121627;PathBank_SMP0121628;PathBank_SMP0121629;PathBank_SMP0121630;PathBank_SMP0121631;PathBank_SMP0121632;PathBank_SMP0121633;PathBank_SMP0121634;PathBank_SMP0121635;PathBank_SMP0121636;PathBank_SMP0121637;PathBank_SMP0121638;PathBank_SMP0121639;PathBank_SMP0121640;PathBank_SMP0121641;PathBank_SMP0121642;PathBank_SMP0121643;PathBank_SMP0121644;PathBank_SMP0121645;PathBank_SMP0121646;PathBank_SMP0121647;PathBank_SMP0121648;PathBank_SMP0121649;PathBank_SMP0121650;PathBank_SMP0121651;PathBank_SMP0121652;PathBank_SMP0121653;PathBank_SMP0121654;PathBank_SMP0121655;PathBank_SMP0121656;PathBank_SMP0121657;PathBank_SMP0121658;PathBank_SMP0121659;PathBank_SMP0121660;PathBank_SMP0121661;PathBank_SMP0121662;PathBank_SMP0121663;PathBank_SMP0121664;PathBank_SMP0121665;PathBank_SMP0121666;PathBank_SMP0121667;PathBank_SMP0121668;PathBank_SMP0121669;PathBank_SMP0121670;PathBank_SMP0121671;PathBank_SMP0121672;PathBank_SMP0121673;PathBank_SMP0121674;PathBank_SMP0121675;PathBank_SMP0121676;PathBank_SMP0121677;PathBank_SMP0121678;PathBank_SMP0121679;PathBank_SMP0121680;PathBank_SMP0121681;PathBank_SMP0121682;PathBank_SMP0121683;PathBank_SMP0121684;PathBank_SMP0121685;PathBank_SMP0121686;PathBank_SMP0121687;PathBank_SMP0121688;PathBank_SMP0121689;PathBank_SMP0121690;PathBank_SMP0121691;PathBank_SMP0121692;PathBank_SMP0121693;PathBank_SMP0121694;PathBank_SMP0121695;PathBank_SMP0121696;PathBank_SMP0121697;PathBank_SMP0121698;PathBank_SMP0121699;PathBank_SMP0121700;PathBank_SMP0121701;PathBank_SMP0121702;PathBank_SMP0121703;PathBank_SMP0121704;PathBank_SMP0121705;PathBank_SMP0121706;PathBank_SMP0121707;PathBank_SMP0121708;PathBank_SMP0121709;PathBank_SMP0121710;PathBank_SMP0121711;PathBank_SMP0121712;PathBank_SMP0121713;PathBank_SMP0121714;PathBank_SMP0121715;PathBank_SMP0121716;PathBank_SMP0121717;PathBank_SMP0121718;PathBank_SMP0121719;PathBank_SMP0121720;PathBank_SMP0121721;PathBank_SMP0121722;PathBank_SMP0121723;PathBank_SMP0121724;PathBank_SMP0121725;PathBank_SMP0121726;PathBank_SMP0121727;PathBank_SMP0121728;PathBank_SMP0121729;PathBank_SMP0121730;PathBank_SMP0121731;PathBank_SMP0121732;PathBank_SMP0121733;PathBank_SMP0121734;PathBank_SMP0121735;PathBank_SMP0121736;PathBank_SMP0121737;PathBank_SMP0121738;PathBank_SMP0121739;PathBank_SMP0121740;PathBank_SMP0121741;PathBank_SMP0121742;PathBank_SMP0121743;PathBank_SMP0121744;PathBank_SMP0121745;PathBank_SMP0121746;PathBank_SMP0121747;PathBank_SMP0121748;PathBank_SMP0121749;PathBank_SMP0121750;PathBank_SMP0121751;PathBank_SMP0121752;PathBank_SMP0121753;PathBank_SMP0121754;PathBank_SMP0121755;PathBank_SMP0121756;PathBank_SMP0121757;PathBank_SMP0121758;PathBank_SMP0121759;PathBank_SMP0121760;PathBank_SMP0121761;PathBank_SMP0121762;PathBank_SMP0121763;PathBank_SMP0121764;PathBank_SMP0121765;PathBank_SMP0121766;PathBank_SMP0121767;PathBank_SMP0121768;PathBank_SMP0121769;PathBank_SMP0121770;PathBank_SMP0121771;PathBank_SMP0121772;PathBank_SMP0121773;PathBank_SMP0121774;PathBank_SMP0121775;PathBank_SMP0121776;PathBank_SMP0121777;PathBank_SMP0121778;PathBank_SMP0121779;PathBank_SMP0121780;PathBank_SMP0121781;PathBank_SMP0121782;PathBank_SMP0121783;PathBank_SMP0121784;PathBank_SMP0121785;PathBank_SMP0121786;PathBank_SMP0121787;PathBank_SMP0121788;PathBank_SMP0121789;PathBank_SMP0121790;PathBank_SMP0121791;PathBank_SMP0121792;PathBank_SMP0121793;PathBank_SMP0121794;PathBank_SMP0121795;PathBank_SMP0121796;PathBank_SMP0121797;PathBank_SMP0121798;PathBank_SMP0121799;PathBank_SMP0121800;PathBank_SMP0121801;PathBank_SMP0121802;PathBank_SMP0121803;PathBank_SMP0121804;PathBank_SMP0121805;PathBank_SMP0121806;PathBank_SMP0121807;PathBank_SMP0121808;PathBank_SMP0121809;PathBank_SMP0121810;PathBank_SMP0121811;PathBank_SMP0121812;PathBank_SMP0121813;PathBank_SMP0121814;PathBank_SMP0121815;PathBank_SMP0121816;PathBank_SMP0121817;PathBank_SMP0121819;PathBank_SMP0121820;PathBank_SMP0121821;PathBank_SMP0121822;PathBank_SMP0121823;PathBank_SMP0121824;PathBank_SMP0121825;PathBank_SMP0121826;PathBank_SMP0121827;PathBank_SMP0121828;PathBank_SMP0121829;PathBank_SMP0121830;PathBank_SMP0121831;PathBank_SMP0121832;PathBank_SMP0121833;PathBank_SMP0121834;PathBank_SMP0121835;PathBank_SMP0121836;PathBank_SMP0121837;PathBank_SMP0121838;PathBank_SMP0121839;PathBank_SMP0121840;PathBank_SMP0121841;PathBank_SMP0121842;PathBank_SMP0121843;PathBank_SMP0121844;PathBank_SMP0121845;PathBank_SMP0121846;PathBank_SMP0121847;PathBank_SMP0121848;PathBank_SMP0121849;PathBank_SMP0121850;PathBank_SMP0121851;PathBank_SMP0121852;PathBank_SMP0121853;PathBank_SMP0121854;PathBank_SMP0121855;PathBank_SMP0121856;PathBank_SMP0121857;PathBank_SMP0121858;PathBank_SMP0121859;PathBank_SMP0121860;PathBank_SMP0121861;PathBank_SMP0121862;PathBank_SMP0121863;PathBank_SMP0121864;PathBank_SMP0121865;PathBank_SMP0121866;PathBank_SMP0121867;PathBank_SMP0121868;PathBank_SMP0121869;PathBank_SMP0121870;PathBank_SMP0121871;PathBank_SMP0121872;PathBank_SMP0121873;PathBank_SMP0121874;PathBank_SMP0121875;PathBank_SMP0121876;PathBank_SMP0121877;PathBank_SMP0121878;PathBank_SMP0121879;PathBank_SMP0121880;PathBank_SMP0121881;PathBank_SMP0121882;PathBank_SMP0121883;PathBank_SMP0121884;PathBank_SMP0121885;PathBank_SMP0121886;PathBank_SMP0121887;PathBank_SMP0121888;PathBank_SMP0121889;PathBank_SMP0121890;PathBank_SMP0121891;PathBank_SMP0121892;PathBank_SMP0121893;PathBank_SMP0121894;PathBank_SMP0121895;PathBank_SMP0121896;PathBank_SMP0121897;PathBank_SMP0121898;PathBank_SMP0121899;PathBank_SMP0121900;PathBank_SMP0121901;PathBank_SMP0121902;PathBank_SMP0121903;PathBank_SMP0121904;PathBank_SMP0121905;PathBank_SMP0121906;PathBank_SMP0121907;PathBank_SMP0121908;PathBank_SMP0121909;PathBank_SMP0121910;PathBank_SMP0121911;PathBank_SMP0121912;PathBank_SMP0121913;PathBank_SMP0121914;PathBank_SMP0121915;PathBank_SMP0121916;PathBank_SMP0121917;PathBank_SMP0121918;PathBank_SMP0121919;PathBank_SMP0121920;PathBank_SMP0121921;PathBank_SMP0121922;PathBank_SMP0121923;PathBank_SMP0121924;PathBank_SMP0121925;PathBank_SMP0121926;PathBank_SMP0121927;PathBank_SMP0121928;PathBank_SMP0121929;PathBank_SMP0121930;PathBank_SMP0121931;PathBank_SMP0121932;PathBank_SMP0121933;PathBank_SMP0121934;PathBank_SMP0121935;PathBank_SMP0121936;PathBank_SMP0121937;PathBank_SMP0121938;PathBank_SMP0121939;PathBank_SMP0121940;PathBank_SMP0121941;PathBank_SMP0121942;PathBank_SMP0121943;PathBank_SMP0121944;PathBank_SMP0121945;PathBank_SMP0121946;PathBank_SMP0121947;PathBank_SMP0121948;PathBank_SMP0121949;PathBank_SMP0121950;PathBank_SMP0121951;PathBank_SMP0121952;PathBank_SMP0121953;PathBank_SMP0121954;PathBank_SMP0121955;PathBank_SMP0121956;PathBank_SMP0121957;PathBank_SMP0121958;PathBank_SMP0121959;PathBank_SMP0121960;PathBank_SMP0121961;PathBank_SMP0121962;PathBank_SMP0121963;PathBank_SMP0121964;PathBank_SMP0121965;PathBank_SMP0121966;PathBank_SMP0121967;PathBank_SMP0121968;PathBank_SMP0121969;PathBank_SMP0121970;PathBank_SMP0121971;PathBank_SMP0121972;PathBank_SMP0121973;PathBank_SMP0121974;PathBank_SMP0121975;PathBank_SMP0121976;PathBank_SMP0121977;PathBank_SMP0121978;PathBank_SMP0121979;PathBank_SMP0121980;PathBank_SMP0121981;PathBank_SMP0121982;PathBank_SMP0121983;PathBank_SMP0121984;PathBank_SMP0121985;PathBank_SMP0121986;PathBank_SMP0121987;PathBank_SMP0121988;PathBank_SMP0121989;PathBank_SMP0121990;PathBank_SMP0121991;PathBank_SMP0121992;PathBank_SMP0121993;PathBank_SMP0121994;PathBank_SMP0121995;PathBank_SMP0121996;PathBank_SMP0121997;PathBank_SMP0121998;PathBank_SMP0121999;PathBank_SMP0122000;PathBank_SMP0122001;PathBank_SMP0122002;PathBank_SMP0122003;PathBank_SMP0122004;PathBank_SMP0122005;PathBank_SMP0122006;PathBank_SMP0122007;PathBank_SMP0122008;PathBank_SMP0122009;PathBank_SMP0122010;PathBank_SMP0122011;PathBank_SMP0122012;PathBank_SMP0122013;PathBank_SMP0122014;PathBank_SMP0122015;PathBank_SMP0122016;PathBank_SMP0122017;PathBank_SMP0122018;PathBank_SMP0122019;PathBank_SMP0122020;PathBank_SMP0122021;PathBank_SMP0122022;PathBank_SMP0122023;PathBank_SMP0122024;PathBank_SMP0122025;PathBank_SMP0122026;PathBank_SMP0122027;PathBank_SMP0122028;PathBank_SMP0122029;PathBank_SMP0122030;PathBank_SMP0122031;PathBank_SMP0122032;PathBank_SMP0122033;PathBank_SMP0122034;PathBank_SMP0122035;PathBank_SMP0122036;PathBank_SMP0122037;PathBank_SMP0122038;PathBank_SMP0122039;PathBank_SMP0122041;PathBank_SMP0122042;PathBank_SMP0122043;PathBank_SMP0122044;PathBank_SMP0122045;PathBank_SMP0122046;PathBank_SMP0122047;PathBank_SMP0122048;PathBank_SMP0122049;PathBank_SMP0122050;PathBank_SMP0122051;PathBank_SMP0122052;PathBank_SMP0122053;PathBank_SMP0122054;PathBank_SMP0122055;PathBank_SMP0122056;PathBank_SMP0122057;PathBank_SMP0122058;PathBank_SMP0122059;PathBank_SMP0122060;PathBank_SMP0122061;PathBank_SMP0122062;PathBank_SMP0122063;PathBank_SMP0122064;PathBank_SMP0122065;PathBank_SMP0122066;PathBank_SMP0122067;PathBank_SMP0122068;PathBank_SMP0122069;PathBank_SMP0122070;PathBank_SMP0122071;PathBank_SMP0122072;PathBank_SMP0122073;PathBank_SMP0122074;PathBank_SMP0122075;PathBank_SMP0122076;PathBank_SMP0122077;PathBank_SMP0122078;PathBank_SMP0122079;PathBank_SMP0122080;PathBank_SMP0122081;PathBank_SMP0122082;PathBank_SMP0122083;PathBank_SMP0122084;PathBank_SMP0122085;PathBank_SMP0122086;PathBank_SMP0122087;PathBank_SMP0122088;PathBank_SMP0122089;PathBank_SMP0122090;PathBank_SMP0122091;PathBank_SMP0122092;PathBank_SMP0122093;PathBank_SMP0122094;PathBank_SMP0122095;PathBank_SMP0122096;PathBank_SMP0122097;PathBank_SMP0122098;PathBank_SMP0122106;PathBank_SMP0122107;PathBank_SMP0122108;PathBank_SMP0122109;PathBank_SMP0122110;PathBank_SMP0122111;PathBank_SMP0122113;PathBank_SMP0122114;PathBank_SMP0122115;PathBank_SMP0122116;PathBank_SMP0122117;PathBank_SMP0122118;PathBank_SMP0122119;PathBank_SMP0122120;PathBank_SMP0122121;PathBank_SMP0122122;PathBank_SMP0122123;PathBank_SMP0122124;PathBank_SMP0122125;PathBank_SMP0122126;PathBank_SMP0122127;PathBank_SMP0122128;PathBank_SMP0122129;PathBank_SMP0122130;PathBank_SMP0122131;PathBank_SMP0122132;PathBank_SMP0122134;PathBank_SMP0122135;PathBank_SMP0122136;PathBank_SMP0122137;PathBank_SMP0122138;PathBank_SMP0122139;PathBank_SMP0122140;PathBank_SMP0122141;PathBank_SMP0122142;PathBank_SMP0122143;PathBank_SMP0122144;PathBank_SMP0122145;PathBank_SMP0122146;PathBank_SMP0122147;PathBank_SMP0122148;PathBank_SMP0122149;PathBank_SMP0122150;PathBank_SMP0122151;PathBank_SMP0122152;PathBank_SMP0122153;PathBank_SMP0122154;PathBank_SMP0122155;PathBank_SMP0122156;PathBank_SMP0122157;PathBank_SMP0122158;PathBank_SMP0122159;PathBank_SMP0122160;PathBank_SMP0122162;PathBank_SMP0122163;PathBank_SMP0122164;PathBank_SMP0122165;PathBank_SMP0122166;PathBank_SMP0122167;PathBank_SMP0122168;PathBank_SMP0122169;PathBank_SMP0122170;PathBank_SMP0122171;PathBank_SMP0122172;PathBank_SMP0122174;PathBank_SMP0122175;PathBank_SMP0122176;PathBank_SMP0122177;PathBank_SMP0122178;PathBank_SMP0122179;PathBank_SMP0122180;PathBank_SMP0122181;PathBank_SMP0122182;PathBank_SMP0122183;PathBank_SMP0122184;PathBank_SMP0122185;PathBank_SMP0122186;PathBank_SMP0122187;PathBank_SMP0122188;PathBank_SMP0122189;PathBank_SMP0122190;PathBank_SMP0122191;PathBank_SMP0122192;PathBank_SMP0122193;PathBank_SMP0122194;PathBank_SMP0122195;PathBank_SMP0122196;PathBank_SMP0122197;PathBank_SMP0122198;PathBank_SMP0122199;PathBank_SMP0122200;PathBank_SMP0122201;PathBank_SMP0122202;PathBank_SMP0122203;PathBank_SMP0122205;PathBank_SMP0122206;PathBank_SMP0122207;PathBank_SMP0122208;PathBank_SMP0122209;PathBank_SMP0122210;PathBank_SMP0122211;PathBank_SMP0122212;PathBank_SMP0122213;PathBank_SMP0122214;PathBank_SMP0122215;PathBank_SMP0122216
C9JRZ8,,,,,,1.0,Reactome_R-HSA-1430728
G5EC09,,,,,,154.0,PathBank_SMP0100117;PathBank_SMP0100121;PathBank_SMP0100123;PathBank_SMP0100124;PathBank_SMP0100125;PathBank_SMP0100126;PathBank_SMP0100127;PathBank_SMP0100128;PathBank_SMP0100129;PathBank_SMP0100130;PathBank_SMP0100131;PathBank_SMP0100132;PathBank_SMP0100133;PathBank_SMP0100134;PathBank_SMP0100135;PathBank_SMP0100136;PathBank_SMP0100137;PathBank_SMP0100138;PathBank_SMP0100139;PathBank_SMP0100140;PathBank_SMP0100141;PathBank_SMP0100142;PathBank_SMP0100143;PathBank_SMP0100144;PathBank_SMP0100145;PathBank_SMP0100146;PathBank_SMP0100147;PathBank_SMP0100148;PathBank_SMP0100149;PathBank_SMP0100150;PathBank_SMP0100151;PathBank_SMP0100152;PathBank_SMP0100153;PathBank_SMP0100154;PathBank_SMP0100155;PathBank_SMP0100156;PathBank_SMP0100157;PathBank_SMP0100158;PathBank_SMP0100159;PathBank_SMP0100160;PathBank_SMP0100161;PathBank_SMP0100162;PathBank_SMP0100163;PathBank_SMP0100164;PathBank_SMP0100165;PathBank_SMP0100166;PathBank_SMP0100167;PathBank_SMP0100168;PathBank_SMP0100169;PathBank_SMP0100170;PathBank_SMP0100171;PathBank_SMP0100172;PathBank_SMP0100173;PathBank_SMP0100174;PathBank_SMP0100175;PathBank_SMP0100176;PathBank_SMP0100177;PathBank_SMP0100178;PathBank_SMP0100179;PathBank_SMP0100180;PathBank_SMP0100181;PathBank_SMP0100182;PathBank_SMP0100183;PathBank_SMP0100184;PathBank_SMP0100185;PathBank_SMP0100186;PathBank_SMP0100187;PathBank_SMP0100188;PathBank_SMP0100189;PathBank_SMP0100190;PathBank_SMP0100191;PathBank_SMP0100192;PathBank_SMP0100193;PathBank_SMP0100194;PathBank_SMP0100195;PathBank_SMP0100196;PathBank_SMP0100197;PathBank_SMP0100198;PathBank_SMP0100199;PathBank_SMP0100200;PathBank_SMP0100201;PathBank_SMP0100202;PathBank_SMP0100203;PathBank_SMP0100204;PathBank_SMP0100205;PathBank_SMP0100206;PathBank_SMP0100207;PathBank_SMP0100208;PathBank_SMP0100209;PathBank_SMP0100210;PathBank_SMP0100211;PathBank_SMP0100212;PathBank_SMP0100213;PathBank_SMP0100214;PathBank_SMP0100215;PathBank_SMP0100216;PathBank_SMP0100217;PathBank_SMP0100218;PathBank_SMP0100219;PathBank_SMP0100220;PathBank_SMP0100221;PathBank_SMP0100222;PathBank_SMP0100223;PathBank_SMP0100224;PathBank_SMP0100225;PathBank_SMP0100226;PathBank_SMP0100227;PathBank_SMP0100228;PathBank_SMP0100229;PathBank_SMP0100230;PathBank_SMP0100231;PathBank_SMP0100232;PathBank_SMP0100233;PathBank_SMP0100234;PathBank_SMP0100235;PathBank_SMP0100236;PathBank_SMP0100237;PathBank_SMP0100238;PathBank_SMP0100239;PathBank_SMP0100240;PathBank_SMP0100241;PathBank_SMP0100242;PathBank_SMP0100243;PathBank_SMP0100244;PathBank_SMP0100245;PathBank_SMP0100246;PathBank_SMP0100247;PathBank_SMP0100248;PathBank_SMP0100249;PathBank_SMP0100250;PathBank_SMP0100251;PathBank_SMP0100252;PathBank_SMP0100253;PathBank_SMP0100254;PathBank_SMP0100255;PathBank_SMP0100256;PathBank_SMP0100257;PathBank_SMP0100258;PathBank_SMP0100259;PathBank_SMP0100260;PathBank_SMP0100261;PathBank_SMP0100262;PathBank_SMP0100263;PathBank_SMP0100264;PathBank_SMP0100265;PathBank_SMP0100266;PathBank_SMP0100267;PathBank_SMP0100268;PathBank_SMP0100269;PathBank_SMP0100270;PathBank_SMP0100271;PathBank_SMP0100272;PathBank_SMP0100273;PathBank_SMP0100274
H2DH16,,,,,,1.0,BioCyc_META_PWY-5672
H9N289,,,,,,1.0,BioCyc_META_PWY-6538
H9N290,,,,,,1.0,BioCyc_META_PWY-6538
H9N291,,,,,,1.0,BioCyc_META_PWY-6538
I7ASS7,,,,,,1.0,BioCyc_META_PWY-6633
I7C6E8,,,,,,1.0,BioCyc_META_PWY-5672
I7CT85,,,,,,1.0,BioCyc_META_PWY-5672
M1EY73,,,,,,1.0,BioCyc_META_PWY-6538
O00116,,,,,,2.0,Reactome_R-HSA-1430728;WikiPathways_WP2533
O00142,,,,,,1.0,Reactome_R-HSA-1430728
O00204-1,,,,,,2.0,Reactome_R-HSA-1430728;Reactome_R-HSA-211859
O00204-2,,,,,,2.0,Reactome_R-HSA-1430728;Reactome_R-HSA-211859
O00217,,,,,,1.0,Reactome_R-HSA-1430728
O00327,,,,,,1.0,Reactome_R-HSA-1430728
O00338,,,,,,2.0,Reactome_R-HSA-1430728;Reactome_R-HSA-211859
O00401,,,,,,1.0,Reactome_R-HSA-1430728
O00443,,,,,,1.0,Reactome_R-HSA-1430728
O00445,,,,,,1.0,Reactome_R-HSA-1430728
O00459,,,,,,1.0,Reactome_R-HSA-1430728
O00462,,,,,,1.0,Reactome_R-HSA-1430728
O00483,,,,,,1.0,Reactome_R-HSA-1430728
O00519,,,,,,1.0,Reactome_R-HSA-1430728
O00555,,,,,,1.0,Reactome_R-HSA-1430728
O00746,,,,,,1.0,Reactome_R-HSA-1430728
O00754,,,,,,1.0,Reactome_R-HSA-1430728
O00757,,,,,,1.0,Reactome_R-HSA-1430728
O00764,,,,,,1.0,Reactome_R-HSA-1430728
O14494,,,,,,2.0,PathBank_SMP0000025;Reactome_R-HSA-1430728
O14521,,,,,,1.0,Reactome_R-HSA-1430728
O14556,,,,,,1.0,Reactome_R-HSA-1430728
O14561,,,,,,1.0,Reactome_R-HSA-1430728
O14638,,,,,,1.0,Reactome_R-HSA-1430728
O14678,,,,,,1.0,Reactome_R-HSA-1430728
O14684,,,,,,1.0,Reactome_R-HSA-1430728
O14734,,,,,,1.0,Reactome_R-HSA-1430728
O14735,,,,,,3.0,PathBank_SMP0000025;Reactome_R-HSA-1430728;WikiPathways_WP2533
O14792,,,,,,1.0,Reactome_R-HSA-1430728
O14832,,,,,,1.0,Reactome_R-HSA-1430728
O14841,,,,,,2.0,Reactome_R-HSA-1430728;Reactome_R-HSA-211859
O14842,,,,,,1.0,Reactome_R-HSA-1430728
O14880,,,,,,2.0,Reactome_R-HSA-1430728;Reactome_R-HSA-211859
O14939,,,,,,1.0,PathBank_SMP0000025
O14949,,,,,,1.0,Reactome_R-HSA-1430728
O14957,,,,,,1.0,Reactome_R-HSA-1430728
O14975,,,,,,1.0,Reactome_R-HSA-1430728
O14977,,,,,,1.0,Reactome_R-HSA-1430728
O15067,,,,,,1.0,Reactome_R-HSA-1430728
O15121,,,,,,1.0,Reactome_R-HSA-1430728
O15217,,,,,,2.0,Reactome_R-HSA-1430728;Reactome_R-HSA-211859
O15229,,,,,,1.0,Reactome_R-HSA-1430728
O15239,,,,,,1.0,Reactome_R-HSA-1430728
O15254,,,,,,1.0,Reactome_R-HSA-1430728
O15269,,,,,,1.0,Reactome_R-HSA-1430728
O15270,,,,,,1.0,Reactome_R-HSA-1430728
O15296,,,,,,1.0,Reactome_R-HSA-1430728
O15379,,,,,,1.0,Reactome_R-HSA-1430728
O15382,,,,,,1.0,Reactome_R-HSA-1430728
O15440,,,,,,1.0,Reactome_R-HSA-1430728
O15466,,,,,,1.0,Reactome_R-HSA-1430728
O15488,,,,,,1.0,Reactome_R-HSA-1430728
O15496,,,,,,1.0,Reactome_R-HSA-1430728
O15504,,,,,,1.0,Reactome_R-HSA-1430728
O15528,,,,,,4.0,Reactome_R-HSA-1430728;Reactome_R-HSA-211859;Reactome_R-HSA-211897;Reactome_R-HSA-211945
O43175,,,,,,1.0,Reactome_R-HSA-1430728
O43272,,,,,,1.0,Reactome_R-HSA-1430728
O43286,,,,,,1.0,Reactome_R-HSA-1430728
O43324,,,,,,1.0,Reactome_R-HSA-1430728
O43462,,,,,,1.0,Reactome_R-HSA-1430728
O43488,,,,,,2.0,Reactome_R-HSA-1430728;Reactome_R-HSA-211859
O43513,,,,,,1.0,Reactome_R-HSA-1430728
O43598,,,,,,1.0,Reactome_R-HSA-1430728
O43676,,,,,,1.0,Reactome_R-HSA-1430728
O43677,,,,,,1.0,Reactome_R-HSA-1430728
O43678,,,,,,1.0,Reactome_R-HSA-1430728
O43704,,,,,,2.0,Reactome_R-HSA-1430728;Reactome_R-HSA-211859
O43708,,,,,,2.0,Reactome_R-HSA-1430728;Reactome_R-HSA-211859
O43741,,,,,,1.0,Reactome_R-HSA-1430728
O43772,,,,,,1.0,Reactome_R-HSA-1430728
O43808,,,,,,1.0,Reactome_R-HSA-1430728
O43819,,,,,,1.0,Reactome_R-HSA-1430728
O43826,,,,,,1.0,Reactome_R-HSA-1430728
O43837,,,,,,1.0,Reactome_R-HSA-1430728
O43865,,,,,,1.0,Reactome_R-HSA-1430728
O43909,,,,,,1.0,Reactome_R-HSA-1430728
O43916,,,,,,1.0,Reactome_R-HSA-1430728
O43920,,,,,,1.0,Reactome_R-HSA-1430728
O60240,,,,,,1.0,Reactome_R-HSA-1430728
O60244,,,,,,1.0,Reactome_R-HSA-1430728
O60427,,,,,,1.0,Reactome_R-HSA-1430728
O60494,,,,,,1.0,Reactome_R-HSA-1430728
O60512,,,,,,1.0,Reactome_R-HSA-1430728
O60513,,,,,,1.0,Reactome_R-HSA-1430728
O60543,,,,,,1.0,Reactome_R-HSA-1430728
O60656,,,,,,1.0,Reactome_R-HSA-1430728
O60664,,,,,,1.0,Reactome_R-HSA-1430728
O60733,,,,,,1.0,Reactome_R-HSA-1430728
O60760,,,,,,2.0,Reactome_R-HSA-1430728;Reactome_R-HSA-211859
O60909,,,,,,1.0,Reactome_R-HSA-1430728
O75027,,,,,,1.0,Reactome_R-HSA-1430728
O75038,,,,,,1.0,Reactome_R-HSA-1430728
O75063,,,,,,1.0,Reactome_R-HSA-1430728
O75106,,,,,,3.0,Reactome_R-HSA-1430728;Reactome_R-HSA-211859;Reactome_R-HSA-211945
O75191,,,,,,1.0,Reactome_R-HSA-1430728
O75208,,,,,,1.0,Reactome_R-HSA-1430728
O75223,,,,,,2.0,Reactome_R-HSA-1430728;Reactome_R-HSA-211859
O75251,,,,,,1.0,Reactome_R-HSA-1430728
O75306,,,,,,1.0,Reactome_R-HSA-1430728
O75342,,,,,,1.0,Reactome_R-HSA-1430728
O75354,,,,,,1.0,Reactome_R-HSA-1430728
O75355,,,,,,1.0,Reactome_R-HSA-1430728
O75356,,,,,,1.0,Reactome_R-HSA-1430728
O75380,,,,,,1.0,Reactome_R-HSA-1430728
O75390,,,,,,1.0,Reactome_R-HSA-1430728
O75438,,,,,,1.0,Reactome_R-HSA-1430728
O75448,,,,,,1.0,Reactome_R-HSA-1430728
O75489,,,,,,1.0,Reactome_R-HSA-1430728
O75521-2,,,,,,1.0,Reactome_R-HSA-1430728
O75586,,,,,,1.0,Reactome_R-HSA-1430728
O75608,,,,,,2.0,PathBank_SMP0000025;Reactome_R-HSA-1430728
O75694,,,,,,1.0,Reactome_R-HSA-1430728
O75746,,,,,,1.0,Reactome_R-HSA-1430728
O75752,,,,,,1.0,Reactome_R-HSA-1430728
O75828,,,,,,3.0,Reactome_R-HSA-1430728;Reactome_R-HSA-211859;Reactome_R-HSA-211945
O75874,,,,,,1.0,Reactome_R-HSA-1430728
O75880,,,,,,1.0,Reactome_R-HSA-1430728
O75891,,,,,,1.0,Reactome_R-HSA-1430728
O75897,,,,,,2.0,Reactome_R-HSA-1430728;Reactome_R-HSA-211859
O75936,,,,,,1.0,Reactome_R-HSA-1430728
O75947,,,,,,1.0,Reactome_R-HSA-1430728
O75964,,,,,,1.0,Reactome_R-HSA-1430728
O76062,,,,,,1.0,Reactome_R-HSA-1430728
O76071,,,,,,1.0,Reactome_R-HSA-1430728
O76082,,,,,,1.0,Reactome_R-HSA-1430728
O82140,,,,,,2.0,BioCyc_META_PWY-5672;PlantCyc_PLANT_PWY-5672
O82567,,,,,,14.0,PathBank_SMP0012027;PathBank_SMP0012048;PathBank_SMP0063827;PathBank_SMP0063838;PathBank_SMP0063848;PathBank_SMP0063857;PathBank_SMP0063865;PathBank_SMP0063872;PathBank_SMP0063878;PathBank_SMP0063883;PathBank_SMP0063887;PathBank_SMP0063890;PathBank_SMP0063891;PathBank_SMP0063892
O94760,,,,,,1.0,Reactome_R-HSA-1430728
O94766,,,,,,1.0,Reactome_R-HSA-1430728
O94830,,,,,,1.0,Reactome_R-HSA-1430728
O94923,,,,,,1.0,Reactome_R-HSA-1430728
O94925,,,,,,1.0,Reactome_R-HSA-1430728
O94956-3,,,,,,1.0,Reactome_R-HSA-1430728
O95050,,,,,,1.0,Reactome_R-HSA-1430728
O95139,,,,,,1.0,Reactome_R-HSA-1430728
O95153,,,,,,1.0,Reactome_R-HSA-1430728
O95154,,,,,,2.0,Reactome_R-HSA-1430728;Reactome_R-HSA-211859
O95167,,,,,,1.0,Reactome_R-HSA-1430728
O95168,,,,,,1.0,Reactome_R-HSA-1430728
O95169,,,,,,1.0,Reactome_R-HSA-1430728
O95178,,,,,,1.0,Reactome_R-HSA-1430728
O95182,,,,,,1.0,Reactome_R-HSA-1430728
O95202,,,,,,1.0,Reactome_R-HSA-1430728
O95237,,,,,,1.0,Reactome_R-HSA-1430728
O95248,,,,,,1.0,Reactome_R-HSA-1430728
O95278,,,,,,1.0,Reactome_R-HSA-1430728
O95298,,,,,,1.0,Reactome_R-HSA-1430728
O95299,,,,,,1.0,Reactome_R-HSA-1430728
O95336,,,,,,1.0,Reactome_R-HSA-1430728
O95342,,,,,,1.0,Reactome_R-HSA-1430728
O95396,,,,,,1.0,Reactome_R-HSA-1430728
O95398,,,,,,1.0,Reactome_R-HSA-1430728
O95402,,,,,,1.0,Reactome_R-HSA-1430728
O95470,,,,,,1.0,Reactome_R-HSA-1430728
O95563,,,,,,1.0,Reactome_R-HSA-1430728
O95571,,,,,,1.0,Reactome_R-HSA-1430728
O95674,,,,,,2.0,Reactome_R-HSA-1430728;WikiPathways_WP2533
O95749,,,,,,1.0,Reactome_R-HSA-1430728
O95822-2,,,,,,1.0,Reactome_R-HSA-1430728
O95861,,,,,,2.0,Reactome_R-HSA-1430728;Reactome_R-HSA-211859
O95864,,,,,,1.0,Reactome_R-HSA-1430728
O95954,,,,,,1.0,Reactome_R-HSA-1430728
O95989,,,,,,1.0,Reactome_R-HSA-1430728
O95992,,,,,,1.0,Reactome_R-HSA-1430728
O96000,,,,,,1.0,Reactome_R-HSA-1430728
O96007,,,,,,1.0,Reactome_R-HSA-1430728
O96024,,,,,,1.0,Reactome_R-HSA-1430728
O96033,,,,,,1.0,Reactome_R-HSA-1430728
P00156,,,,,,1.0,Reactome_R-HSA-1430728
P00167,,,,,,1.0,Reactome_R-HSA-1430728
P00325,,,,,,3.0,Reactome_R-HSA-1430728;Reactome_R-HSA-211859;Reactome_R-HSA-211945
P00326,,,,,,3.0,Reactome_R-HSA-1430728;Reactome_R-HSA-211859;Reactome_R-HSA-211945
P00374,,,,,,1.0,Reactome_R-HSA-1430728
P00387,,,,,,3.0,Reactome_R-HSA-1430728;Reactome_R-HSA-211859;Reactome_R-HSA-211945
P00390-2,,,,,,1.0,Reactome_R-HSA-1430728
P00395,,,,,,1.0,Reactome_R-HSA-1430728
P00403,,,,,,1.0,Reactome_R-HSA-1430728
P00414,,,,,,1.0,Reactome_R-HSA-1430728
P00480,,,,,,1.0,Reactome_R-HSA-1430728
P00709,,,,,,1.0,Reactome_R-HSA-1430728
P00846,,,,,,1.0,Reactome_R-HSA-1430728
P00966,,,,,,1.0,Reactome_R-HSA-1430728
P01189,,,,,,4.0,Reactome_R-HSA-1430728;Reactome_R-HSA-211859;Reactome_R-HSA-211897;Reactome_R-HSA-211945
P01215,,,,,,1.0,Reactome_R-HSA-1430728
P01222,,,,,,1.0,Reactome_R-HSA-1430728
P01229,,,,,,1.0,Reactome_R-HSA-1430728
P01275,,,,,,1.0,Reactome_R-HSA-1430728
P02753,,,,,,1.0,Reactome_R-HSA-1430728
P02766,,,,,,1.0,Reactome_R-HSA-1430728
P02774,,,,,,1.0,Reactome_R-HSA-1430728
P03886,,,,,,1.0,Reactome_R-HSA-1430728
P03891,,,,,,1.0,Reactome_R-HSA-1430728
P03897,,,,,,1.0,Reactome_R-HSA-1430728
P03905,,,,,,1.0,Reactome_R-HSA-1430728
P03915,,,,,,1.0,Reactome_R-HSA-1430728
P03923,,,,,,1.0,Reactome_R-HSA-1430728
P03928,,,,,,1.0,Reactome_R-HSA-1430728
P04035-1,,,,,,1.0,Reactome_R-HSA-1430728
P04054,,,,,,1.0,Reactome_R-HSA-1430728
P04062,,,,,,1.0,Reactome_R-HSA-1430728
P04118,,,,,,1.0,Reactome_R-HSA-1430728
P04181,,,,,,1.0,Reactome_R-HSA-1430728
P04183,,,,,,1.0,Reactome_R-HSA-1430728
P04424,,,,,,1.0,Reactome_R-HSA-1430728
P05062,,,,,,1.0,Reactome_R-HSA-1430728
P05089,,,,,,1.0,Reactome_R-HSA-1430728
P05091,,,,,,3.0,Reactome_R-HSA-1430728;Reactome_R-HSA-211859;Reactome_R-HSA-211945
P05165,,,,,,1.0,Reactome_R-HSA-1430728
P05166,,,,,,1.0,Reactome_R-HSA-1430728
P06132,,,,,,1.0,Reactome_R-HSA-1430728
P06280,,,,,,1.0,Reactome_R-HSA-1430728
P06576,,,,,,1.0,Reactome_R-HSA-1430728
P06727,,,,,,1.0,Reactome_R-HSA-1430728
P06732,,,,,,1.0,Reactome_R-HSA-1430728
P06737,,,,,,2.0,BioCyc_META_PWY-5941;Reactome_R-HSA-1430728
P06738,,,,,,1.0,BioCyc_META_PWY-5941
P07099,,,,,,3.0,Reactome_R-HSA-1430728;Reactome_R-HSA-211859;Reactome_R-HSA-211945
P07148,,,,,,1.0,Reactome_R-HSA-1430728
P07195,,,,,,1.0,Reactome_R-HSA-1430728
P07202,,,,,,1.0,Reactome_R-HSA-1430728
P07327,,,,,,3.0,Reactome_R-HSA-1430728;Reactome_R-HSA-211859;Reactome_R-HSA-211945
P07451,,,,,,1.0,Reactome_R-HSA-1430728
P07602,,,,,,1.0,Reactome_R-HSA-1430728
P07738,,,,,,1.0,Reactome_R-HSA-1430728
P07741,,,,,,1.0,Reactome_R-HSA-1430728
P07864,,,,,,1.0,Reactome_R-HSA-1430728
P07902,,,,,,1.0,Reactome_R-HSA-1430728
P07919,,,,,,1.0,Reactome_R-HSA-1430728
P07954,,,,,,1.0,Reactome_R-HSA-1430728
P08019,,,,,,1.0,BioCyc_META_PWY-5941
P08195,,,,,,1.0,Reactome_R-HSA-1430728
P08236,,,,,,1.0,Reactome_R-HSA-1430728
P08263,,,,,,2.0,Reactome_R-HSA-1430728;Reactome_R-HSA-211859
P08319,,,,,,3.0,Reactome_R-HSA-1430728;Reactome_R-HSA-211859;Reactome_R-HSA-211945
P08397,,,,,,1.0,Reactome_R-HSA-1430728
P08842,,,,,,1.0,Reactome_R-HSA-1430728
P09110,,,,,,1.0,Reactome_R-HSA-1430728
P09172,,,,,,1.0,Reactome_R-HSA-1430728
P09210,,,,,,2.0,Reactome_R-HSA-1430728;Reactome_R-HSA-211859
P09417,,,,,,1.0,Reactome_R-HSA-1430728
P09455,,,,,,1.0,Reactome_R-HSA-1430728
P09467,,,,,,1.0,Reactome_R-HSA-1430728
P09488,,,,,,2.0,Reactome_R-HSA-1430728;Reactome_R-HSA-211859
P09622,,,,,,1.0,Reactome_R-HSA-1430728
P09669,,,,,,1.0,Reactome_R-HSA-1430728
P09917,,,,,,1.0,Reactome_R-HSA-1430728
P09923,,,,,,1.0,Reactome_R-HSA-1430728
P09960,,,,,,1.0,Reactome_R-HSA-1430728
P0A6A8,,,,,,741.0,PathBank_SMP0001041;PathBank_SMP0001042;PathBank_SMP0001045;PathBank_SMP0001046;PathBank_SMP0001047;PathBank_SMP0001048;PathBank_SMP0001051;PathBank_SMP0001052;PathBank_SMP0001053;PathBank_SMP0001054;PathBank_SMP0001055;PathBank_SMP0001056;PathBank_SMP0001057;PathBank_SMP0001058;PathBank_SMP0001059;PathBank_SMP0001060;PathBank_SMP0001061;PathBank_SMP0001062;PathBank_SMP0001063;PathBank_SMP0001064;PathBank_SMP0001065;PathBank_SMP0001066;PathBank_SMP0001067;PathBank_SMP0001068;PathBank_SMP0001069;PathBank_SMP0001070;PathBank_SMP0001071;PathBank_SMP0001072;PathBank_SMP0001073;PathBank_SMP0001074;PathBank_SMP0001075;PathBank_SMP0001076;PathBank_SMP0001077;PathBank_SMP0001078;PathBank_SMP0001079;PathBank_SMP0001080;PathBank_SMP0001081;PathBank_SMP0001082;PathBank_SMP0001083;PathBank_SMP0001084;PathBank_SMP0001085;PathBank_SMP0001086;PathBank_SMP0001087;PathBank_SMP0001088;PathBank_SMP0001089;PathBank_SMP0001090;PathBank_SMP0001091;PathBank_SMP0001092;PathBank_SMP0001093;PathBank_SMP0001094;PathBank_SMP0001095;PathBank_SMP0001096;PathBank_SMP0001097;PathBank_SMP0001098;PathBank_SMP0001099;PathBank_SMP0001100;PathBank_SMP0001101;PathBank_SMP0001102;PathBank_SMP0001103;PathBank_SMP0001104;PathBank_SMP0001105;PathBank_SMP0001106;PathBank_SMP0001107;PathBank_SMP0001108;PathBank_SMP0001109;PathBank_SMP0001110;PathBank_SMP0001111;PathBank_SMP0001112;PathBank_SMP0001113;PathBank_SMP0001114;PathBank_SMP0001115;PathBank_SMP0001116;PathBank_SMP0001117;PathBank_SMP0001118;PathBank_SMP0001119;PathBank_SMP0001120;PathBank_SMP0001121;PathBank_SMP0001122;PathBank_SMP0001123;PathBank_SMP0001124;PathBank_SMP0001125;PathBank_SMP0001126;PathBank_SMP0001127;PathBank_SMP0001128;PathBank_SMP0001129;PathBank_SMP0001130;PathBank_SMP0001131;PathBank_SMP0001132;PathBank_SMP0001133;PathBank_SMP0001134;PathBank_SMP0001135;PathBank_SMP0001136;PathBank_SMP0001137;PathBank_SMP0001138;PathBank_SMP0001139;PathBank_SMP0001140;PathBank_SMP0001141;PathBank_SMP0001142;PathBank_SMP0001143;PathBank_SMP0001144;PathBank_SMP0001145;PathBank_SMP0001146;PathBank_SMP0001147;PathBank_SMP0001148;PathBank_SMP0001149;PathBank_SMP0001150;PathBank_SMP0001151;PathBank_SMP0001152;PathBank_SMP0001153;PathBank_SMP0001154;PathBank_SMP0001155;PathBank_SMP0001156;PathBank_SMP0001157;PathBank_SMP0001158;PathBank_SMP0001159;PathBank_SMP0001160;PathBank_SMP0001161;PathBank_SMP0001162;PathBank_SMP0001163;PathBank_SMP0001164;PathBank_SMP0001165;PathBank_SMP0001166;PathBank_SMP0001167;PathBank_SMP0001168;PathBank_SMP0001169;PathBank_SMP0001170;PathBank_SMP0001171;PathBank_SMP0001172;PathBank_SMP0001173;PathBank_SMP0001174;PathBank_SMP0001175;PathBank_SMP0001176;PathBank_SMP0001177;PathBank_SMP0001178;PathBank_SMP0001179;PathBank_SMP0001180;PathBank_SMP0001181;PathBank_SMP0001182;PathBank_SMP0001183;PathBank_SMP0001184;PathBank_SMP0001185;PathBank_SMP0001186;PathBank_SMP0001187;PathBank_SMP0001188;PathBank_SMP0001189;PathBank_SMP0001190;PathBank_SMP0001191;PathBank_SMP0001192;PathBank_SMP0001193;PathBank_SMP0001194;PathBank_SMP0001195;PathBank_SMP0001196;PathBank_SMP0001197;PathBank_SMP0001198;PathBank_SMP0001199;PathBank_SMP0001200;PathBank_SMP0001201;PathBank_SMP0001203;PathBank_SMP0001204;PathBank_SMP0001205;PathBank_SMP0001206;PathBank_SMP0001207;PathBank_SMP0001208;PathBank_SMP0001209;PathBank_SMP0001210;PathBank_SMP0001211;PathBank_SMP0001212;PathBank_SMP0001213;PathBank_SMP0001214;PathBank_SMP0001215;PathBank_SMP0001216;PathBank_SMP0001217;PathBank_SMP0001218;PathBank_SMP0001219;PathBank_SMP0001220;PathBank_SMP0001221;PathBank_SMP0001222;PathBank_SMP0001223;PathBank_SMP0001224;PathBank_SMP0001225;PathBank_SMP0001226;PathBank_SMP0001227;PathBank_SMP0001228;PathBank_SMP0001229;PathBank_SMP0001230;PathBank_SMP0001231;PathBank_SMP0001232;PathBank_SMP0001233;PathBank_SMP0001234;PathBank_SMP0001235;PathBank_SMP0001236;PathBank_SMP0001237;PathBank_SMP0001238;PathBank_SMP0001239;PathBank_SMP0001240;PathBank_SMP0001241;PathBank_SMP0001242;PathBank_SMP0001243;PathBank_SMP0001244;PathBank_SMP0001245;PathBank_SMP0001246;PathBank_SMP0001247;PathBank_SMP0001248;PathBank_SMP0001249;PathBank_SMP0001250;PathBank_SMP0001251;PathBank_SMP0001252;PathBank_SMP0001253;PathBank_SMP0001254;PathBank_SMP0001255;PathBank_SMP0001256;PathBank_SMP0001257;PathBank_SMP0001258;PathBank_SMP0001259;PathBank_SMP0001260;PathBank_SMP0001261;PathBank_SMP0001262;PathBank_SMP0001263;PathBank_SMP0001264;PathBank_SMP0001265;PathBank_SMP0001266;PathBank_SMP0001267;PathBank_SMP0001268;PathBank_SMP0001269;PathBank_SMP0001270;PathBank_SMP0001271;PathBank_SMP0001272;PathBank_SMP0001273;PathBank_SMP0001274;PathBank_SMP0001275;PathBank_SMP0001276;PathBank_SMP0001277;PathBank_SMP0001278;PathBank_SMP0001279;PathBank_SMP0001280;PathBank_SMP0001281;PathBank_SMP0001282;PathBank_SMP0001283;PathBank_SMP0001284;PathBank_SMP0001285;PathBank_SMP0001286;PathBank_SMP0001287;PathBank_SMP0001288;PathBank_SMP0001289;PathBank_SMP0001290;PathBank_SMP0001291;PathBank_SMP0001292;PathBank_SMP0001293;PathBank_SMP0001294;PathBank_SMP0001295;PathBank_SMP0001296;PathBank_SMP0001297;PathBank_SMP0001298;PathBank_SMP0001299;PathBank_SMP0001300;PathBank_SMP0001301;PathBank_SMP0001302;PathBank_SMP0001303;PathBank_SMP0001304;PathBank_SMP0001305;PathBank_SMP0001306;PathBank_SMP0001307;PathBank_SMP0001308;PathBank_SMP0001309;PathBank_SMP0001310;PathBank_SMP0001311;PathBank_SMP0001312;PathBank_SMP0001313;PathBank_SMP0001314;PathBank_SMP0001315;PathBank_SMP0001316;PathBank_SMP0001317;PathBank_SMP0001318;PathBank_SMP0001319;PathBank_SMP0001320;PathBank_SMP0001321;PathBank_SMP0001322;PathBank_SMP0001323;PathBank_SMP0001324;PathBank_SMP0001325;PathBank_SMP0001326;PathBank_SMP0001327;PathBank_SMP0001328;PathBank_SMP0001329;PathBank_SMP0001330;PathBank_SMP0001331;PathBank_SMP0001332;PathBank_SMP0001333;PathBank_SMP0001334;PathBank_SMP0001335;PathBank_SMP0001336;PathBank_SMP0001337;PathBank_SMP0001338;PathBank_SMP0001339;PathBank_SMP0001340;PathBank_SMP0001341;PathBank_SMP0001342;PathBank_SMP0001343;PathBank_SMP0001344;PathBank_SMP0001345;PathBank_SMP0001346;PathBank_SMP0001347;PathBank_SMP0001348;PathBank_SMP0001349;PathBank_SMP0001350;PathBank_SMP0001351;PathBank_SMP0001352;PathBank_SMP0001353;PathBank_SMP0001354;PathBank_SMP0001355;PathBank_SMP0001356;PathBank_SMP0001357;PathBank_SMP0001358;PathBank_SMP0001359;PathBank_SMP0001360;PathBank_SMP0001361;PathBank_SMP0001362;PathBank_SMP0001363;PathBank_SMP0001364;PathBank_SMP0001365;PathBank_SMP0001366;PathBank_SMP0001367;PathBank_SMP0001368;PathBank_SMP0001369;PathBank_SMP0001370;PathBank_SMP0001371;PathBank_SMP0001372;PathBank_SMP0001373;PathBank_SMP0001374;PathBank_SMP0001375;PathBank_SMP0001376;PathBank_SMP0001377;PathBank_SMP0001378;PathBank_SMP0001379;PathBank_SMP0001380;PathBank_SMP0001381;PathBank_SMP0001382;PathBank_SMP0001383;PathBank_SMP0001384;PathBank_SMP0001385;PathBank_SMP0001386;PathBank_SMP0001387;PathBank_SMP0001388;PathBank_SMP0001389;PathBank_SMP0001390;PathBank_SMP0001391;PathBank_SMP0001392;PathBank_SMP0001393;PathBank_SMP0001394;PathBank_SMP0001395;PathBank_SMP0001396;PathBank_SMP0001397;PathBank_SMP0001398;PathBank_SMP0001399;PathBank_SMP0001400;PathBank_SMP0001401;PathBank_SMP0001402;PathBank_SMP0001403;PathBank_SMP0001404;PathBank_SMP0001405;PathBank_SMP0001406;PathBank_SMP0001407;PathBank_SMP0001408;PathBank_SMP0001409;PathBank_SMP0001410;PathBank_SMP0001411;PathBank_SMP0001412;PathBank_SMP0001413;PathBank_SMP0001414;PathBank_SMP0001415;PathBank_SMP0001416;PathBank_SMP0001417;PathBank_SMP0001418;PathBank_SMP0001419;PathBank_SMP0001420;PathBank_SMP0001421;PathBank_SMP0001422;PathBank_SMP0001423;PathBank_SMP0001424;PathBank_SMP0001425;PathBank_SMP0001426;PathBank_SMP0001427;PathBank_SMP0001428;PathBank_SMP0001429;PathBank_SMP0001430;PathBank_SMP0001431;PathBank_SMP0001432;PathBank_SMP0001433;PathBank_SMP0001434;PathBank_SMP0001435;PathBank_SMP0001436;PathBank_SMP0001437;PathBank_SMP0001438;PathBank_SMP0001439;PathBank_SMP0001440;PathBank_SMP0001441;PathBank_SMP0001442;PathBank_SMP0001443;PathBank_SMP0001444;PathBank_SMP0001445;PathBank_SMP0001446;PathBank_SMP0001447;PathBank_SMP0001448;PathBank_SMP0001449;PathBank_SMP0001450;PathBank_SMP0001451;PathBank_SMP0001452;PathBank_SMP0001453;PathBank_SMP0001455;PathBank_SMP0001456;PathBank_SMP0001457;PathBank_SMP0001458;PathBank_SMP0001459;PathBank_SMP0001460;PathBank_SMP0001461;PathBank_SMP0001462;PathBank_SMP0001463;PathBank_SMP0001464;PathBank_SMP0001465;PathBank_SMP0001466;PathBank_SMP0001467;PathBank_SMP0001468;PathBank_SMP0001469;PathBank_SMP0001470;PathBank_SMP0001471;PathBank_SMP0001472;PathBank_SMP0001473;PathBank_SMP0001474;PathBank_SMP0001475;PathBank_SMP0001476;PathBank_SMP0001477;PathBank_SMP0001478;PathBank_SMP0001479;PathBank_SMP0001480;PathBank_SMP0001481;PathBank_SMP0001482;PathBank_SMP0001483;PathBank_SMP0001484;PathBank_SMP0001485;PathBank_SMP0001486;PathBank_SMP0001487;PathBank_SMP0001488;PathBank_SMP0001489;PathBank_SMP0001490;PathBank_SMP0001491;PathBank_SMP0001492;PathBank_SMP0001493;PathBank_SMP0001494;PathBank_SMP0001495;PathBank_SMP0001496;PathBank_SMP0001497;PathBank_SMP0001498;PathBank_SMP0001499;PathBank_SMP0001500;PathBank_SMP0001501;PathBank_SMP0001502;PathBank_SMP0001503;PathBank_SMP0001504;PathBank_SMP0001505;PathBank_SMP0001506;PathBank_SMP0001507;PathBank_SMP0001508;PathBank_SMP0001509;PathBank_SMP0001510;PathBank_SMP0001511;PathBank_SMP0001512;PathBank_SMP0001513;PathBank_SMP0001514;PathBank_SMP0001515;PathBank_SMP0001516;PathBank_SMP0001517;PathBank_SMP0001518;PathBank_SMP0001519;PathBank_SMP0001520;PathBank_SMP0001521;PathBank_SMP0001522;PathBank_SMP0001523;PathBank_SMP0001524;PathBank_SMP0001525;PathBank_SMP0001526;PathBank_SMP0001527;PathBank_SMP0001528;PathBank_SMP0001529;PathBank_SMP0001530;PathBank_SMP0001531;PathBank_SMP0001532;PathBank_SMP0001533;PathBank_SMP0001534;PathBank_SMP0001535;PathBank_SMP0001536;PathBank_SMP0001537;PathBank_SMP0001538;PathBank_SMP0001539;PathBank_SMP0001540;PathBank_SMP0001541;PathBank_SMP0001542;PathBank_SMP0001543;PathBank_SMP0001544;PathBank_SMP0001545;PathBank_SMP0001547;PathBank_SMP0001548;PathBank_SMP0001549;PathBank_SMP0001550;PathBank_SMP0001551;PathBank_SMP0001552;PathBank_SMP0001553;PathBank_SMP0001554;PathBank_SMP0001555;PathBank_SMP0001556;PathBank_SMP0001557;PathBank_SMP0001558;PathBank_SMP0001559;PathBank_SMP0001560;PathBank_SMP0001561;PathBank_SMP0001562;PathBank_SMP0001563;PathBank_SMP0001564;PathBank_SMP0001565;PathBank_SMP0001566;PathBank_SMP0001567;PathBank_SMP0001568;PathBank_SMP0001569;PathBank_SMP0001570;PathBank_SMP0001571;PathBank_SMP0001572;PathBank_SMP0001573;PathBank_SMP0001574;PathBank_SMP0001575;PathBank_SMP0001576;PathBank_SMP0001577;PathBank_SMP0001578;PathBank_SMP0001579;PathBank_SMP0001580;PathBank_SMP0001581;PathBank_SMP0001582;PathBank_SMP0001583;PathBank_SMP0001584;PathBank_SMP0001585;PathBank_SMP0001586;PathBank_SMP0001587;PathBank_SMP0001588;PathBank_SMP0001589;PathBank_SMP0001590;PathBank_SMP0001591;PathBank_SMP0001592;PathBank_SMP0001593;PathBank_SMP0001594;PathBank_SMP0001595;PathBank_SMP0001596;PathBank_SMP0001597;PathBank_SMP0001598;PathBank_SMP0001599;PathBank_SMP0001600;PathBank_SMP0001601;PathBank_SMP0001602;PathBank_SMP0001604;PathBank_SMP0001605;PathBank_SMP0001606;PathBank_SMP0001607;PathBank_SMP0001608;PathBank_SMP0001609;PathBank_SMP0001610;PathBank_SMP0001611;PathBank_SMP0001612;PathBank_SMP0001613;PathBank_SMP0001614;PathBank_SMP0001615;PathBank_SMP0001616;PathBank_SMP0001617;PathBank_SMP0001618;PathBank_SMP0001619;PathBank_SMP0001620;PathBank_SMP0001621;PathBank_SMP0001622;PathBank_SMP0001623;PathBank_SMP0001624;PathBank_SMP0001625;PathBank_SMP0001626;PathBank_SMP0001627;PathBank_SMP0001628;PathBank_SMP0001629;PathBank_SMP0001630;PathBank_SMP0001631;PathBank_SMP0001632;PathBank_SMP0001633;PathBank_SMP0001634;PathBank_SMP0001635;PathBank_SMP0001637;PathBank_SMP0001638;PathBank_SMP0001639;PathBank_SMP0001640;PathBank_SMP0001641;PathBank_SMP0001642;PathBank_SMP0001643;PathBank_SMP0001644;PathBank_SMP0001645;PathBank_SMP0001646;PathBank_SMP0001647;PathBank_SMP0001648;PathBank_SMP0001649;PathBank_SMP0001650;PathBank_SMP0001651;PathBank_SMP0001652;PathBank_SMP0001653;PathBank_SMP0001654;PathBank_SMP0001655;PathBank_SMP0001656;PathBank_SMP0001657;PathBank_SMP0001658;PathBank_SMP0001659;PathBank_SMP0001660;PathBank_SMP0001661;PathBank_SMP0001662;PathBank_SMP0001663;PathBank_SMP0001664;PathBank_SMP0001665;PathBank_SMP0001666;PathBank_SMP0001667;PathBank_SMP0001668;PathBank_SMP0001669;PathBank_SMP0001670;PathBank_SMP0001671;PathBank_SMP0001672;PathBank_SMP0001673;PathBank_SMP0001674;PathBank_SMP0001675;PathBank_SMP0001676;PathBank_SMP0001677;PathBank_SMP0001678;PathBank_SMP0001679;PathBank_SMP0001680;PathBank_SMP0001681;PathBank_SMP0001682;PathBank_SMP0001683;PathBank_SMP0001684;PathBank_SMP0001685;PathBank_SMP0001686;PathBank_SMP0001687;PathBank_SMP0001688;PathBank_SMP0001689;PathBank_SMP0001690;PathBank_SMP0001691;PathBank_SMP0001692;PathBank_SMP0001693;PathBank_SMP0001694;PathBank_SMP0001695;PathBank_SMP0001696;PathBank_SMP0001697;PathBank_SMP0001698;PathBank_SMP0001699;PathBank_SMP0001700;PathBank_SMP0001701;PathBank_SMP0001702;PathBank_SMP0001703;PathBank_SMP0001704;PathBank_SMP0001705;PathBank_SMP0001706;PathBank_SMP0001707;PathBank_SMP0001708;PathBank_SMP0001709;PathBank_SMP0001710;PathBank_SMP0001711;PathBank_SMP0001712;PathBank_SMP0001713;PathBank_SMP0001714;PathBank_SMP0001715;PathBank_SMP0001716;PathBank_SMP0001717;PathBank_SMP0001718;PathBank_SMP0001719;PathBank_SMP0001720;PathBank_SMP0001721;PathBank_SMP0001722;PathBank_SMP0001723;PathBank_SMP0001724;PathBank_SMP0001725;PathBank_SMP0001726;PathBank_SMP0001727;PathBank_SMP0001728;PathBank_SMP0001739;PathBank_SMP0001774;PathBank_SMP0001796;PathBank_SMP0001798;PathBank_SMP0001799;PathBank_SMP0001804;PathBank_SMP0001885;PathBank_SMP0001921;PathBank_SMP0001926;PathBank_SMP0001929;PathBank_SMP0001931;PathBank_SMP0001937;PathBank_SMP0001943;PathBank_SMP0001946;PathBank_SMP0001950;PathBank_SMP0001951;PathBank_SMP0001952;PathBank_SMP0001954;PathBank_SMP0001956;PathBank_SMP0001958;PathBank_SMP0001961;PathBank_SMP0001966;PathBank_SMP0001968;PathBank_SMP0001969;PathBank_SMP0001971;PathBank_SMP0001973;PathBank_SMP0001974;PathBank_SMP0001975;PathBank_SMP0001976;PathBank_SMP0001977;PathBank_SMP0001978;PathBank_SMP0001979;PathBank_SMP0001980;PathBank_SMP0001982;PathBank_SMP0001983;PathBank_SMP0001986;PathBank_SMP0001988;PathBank_SMP0001989;PathBank_SMP0001990;PathBank_SMP0001991;PathBank_SMP0001992;PathBank_SMP0001993;PathBank_SMP0001995;PathBank_SMP0001997;PathBank_SMP0001998;PathBank_SMP0002000;PathBank_SMP0002002;PathBank_SMP0002003;PathBank_SMP0002006;PathBank_SMP0002008;PathBank_SMP0002010;PathBank_SMP0002013;PathBank_SMP0002016;PathBank_SMP0002019;PathBank_SMP0002021;PathBank_SMP0002022;PathBank_SMP0002025;PathBank_SMP0002026;PathBank_SMP0002027;PathBank_SMP0002028;PathBank_SMP0002029;PathBank_SMP0002127
P0A6H8,,,,,,113.0,PathBank_SMP0001041;PathBank_SMP0001042;PathBank_SMP0001046;PathBank_SMP0001047;PathBank_SMP0001049;PathBank_SMP0001051;PathBank_SMP0001052;PathBank_SMP0001053;PathBank_SMP0001054;PathBank_SMP0001055;PathBank_SMP0001056;PathBank_SMP0001057;PathBank_SMP0001058;PathBank_SMP0001059;PathBank_SMP0001060;PathBank_SMP0001062;PathBank_SMP0001063;PathBank_SMP0001064;PathBank_SMP0001065;PathBank_SMP0001066;PathBank_SMP0001067;PathBank_SMP0001068;PathBank_SMP0001069;PathBank_SMP0001070;PathBank_SMP0001074;PathBank_SMP0001079;PathBank_SMP0001084;PathBank_SMP0001124;PathBank_SMP0001134;PathBank_SMP0001136;PathBank_SMP0001142;PathBank_SMP0001143;PathBank_SMP0001144;PathBank_SMP0001145;PathBank_SMP0001147;PathBank_SMP0001148;PathBank_SMP0001153;PathBank_SMP0001156;PathBank_SMP0001158;PathBank_SMP0001183;PathBank_SMP0001194;PathBank_SMP0001196;PathBank_SMP0001199;PathBank_SMP0001207;PathBank_SMP0001212;PathBank_SMP0001220;PathBank_SMP0001221;PathBank_SMP0001222;PathBank_SMP0001223;PathBank_SMP0001224;PathBank_SMP0001225;PathBank_SMP0001229;PathBank_SMP0001234;PathBank_SMP0001251;PathBank_SMP0001329;PathBank_SMP0001330;PathBank_SMP0001345;PathBank_SMP0001352;PathBank_SMP0001378;PathBank_SMP0001398;PathBank_SMP0001409;PathBank_SMP0001432;PathBank_SMP0001433;PathBank_SMP0001434;PathBank_SMP0001435;PathBank_SMP0001441;PathBank_SMP0001445;PathBank_SMP0001453;PathBank_SMP0001464;PathBank_SMP0001465;PathBank_SMP0001466;PathBank_SMP0001467;PathBank_SMP0001468;PathBank_SMP0001470;PathBank_SMP0001471;PathBank_SMP0001476;PathBank_SMP0001483;PathBank_SMP0001504;PathBank_SMP0001505;PathBank_SMP0001518;PathBank_SMP0001523;PathBank_SMP0001525;PathBank_SMP0001526;PathBank_SMP0001536;PathBank_SMP0001537;PathBank_SMP0001540;PathBank_SMP0001541;PathBank_SMP0001559;PathBank_SMP0001560;PathBank_SMP0001561;PathBank_SMP0001562;PathBank_SMP0001564;PathBank_SMP0001565;PathBank_SMP0001566;PathBank_SMP0001567;PathBank_SMP0001568;PathBank_SMP0001569;PathBank_SMP0001571;PathBank_SMP0001572;PathBank_SMP0001586;PathBank_SMP0001587;PathBank_SMP0001589;PathBank_SMP0001591;PathBank_SMP0001604;PathBank_SMP0001617;PathBank_SMP0001621;PathBank_SMP0001630;PathBank_SMP0001631;PathBank_SMP0001639;PathBank_SMP0001641;PathBank_SMP0001656;PathBank_SMP0001665;PathBank_SMP0002021
P0A6S7,,,,,,742.0,PathBank_SMP0001041;PathBank_SMP0001042;PathBank_SMP0001045;PathBank_SMP0001046;PathBank_SMP0001047;PathBank_SMP0001048;PathBank_SMP0001049;PathBank_SMP0001051;PathBank_SMP0001052;PathBank_SMP0001053;PathBank_SMP0001054;PathBank_SMP0001055;PathBank_SMP0001056;PathBank_SMP0001057;PathBank_SMP0001058;PathBank_SMP0001059;PathBank_SMP0001060;PathBank_SMP0001061;PathBank_SMP0001062;PathBank_SMP0001063;PathBank_SMP0001064;PathBank_SMP0001065;PathBank_SMP0001066;PathBank_SMP0001067;PathBank_SMP0001068;PathBank_SMP0001069;PathBank_SMP0001070;PathBank_SMP0001071;PathBank_SMP0001072;PathBank_SMP0001073;PathBank_SMP0001074;PathBank_SMP0001075;PathBank_SMP0001076;PathBank_SMP0001077;PathBank_SMP0001078;PathBank_SMP0001079;PathBank_SMP0001080;PathBank_SMP0001081;PathBank_SMP0001082;PathBank_SMP0001083;PathBank_SMP0001084;PathBank_SMP0001085;PathBank_SMP0001086;PathBank_SMP0001087;PathBank_SMP0001088;PathBank_SMP0001089;PathBank_SMP0001090;PathBank_SMP0001091;PathBank_SMP0001092;PathBank_SMP0001093;PathBank_SMP0001094;PathBank_SMP0001095;PathBank_SMP0001096;PathBank_SMP0001097;PathBank_SMP0001098;PathBank_SMP0001099;PathBank_SMP0001100;PathBank_SMP0001101;PathBank_SMP0001102;PathBank_SMP0001103;PathBank_SMP0001104;PathBank_SMP0001105;PathBank_SMP0001106;PathBank_SMP0001107;PathBank_SMP0001108;PathBank_SMP0001109;PathBank_SMP0001110;PathBank_SMP0001111;PathBank_SMP0001112;PathBank_SMP0001113;PathBank_SMP0001114;PathBank_SMP0001115;PathBank_SMP0001116;PathBank_SMP0001117;PathBank_SMP0001118;PathBank_SMP0001119;PathBank_SMP0001120;PathBank_SMP0001121;PathBank_SMP0001122;PathBank_SMP0001123;PathBank_SMP0001124;PathBank_SMP0001125;PathBank_SMP0001126;PathBank_SMP0001127;PathBank_SMP0001128;PathBank_SMP0001129;PathBank_SMP0001130;PathBank_SMP0001131;PathBank_SMP0001132;PathBank_SMP0001133;PathBank_SMP0001134;PathBank_SMP0001135;PathBank_SMP0001136;PathBank_SMP0001137;PathBank_SMP0001138;PathBank_SMP0001139;PathBank_SMP0001140;PathBank_SMP0001141;PathBank_SMP0001142;PathBank_SMP0001143;PathBank_SMP0001144;PathBank_SMP0001145;PathBank_SMP0001146;PathBank_SMP0001147;PathBank_SMP0001148;PathBank_SMP0001149;PathBank_SMP0001150;PathBank_SMP0001151;PathBank_SMP0001152;PathBank_SMP0001153;PathBank_SMP0001154;PathBank_SMP0001155;PathBank_SMP0001156;PathBank_SMP0001157;PathBank_SMP0001158;PathBank_SMP0001159;PathBank_SMP0001160;PathBank_SMP0001161;PathBank_SMP0001162;PathBank_SMP0001163;PathBank_SMP0001164;PathBank_SMP0001165;PathBank_SMP0001166;PathBank_SMP0001167;PathBank_SMP0001168;PathBank_SMP0001169;PathBank_SMP0001170;PathBank_SMP0001171;PathBank_SMP0001172;PathBank_SMP0001173;PathBank_SMP0001174;PathBank_SMP0001175;PathBank_SMP0001176;PathBank_SMP0001177;PathBank_SMP0001178;PathBank_SMP0001179;PathBank_SMP0001180;PathBank_SMP0001181;PathBank_SMP0001182;PathBank_SMP0001183;PathBank_SMP0001184;PathBank_SMP0001185;PathBank_SMP0001186;PathBank_SMP0001187;PathBank_SMP0001188;PathBank_SMP0001189;PathBank_SMP0001190;PathBank_SMP0001191;PathBank_SMP0001192;PathBank_SMP0001193;PathBank_SMP0001194;PathBank_SMP0001195;PathBank_SMP0001196;PathBank_SMP0001197;PathBank_SMP0001198;PathBank_SMP0001199;PathBank_SMP0001200;PathBank_SMP0001201;PathBank_SMP0001203;PathBank_SMP0001204;PathBank_SMP0001205;PathBank_SMP0001206;PathBank_SMP0001207;PathBank_SMP0001208;PathBank_SMP0001209;PathBank_SMP0001210;PathBank_SMP0001211;PathBank_SMP0001212;PathBank_SMP0001213;PathBank_SMP0001214;PathBank_SMP0001215;PathBank_SMP0001216;PathBank_SMP0001217;PathBank_SMP0001218;PathBank_SMP0001219;PathBank_SMP0001220;PathBank_SMP0001221;PathBank_SMP0001222;PathBank_SMP0001223;PathBank_SMP0001224;PathBank_SMP0001225;PathBank_SMP0001226;PathBank_SMP0001227;PathBank_SMP0001228;PathBank_SMP0001229;PathBank_SMP0001230;PathBank_SMP0001231;PathBank_SMP0001232;PathBank_SMP0001233;PathBank_SMP0001234;PathBank_SMP0001235;PathBank_SMP0001236;PathBank_SMP0001237;PathBank_SMP0001238;PathBank_SMP0001239;PathBank_SMP0001240;PathBank_SMP0001241;PathBank_SMP0001242;PathBank_SMP0001243;PathBank_SMP0001244;PathBank_SMP0001245;PathBank_SMP0001246;PathBank_SMP0001247;PathBank_SMP0001248;PathBank_SMP0001249;PathBank_SMP0001250;PathBank_SMP0001251;PathBank_SMP0001252;PathBank_SMP0001253;PathBank_SMP0001254;PathBank_SMP0001255;PathBank_SMP0001256;PathBank_SMP0001257;PathBank_SMP0001258;PathBank_SMP0001259;PathBank_SMP0001260;PathBank_SMP0001261;PathBank_SMP0001262;PathBank_SMP0001263;PathBank_SMP0001264;PathBank_SMP0001265;PathBank_SMP0001266;PathBank_SMP0001267;PathBank_SMP0001268;PathBank_SMP0001269;PathBank_SMP0001270;PathBank_SMP0001271;PathBank_SMP0001272;PathBank_SMP0001273;PathBank_SMP0001274;PathBank_SMP0001275;PathBank_SMP0001276;PathBank_SMP0001277;PathBank_SMP0001278;PathBank_SMP0001279;PathBank_SMP0001280;PathBank_SMP0001281;PathBank_SMP0001282;PathBank_SMP0001283;PathBank_SMP0001284;PathBank_SMP0001285;PathBank_SMP0001286;PathBank_SMP0001287;PathBank_SMP0001288;PathBank_SMP0001289;PathBank_SMP0001290;PathBank_SMP0001291;PathBank_SMP0001292;PathBank_SMP0001293;PathBank_SMP0001294;PathBank_SMP0001295;PathBank_SMP0001296;PathBank_SMP0001297;PathBank_SMP0001298;PathBank_SMP0001299;PathBank_SMP0001300;PathBank_SMP0001301;PathBank_SMP0001302;PathBank_SMP0001303;PathBank_SMP0001304;PathBank_SMP0001305;PathBank_SMP0001306;PathBank_SMP0001307;PathBank_SMP0001308;PathBank_SMP0001309;PathBank_SMP0001310;PathBank_SMP0001311;PathBank_SMP0001312;PathBank_SMP0001313;PathBank_SMP0001314;PathBank_SMP0001315;PathBank_SMP0001316;PathBank_SMP0001317;PathBank_SMP0001318;PathBank_SMP0001319;PathBank_SMP0001320;PathBank_SMP0001321;PathBank_SMP0001322;PathBank_SMP0001323;PathBank_SMP0001324;PathBank_SMP0001325;PathBank_SMP0001326;PathBank_SMP0001327;PathBank_SMP0001328;PathBank_SMP0001329;PathBank_SMP0001330;PathBank_SMP0001331;PathBank_SMP0001332;PathBank_SMP0001333;PathBank_SMP0001334;PathBank_SMP0001335;PathBank_SMP0001336;PathBank_SMP0001337;PathBank_SMP0001338;PathBank_SMP0001339;PathBank_SMP0001340;PathBank_SMP0001341;PathBank_SMP0001342;PathBank_SMP0001343;PathBank_SMP0001344;PathBank_SMP0001345;PathBank_SMP0001346;PathBank_SMP0001347;PathBank_SMP0001348;PathBank_SMP0001349;PathBank_SMP0001350;PathBank_SMP0001351;PathBank_SMP0001352;PathBank_SMP0001353;PathBank_SMP0001354;PathBank_SMP0001355;PathBank_SMP0001356;PathBank_SMP0001357;PathBank_SMP0001358;PathBank_SMP0001359;PathBank_SMP0001360;PathBank_SMP0001361;PathBank_SMP0001362;PathBank_SMP0001363;PathBank_SMP0001364;PathBank_SMP0001365;PathBank_SMP0001366;PathBank_SMP0001367;PathBank_SMP0001368;PathBank_SMP0001369;PathBank_SMP0001370;PathBank_SMP0001371;PathBank_SMP0001372;PathBank_SMP0001373;PathBank_SMP0001374;PathBank_SMP0001375;PathBank_SMP0001376;PathBank_SMP0001377;PathBank_SMP0001378;PathBank_SMP0001379;PathBank_SMP0001380;PathBank_SMP0001381;PathBank_SMP0001382;PathBank_SMP0001383;PathBank_SMP0001384;PathBank_SMP0001385;PathBank_SMP0001386;PathBank_SMP0001387;PathBank_SMP0001388;PathBank_SMP0001389;PathBank_SMP0001390;PathBank_SMP0001391;PathBank_SMP0001392;PathBank_SMP0001393;PathBank_SMP0001394;PathBank_SMP0001395;PathBank_SMP0001396;PathBank_SMP0001397;PathBank_SMP0001398;PathBank_SMP0001399;PathBank_SMP0001400;PathBank_SMP0001401;PathBank_SMP0001402;PathBank_SMP0001403;PathBank_SMP0001404;PathBank_SMP0001405;PathBank_SMP0001406;PathBank_SMP0001407;PathBank_SMP0001408;PathBank_SMP0001409;PathBank_SMP0001410;PathBank_SMP0001411;PathBank_SMP0001412;PathBank_SMP0001413;PathBank_SMP0001414;PathBank_SMP0001415;PathBank_SMP0001416;PathBank_SMP0001417;PathBank_SMP0001418;PathBank_SMP0001419;PathBank_SMP0001420;PathBank_SMP0001421;PathBank_SMP0001422;PathBank_SMP0001423;PathBank_SMP0001424;PathBank_SMP0001425;PathBank_SMP0001426;PathBank_SMP0001427;PathBank_SMP0001428;PathBank_SMP0001429;PathBank_SMP0001430;PathBank_SMP0001431;PathBank_SMP0001432;PathBank_SMP0001433;PathBank_SMP0001434;PathBank_SMP0001435;PathBank_SMP0001436;PathBank_SMP0001437;PathBank_SMP0001438;PathBank_SMP0001439;PathBank_SMP0001440;PathBank_SMP0001441;PathBank_SMP0001442;PathBank_SMP0001443;PathBank_SMP0001444;PathBank_SMP0001445;PathBank_SMP0001446;PathBank_SMP0001447;PathBank_SMP0001448;PathBank_SMP0001449;PathBank_SMP0001450;PathBank_SMP0001451;PathBank_SMP0001452;PathBank_SMP0001453;PathBank_SMP0001455;PathBank_SMP0001456;PathBank_SMP0001457;PathBank_SMP0001458;PathBank_SMP0001459;PathBank_SMP0001460;PathBank_SMP0001461;PathBank_SMP0001462;PathBank_SMP0001463;PathBank_SMP0001464;PathBank_SMP0001465;PathBank_SMP0001466;PathBank_SMP0001467;PathBank_SMP0001468;PathBank_SMP0001469;PathBank_SMP0001470;PathBank_SMP0001471;PathBank_SMP0001472;PathBank_SMP0001473;PathBank_SMP0001474;PathBank_SMP0001475;PathBank_SMP0001476;PathBank_SMP0001477;PathBank_SMP0001478;PathBank_SMP0001479;PathBank_SMP0001480;PathBank_SMP0001481;PathBank_SMP0001482;PathBank_SMP0001483;PathBank_SMP0001484;PathBank_SMP0001485;PathBank_SMP0001486;PathBank_SMP0001487;PathBank_SMP0001488;PathBank_SMP0001489;PathBank_SMP0001490;PathBank_SMP0001491;PathBank_SMP0001492;PathBank_SMP0001493;PathBank_SMP0001494;PathBank_SMP0001495;PathBank_SMP0001496;PathBank_SMP0001497;PathBank_SMP0001498;PathBank_SMP0001499;PathBank_SMP0001500;PathBank_SMP0001501;PathBank_SMP0001502;PathBank_SMP0001503;PathBank_SMP0001504;PathBank_SMP0001505;PathBank_SMP0001506;PathBank_SMP0001507;PathBank_SMP0001508;PathBank_SMP0001509;PathBank_SMP0001510;PathBank_SMP0001511;PathBank_SMP0001512;PathBank_SMP0001513;PathBank_SMP0001514;PathBank_SMP0001515;PathBank_SMP0001516;PathBank_SMP0001517;PathBank_SMP0001518;PathBank_SMP0001519;PathBank_SMP0001520;PathBank_SMP0001521;PathBank_SMP0001522;PathBank_SMP0001523;PathBank_SMP0001524;PathBank_SMP0001525;PathBank_SMP0001526;PathBank_SMP0001527;PathBank_SMP0001528;PathBank_SMP0001529;PathBank_SMP0001530;PathBank_SMP0001531;PathBank_SMP0001532;PathBank_SMP0001533;PathBank_SMP0001534;PathBank_SMP0001535;PathBank_SMP0001536;PathBank_SMP0001537;PathBank_SMP0001538;PathBank_SMP0001539;PathBank_SMP0001540;PathBank_SMP0001541;PathBank_SMP0001542;PathBank_SMP0001543;PathBank_SMP0001544;PathBank_SMP0001545;PathBank_SMP0001547;PathBank_SMP0001548;PathBank_SMP0001549;PathBank_SMP0001550;PathBank_SMP0001551;PathBank_SMP0001552;PathBank_SMP0001553;PathBank_SMP0001554;PathBank_SMP0001555;PathBank_SMP0001556;PathBank_SMP0001557;PathBank_SMP0001558;PathBank_SMP0001559;PathBank_SMP0001560;PathBank_SMP0001561;PathBank_SMP0001562;PathBank_SMP0001563;PathBank_SMP0001564;PathBank_SMP0001565;PathBank_SMP0001566;PathBank_SMP0001567;PathBank_SMP0001568;PathBank_SMP0001569;PathBank_SMP0001570;PathBank_SMP0001571;PathBank_SMP0001572;PathBank_SMP0001573;PathBank_SMP0001574;PathBank_SMP0001575;PathBank_SMP0001576;PathBank_SMP0001577;PathBank_SMP0001578;PathBank_SMP0001579;PathBank_SMP0001580;PathBank_SMP0001581;PathBank_SMP0001582;PathBank_SMP0001583;PathBank_SMP0001584;PathBank_SMP0001585;PathBank_SMP0001586;PathBank_SMP0001587;PathBank_SMP0001588;PathBank_SMP0001589;PathBank_SMP0001590;PathBank_SMP0001591;PathBank_SMP0001592;PathBank_SMP0001593;PathBank_SMP0001594;PathBank_SMP0001595;PathBank_SMP0001596;PathBank_SMP0001597;PathBank_SMP0001598;PathBank_SMP0001599;PathBank_SMP0001600;PathBank_SMP0001601;PathBank_SMP0001602;PathBank_SMP0001604;PathBank_SMP0001605;PathBank_SMP0001606;PathBank_SMP0001607;PathBank_SMP0001608;PathBank_SMP0001609;PathBank_SMP0001610;PathBank_SMP0001611;PathBank_SMP0001612;PathBank_SMP0001613;PathBank_SMP0001614;PathBank_SMP0001615;PathBank_SMP0001616;PathBank_SMP0001617;PathBank_SMP0001618;PathBank_SMP0001619;PathBank_SMP0001620;PathBank_SMP0001621;PathBank_SMP0001622;PathBank_SMP0001623;PathBank_SMP0001624;PathBank_SMP0001625;PathBank_SMP0001626;PathBank_SMP0001627;PathBank_SMP0001628;PathBank_SMP0001629;PathBank_SMP0001630;PathBank_SMP0001631;PathBank_SMP0001632;PathBank_SMP0001633;PathBank_SMP0001634;PathBank_SMP0001635;PathBank_SMP0001637;PathBank_SMP0001638;PathBank_SMP0001639;PathBank_SMP0001640;PathBank_SMP0001641;PathBank_SMP0001642;PathBank_SMP0001643;PathBank_SMP0001644;PathBank_SMP0001645;PathBank_SMP0001646;PathBank_SMP0001647;PathBank_SMP0001648;PathBank_SMP0001649;PathBank_SMP0001650;PathBank_SMP0001651;PathBank_SMP0001652;PathBank_SMP0001653;PathBank_SMP0001654;PathBank_SMP0001655;PathBank_SMP0001656;PathBank_SMP0001657;PathBank_SMP0001658;PathBank_SMP0001659;PathBank_SMP0001660;PathBank_SMP0001661;PathBank_SMP0001662;PathBank_SMP0001663;PathBank_SMP0001664;PathBank_SMP0001665;PathBank_SMP0001666;PathBank_SMP0001667;PathBank_SMP0001668;PathBank_SMP0001669;PathBank_SMP0001670;PathBank_SMP0001671;PathBank_SMP0001672;PathBank_SMP0001673;PathBank_SMP0001674;PathBank_SMP0001675;PathBank_SMP0001676;PathBank_SMP0001677;PathBank_SMP0001678;PathBank_SMP0001679;PathBank_SMP0001680;PathBank_SMP0001681;PathBank_SMP0001682;PathBank_SMP0001683;PathBank_SMP0001684;PathBank_SMP0001685;PathBank_SMP0001686;PathBank_SMP0001687;PathBank_SMP0001688;PathBank_SMP0001689;PathBank_SMP0001690;PathBank_SMP0001691;PathBank_SMP0001692;PathBank_SMP0001693;PathBank_SMP0001694;PathBank_SMP0001695;PathBank_SMP0001696;PathBank_SMP0001697;PathBank_SMP0001698;PathBank_SMP0001699;PathBank_SMP0001700;PathBank_SMP0001701;PathBank_SMP0001702;PathBank_SMP0001703;PathBank_SMP0001704;PathBank_SMP0001705;PathBank_SMP0001706;PathBank_SMP0001707;PathBank_SMP0001708;PathBank_SMP0001709;PathBank_SMP0001710;PathBank_SMP0001711;PathBank_SMP0001712;PathBank_SMP0001713;PathBank_SMP0001714;PathBank_SMP0001715;PathBank_SMP0001716;PathBank_SMP0001717;PathBank_SMP0001718;PathBank_SMP0001719;PathBank_SMP0001720;PathBank_SMP0001721;PathBank_SMP0001722;PathBank_SMP0001723;PathBank_SMP0001724;PathBank_SMP0001725;PathBank_SMP0001726;PathBank_SMP0001727;PathBank_SMP0001728;PathBank_SMP0001739;PathBank_SMP0001774;PathBank_SMP0001796;PathBank_SMP0001798;PathBank_SMP0001799;PathBank_SMP0001804;PathBank_SMP0001885;PathBank_SMP0001921;PathBank_SMP0001926;PathBank_SMP0001929;PathBank_SMP0001931;PathBank_SMP0001937;PathBank_SMP0001943;PathBank_SMP0001946;PathBank_SMP0001950;PathBank_SMP0001951;PathBank_SMP0001952;PathBank_SMP0001954;PathBank_SMP0001956;PathBank_SMP0001958;PathBank_SMP0001961;PathBank_SMP0001966;PathBank_SMP0001968;PathBank_SMP0001969;PathBank_SMP0001971;PathBank_SMP0001973;PathBank_SMP0001974;PathBank_SMP0001975;PathBank_SMP0001976;PathBank_SMP0001977;PathBank_SMP0001978;PathBank_SMP0001979;PathBank_SMP0001980;PathBank_SMP0001982;PathBank_SMP0001983;PathBank_SMP0001986;PathBank_SMP0001988;PathBank_SMP0001989;PathBank_SMP0001990;PathBank_SMP0001991;PathBank_SMP0001992;PathBank_SMP0001993;PathBank_SMP0001995;PathBank_SMP0001997;PathBank_SMP0001998;PathBank_SMP0002000;PathBank_SMP0002002;PathBank_SMP0002003;PathBank_SMP0002006;PathBank_SMP0002008;PathBank_SMP0002010;PathBank_SMP0002013;PathBank_SMP0002016;PathBank_SMP0002019;PathBank_SMP0002021;PathBank_SMP0002022;PathBank_SMP0002025;PathBank_SMP0002026;PathBank_SMP0002027;PathBank_SMP0002028;PathBank_SMP0002029;PathBank_SMP0002127
P0A7A7,,,,,,742.0,PathBank_SMP0001041;PathBank_SMP0001042;PathBank_SMP0001045;PathBank_SMP0001046;PathBank_SMP0001047;PathBank_SMP0001048;PathBank_SMP0001049;PathBank_SMP0001051;PathBank_SMP0001052;PathBank_SMP0001053;PathBank_SMP0001054;PathBank_SMP0001055;PathBank_SMP0001056;PathBank_SMP0001057;PathBank_SMP0001058;PathBank_SMP0001059;PathBank_SMP0001060;PathBank_SMP0001061;PathBank_SMP0001062;PathBank_SMP0001063;PathBank_SMP0001064;PathBank_SMP0001065;PathBank_SMP0001066;PathBank_SMP0001067;PathBank_SMP0001068;PathBank_SMP0001069;PathBank_SMP0001070;PathBank_SMP0001071;PathBank_SMP0001072;PathBank_SMP0001073;PathBank_SMP0001074;PathBank_SMP0001075;PathBank_SMP0001076;PathBank_SMP0001077;PathBank_SMP0001078;PathBank_SMP0001079;PathBank_SMP0001080;PathBank_SMP0001081;PathBank_SMP0001082;PathBank_SMP0001083;PathBank_SMP0001084;PathBank_SMP0001085;PathBank_SMP0001086;PathBank_SMP0001087;PathBank_SMP0001088;PathBank_SMP0001089;PathBank_SMP0001090;PathBank_SMP0001091;PathBank_SMP0001092;PathBank_SMP0001093;PathBank_SMP0001094;PathBank_SMP0001095;PathBank_SMP0001096;PathBank_SMP0001097;PathBank_SMP0001098;PathBank_SMP0001099;PathBank_SMP0001100;PathBank_SMP0001101;PathBank_SMP0001102;PathBank_SMP0001103;PathBank_SMP0001104;PathBank_SMP0001105;PathBank_SMP0001106;PathBank_SMP0001107;PathBank_SMP0001108;PathBank_SMP0001109;PathBank_SMP0001110;PathBank_SMP0001111;PathBank_SMP0001112;PathBank_SMP0001113;PathBank_SMP0001114;PathBank_SMP0001115;PathBank_SMP0001116;PathBank_SMP0001117;PathBank_SMP0001118;PathBank_SMP0001119;PathBank_SMP0001120;PathBank_SMP0001121;PathBank_SMP0001122;PathBank_SMP0001123;PathBank_SMP0001124;PathBank_SMP0001125;PathBank_SMP0001126;PathBank_SMP0001127;PathBank_SMP0001128;PathBank_SMP0001129;PathBank_SMP0001130;PathBank_SMP0001131;PathBank_SMP0001132;PathBank_SMP0001133;PathBank_SMP0001134;PathBank_SMP0001135;PathBank_SMP0001136;PathBank_SMP0001137;PathBank_SMP0001138;PathBank_SMP0001139;PathBank_SMP0001140;PathBank_SMP0001141;PathBank_SMP0001142;PathBank_SMP0001143;PathBank_SMP0001144;PathBank_SMP0001145;PathBank_SMP0001146;PathBank_SMP0001147;PathBank_SMP0001148;PathBank_SMP0001149;PathBank_SMP0001150;PathBank_SMP0001151;PathBank_SMP0001152;PathBank_SMP0001153;PathBank_SMP0001154;PathBank_SMP0001155;PathBank_SMP0001156;PathBank_SMP0001157;PathBank_SMP0001158;PathBank_SMP0001159;PathBank_SMP0001160;PathBank_SMP0001161;PathBank_SMP0001162;PathBank_SMP0001163;PathBank_SMP0001164;PathBank_SMP0001165;PathBank_SMP0001166;PathBank_SMP0001167;PathBank_SMP0001168;PathBank_SMP0001169;PathBank_SMP0001170;PathBank_SMP0001171;PathBank_SMP0001172;PathBank_SMP0001173;PathBank_SMP0001174;PathBank_SMP0001175;PathBank_SMP0001176;PathBank_SMP0001177;PathBank_SMP0001178;PathBank_SMP0001179;PathBank_SMP0001180;PathBank_SMP0001181;PathBank_SMP0001182;PathBank_SMP0001183;PathBank_SMP0001184;PathBank_SMP0001185;PathBank_SMP0001186;PathBank_SMP0001187;PathBank_SMP0001188;PathBank_SMP0001189;PathBank_SMP0001190;PathBank_SMP0001191;PathBank_SMP0001192;PathBank_SMP0001193;PathBank_SMP0001194;PathBank_SMP0001195;PathBank_SMP0001196;PathBank_SMP0001197;PathBank_SMP0001198;PathBank_SMP0001199;PathBank_SMP0001200;PathBank_SMP0001201;PathBank_SMP0001203;PathBank_SMP0001204;PathBank_SMP0001205;PathBank_SMP0001206;PathBank_SMP0001207;PathBank_SMP0001208;PathBank_SMP0001209;PathBank_SMP0001210;PathBank_SMP0001211;PathBank_SMP0001212;PathBank_SMP0001213;PathBank_SMP0001214;PathBank_SMP0001215;PathBank_SMP0001216;PathBank_SMP0001217;PathBank_SMP0001218;PathBank_SMP0001219;PathBank_SMP0001220;PathBank_SMP0001221;PathBank_SMP0001222;PathBank_SMP0001223;PathBank_SMP0001224;PathBank_SMP0001225;PathBank_SMP0001226;PathBank_SMP0001227;PathBank_SMP0001228;PathBank_SMP0001229;PathBank_SMP0001230;PathBank_SMP0001231;PathBank_SMP0001232;PathBank_SMP0001233;PathBank_SMP0001234;PathBank_SMP0001235;PathBank_SMP0001236;PathBank_SMP0001237;PathBank_SMP0001238;PathBank_SMP0001239;PathBank_SMP0001240;PathBank_SMP0001241;PathBank_SMP0001242;PathBank_SMP0001243;PathBank_SMP0001244;PathBank_SMP0001245;PathBank_SMP0001246;PathBank_SMP0001247;PathBank_SMP0001248;PathBank_SMP0001249;PathBank_SMP0001250;PathBank_SMP0001251;PathBank_SMP0001252;PathBank_SMP0001253;PathBank_SMP0001254;PathBank_SMP0001255;PathBank_SMP0001256;PathBank_SMP0001257;PathBank_SMP0001258;PathBank_SMP0001259;PathBank_SMP0001260;PathBank_SMP0001261;PathBank_SMP0001262;PathBank_SMP0001263;PathBank_SMP0001264;PathBank_SMP0001265;PathBank_SMP0001266;PathBank_SMP0001267;PathBank_SMP0001268;PathBank_SMP0001269;PathBank_SMP0001270;PathBank_SMP0001271;PathBank_SMP0001272;PathBank_SMP0001273;PathBank_SMP0001274;PathBank_SMP0001275;PathBank_SMP0001276;PathBank_SMP0001277;PathBank_SMP0001278;PathBank_SMP0001279;PathBank_SMP0001280;PathBank_SMP0001281;PathBank_SMP0001282;PathBank_SMP0001283;PathBank_SMP0001284;PathBank_SMP0001285;PathBank_SMP0001286;PathBank_SMP0001287;PathBank_SMP0001288;PathBank_SMP0001289;PathBank_SMP0001290;PathBank_SMP0001291;PathBank_SMP0001292;PathBank_SMP0001293;PathBank_SMP0001294;PathBank_SMP0001295;PathBank_SMP0001296;PathBank_SMP0001297;PathBank_SMP0001298;PathBank_SMP0001299;PathBank_SMP0001300;PathBank_SMP0001301;PathBank_SMP0001302;PathBank_SMP0001303;PathBank_SMP0001304;PathBank_SMP0001305;PathBank_SMP0001306;PathBank_SMP0001307;PathBank_SMP0001308;PathBank_SMP0001309;PathBank_SMP0001310;PathBank_SMP0001311;PathBank_SMP0001312;PathBank_SMP0001313;PathBank_SMP0001314;PathBank_SMP0001315;PathBank_SMP0001316;PathBank_SMP0001317;PathBank_SMP0001318;PathBank_SMP0001319;PathBank_SMP0001320;PathBank_SMP0001321;PathBank_SMP0001322;PathBank_SMP0001323;PathBank_SMP0001324;PathBank_SMP0001325;PathBank_SMP0001326;PathBank_SMP0001327;PathBank_SMP0001328;PathBank_SMP0001329;PathBank_SMP0001330;PathBank_SMP0001331;PathBank_SMP0001332;PathBank_SMP0001333;PathBank_SMP0001334;PathBank_SMP0001335;PathBank_SMP0001336;PathBank_SMP0001337;PathBank_SMP0001338;PathBank_SMP0001339;PathBank_SMP0001340;PathBank_SMP0001341;PathBank_SMP0001342;PathBank_SMP0001343;PathBank_SMP0001344;PathBank_SMP0001345;PathBank_SMP0001346;PathBank_SMP0001347;PathBank_SMP0001348;PathBank_SMP0001349;PathBank_SMP0001350;PathBank_SMP0001351;PathBank_SMP0001352;PathBank_SMP0001353;PathBank_SMP0001354;PathBank_SMP0001355;PathBank_SMP0001356;PathBank_SMP0001357;PathBank_SMP0001358;PathBank_SMP0001359;PathBank_SMP0001360;PathBank_SMP0001361;PathBank_SMP0001362;PathBank_SMP0001363;PathBank_SMP0001364;PathBank_SMP0001365;PathBank_SMP0001366;PathBank_SMP0001367;PathBank_SMP0001368;PathBank_SMP0001369;PathBank_SMP0001370;PathBank_SMP0001371;PathBank_SMP0001372;PathBank_SMP0001373;PathBank_SMP0001374;PathBank_SMP0001375;PathBank_SMP0001376;PathBank_SMP0001377;PathBank_SMP0001378;PathBank_SMP0001379;PathBank_SMP0001380;PathBank_SMP0001381;PathBank_SMP0001382;PathBank_SMP0001383;PathBank_SMP0001384;PathBank_SMP0001385;PathBank_SMP0001386;PathBank_SMP0001387;PathBank_SMP0001388;PathBank_SMP0001389;PathBank_SMP0001390;PathBank_SMP0001391;PathBank_SMP0001392;PathBank_SMP0001393;PathBank_SMP0001394;PathBank_SMP0001395;PathBank_SMP0001396;PathBank_SMP0001397;PathBank_SMP0001398;PathBank_SMP0001399;PathBank_SMP0001400;PathBank_SMP0001401;PathBank_SMP0001402;PathBank_SMP0001403;PathBank_SMP0001404;PathBank_SMP0001405;PathBank_SMP0001406;PathBank_SMP0001407;PathBank_SMP0001408;PathBank_SMP0001409;PathBank_SMP0001410;PathBank_SMP0001411;PathBank_SMP0001412;PathBank_SMP0001413;PathBank_SMP0001414;PathBank_SMP0001415;PathBank_SMP0001416;PathBank_SMP0001417;PathBank_SMP0001418;PathBank_SMP0001419;PathBank_SMP0001420;PathBank_SMP0001421;PathBank_SMP0001422;PathBank_SMP0001423;PathBank_SMP0001424;PathBank_SMP0001425;PathBank_SMP0001426;PathBank_SMP0001427;PathBank_SMP0001428;PathBank_SMP0001429;PathBank_SMP0001430;PathBank_SMP0001431;PathBank_SMP0001432;PathBank_SMP0001433;PathBank_SMP0001434;PathBank_SMP0001435;PathBank_SMP0001436;PathBank_SMP0001437;PathBank_SMP0001438;PathBank_SMP0001439;PathBank_SMP0001440;PathBank_SMP0001441;PathBank_SMP0001442;PathBank_SMP0001443;PathBank_SMP0001444;PathBank_SMP0001445;PathBank_SMP0001446;PathBank_SMP0001447;PathBank_SMP0001448;PathBank_SMP0001449;PathBank_SMP0001450;PathBank_SMP0001451;PathBank_SMP0001452;PathBank_SMP0001453;PathBank_SMP0001455;PathBank_SMP0001456;PathBank_SMP0001457;PathBank_SMP0001458;PathBank_SMP0001459;PathBank_SMP0001460;PathBank_SMP0001461;PathBank_SMP0001462;PathBank_SMP0001463;PathBank_SMP0001464;PathBank_SMP0001465;PathBank_SMP0001466;PathBank_SMP0001467;PathBank_SMP0001468;PathBank_SMP0001469;PathBank_SMP0001470;PathBank_SMP0001471;PathBank_SMP0001472;PathBank_SMP0001473;PathBank_SMP0001474;PathBank_SMP0001475;PathBank_SMP0001476;PathBank_SMP0001477;PathBank_SMP0001478;PathBank_SMP0001479;PathBank_SMP0001480;PathBank_SMP0001481;PathBank_SMP0001482;PathBank_SMP0001483;PathBank_SMP0001484;PathBank_SMP0001485;PathBank_SMP0001486;PathBank_SMP0001487;PathBank_SMP0001488;PathBank_SMP0001489;PathBank_SMP0001490;PathBank_SMP0001491;PathBank_SMP0001492;PathBank_SMP0001493;PathBank_SMP0001494;PathBank_SMP0001495;PathBank_SMP0001496;PathBank_SMP0001497;PathBank_SMP0001498;PathBank_SMP0001499;PathBank_SMP0001500;PathBank_SMP0001501;PathBank_SMP0001502;PathBank_SMP0001503;PathBank_SMP0001504;PathBank_SMP0001505;PathBank_SMP0001506;PathBank_SMP0001507;PathBank_SMP0001508;PathBank_SMP0001509;PathBank_SMP0001510;PathBank_SMP0001511;PathBank_SMP0001512;PathBank_SMP0001513;PathBank_SMP0001514;PathBank_SMP0001515;PathBank_SMP0001516;PathBank_SMP0001517;PathBank_SMP0001518;PathBank_SMP0001519;PathBank_SMP0001520;PathBank_SMP0001521;PathBank_SMP0001522;PathBank_SMP0001523;PathBank_SMP0001524;PathBank_SMP0001525;PathBank_SMP0001526;PathBank_SMP0001527;PathBank_SMP0001528;PathBank_SMP0001529;PathBank_SMP0001530;PathBank_SMP0001531;PathBank_SMP0001532;PathBank_SMP0001533;PathBank_SMP0001534;PathBank_SMP0001535;PathBank_SMP0001536;PathBank_SMP0001537;PathBank_SMP0001538;PathBank_SMP0001539;PathBank_SMP0001540;PathBank_SMP0001541;PathBank_SMP0001542;PathBank_SMP0001543;PathBank_SMP0001544;PathBank_SMP0001545;PathBank_SMP0001547;PathBank_SMP0001548;PathBank_SMP0001549;PathBank_SMP0001550;PathBank_SMP0001551;PathBank_SMP0001552;PathBank_SMP0001553;PathBank_SMP0001554;PathBank_SMP0001555;PathBank_SMP0001556;PathBank_SMP0001557;PathBank_SMP0001558;PathBank_SMP0001559;PathBank_SMP0001560;PathBank_SMP0001561;PathBank_SMP0001562;PathBank_SMP0001563;PathBank_SMP0001564;PathBank_SMP0001565;PathBank_SMP0001566;PathBank_SMP0001567;PathBank_SMP0001568;PathBank_SMP0001569;PathBank_SMP0001570;PathBank_SMP0001571;PathBank_SMP0001572;PathBank_SMP0001573;PathBank_SMP0001574;PathBank_SMP0001575;PathBank_SMP0001576;PathBank_SMP0001577;PathBank_SMP0001578;PathBank_SMP0001579;PathBank_SMP0001580;PathBank_SMP0001581;PathBank_SMP0001582;PathBank_SMP0001583;PathBank_SMP0001584;PathBank_SMP0001585;PathBank_SMP0001586;PathBank_SMP0001587;PathBank_SMP0001588;PathBank_SMP0001589;PathBank_SMP0001590;PathBank_SMP0001591;PathBank_SMP0001592;PathBank_SMP0001593;PathBank_SMP0001594;PathBank_SMP0001595;PathBank_SMP0001596;PathBank_SMP0001597;PathBank_SMP0001598;PathBank_SMP0001599;PathBank_SMP0001600;PathBank_SMP0001601;PathBank_SMP0001602;PathBank_SMP0001604;PathBank_SMP0001605;PathBank_SMP0001606;PathBank_SMP0001607;PathBank_SMP0001608;PathBank_SMP0001609;PathBank_SMP0001610;PathBank_SMP0001611;PathBank_SMP0001612;PathBank_SMP0001613;PathBank_SMP0001614;PathBank_SMP0001615;PathBank_SMP0001616;PathBank_SMP0001617;PathBank_SMP0001618;PathBank_SMP0001619;PathBank_SMP0001620;PathBank_SMP0001621;PathBank_SMP0001622;PathBank_SMP0001623;PathBank_SMP0001624;PathBank_SMP0001625;PathBank_SMP0001626;PathBank_SMP0001627;PathBank_SMP0001628;PathBank_SMP0001629;PathBank_SMP0001630;PathBank_SMP0001631;PathBank_SMP0001632;PathBank_SMP0001633;PathBank_SMP0001634;PathBank_SMP0001635;PathBank_SMP0001637;PathBank_SMP0001638;PathBank_SMP0001639;PathBank_SMP0001640;PathBank_SMP0001641;PathBank_SMP0001642;PathBank_SMP0001643;PathBank_SMP0001644;PathBank_SMP0001645;PathBank_SMP0001646;PathBank_SMP0001647;PathBank_SMP0001648;PathBank_SMP0001649;PathBank_SMP0001650;PathBank_SMP0001651;PathBank_SMP0001652;PathBank_SMP0001653;PathBank_SMP0001654;PathBank_SMP0001655;PathBank_SMP0001656;PathBank_SMP0001657;PathBank_SMP0001658;PathBank_SMP0001659;PathBank_SMP0001660;PathBank_SMP0001661;PathBank_SMP0001662;PathBank_SMP0001663;PathBank_SMP0001664;PathBank_SMP0001665;PathBank_SMP0001666;PathBank_SMP0001667;PathBank_SMP0001668;PathBank_SMP0001669;PathBank_SMP0001670;PathBank_SMP0001671;PathBank_SMP0001672;PathBank_SMP0001673;PathBank_SMP0001674;PathBank_SMP0001675;PathBank_SMP0001676;PathBank_SMP0001677;PathBank_SMP0001678;PathBank_SMP0001679;PathBank_SMP0001680;PathBank_SMP0001681;PathBank_SMP0001682;PathBank_SMP0001683;PathBank_SMP0001684;PathBank_SMP0001685;PathBank_SMP0001686;PathBank_SMP0001687;PathBank_SMP0001688;PathBank_SMP0001689;PathBank_SMP0001690;PathBank_SMP0001691;PathBank_SMP0001692;PathBank_SMP0001693;PathBank_SMP0001694;PathBank_SMP0001695;PathBank_SMP0001696;PathBank_SMP0001697;PathBank_SMP0001698;PathBank_SMP0001699;PathBank_SMP0001700;PathBank_SMP0001701;PathBank_SMP0001702;PathBank_SMP0001703;PathBank_SMP0001704;PathBank_SMP0001705;PathBank_SMP0001706;PathBank_SMP0001707;PathBank_SMP0001708;PathBank_SMP0001709;PathBank_SMP0001710;PathBank_SMP0001711;PathBank_SMP0001712;PathBank_SMP0001713;PathBank_SMP0001714;PathBank_SMP0001715;PathBank_SMP0001716;PathBank_SMP0001717;PathBank_SMP0001718;PathBank_SMP0001719;PathBank_SMP0001720;PathBank_SMP0001721;PathBank_SMP0001722;PathBank_SMP0001723;PathBank_SMP0001724;PathBank_SMP0001725;PathBank_SMP0001726;PathBank_SMP0001727;PathBank_SMP0001728;PathBank_SMP0001739;PathBank_SMP0001774;PathBank_SMP0001796;PathBank_SMP0001798;PathBank_SMP0001799;PathBank_SMP0001804;PathBank_SMP0001885;PathBank_SMP0001921;PathBank_SMP0001926;PathBank_SMP0001929;PathBank_SMP0001931;PathBank_SMP0001937;PathBank_SMP0001943;PathBank_SMP0001946;PathBank_SMP0001950;PathBank_SMP0001951;PathBank_SMP0001952;PathBank_SMP0001954;PathBank_SMP0001956;PathBank_SMP0001958;PathBank_SMP0001961;PathBank_SMP0001966;PathBank_SMP0001968;PathBank_SMP0001969;PathBank_SMP0001971;PathBank_SMP0001973;PathBank_SMP0001974;PathBank_SMP0001975;PathBank_SMP0001976;PathBank_SMP0001977;PathBank_SMP0001978;PathBank_SMP0001979;PathBank_SMP0001980;PathBank_SMP0001982;PathBank_SMP0001983;PathBank_SMP0001986;PathBank_SMP0001988;PathBank_SMP0001989;PathBank_SMP0001990;PathBank_SMP0001991;PathBank_SMP0001992;PathBank_SMP0001993;PathBank_SMP0001995;PathBank_SMP0001997;PathBank_SMP0001998;PathBank_SMP0002000;PathBank_SMP0002002;PathBank_SMP0002003;PathBank_SMP0002006;PathBank_SMP0002008;PathBank_SMP0002010;PathBank_SMP0002013;PathBank_SMP0002016;PathBank_SMP0002019;PathBank_SMP0002021;PathBank_SMP0002022;PathBank_SMP0002025;PathBank_SMP0002026;PathBank_SMP0002027;PathBank_SMP0002028;PathBank_SMP0002029;PathBank_SMP0002127
P0A8K1,,,,,,642.0,PathBank_SMP0001041;PathBank_SMP0001042;PathBank_SMP0001045;PathBank_SMP0001046;PathBank_SMP0001047;PathBank_SMP0001048;PathBank_SMP0001049;PathBank_SMP0001051;PathBank_SMP0001052;PathBank_SMP0001053;PathBank_SMP0001054;PathBank_SMP0001055;PathBank_SMP0001056;PathBank_SMP0001057;PathBank_SMP0001058;PathBank_SMP0001059;PathBank_SMP0001060;PathBank_SMP0001061;PathBank_SMP0001062;PathBank_SMP0001063;PathBank_SMP0001064;PathBank_SMP0001065;PathBank_SMP0001066;PathBank_SMP0001067;PathBank_SMP0001068;PathBank_SMP0001069;PathBank_SMP0001070;PathBank_SMP0001071;PathBank_SMP0001072;PathBank_SMP0001073;PathBank_SMP0001074;PathBank_SMP0001075;PathBank_SMP0001076;PathBank_SMP0001077;PathBank_SMP0001078;PathBank_SMP0001079;PathBank_SMP0001080;PathBank_SMP0001081;PathBank_SMP0001082;PathBank_SMP0001083;PathBank_SMP0001084;PathBank_SMP0001085;PathBank_SMP0001086;PathBank_SMP0001087;PathBank_SMP0001088;PathBank_SMP0001089;PathBank_SMP0001090;PathBank_SMP0001091;PathBank_SMP0001092;PathBank_SMP0001093;PathBank_SMP0001094;PathBank_SMP0001095;PathBank_SMP0001096;PathBank_SMP0001097;PathBank_SMP0001098;PathBank_SMP0001099;PathBank_SMP0001100;PathBank_SMP0001101;PathBank_SMP0001102;PathBank_SMP0001103;PathBank_SMP0001104;PathBank_SMP0001105;PathBank_SMP0001106;PathBank_SMP0001107;PathBank_SMP0001108;PathBank_SMP0001109;PathBank_SMP0001110;PathBank_SMP0001111;PathBank_SMP0001112;PathBank_SMP0001113;PathBank_SMP0001114;PathBank_SMP0001115;PathBank_SMP0001116;PathBank_SMP0001117;PathBank_SMP0001118;PathBank_SMP0001119;PathBank_SMP0001120;PathBank_SMP0001121;PathBank_SMP0001122;PathBank_SMP0001123;PathBank_SMP0001124;PathBank_SMP0001125;PathBank_SMP0001126;PathBank_SMP0001127;PathBank_SMP0001128;PathBank_SMP0001129;PathBank_SMP0001130;PathBank_SMP0001131;PathBank_SMP0001133;PathBank_SMP0001134;PathBank_SMP0001135;PathBank_SMP0001136;PathBank_SMP0001137;PathBank_SMP0001138;PathBank_SMP0001139;PathBank_SMP0001140;PathBank_SMP0001141;PathBank_SMP0001142;PathBank_SMP0001143;PathBank_SMP0001144;PathBank_SMP0001145;PathBank_SMP0001146;PathBank_SMP0001147;PathBank_SMP0001148;PathBank_SMP0001149;PathBank_SMP0001150;PathBank_SMP0001151;PathBank_SMP0001152;PathBank_SMP0001153;PathBank_SMP0001154;PathBank_SMP0001155;PathBank_SMP0001156;PathBank_SMP0001158;PathBank_SMP0001159;PathBank_SMP0001160;PathBank_SMP0001161;PathBank_SMP0001162;PathBank_SMP0001163;PathBank_SMP0001164;PathBank_SMP0001165;PathBank_SMP0001166;PathBank_SMP0001167;PathBank_SMP0001168;PathBank_SMP0001169;PathBank_SMP0001170;PathBank_SMP0001171;PathBank_SMP0001172;PathBank_SMP0001173;PathBank_SMP0001174;PathBank_SMP0001175;PathBank_SMP0001176;PathBank_SMP0001177;PathBank_SMP0001178;PathBank_SMP0001179;PathBank_SMP0001180;PathBank_SMP0001181;PathBank_SMP0001182;PathBank_SMP0001183;PathBank_SMP0001184;PathBank_SMP0001185;PathBank_SMP0001186;PathBank_SMP0001187;PathBank_SMP0001188;PathBank_SMP0001189;PathBank_SMP0001190;PathBank_SMP0001191;PathBank_SMP0001192;PathBank_SMP0001193;PathBank_SMP0001194;PathBank_SMP0001195;PathBank_SMP0001196;PathBank_SMP0001198;PathBank_SMP0001199;PathBank_SMP0001200;PathBank_SMP0001201;PathBank_SMP0001203;PathBank_SMP0001204;PathBank_SMP0001205;PathBank_SMP0001207;PathBank_SMP0001209;PathBank_SMP0001210;PathBank_SMP0001211;PathBank_SMP0001212;PathBank_SMP0001213;PathBank_SMP0001214;PathBank_SMP0001215;PathBank_SMP0001218;PathBank_SMP0001220;PathBank_SMP0001221;PathBank_SMP0001222;PathBank_SMP0001223;PathBank_SMP0001224;PathBank_SMP0001225;PathBank_SMP0001226;PathBank_SMP0001227;PathBank_SMP0001228;PathBank_SMP0001229;PathBank_SMP0001230;PathBank_SMP0001231;PathBank_SMP0001232;PathBank_SMP0001233;PathBank_SMP0001234;PathBank_SMP0001236;PathBank_SMP0001237;PathBank_SMP0001238;PathBank_SMP0001239;PathBank_SMP0001240;PathBank_SMP0001241;PathBank_SMP0001242;PathBank_SMP0001243;PathBank_SMP0001244;PathBank_SMP0001245;PathBank_SMP0001246;PathBank_SMP0001247;PathBank_SMP0001248;PathBank_SMP0001249;PathBank_SMP0001250;PathBank_SMP0001251;PathBank_SMP0001252;PathBank_SMP0001253;PathBank_SMP0001254;PathBank_SMP0001255;PathBank_SMP0001256;PathBank_SMP0001257;PathBank_SMP0001258;PathBank_SMP0001259;PathBank_SMP0001260;PathBank_SMP0001261;PathBank_SMP0001262;PathBank_SMP0001264;PathBank_SMP0001265;PathBank_SMP0001266;PathBank_SMP0001267;PathBank_SMP0001268;PathBank_SMP0001269;PathBank_SMP0001270;PathBank_SMP0001271;PathBank_SMP0001272;PathBank_SMP0001273;PathBank_SMP0001274;PathBank_SMP0001275;PathBank_SMP0001276;PathBank_SMP0001277;PathBank_SMP0001278;PathBank_SMP0001280;PathBank_SMP0001281;PathBank_SMP0001282;PathBank_SMP0001283;PathBank_SMP0001284;PathBank_SMP0001285;PathBank_SMP0001286;PathBank_SMP0001287;PathBank_SMP0001288;PathBank_SMP0001289;PathBank_SMP0001290;PathBank_SMP0001291;PathBank_SMP0001292;PathBank_SMP0001293;PathBank_SMP0001295;PathBank_SMP0001296;PathBank_SMP0001297;PathBank_SMP0001298;PathBank_SMP0001299;PathBank_SMP0001300;PathBank_SMP0001301;PathBank_SMP0001302;PathBank_SMP0001303;PathBank_SMP0001304;PathBank_SMP0001306;PathBank_SMP0001307;PathBank_SMP0001308;PathBank_SMP0001309;PathBank_SMP0001310;PathBank_SMP0001311;PathBank_SMP0001312;PathBank_SMP0001313;PathBank_SMP0001314;PathBank_SMP0001315;PathBank_SMP0001316;PathBank_SMP0001318;PathBank_SMP0001319;PathBank_SMP0001320;PathBank_SMP0001321;PathBank_SMP0001322;PathBank_SMP0001323;PathBank_SMP0001324;PathBank_SMP0001325;PathBank_SMP0001326;PathBank_SMP0001327;PathBank_SMP0001328;PathBank_SMP0001329;PathBank_SMP0001330;PathBank_SMP0001331;PathBank_SMP0001332;PathBank_SMP0001334;PathBank_SMP0001336;PathBank_SMP0001337;PathBank_SMP0001338;PathBank_SMP0001339;PathBank_SMP0001340;PathBank_SMP0001341;PathBank_SMP0001342;PathBank_SMP0001343;PathBank_SMP0001344;PathBank_SMP0001345;PathBank_SMP0001346;PathBank_SMP0001347;PathBank_SMP0001349;PathBank_SMP0001350;PathBank_SMP0001351;PathBank_SMP0001352;PathBank_SMP0001354;PathBank_SMP0001355;PathBank_SMP0001356;PathBank_SMP0001357;PathBank_SMP0001358;PathBank_SMP0001359;PathBank_SMP0001360;PathBank_SMP0001361;PathBank_SMP0001362;PathBank_SMP0001363;PathBank_SMP0001364;PathBank_SMP0001365;PathBank_SMP0001366;PathBank_SMP0001367;PathBank_SMP0001368;PathBank_SMP0001369;PathBank_SMP0001371;PathBank_SMP0001372;PathBank_SMP0001373;PathBank_SMP0001374;PathBank_SMP0001375;PathBank_SMP0001376;PathBank_SMP0001377;PathBank_SMP0001378;PathBank_SMP0001379;PathBank_SMP0001380;PathBank_SMP0001381;PathBank_SMP0001382;PathBank_SMP0001383;PathBank_SMP0001384;PathBank_SMP0001385;PathBank_SMP0001386;PathBank_SMP0001387;PathBank_SMP0001388;PathBank_SMP0001389;PathBank_SMP0001390;PathBank_SMP0001391;PathBank_SMP0001392;PathBank_SMP0001393;PathBank_SMP0001394;PathBank_SMP0001395;PathBank_SMP0001396;PathBank_SMP0001397;PathBank_SMP0001398;PathBank_SMP0001399;PathBank_SMP0001400;PathBank_SMP0001402;PathBank_SMP0001403;PathBank_SMP0001404;PathBank_SMP0001405;PathBank_SMP0001407;PathBank_SMP0001409;PathBank_SMP0001410;PathBank_SMP0001411;PathBank_SMP0001412;PathBank_SMP0001413;PathBank_SMP0001415;PathBank_SMP0001416;PathBank_SMP0001418;PathBank_SMP0001419;PathBank_SMP0001421;PathBank_SMP0001423;PathBank_SMP0001424;PathBank_SMP0001425;PathBank_SMP0001426;PathBank_SMP0001429;PathBank_SMP0001430;PathBank_SMP0001431;PathBank_SMP0001432;PathBank_SMP0001433;PathBank_SMP0001434;PathBank_SMP0001435;PathBank_SMP0001436;PathBank_SMP0001437;PathBank_SMP0001438;PathBank_SMP0001439;PathBank_SMP0001440;PathBank_SMP0001441;PathBank_SMP0001442;PathBank_SMP0001443;PathBank_SMP0001444;PathBank_SMP0001445;PathBank_SMP0001447;PathBank_SMP0001450;PathBank_SMP0001452;PathBank_SMP0001453;PathBank_SMP0001455;PathBank_SMP0001456;PathBank_SMP0001457;PathBank_SMP0001458;PathBank_SMP0001459;PathBank_SMP0001462;PathBank_SMP0001463;PathBank_SMP0001464;PathBank_SMP0001465;PathBank_SMP0001466;PathBank_SMP0001467;PathBank_SMP0001468;PathBank_SMP0001469;PathBank_SMP0001470;PathBank_SMP0001471;PathBank_SMP0001472;PathBank_SMP0001473;PathBank_SMP0001474;PathBank_SMP0001475;PathBank_SMP0001476;PathBank_SMP0001477;PathBank_SMP0001478;PathBank_SMP0001483;PathBank_SMP0001485;PathBank_SMP0001486;PathBank_SMP0001487;PathBank_SMP0001488;PathBank_SMP0001490;PathBank_SMP0001491;PathBank_SMP0001492;PathBank_SMP0001493;PathBank_SMP0001494;PathBank_SMP0001495;PathBank_SMP0001496;PathBank_SMP0001498;PathBank_SMP0001500;PathBank_SMP0001501;PathBank_SMP0001502;PathBank_SMP0001503;PathBank_SMP0001504;PathBank_SMP0001505;PathBank_SMP0001506;PathBank_SMP0001507;PathBank_SMP0001508;PathBank_SMP0001509;PathBank_SMP0001510;PathBank_SMP0001511;PathBank_SMP0001512;PathBank_SMP0001513;PathBank_SMP0001514;PathBank_SMP0001515;PathBank_SMP0001516;PathBank_SMP0001517;PathBank_SMP0001518;PathBank_SMP0001519;PathBank_SMP0001520;PathBank_SMP0001521;PathBank_SMP0001523;PathBank_SMP0001524;PathBank_SMP0001525;PathBank_SMP0001526;PathBank_SMP0001527;PathBank_SMP0001528;PathBank_SMP0001529;PathBank_SMP0001535;PathBank_SMP0001536;PathBank_SMP0001537;PathBank_SMP0001538;PathBank_SMP0001539;PathBank_SMP0001540;PathBank_SMP0001541;PathBank_SMP0001544;PathBank_SMP0001549;PathBank_SMP0001550;PathBank_SMP0001551;PathBank_SMP0001552;PathBank_SMP0001553;PathBank_SMP0001554;PathBank_SMP0001557;PathBank_SMP0001558;PathBank_SMP0001559;PathBank_SMP0001560;PathBank_SMP0001561;PathBank_SMP0001562;PathBank_SMP0001563;PathBank_SMP0001564;PathBank_SMP0001565;PathBank_SMP0001566;PathBank_SMP0001567;PathBank_SMP0001568;PathBank_SMP0001569;PathBank_SMP0001570;PathBank_SMP0001571;PathBank_SMP0001573;PathBank_SMP0001574;PathBank_SMP0001575;PathBank_SMP0001576;PathBank_SMP0001577;PathBank_SMP0001578;PathBank_SMP0001579;PathBank_SMP0001580;PathBank_SMP0001581;PathBank_SMP0001582;PathBank_SMP0001583;PathBank_SMP0001584;PathBank_SMP0001585;PathBank_SMP0001586;PathBank_SMP0001587;PathBank_SMP0001588;PathBank_SMP0001589;PathBank_SMP0001590;PathBank_SMP0001591;PathBank_SMP0001595;PathBank_SMP0001596;PathBank_SMP0001597;PathBank_SMP0001598;PathBank_SMP0001599;PathBank_SMP0001602;PathBank_SMP0001604;PathBank_SMP0001605;PathBank_SMP0001606;PathBank_SMP0001607;PathBank_SMP0001608;PathBank_SMP0001609;PathBank_SMP0001611;PathBank_SMP0001612;PathBank_SMP0001613;PathBank_SMP0001614;PathBank_SMP0001615;PathBank_SMP0001616;PathBank_SMP0001617;PathBank_SMP0001618;PathBank_SMP0001619;PathBank_SMP0001620;PathBank_SMP0001621;PathBank_SMP0001622;PathBank_SMP0001623;PathBank_SMP0001624;PathBank_SMP0001625;PathBank_SMP0001626;PathBank_SMP0001627;PathBank_SMP0001630;PathBank_SMP0001631;PathBank_SMP0001634;PathBank_SMP0001635;PathBank_SMP0001637;PathBank_SMP0001638;PathBank_SMP0001639;PathBank_SMP0001640;PathBank_SMP0001642;PathBank_SMP0001643;PathBank_SMP0001644;PathBank_SMP0001645;PathBank_SMP0001646;PathBank_SMP0001647;PathBank_SMP0001650;PathBank_SMP0001651;PathBank_SMP0001657;PathBank_SMP0001661;PathBank_SMP0001664;PathBank_SMP0001665;PathBank_SMP0001666;PathBank_SMP0001667;PathBank_SMP0001668;PathBank_SMP0001669;PathBank_SMP0001670;PathBank_SMP0001671;PathBank_SMP0001672;PathBank_SMP0001673;PathBank_SMP0001674;PathBank_SMP0001675;PathBank_SMP0001676;PathBank_SMP0001677;PathBank_SMP0001678;PathBank_SMP0001680;PathBank_SMP0001681;PathBank_SMP0001682;PathBank_SMP0001683;PathBank_SMP0001684;PathBank_SMP0001685;PathBank_SMP0001686;PathBank_SMP0001687;PathBank_SMP0001688;PathBank_SMP0001689;PathBank_SMP0001690;PathBank_SMP0001691;PathBank_SMP0001692;PathBank_SMP0001693;PathBank_SMP0001694;PathBank_SMP0001696;PathBank_SMP0001697;PathBank_SMP0001698;PathBank_SMP0001699;PathBank_SMP0001700;PathBank_SMP0001701;PathBank_SMP0001703;PathBank_SMP0001704;PathBank_SMP0001705;PathBank_SMP0001706;PathBank_SMP0001708;PathBank_SMP0001709;PathBank_SMP0001723;PathBank_SMP0001724;PathBank_SMP0001725;PathBank_SMP0001727;PathBank_SMP0001728;PathBank_SMP0001739;PathBank_SMP0001774;PathBank_SMP0001796;PathBank_SMP0001798;PathBank_SMP0001799;PathBank_SMP0001804;PathBank_SMP0001885;PathBank_SMP0001921;PathBank_SMP0001926;PathBank_SMP0001929;PathBank_SMP0001931;PathBank_SMP0001937;PathBank_SMP0001943;PathBank_SMP0001946;PathBank_SMP0001950;PathBank_SMP0001951;PathBank_SMP0001952;PathBank_SMP0001954;PathBank_SMP0001956;PathBank_SMP0001958;PathBank_SMP0001961;PathBank_SMP0001966;PathBank_SMP0001968;PathBank_SMP0001969;PathBank_SMP0001971;PathBank_SMP0001973;PathBank_SMP0001974;PathBank_SMP0001975;PathBank_SMP0001976;PathBank_SMP0001977;PathBank_SMP0001978;PathBank_SMP0001979;PathBank_SMP0001980;PathBank_SMP0001982;PathBank_SMP0001983;PathBank_SMP0001986;PathBank_SMP0001988;PathBank_SMP0001989;PathBank_SMP0001990;PathBank_SMP0001991;PathBank_SMP0001992;PathBank_SMP0001993;PathBank_SMP0001995;PathBank_SMP0001998;PathBank_SMP0002000;PathBank_SMP0002003;PathBank_SMP0002006;PathBank_SMP0002008;PathBank_SMP0002010;PathBank_SMP0002013;PathBank_SMP0002016;PathBank_SMP0002019;PathBank_SMP0002021;PathBank_SMP0002025;PathBank_SMP0002026;PathBank_SMP0002027;PathBank_SMP0002028;PathBank_SMP0002029;PathBank_SMP0002127
P0A924,,,,,,635.0,PathBank_SMP0001041;PathBank_SMP0001042;PathBank_SMP0001045;PathBank_SMP0001046;PathBank_SMP0001047;PathBank_SMP0001048;PathBank_SMP0001049;PathBank_SMP0001051;PathBank_SMP0001052;PathBank_SMP0001053;PathBank_SMP0001054;PathBank_SMP0001055;PathBank_SMP0001056;PathBank_SMP0001057;PathBank_SMP0001058;PathBank_SMP0001059;PathBank_SMP0001060;PathBank_SMP0001061;PathBank_SMP0001062;PathBank_SMP0001063;PathBank_SMP0001064;PathBank_SMP0001065;PathBank_SMP0001066;PathBank_SMP0001067;PathBank_SMP0001068;PathBank_SMP0001069;PathBank_SMP0001070;PathBank_SMP0001071;PathBank_SMP0001072;PathBank_SMP0001073;PathBank_SMP0001074;PathBank_SMP0001075;PathBank_SMP0001076;PathBank_SMP0001077;PathBank_SMP0001078;PathBank_SMP0001079;PathBank_SMP0001080;PathBank_SMP0001081;PathBank_SMP0001082;PathBank_SMP0001083;PathBank_SMP0001084;PathBank_SMP0001085;PathBank_SMP0001086;PathBank_SMP0001087;PathBank_SMP0001088;PathBank_SMP0001089;PathBank_SMP0001090;PathBank_SMP0001091;PathBank_SMP0001092;PathBank_SMP0001093;PathBank_SMP0001094;PathBank_SMP0001095;PathBank_SMP0001096;PathBank_SMP0001097;PathBank_SMP0001098;PathBank_SMP0001099;PathBank_SMP0001100;PathBank_SMP0001101;PathBank_SMP0001102;PathBank_SMP0001103;PathBank_SMP0001104;PathBank_SMP0001105;PathBank_SMP0001106;PathBank_SMP0001107;PathBank_SMP0001108;PathBank_SMP0001109;PathBank_SMP0001110;PathBank_SMP0001111;PathBank_SMP0001112;PathBank_SMP0001113;PathBank_SMP0001114;PathBank_SMP0001115;PathBank_SMP0001116;PathBank_SMP0001117;PathBank_SMP0001118;PathBank_SMP0001119;PathBank_SMP0001120;PathBank_SMP0001121;PathBank_SMP0001122;PathBank_SMP0001123;PathBank_SMP0001124;PathBank_SMP0001125;PathBank_SMP0001126;PathBank_SMP0001127;PathBank_SMP0001128;PathBank_SMP0001129;PathBank_SMP0001130;PathBank_SMP0001131;PathBank_SMP0001132;PathBank_SMP0001133;PathBank_SMP0001134;PathBank_SMP0001135;PathBank_SMP0001136;PathBank_SMP0001137;PathBank_SMP0001138;PathBank_SMP0001139;PathBank_SMP0001140;PathBank_SMP0001141;PathBank_SMP0001142;PathBank_SMP0001143;PathBank_SMP0001144;PathBank_SMP0001145;PathBank_SMP0001146;PathBank_SMP0001147;PathBank_SMP0001148;PathBank_SMP0001149;PathBank_SMP0001150;PathBank_SMP0001151;PathBank_SMP0001152;PathBank_SMP0001153;PathBank_SMP0001154;PathBank_SMP0001155;PathBank_SMP0001156;PathBank_SMP0001157;PathBank_SMP0001158;PathBank_SMP0001159;PathBank_SMP0001160;PathBank_SMP0001161;PathBank_SMP0001162;PathBank_SMP0001163;PathBank_SMP0001164;PathBank_SMP0001165;PathBank_SMP0001166;PathBank_SMP0001167;PathBank_SMP0001168;PathBank_SMP0001169;PathBank_SMP0001170;PathBank_SMP0001171;PathBank_SMP0001172;PathBank_SMP0001173;PathBank_SMP0001174;PathBank_SMP0001175;PathBank_SMP0001176;PathBank_SMP0001177;PathBank_SMP0001178;PathBank_SMP0001179;PathBank_SMP0001180;PathBank_SMP0001181;PathBank_SMP0001182;PathBank_SMP0001183;PathBank_SMP0001184;PathBank_SMP0001185;PathBank_SMP0001186;PathBank_SMP0001187;PathBank_SMP0001188;PathBank_SMP0001189;PathBank_SMP0001190;PathBank_SMP0001191;PathBank_SMP0001192;PathBank_SMP0001193;PathBank_SMP0001194;PathBank_SMP0001195;PathBank_SMP0001196;PathBank_SMP0001198;PathBank_SMP0001199;PathBank_SMP0001200;PathBank_SMP0001201;PathBank_SMP0001203;PathBank_SMP0001204;PathBank_SMP0001205;PathBank_SMP0001206;PathBank_SMP0001207;PathBank_SMP0001208;PathBank_SMP0001209;PathBank_SMP0001210;PathBank_SMP0001211;PathBank_SMP0001212;PathBank_SMP0001213;PathBank_SMP0001214;PathBank_SMP0001215;PathBank_SMP0001216;PathBank_SMP0001217;PathBank_SMP0001218;PathBank_SMP0001219;PathBank_SMP0001220;PathBank_SMP0001221;PathBank_SMP0001222;PathBank_SMP0001223;PathBank_SMP0001224;PathBank_SMP0001225;PathBank_SMP0001226;PathBank_SMP0001227;PathBank_SMP0001228;PathBank_SMP0001229;PathBank_SMP0001230;PathBank_SMP0001231;PathBank_SMP0001232;PathBank_SMP0001233;PathBank_SMP0001234;PathBank_SMP0001235;PathBank_SMP0001236;PathBank_SMP0001237;PathBank_SMP0001238;PathBank_SMP0001239;PathBank_SMP0001240;PathBank_SMP0001241;PathBank_SMP0001242;PathBank_SMP0001243;PathBank_SMP0001244;PathBank_SMP0001245;PathBank_SMP0001246;PathBank_SMP0001247;PathBank_SMP0001248;PathBank_SMP0001249;PathBank_SMP0001250;PathBank_SMP0001251;PathBank_SMP0001252;PathBank_SMP0001253;PathBank_SMP0001254;PathBank_SMP0001255;PathBank_SMP0001256;PathBank_SMP0001257;PathBank_SMP0001258;PathBank_SMP0001259;PathBank_SMP0001260;PathBank_SMP0001261;PathBank_SMP0001262;PathBank_SMP0001263;PathBank_SMP0001264;PathBank_SMP0001265;PathBank_SMP0001266;PathBank_SMP0001268;PathBank_SMP0001270;PathBank_SMP0001271;PathBank_SMP0001272;PathBank_SMP0001273;PathBank_SMP0001274;PathBank_SMP0001275;PathBank_SMP0001276;PathBank_SMP0001277;PathBank_SMP0001280;PathBank_SMP0001281;PathBank_SMP0001282;PathBank_SMP0001283;PathBank_SMP0001284;PathBank_SMP0001285;PathBank_SMP0001286;PathBank_SMP0001287;PathBank_SMP0001288;PathBank_SMP0001289;PathBank_SMP0001290;PathBank_SMP0001292;PathBank_SMP0001293;PathBank_SMP0001294;PathBank_SMP0001295;PathBank_SMP0001296;PathBank_SMP0001297;PathBank_SMP0001298;PathBank_SMP0001299;PathBank_SMP0001300;PathBank_SMP0001301;PathBank_SMP0001302;PathBank_SMP0001303;PathBank_SMP0001304;PathBank_SMP0001305;PathBank_SMP0001306;PathBank_SMP0001307;PathBank_SMP0001309;PathBank_SMP0001310;PathBank_SMP0001311;PathBank_SMP0001312;PathBank_SMP0001313;PathBank_SMP0001318;PathBank_SMP0001319;PathBank_SMP0001321;PathBank_SMP0001322;PathBank_SMP0001323;PathBank_SMP0001324;PathBank_SMP0001325;PathBank_SMP0001327;PathBank_SMP0001328;PathBank_SMP0001329;PathBank_SMP0001330;PathBank_SMP0001331;PathBank_SMP0001332;PathBank_SMP0001336;PathBank_SMP0001337;PathBank_SMP0001339;PathBank_SMP0001340;PathBank_SMP0001341;PathBank_SMP0001342;PathBank_SMP0001343;PathBank_SMP0001344;PathBank_SMP0001345;PathBank_SMP0001346;PathBank_SMP0001347;PathBank_SMP0001349;PathBank_SMP0001350;PathBank_SMP0001351;PathBank_SMP0001352;PathBank_SMP0001353;PathBank_SMP0001354;PathBank_SMP0001355;PathBank_SMP0001357;PathBank_SMP0001358;PathBank_SMP0001359;PathBank_SMP0001360;PathBank_SMP0001361;PathBank_SMP0001362;PathBank_SMP0001363;PathBank_SMP0001364;PathBank_SMP0001365;PathBank_SMP0001366;PathBank_SMP0001367;PathBank_SMP0001368;PathBank_SMP0001369;PathBank_SMP0001371;PathBank_SMP0001372;PathBank_SMP0001373;PathBank_SMP0001374;PathBank_SMP0001375;PathBank_SMP0001376;PathBank_SMP0001377;PathBank_SMP0001378;PathBank_SMP0001379;PathBank_SMP0001380;PathBank_SMP0001381;PathBank_SMP0001382;PathBank_SMP0001383;PathBank_SMP0001384;PathBank_SMP0001385;PathBank_SMP0001386;PathBank_SMP0001387;PathBank_SMP0001388;PathBank_SMP0001389;PathBank_SMP0001390;PathBank_SMP0001391;PathBank_SMP0001393;PathBank_SMP0001394;PathBank_SMP0001395;PathBank_SMP0001396;PathBank_SMP0001397;PathBank_SMP0001398;PathBank_SMP0001399;PathBank_SMP0001400;PathBank_SMP0001401;PathBank_SMP0001402;PathBank_SMP0001403;PathBank_SMP0001405;PathBank_SMP0001406;PathBank_SMP0001407;PathBank_SMP0001408;PathBank_SMP0001409;PathBank_SMP0001413;PathBank_SMP0001414;PathBank_SMP0001415;PathBank_SMP0001416;PathBank_SMP0001417;PathBank_SMP0001418;PathBank_SMP0001419;PathBank_SMP0001422;PathBank_SMP0001425;PathBank_SMP0001426;PathBank_SMP0001427;PathBank_SMP0001428;PathBank_SMP0001429;PathBank_SMP0001431;PathBank_SMP0001432;PathBank_SMP0001433;PathBank_SMP0001434;PathBank_SMP0001435;PathBank_SMP0001437;PathBank_SMP0001438;PathBank_SMP0001439;PathBank_SMP0001440;PathBank_SMP0001441;PathBank_SMP0001442;PathBank_SMP0001443;PathBank_SMP0001445;PathBank_SMP0001446;PathBank_SMP0001447;PathBank_SMP0001448;PathBank_SMP0001450;PathBank_SMP0001453;PathBank_SMP0001455;PathBank_SMP0001456;PathBank_SMP0001457;PathBank_SMP0001464;PathBank_SMP0001465;PathBank_SMP0001466;PathBank_SMP0001467;PathBank_SMP0001468;PathBank_SMP0001469;PathBank_SMP0001470;PathBank_SMP0001471;PathBank_SMP0001472;PathBank_SMP0001473;PathBank_SMP0001474;PathBank_SMP0001475;PathBank_SMP0001476;PathBank_SMP0001477;PathBank_SMP0001478;PathBank_SMP0001480;PathBank_SMP0001481;PathBank_SMP0001483;PathBank_SMP0001484;PathBank_SMP0001485;PathBank_SMP0001486;PathBank_SMP0001487;PathBank_SMP0001488;PathBank_SMP0001490;PathBank_SMP0001491;PathBank_SMP0001492;PathBank_SMP0001493;PathBank_SMP0001494;PathBank_SMP0001495;PathBank_SMP0001496;PathBank_SMP0001500;PathBank_SMP0001501;PathBank_SMP0001502;PathBank_SMP0001503;PathBank_SMP0001504;PathBank_SMP0001505;PathBank_SMP0001506;PathBank_SMP0001508;PathBank_SMP0001509;PathBank_SMP0001511;PathBank_SMP0001512;PathBank_SMP0001513;PathBank_SMP0001515;PathBank_SMP0001516;PathBank_SMP0001517;PathBank_SMP0001518;PathBank_SMP0001519;PathBank_SMP0001520;PathBank_SMP0001523;PathBank_SMP0001524;PathBank_SMP0001525;PathBank_SMP0001526;PathBank_SMP0001527;PathBank_SMP0001528;PathBank_SMP0001529;PathBank_SMP0001533;PathBank_SMP0001534;PathBank_SMP0001535;PathBank_SMP0001536;PathBank_SMP0001537;PathBank_SMP0001538;PathBank_SMP0001539;PathBank_SMP0001540;PathBank_SMP0001541;PathBank_SMP0001542;PathBank_SMP0001547;PathBank_SMP0001548;PathBank_SMP0001550;PathBank_SMP0001551;PathBank_SMP0001552;PathBank_SMP0001553;PathBank_SMP0001554;PathBank_SMP0001555;PathBank_SMP0001557;PathBank_SMP0001558;PathBank_SMP0001559;PathBank_SMP0001560;PathBank_SMP0001561;PathBank_SMP0001562;PathBank_SMP0001563;PathBank_SMP0001564;PathBank_SMP0001565;PathBank_SMP0001566;PathBank_SMP0001567;PathBank_SMP0001568;PathBank_SMP0001569;PathBank_SMP0001570;PathBank_SMP0001571;PathBank_SMP0001572;PathBank_SMP0001573;PathBank_SMP0001574;PathBank_SMP0001575;PathBank_SMP0001576;PathBank_SMP0001577;PathBank_SMP0001578;PathBank_SMP0001579;PathBank_SMP0001580;PathBank_SMP0001581;PathBank_SMP0001582;PathBank_SMP0001583;PathBank_SMP0001584;PathBank_SMP0001585;PathBank_SMP0001586;PathBank_SMP0001587;PathBank_SMP0001588;PathBank_SMP0001589;PathBank_SMP0001590;PathBank_SMP0001591;PathBank_SMP0001594;PathBank_SMP0001595;PathBank_SMP0001596;PathBank_SMP0001597;PathBank_SMP0001598;PathBank_SMP0001600;PathBank_SMP0001601;PathBank_SMP0001602;PathBank_SMP0001604;PathBank_SMP0001605;PathBank_SMP0001606;PathBank_SMP0001607;PathBank_SMP0001608;PathBank_SMP0001609;PathBank_SMP0001610;PathBank_SMP0001611;PathBank_SMP0001612;PathBank_SMP0001613;PathBank_SMP0001614;PathBank_SMP0001615;PathBank_SMP0001616;PathBank_SMP0001617;PathBank_SMP0001618;PathBank_SMP0001619;PathBank_SMP0001620;PathBank_SMP0001621;PathBank_SMP0001622;PathBank_SMP0001623;PathBank_SMP0001624;PathBank_SMP0001625;PathBank_SMP0001626;PathBank_SMP0001627;PathBank_SMP0001628;PathBank_SMP0001629;PathBank_SMP0001630;PathBank_SMP0001631;PathBank_SMP0001632;PathBank_SMP0001633;PathBank_SMP0001634;PathBank_SMP0001635;PathBank_SMP0001637;PathBank_SMP0001638;PathBank_SMP0001639;PathBank_SMP0001640;PathBank_SMP0001641;PathBank_SMP0001642;PathBank_SMP0001643;PathBank_SMP0001644;PathBank_SMP0001645;PathBank_SMP0001646;PathBank_SMP0001647;PathBank_SMP0001650;PathBank_SMP0001651;PathBank_SMP0001652;PathBank_SMP0001654;PathBank_SMP0001656;PathBank_SMP0001657;PathBank_SMP0001658;PathBank_SMP0001659;PathBank_SMP0001661;PathBank_SMP0001662;PathBank_SMP0001664;PathBank_SMP0001665;PathBank_SMP0001667;PathBank_SMP0001668;PathBank_SMP0001669;PathBank_SMP0001670;PathBank_SMP0001671;PathBank_SMP0001672;PathBank_SMP0001673;PathBank_SMP0001674;PathBank_SMP0001675;PathBank_SMP0001676;PathBank_SMP0001677;PathBank_SMP0001678;PathBank_SMP0001679;PathBank_SMP0001680;PathBank_SMP0001681;PathBank_SMP0001682;PathBank_SMP0001683;PathBank_SMP0001684;PathBank_SMP0001685;PathBank_SMP0001687;PathBank_SMP0001688;PathBank_SMP0001689;PathBank_SMP0001690;PathBank_SMP0001691;PathBank_SMP0001692;PathBank_SMP0001693;PathBank_SMP0001694;PathBank_SMP0001695;PathBank_SMP0001696;PathBank_SMP0001697;PathBank_SMP0001698;PathBank_SMP0001699;PathBank_SMP0001700;PathBank_SMP0001701;PathBank_SMP0001702;PathBank_SMP0001703;PathBank_SMP0001704;PathBank_SMP0001705;PathBank_SMP0001706;PathBank_SMP0001708;PathBank_SMP0001709;PathBank_SMP0001711;PathBank_SMP0001712;PathBank_SMP0001713;PathBank_SMP0001715;PathBank_SMP0001717;PathBank_SMP0001720;PathBank_SMP0001722;PathBank_SMP0001727;PathBank_SMP0001739;PathBank_SMP0001774;PathBank_SMP0001798;PathBank_SMP0001804;PathBank_SMP0001885;PathBank_SMP0001921;PathBank_SMP0001926;PathBank_SMP0001929;PathBank_SMP0001966;PathBank_SMP0001968;PathBank_SMP0001969;PathBank_SMP0001973;PathBank_SMP0001975;PathBank_SMP0001976;PathBank_SMP0001977;PathBank_SMP0001978;PathBank_SMP0001980;PathBank_SMP0001982;PathBank_SMP0001983;PathBank_SMP0001988;PathBank_SMP0001989;PathBank_SMP0001990;PathBank_SMP0001993;PathBank_SMP0001995;PathBank_SMP0001997;PathBank_SMP0001998;PathBank_SMP0002000;PathBank_SMP0002002;PathBank_SMP0002003;PathBank_SMP0002006;PathBank_SMP0002010;PathBank_SMP0002013;PathBank_SMP0002016;PathBank_SMP0002019;PathBank_SMP0002021;PathBank_SMP0002022;PathBank_SMP0002026;PathBank_SMP0002127
P0AA84,,,,,,113.0,PathBank_SMP0001041;PathBank_SMP0001042;PathBank_SMP0001046;PathBank_SMP0001047;PathBank_SMP0001049;PathBank_SMP0001051;PathBank_SMP0001052;PathBank_SMP0001053;PathBank_SMP0001054;PathBank_SMP0001055;PathBank_SMP0001056;PathBank_SMP0001057;PathBank_SMP0001058;PathBank_SMP0001059;PathBank_SMP0001060;PathBank_SMP0001062;PathBank_SMP0001063;PathBank_SMP0001064;PathBank_SMP0001065;PathBank_SMP0001066;PathBank_SMP0001067;PathBank_SMP0001068;PathBank_SMP0001069;PathBank_SMP0001070;PathBank_SMP0001074;PathBank_SMP0001079;PathBank_SMP0001084;PathBank_SMP0001124;PathBank_SMP0001134;PathBank_SMP0001136;PathBank_SMP0001142;PathBank_SMP0001143;PathBank_SMP0001144;PathBank_SMP0001145;PathBank_SMP0001147;PathBank_SMP0001148;PathBank_SMP0001153;PathBank_SMP0001156;PathBank_SMP0001158;PathBank_SMP0001183;PathBank_SMP0001194;PathBank_SMP0001196;PathBank_SMP0001199;PathBank_SMP0001207;PathBank_SMP0001212;PathBank_SMP0001220;PathBank_SMP0001221;PathBank_SMP0001222;PathBank_SMP0001223;PathBank_SMP0001224;PathBank_SMP0001225;PathBank_SMP0001229;PathBank_SMP0001234;PathBank_SMP0001251;PathBank_SMP0001329;PathBank_SMP0001330;PathBank_SMP0001345;PathBank_SMP0001352;PathBank_SMP0001378;PathBank_SMP0001398;PathBank_SMP0001409;PathBank_SMP0001432;PathBank_SMP0001433;PathBank_SMP0001434;PathBank_SMP0001435;PathBank_SMP0001441;PathBank_SMP0001445;PathBank_SMP0001453;PathBank_SMP0001464;PathBank_SMP0001465;PathBank_SMP0001466;PathBank_SMP0001467;PathBank_SMP0001468;PathBank_SMP0001470;PathBank_SMP0001471;PathBank_SMP0001476;PathBank_SMP0001483;PathBank_SMP0001504;PathBank_SMP0001505;PathBank_SMP0001518;PathBank_SMP0001523;PathBank_SMP0001525;PathBank_SMP0001526;PathBank_SMP0001536;PathBank_SMP0001537;PathBank_SMP0001540;PathBank_SMP0001541;PathBank_SMP0001559;PathBank_SMP0001560;PathBank_SMP0001561;PathBank_SMP0001562;PathBank_SMP0001564;PathBank_SMP0001565;PathBank_SMP0001566;PathBank_SMP0001567;PathBank_SMP0001568;PathBank_SMP0001569;PathBank_SMP0001571;PathBank_SMP0001572;PathBank_SMP0001586;PathBank_SMP0001587;PathBank_SMP0001589;PathBank_SMP0001591;PathBank_SMP0001604;PathBank_SMP0001617;PathBank_SMP0001621;PathBank_SMP0001630;PathBank_SMP0001631;PathBank_SMP0001639;PathBank_SMP0001641;PathBank_SMP0001656;PathBank_SMP0001665;PathBank_SMP0002021
P0ABF8,,,,,,707.0,PathBank_SMP0001041;PathBank_SMP0001042;PathBank_SMP0001045;PathBank_SMP0001046;PathBank_SMP0001047;PathBank_SMP0001048;PathBank_SMP0001049;PathBank_SMP0001051;PathBank_SMP0001052;PathBank_SMP0001053;PathBank_SMP0001054;PathBank_SMP0001055;PathBank_SMP0001056;PathBank_SMP0001057;PathBank_SMP0001058;PathBank_SMP0001059;PathBank_SMP0001060;PathBank_SMP0001061;PathBank_SMP0001062;PathBank_SMP0001063;PathBank_SMP0001064;PathBank_SMP0001065;PathBank_SMP0001066;PathBank_SMP0001067;PathBank_SMP0001068;PathBank_SMP0001069;PathBank_SMP0001070;PathBank_SMP0001071;PathBank_SMP0001072;PathBank_SMP0001073;PathBank_SMP0001074;PathBank_SMP0001075;PathBank_SMP0001076;PathBank_SMP0001077;PathBank_SMP0001078;PathBank_SMP0001079;PathBank_SMP0001080;PathBank_SMP0001081;PathBank_SMP0001082;PathBank_SMP0001083;PathBank_SMP0001084;PathBank_SMP0001085;PathBank_SMP0001086;PathBank_SMP0001087;PathBank_SMP0001088;PathBank_SMP0001089;PathBank_SMP0001090;PathBank_SMP0001091;PathBank_SMP0001092;PathBank_SMP0001093;PathBank_SMP0001094;PathBank_SMP0001095;PathBank_SMP0001096;PathBank_SMP0001097;PathBank_SMP0001098;PathBank_SMP0001099;PathBank_SMP0001100;PathBank_SMP0001101;PathBank_SMP0001102;PathBank_SMP0001103;PathBank_SMP0001104;PathBank_SMP0001105;PathBank_SMP0001106;PathBank_SMP0001107;PathBank_SMP0001108;PathBank_SMP0001109;PathBank_SMP0001110;PathBank_SMP0001111;PathBank_SMP0001112;PathBank_SMP0001113;PathBank_SMP0001114;PathBank_SMP0001115;PathBank_SMP0001116;PathBank_SMP0001117;PathBank_SMP0001118;PathBank_SMP0001119;PathBank_SMP0001120;PathBank_SMP0001121;PathBank_SMP0001122;PathBank_SMP0001123;PathBank_SMP0001124;PathBank_SMP0001125;PathBank_SMP0001126;PathBank_SMP0001127;PathBank_SMP0001128;PathBank_SMP0001129;PathBank_SMP0001130;PathBank_SMP0001131;PathBank_SMP0001132;PathBank_SMP0001133;PathBank_SMP0001134;PathBank_SMP0001135;PathBank_SMP0001136;PathBank_SMP0001137;PathBank_SMP0001138;PathBank_SMP0001139;PathBank_SMP0001140;PathBank_SMP0001141;PathBank_SMP0001142;PathBank_SMP0001143;PathBank_SMP0001144;PathBank_SMP0001145;PathBank_SMP0001146;PathBank_SMP0001147;PathBank_SMP0001148;PathBank_SMP0001149;PathBank_SMP0001150;PathBank_SMP0001151;PathBank_SMP0001152;PathBank_SMP0001153;PathBank_SMP0001154;PathBank_SMP0001155;PathBank_SMP0001156;PathBank_SMP0001157;PathBank_SMP0001158;PathBank_SMP0001159;PathBank_SMP0001160;PathBank_SMP0001161;PathBank_SMP0001162;PathBank_SMP0001163;PathBank_SMP0001164;PathBank_SMP0001165;PathBank_SMP0001166;PathBank_SMP0001167;PathBank_SMP0001168;PathBank_SMP0001169;PathBank_SMP0001170;PathBank_SMP0001171;PathBank_SMP0001172;PathBank_SMP0001173;PathBank_SMP0001174;PathBank_SMP0001175;PathBank_SMP0001176;PathBank_SMP0001177;PathBank_SMP0001178;PathBank_SMP0001179;PathBank_SMP0001180;PathBank_SMP0001181;PathBank_SMP0001182;PathBank_SMP0001183;PathBank_SMP0001184;PathBank_SMP0001185;PathBank_SMP0001186;PathBank_SMP0001187;PathBank_SMP0001188;PathBank_SMP0001189;PathBank_SMP0001190;PathBank_SMP0001191;PathBank_SMP0001192;PathBank_SMP0001193;PathBank_SMP0001194;PathBank_SMP0001195;PathBank_SMP0001196;PathBank_SMP0001197;PathBank_SMP0001198;PathBank_SMP0001199;PathBank_SMP0001200;PathBank_SMP0001201;PathBank_SMP0001203;PathBank_SMP0001204;PathBank_SMP0001205;PathBank_SMP0001206;PathBank_SMP0001207;PathBank_SMP0001208;PathBank_SMP0001209;PathBank_SMP0001210;PathBank_SMP0001211;PathBank_SMP0001212;PathBank_SMP0001213;PathBank_SMP0001214;PathBank_SMP0001215;PathBank_SMP0001216;PathBank_SMP0001217;PathBank_SMP0001218;PathBank_SMP0001219;PathBank_SMP0001220;PathBank_SMP0001221;PathBank_SMP0001222;PathBank_SMP0001223;PathBank_SMP0001224;PathBank_SMP0001225;PathBank_SMP0001226;PathBank_SMP0001227;PathBank_SMP0001228;PathBank_SMP0001229;PathBank_SMP0001230;PathBank_SMP0001231;PathBank_SMP0001232;PathBank_SMP0001233;PathBank_SMP0001234;PathBank_SMP0001235;PathBank_SMP0001236;PathBank_SMP0001237;PathBank_SMP0001238;PathBank_SMP0001239;PathBank_SMP0001240;PathBank_SMP0001241;PathBank_SMP0001242;PathBank_SMP0001243;PathBank_SMP0001244;PathBank_SMP0001245;PathBank_SMP0001246;PathBank_SMP0001247;PathBank_SMP0001248;PathBank_SMP0001249;PathBank_SMP0001250;PathBank_SMP0001251;PathBank_SMP0001252;PathBank_SMP0001253;PathBank_SMP0001254;PathBank_SMP0001255;PathBank_SMP0001256;PathBank_SMP0001257;PathBank_SMP0001258;PathBank_SMP0001259;PathBank_SMP0001260;PathBank_SMP0001261;PathBank_SMP0001262;PathBank_SMP0001263;PathBank_SMP0001264;PathBank_SMP0001265;PathBank_SMP0001266;PathBank_SMP0001267;PathBank_SMP0001268;PathBank_SMP0001269;PathBank_SMP0001270;PathBank_SMP0001271;PathBank_SMP0001272;PathBank_SMP0001273;PathBank_SMP0001274;PathBank_SMP0001275;PathBank_SMP0001276;PathBank_SMP0001277;PathBank_SMP0001278;PathBank_SMP0001279;PathBank_SMP0001280;PathBank_SMP0001281;PathBank_SMP0001282;PathBank_SMP0001283;PathBank_SMP0001284;PathBank_SMP0001285;PathBank_SMP0001286;PathBank_SMP0001287;PathBank_SMP0001288;PathBank_SMP0001289;PathBank_SMP0001290;PathBank_SMP0001291;PathBank_SMP0001292;PathBank_SMP0001293;PathBank_SMP0001294;PathBank_SMP0001295;PathBank_SMP0001296;PathBank_SMP0001297;PathBank_SMP0001298;PathBank_SMP0001299;PathBank_SMP0001300;PathBank_SMP0001301;PathBank_SMP0001302;PathBank_SMP0001303;PathBank_SMP0001304;PathBank_SMP0001305;PathBank_SMP0001306;PathBank_SMP0001307;PathBank_SMP0001308;PathBank_SMP0001309;PathBank_SMP0001310;PathBank_SMP0001311;PathBank_SMP0001312;PathBank_SMP0001313;PathBank_SMP0001314;PathBank_SMP0001315;PathBank_SMP0001316;PathBank_SMP0001317;PathBank_SMP0001318;PathBank_SMP0001319;PathBank_SMP0001320;PathBank_SMP0001321;PathBank_SMP0001322;PathBank_SMP0001323;PathBank_SMP0001324;PathBank_SMP0001325;PathBank_SMP0001326;PathBank_SMP0001327;PathBank_SMP0001328;PathBank_SMP0001329;PathBank_SMP0001330;PathBank_SMP0001331;PathBank_SMP0001332;PathBank_SMP0001333;PathBank_SMP0001334;PathBank_SMP0001335;PathBank_SMP0001336;PathBank_SMP0001337;PathBank_SMP0001338;PathBank_SMP0001339;PathBank_SMP0001340;PathBank_SMP0001341;PathBank_SMP0001342;PathBank_SMP0001343;PathBank_SMP0001344;PathBank_SMP0001345;PathBank_SMP0001346;PathBank_SMP0001347;PathBank_SMP0001348;PathBank_SMP0001349;PathBank_SMP0001350;PathBank_SMP0001351;PathBank_SMP0001352;PathBank_SMP0001353;PathBank_SMP0001354;PathBank_SMP0001355;PathBank_SMP0001356;PathBank_SMP0001357;PathBank_SMP0001358;PathBank_SMP0001359;PathBank_SMP0001360;PathBank_SMP0001361;PathBank_SMP0001362;PathBank_SMP0001363;PathBank_SMP0001364;PathBank_SMP0001365;PathBank_SMP0001366;PathBank_SMP0001367;PathBank_SMP0001368;PathBank_SMP0001369;PathBank_SMP0001370;PathBank_SMP0001371;PathBank_SMP0001372;PathBank_SMP0001373;PathBank_SMP0001374;PathBank_SMP0001375;PathBank_SMP0001376;PathBank_SMP0001377;PathBank_SMP0001378;PathBank_SMP0001379;PathBank_SMP0001380;PathBank_SMP0001381;PathBank_SMP0001382;PathBank_SMP0001383;PathBank_SMP0001384;PathBank_SMP0001385;PathBank_SMP0001386;PathBank_SMP0001387;PathBank_SMP0001388;PathBank_SMP0001389;PathBank_SMP0001390;PathBank_SMP0001391;PathBank_SMP0001392;PathBank_SMP0001393;PathBank_SMP0001394;PathBank_SMP0001395;PathBank_SMP0001396;PathBank_SMP0001397;PathBank_SMP0001398;PathBank_SMP0001399;PathBank_SMP0001400;PathBank_SMP0001401;PathBank_SMP0001402;PathBank_SMP0001403;PathBank_SMP0001404;PathBank_SMP0001405;PathBank_SMP0001406;PathBank_SMP0001407;PathBank_SMP0001408;PathBank_SMP0001409;PathBank_SMP0001410;PathBank_SMP0001411;PathBank_SMP0001412;PathBank_SMP0001413;PathBank_SMP0001414;PathBank_SMP0001415;PathBank_SMP0001416;PathBank_SMP0001417;PathBank_SMP0001418;PathBank_SMP0001419;PathBank_SMP0001420;PathBank_SMP0001421;PathBank_SMP0001422;PathBank_SMP0001423;PathBank_SMP0001424;PathBank_SMP0001425;PathBank_SMP0001426;PathBank_SMP0001427;PathBank_SMP0001428;PathBank_SMP0001429;PathBank_SMP0001430;PathBank_SMP0001431;PathBank_SMP0001432;PathBank_SMP0001433;PathBank_SMP0001434;PathBank_SMP0001435;PathBank_SMP0001436;PathBank_SMP0001437;PathBank_SMP0001438;PathBank_SMP0001439;PathBank_SMP0001440;PathBank_SMP0001441;PathBank_SMP0001442;PathBank_SMP0001443;PathBank_SMP0001444;PathBank_SMP0001445;PathBank_SMP0001446;PathBank_SMP0001447;PathBank_SMP0001448;PathBank_SMP0001449;PathBank_SMP0001450;PathBank_SMP0001451;PathBank_SMP0001452;PathBank_SMP0001453;PathBank_SMP0001455;PathBank_SMP0001456;PathBank_SMP0001457;PathBank_SMP0001458;PathBank_SMP0001459;PathBank_SMP0001460;PathBank_SMP0001461;PathBank_SMP0001462;PathBank_SMP0001463;PathBank_SMP0001464;PathBank_SMP0001465;PathBank_SMP0001466;PathBank_SMP0001467;PathBank_SMP0001468;PathBank_SMP0001469;PathBank_SMP0001470;PathBank_SMP0001471;PathBank_SMP0001472;PathBank_SMP0001473;PathBank_SMP0001474;PathBank_SMP0001475;PathBank_SMP0001476;PathBank_SMP0001477;PathBank_SMP0001478;PathBank_SMP0001479;PathBank_SMP0001480;PathBank_SMP0001481;PathBank_SMP0001482;PathBank_SMP0001483;PathBank_SMP0001484;PathBank_SMP0001485;PathBank_SMP0001486;PathBank_SMP0001487;PathBank_SMP0001489;PathBank_SMP0001490;PathBank_SMP0001491;PathBank_SMP0001492;PathBank_SMP0001493;PathBank_SMP0001494;PathBank_SMP0001495;PathBank_SMP0001496;PathBank_SMP0001497;PathBank_SMP0001498;PathBank_SMP0001499;PathBank_SMP0001500;PathBank_SMP0001501;PathBank_SMP0001502;PathBank_SMP0001503;PathBank_SMP0001504;PathBank_SMP0001505;PathBank_SMP0001506;PathBank_SMP0001507;PathBank_SMP0001508;PathBank_SMP0001509;PathBank_SMP0001510;PathBank_SMP0001511;PathBank_SMP0001512;PathBank_SMP0001513;PathBank_SMP0001514;PathBank_SMP0001515;PathBank_SMP0001516;PathBank_SMP0001517;PathBank_SMP0001518;PathBank_SMP0001519;PathBank_SMP0001520;PathBank_SMP0001521;PathBank_SMP0001522;PathBank_SMP0001523;PathBank_SMP0001524;PathBank_SMP0001525;PathBank_SMP0001526;PathBank_SMP0001527;PathBank_SMP0001528;PathBank_SMP0001529;PathBank_SMP0001530;PathBank_SMP0001531;PathBank_SMP0001532;PathBank_SMP0001533;PathBank_SMP0001534;PathBank_SMP0001535;PathBank_SMP0001536;PathBank_SMP0001537;PathBank_SMP0001538;PathBank_SMP0001539;PathBank_SMP0001540;PathBank_SMP0001541;PathBank_SMP0001542;PathBank_SMP0001543;PathBank_SMP0001544;PathBank_SMP0001545;PathBank_SMP0001547;PathBank_SMP0001548;PathBank_SMP0001549;PathBank_SMP0001550;PathBank_SMP0001551;PathBank_SMP0001552;PathBank_SMP0001553;PathBank_SMP0001554;PathBank_SMP0001555;PathBank_SMP0001556;PathBank_SMP0001557;PathBank_SMP0001558;PathBank_SMP0001559;PathBank_SMP0001560;PathBank_SMP0001561;PathBank_SMP0001562;PathBank_SMP0001563;PathBank_SMP0001564;PathBank_SMP0001565;PathBank_SMP0001566;PathBank_SMP0001567;PathBank_SMP0001568;PathBank_SMP0001569;PathBank_SMP0001570;PathBank_SMP0001571;PathBank_SMP0001572;PathBank_SMP0001573;PathBank_SMP0001574;PathBank_SMP0001575;PathBank_SMP0001576;PathBank_SMP0001577;PathBank_SMP0001578;PathBank_SMP0001579;PathBank_SMP0001580;PathBank_SMP0001581;PathBank_SMP0001582;PathBank_SMP0001583;PathBank_SMP0001584;PathBank_SMP0001585;PathBank_SMP0001586;PathBank_SMP0001587;PathBank_SMP0001588;PathBank_SMP0001589;PathBank_SMP0001590;PathBank_SMP0001591;PathBank_SMP0001592;PathBank_SMP0001593;PathBank_SMP0001594;PathBank_SMP0001595;PathBank_SMP0001596;PathBank_SMP0001597;PathBank_SMP0001598;PathBank_SMP0001599;PathBank_SMP0001600;PathBank_SMP0001601;PathBank_SMP0001602;PathBank_SMP0001604;PathBank_SMP0001605;PathBank_SMP0001606;PathBank_SMP0001607;PathBank_SMP0001608;PathBank_SMP0001609;PathBank_SMP0001610;PathBank_SMP0001611;PathBank_SMP0001612;PathBank_SMP0001613;PathBank_SMP0001614;PathBank_SMP0001615;PathBank_SMP0001616;PathBank_SMP0001617;PathBank_SMP0001618;PathBank_SMP0001619;PathBank_SMP0001620;PathBank_SMP0001621;PathBank_SMP0001622;PathBank_SMP0001623;PathBank_SMP0001624;PathBank_SMP0001625;PathBank_SMP0001626;PathBank_SMP0001627;PathBank_SMP0001628;PathBank_SMP0001629;PathBank_SMP0001630;PathBank_SMP0001631;PathBank_SMP0001632;PathBank_SMP0001633;PathBank_SMP0001634;PathBank_SMP0001635;PathBank_SMP0001637;PathBank_SMP0001638;PathBank_SMP0001639;PathBank_SMP0001640;PathBank_SMP0001641;PathBank_SMP0001642;PathBank_SMP0001643;PathBank_SMP0001644;PathBank_SMP0001645;PathBank_SMP0001646;PathBank_SMP0001647;PathBank_SMP0001648;PathBank_SMP0001649;PathBank_SMP0001650;PathBank_SMP0001651;PathBank_SMP0001652;PathBank_SMP0001653;PathBank_SMP0001654;PathBank_SMP0001655;PathBank_SMP0001656;PathBank_SMP0001657;PathBank_SMP0001658;PathBank_SMP0001659;PathBank_SMP0001660;PathBank_SMP0001662;PathBank_SMP0001663;PathBank_SMP0001664;PathBank_SMP0001665;PathBank_SMP0001666;PathBank_SMP0001667;PathBank_SMP0001668;PathBank_SMP0001669;PathBank_SMP0001670;PathBank_SMP0001671;PathBank_SMP0001672;PathBank_SMP0001673;PathBank_SMP0001674;PathBank_SMP0001675;PathBank_SMP0001676;PathBank_SMP0001677;PathBank_SMP0001678;PathBank_SMP0001679;PathBank_SMP0001680;PathBank_SMP0001681;PathBank_SMP0001682;PathBank_SMP0001683;PathBank_SMP0001684;PathBank_SMP0001685;PathBank_SMP0001686;PathBank_SMP0001687;PathBank_SMP0001688;PathBank_SMP0001689;PathBank_SMP0001690;PathBank_SMP0001691;PathBank_SMP0001692;PathBank_SMP0001693;PathBank_SMP0001694;PathBank_SMP0001695;PathBank_SMP0001696;PathBank_SMP0001697;PathBank_SMP0001698;PathBank_SMP0001699;PathBank_SMP0001700;PathBank_SMP0001701;PathBank_SMP0001702;PathBank_SMP0001703;PathBank_SMP0001704;PathBank_SMP0001705;PathBank_SMP0001706;PathBank_SMP0001707;PathBank_SMP0001708;PathBank_SMP0001709;PathBank_SMP0001710;PathBank_SMP0001711;PathBank_SMP0001712;PathBank_SMP0001713;PathBank_SMP0001714;PathBank_SMP0001715;PathBank_SMP0001716;PathBank_SMP0001717;PathBank_SMP0001718;PathBank_SMP0001719;PathBank_SMP0001720;PathBank_SMP0001721;PathBank_SMP0001722;PathBank_SMP0001723;PathBank_SMP0001724;PathBank_SMP0001725;PathBank_SMP0001726;PathBank_SMP0001727;PathBank_SMP0001728;PathBank_SMP0001739;PathBank_SMP0001885;PathBank_SMP0001921;PathBank_SMP0001926;PathBank_SMP0001929;PathBank_SMP0001968;PathBank_SMP0001969;PathBank_SMP0001973;PathBank_SMP0001983;PathBank_SMP0001988;PathBank_SMP0001989;PathBank_SMP0001997;PathBank_SMP0001998;PathBank_SMP0002000;PathBank_SMP0002002;PathBank_SMP0002003;PathBank_SMP0002006;PathBank_SMP0002010;PathBank_SMP0002013;PathBank_SMP0002016;PathBank_SMP0002019;PathBank_SMP0002021;PathBank_SMP0002022;PathBank_SMP0002025;PathBank_SMP0002026;PathBank_SMP0002027;PathBank_SMP0002028;PathBank_SMP0002029;PathBank_SMP0002127
P0ABG1,,,,,,742.0,PathBank_SMP0001041;PathBank_SMP0001042;PathBank_SMP0001045;PathBank_SMP0001046;PathBank_SMP0001047;PathBank_SMP0001048;PathBank_SMP0001049;PathBank_SMP0001051;PathBank_SMP0001052;PathBank_SMP0001053;PathBank_SMP0001054;PathBank_SMP0001055;PathBank_SMP0001056;PathBank_SMP0001057;PathBank_SMP0001058;PathBank_SMP0001059;PathBank_SMP0001060;PathBank_SMP0001061;PathBank_SMP0001062;PathBank_SMP0001063;PathBank_SMP0001064;PathBank_SMP0001065;PathBank_SMP0001066;PathBank_SMP0001067;PathBank_SMP0001068;PathBank_SMP0001069;PathBank_SMP0001070;PathBank_SMP0001071;PathBank_SMP0001072;PathBank_SMP0001073;PathBank_SMP0001074;PathBank_SMP0001075;PathBank_SMP0001076;PathBank_SMP0001077;PathBank_SMP0001078;PathBank_SMP0001079;PathBank_SMP0001080;PathBank_SMP0001081;PathBank_SMP0001082;PathBank_SMP0001083;PathBank_SMP0001084;PathBank_SMP0001085;PathBank_SMP0001086;PathBank_SMP0001087;PathBank_SMP0001088;PathBank_SMP0001089;PathBank_SMP0001090;PathBank_SMP0001091;PathBank_SMP0001092;PathBank_SMP0001093;PathBank_SMP0001094;PathBank_SMP0001095;PathBank_SMP0001096;PathBank_SMP0001097;PathBank_SMP0001098;PathBank_SMP0001099;PathBank_SMP0001100;PathBank_SMP0001101;PathBank_SMP0001102;PathBank_SMP0001103;PathBank_SMP0001104;PathBank_SMP0001105;PathBank_SMP0001106;PathBank_SMP0001107;PathBank_SMP0001108;PathBank_SMP0001109;PathBank_SMP0001110;PathBank_SMP0001111;PathBank_SMP0001112;PathBank_SMP0001113;PathBank_SMP0001114;PathBank_SMP0001115;PathBank_SMP0001116;PathBank_SMP0001117;PathBank_SMP0001118;PathBank_SMP0001119;PathBank_SMP0001120;PathBank_SMP0001121;PathBank_SMP0001122;PathBank_SMP0001123;PathBank_SMP0001124;PathBank_SMP0001125;PathBank_SMP0001126;PathBank_SMP0001127;PathBank_SMP0001128;PathBank_SMP0001129;PathBank_SMP0001130;PathBank_SMP0001131;PathBank_SMP0001132;PathBank_SMP0001133;PathBank_SMP0001134;PathBank_SMP0001135;PathBank_SMP0001136;PathBank_SMP0001137;PathBank_SMP0001138;PathBank_SMP0001139;PathBank_SMP0001140;PathBank_SMP0001141;PathBank_SMP0001142;PathBank_SMP0001143;PathBank_SMP0001144;PathBank_SMP0001145;PathBank_SMP0001146;PathBank_SMP0001147;PathBank_SMP0001148;PathBank_SMP0001149;PathBank_SMP0001150;PathBank_SMP0001151;PathBank_SMP0001152;PathBank_SMP0001153;PathBank_SMP0001154;PathBank_SMP0001155;PathBank_SMP0001156;PathBank_SMP0001157;PathBank_SMP0001158;PathBank_SMP0001159;PathBank_SMP0001160;PathBank_SMP0001161;PathBank_SMP0001162;PathBank_SMP0001163;PathBank_SMP0001164;PathBank_SMP0001165;PathBank_SMP0001166;PathBank_SMP0001167;PathBank_SMP0001168;PathBank_SMP0001169;PathBank_SMP0001170;PathBank_SMP0001171;PathBank_SMP0001172;PathBank_SMP0001173;PathBank_SMP0001174;PathBank_SMP0001175;PathBank_SMP0001176;PathBank_SMP0001177;PathBank_SMP0001178;PathBank_SMP0001179;PathBank_SMP0001180;PathBank_SMP0001181;PathBank_SMP0001182;PathBank_SMP0001183;PathBank_SMP0001184;PathBank_SMP0001185;PathBank_SMP0001186;PathBank_SMP0001187;PathBank_SMP0001188;PathBank_SMP0001189;PathBank_SMP0001190;PathBank_SMP0001191;PathBank_SMP0001192;PathBank_SMP0001193;PathBank_SMP0001194;PathBank_SMP0001195;PathBank_SMP0001196;PathBank_SMP0001197;PathBank_SMP0001198;PathBank_SMP0001199;PathBank_SMP0001200;PathBank_SMP0001201;PathBank_SMP0001203;PathBank_SMP0001204;PathBank_SMP0001205;PathBank_SMP0001206;PathBank_SMP0001207;PathBank_SMP0001208;PathBank_SMP0001209;PathBank_SMP0001210;PathBank_SMP0001211;PathBank_SMP0001212;PathBank_SMP0001213;PathBank_SMP0001214;PathBank_SMP0001215;PathBank_SMP0001216;PathBank_SMP0001217;PathBank_SMP0001218;PathBank_SMP0001219;PathBank_SMP0001220;PathBank_SMP0001221;PathBank_SMP0001222;PathBank_SMP0001223;PathBank_SMP0001224;PathBank_SMP0001225;PathBank_SMP0001226;PathBank_SMP0001227;PathBank_SMP0001228;PathBank_SMP0001229;PathBank_SMP0001230;PathBank_SMP0001231;PathBank_SMP0001232;PathBank_SMP0001233;PathBank_SMP0001234;PathBank_SMP0001235;PathBank_SMP0001236;PathBank_SMP0001237;PathBank_SMP0001238;PathBank_SMP0001239;PathBank_SMP0001240;PathBank_SMP0001241;PathBank_SMP0001242;PathBank_SMP0001243;PathBank_SMP0001244;PathBank_SMP0001245;PathBank_SMP0001246;PathBank_SMP0001247;PathBank_SMP0001248;PathBank_SMP0001249;PathBank_SMP0001250;PathBank_SMP0001251;PathBank_SMP0001252;PathBank_SMP0001253;PathBank_SMP0001254;PathBank_SMP0001255;PathBank_SMP0001256;PathBank_SMP0001257;PathBank_SMP0001258;PathBank_SMP0001259;PathBank_SMP0001260;PathBank_SMP0001261;PathBank_SMP0001262;PathBank_SMP0001263;PathBank_SMP0001264;PathBank_SMP0001265;PathBank_SMP0001266;PathBank_SMP0001267;PathBank_SMP0001268;PathBank_SMP0001269;PathBank_SMP0001270;PathBank_SMP0001271;PathBank_SMP0001272;PathBank_SMP0001273;PathBank_SMP0001274;PathBank_SMP0001275;PathBank_SMP0001276;PathBank_SMP0001277;PathBank_SMP0001278;PathBank_SMP0001279;PathBank_SMP0001280;PathBank_SMP0001281;PathBank_SMP0001282;PathBank_SMP0001283;PathBank_SMP0001284;PathBank_SMP0001285;PathBank_SMP0001286;PathBank_SMP0001287;PathBank_SMP0001288;PathBank_SMP0001289;PathBank_SMP0001290;PathBank_SMP0001291;PathBank_SMP0001292;PathBank_SMP0001293;PathBank_SMP0001294;PathBank_SMP0001295;PathBank_SMP0001296;PathBank_SMP0001297;PathBank_SMP0001298;PathBank_SMP0001299;PathBank_SMP0001300;PathBank_SMP0001301;PathBank_SMP0001302;PathBank_SMP0001303;PathBank_SMP0001304;PathBank_SMP0001305;PathBank_SMP0001306;PathBank_SMP0001307;PathBank_SMP0001308;PathBank_SMP0001309;PathBank_SMP0001310;PathBank_SMP0001311;PathBank_SMP0001312;PathBank_SMP0001313;PathBank_SMP0001314;PathBank_SMP0001315;PathBank_SMP0001316;PathBank_SMP0001317;PathBank_SMP0001318;PathBank_SMP0001319;PathBank_SMP0001320;PathBank_SMP0001321;PathBank_SMP0001322;PathBank_SMP0001323;PathBank_SMP0001324;PathBank_SMP0001325;PathBank_SMP0001326;PathBank_SMP0001327;PathBank_SMP0001328;PathBank_SMP0001329;PathBank_SMP0001330;PathBank_SMP0001331;PathBank_SMP0001332;PathBank_SMP0001333;PathBank_SMP0001334;PathBank_SMP0001335;PathBank_SMP0001336;PathBank_SMP0001337;PathBank_SMP0001338;PathBank_SMP0001339;PathBank_SMP0001340;PathBank_SMP0001341;PathBank_SMP0001342;PathBank_SMP0001343;PathBank_SMP0001344;PathBank_SMP0001345;PathBank_SMP0001346;PathBank_SMP0001347;PathBank_SMP0001348;PathBank_SMP0001349;PathBank_SMP0001350;PathBank_SMP0001351;PathBank_SMP0001352;PathBank_SMP0001353;PathBank_SMP0001354;PathBank_SMP0001355;PathBank_SMP0001356;PathBank_SMP0001357;PathBank_SMP0001358;PathBank_SMP0001359;PathBank_SMP0001360;PathBank_SMP0001361;PathBank_SMP0001362;PathBank_SMP0001363;PathBank_SMP0001364;PathBank_SMP0001365;PathBank_SMP0001366;PathBank_SMP0001367;PathBank_SMP0001368;PathBank_SMP0001369;PathBank_SMP0001370;PathBank_SMP0001371;PathBank_SMP0001372;PathBank_SMP0001373;PathBank_SMP0001374;PathBank_SMP0001375;PathBank_SMP0001376;PathBank_SMP0001377;PathBank_SMP0001378;PathBank_SMP0001379;PathBank_SMP0001380;PathBank_SMP0001381;PathBank_SMP0001382;PathBank_SMP0001383;PathBank_SMP0001384;PathBank_SMP0001385;PathBank_SMP0001386;PathBank_SMP0001387;PathBank_SMP0001388;PathBank_SMP0001389;PathBank_SMP0001390;PathBank_SMP0001391;PathBank_SMP0001392;PathBank_SMP0001393;PathBank_SMP0001394;PathBank_SMP0001395;PathBank_SMP0001396;PathBank_SMP0001397;PathBank_SMP0001398;PathBank_SMP0001399;PathBank_SMP0001400;PathBank_SMP0001401;PathBank_SMP0001402;PathBank_SMP0001403;PathBank_SMP0001404;PathBank_SMP0001405;PathBank_SMP0001406;PathBank_SMP0001407;PathBank_SMP0001408;PathBank_SMP0001409;PathBank_SMP0001410;PathBank_SMP0001411;PathBank_SMP0001412;PathBank_SMP0001413;PathBank_SMP0001414;PathBank_SMP0001415;PathBank_SMP0001416;PathBank_SMP0001417;PathBank_SMP0001418;PathBank_SMP0001419;PathBank_SMP0001420;PathBank_SMP0001421;PathBank_SMP0001422;PathBank_SMP0001423;PathBank_SMP0001424;PathBank_SMP0001425;PathBank_SMP0001426;PathBank_SMP0001427;PathBank_SMP0001428;PathBank_SMP0001429;PathBank_SMP0001430;PathBank_SMP0001431;PathBank_SMP0001432;PathBank_SMP0001433;PathBank_SMP0001434;PathBank_SMP0001435;PathBank_SMP0001436;PathBank_SMP0001437;PathBank_SMP0001438;PathBank_SMP0001439;PathBank_SMP0001440;PathBank_SMP0001441;PathBank_SMP0001442;PathBank_SMP0001443;PathBank_SMP0001444;PathBank_SMP0001445;PathBank_SMP0001446;PathBank_SMP0001447;PathBank_SMP0001448;PathBank_SMP0001449;PathBank_SMP0001450;PathBank_SMP0001451;PathBank_SMP0001452;PathBank_SMP0001453;PathBank_SMP0001455;PathBank_SMP0001456;PathBank_SMP0001457;PathBank_SMP0001458;PathBank_SMP0001459;PathBank_SMP0001460;PathBank_SMP0001461;PathBank_SMP0001462;PathBank_SMP0001463;PathBank_SMP0001464;PathBank_SMP0001465;PathBank_SMP0001466;PathBank_SMP0001467;PathBank_SMP0001468;PathBank_SMP0001469;PathBank_SMP0001470;PathBank_SMP0001471;PathBank_SMP0001472;PathBank_SMP0001473;PathBank_SMP0001474;PathBank_SMP0001475;PathBank_SMP0001476;PathBank_SMP0001477;PathBank_SMP0001478;PathBank_SMP0001479;PathBank_SMP0001480;PathBank_SMP0001481;PathBank_SMP0001482;PathBank_SMP0001483;PathBank_SMP0001484;PathBank_SMP0001485;PathBank_SMP0001486;PathBank_SMP0001487;PathBank_SMP0001488;PathBank_SMP0001489;PathBank_SMP0001490;PathBank_SMP0001491;PathBank_SMP0001492;PathBank_SMP0001493;PathBank_SMP0001494;PathBank_SMP0001495;PathBank_SMP0001496;PathBank_SMP0001497;PathBank_SMP0001498;PathBank_SMP0001499;PathBank_SMP0001500;PathBank_SMP0001501;PathBank_SMP0001502;PathBank_SMP0001503;PathBank_SMP0001504;PathBank_SMP0001505;PathBank_SMP0001506;PathBank_SMP0001507;PathBank_SMP0001508;PathBank_SMP0001509;PathBank_SMP0001510;PathBank_SMP0001511;PathBank_SMP0001512;PathBank_SMP0001513;PathBank_SMP0001514;PathBank_SMP0001515;PathBank_SMP0001516;PathBank_SMP0001517;PathBank_SMP0001518;PathBank_SMP0001519;PathBank_SMP0001520;PathBank_SMP0001521;PathBank_SMP0001522;PathBank_SMP0001523;PathBank_SMP0001524;PathBank_SMP0001525;PathBank_SMP0001526;PathBank_SMP0001527;PathBank_SMP0001528;PathBank_SMP0001529;PathBank_SMP0001530;PathBank_SMP0001531;PathBank_SMP0001532;PathBank_SMP0001533;PathBank_SMP0001534;PathBank_SMP0001535;PathBank_SMP0001536;PathBank_SMP0001537;PathBank_SMP0001538;PathBank_SMP0001539;PathBank_SMP0001540;PathBank_SMP0001541;PathBank_SMP0001542;PathBank_SMP0001543;PathBank_SMP0001544;PathBank_SMP0001545;PathBank_SMP0001547;PathBank_SMP0001548;PathBank_SMP0001549;PathBank_SMP0001550;PathBank_SMP0001551;PathBank_SMP0001552;PathBank_SMP0001553;PathBank_SMP0001554;PathBank_SMP0001555;PathBank_SMP0001556;PathBank_SMP0001557;PathBank_SMP0001558;PathBank_SMP0001559;PathBank_SMP0001560;PathBank_SMP0001561;PathBank_SMP0001562;PathBank_SMP0001563;PathBank_SMP0001564;PathBank_SMP0001565;PathBank_SMP0001566;PathBank_SMP0001567;PathBank_SMP0001568;PathBank_SMP0001569;PathBank_SMP0001570;PathBank_SMP0001571;PathBank_SMP0001572;PathBank_SMP0001573;PathBank_SMP0001574;PathBank_SMP0001575;PathBank_SMP0001576;PathBank_SMP0001577;PathBank_SMP0001578;PathBank_SMP0001579;PathBank_SMP0001580;PathBank_SMP0001581;PathBank_SMP0001582;PathBank_SMP0001583;PathBank_SMP0001584;PathBank_SMP0001585;PathBank_SMP0001586;PathBank_SMP0001587;PathBank_SMP0001588;PathBank_SMP0001589;PathBank_SMP0001590;PathBank_SMP0001591;PathBank_SMP0001592;PathBank_SMP0001593;PathBank_SMP0001594;PathBank_SMP0001595;PathBank_SMP0001596;PathBank_SMP0001597;PathBank_SMP0001598;PathBank_SMP0001599;PathBank_SMP0001600;PathBank_SMP0001601;PathBank_SMP0001602;PathBank_SMP0001604;PathBank_SMP0001605;PathBank_SMP0001606;PathBank_SMP0001607;PathBank_SMP0001608;PathBank_SMP0001609;PathBank_SMP0001610;PathBank_SMP0001611;PathBank_SMP0001612;PathBank_SMP0001613;PathBank_SMP0001614;PathBank_SMP0001615;PathBank_SMP0001616;PathBank_SMP0001617;PathBank_SMP0001618;PathBank_SMP0001619;PathBank_SMP0001620;PathBank_SMP0001621;PathBank_SMP0001622;PathBank_SMP0001623;PathBank_SMP0001624;PathBank_SMP0001625;PathBank_SMP0001626;PathBank_SMP0001627;PathBank_SMP0001628;PathBank_SMP0001629;PathBank_SMP0001630;PathBank_SMP0001631;PathBank_SMP0001632;PathBank_SMP0001633;PathBank_SMP0001634;PathBank_SMP0001635;PathBank_SMP0001637;PathBank_SMP0001638;PathBank_SMP0001639;PathBank_SMP0001640;PathBank_SMP0001641;PathBank_SMP0001642;PathBank_SMP0001643;PathBank_SMP0001644;PathBank_SMP0001645;PathBank_SMP0001646;PathBank_SMP0001647;PathBank_SMP0001648;PathBank_SMP0001649;PathBank_SMP0001650;PathBank_SMP0001651;PathBank_SMP0001652;PathBank_SMP0001653;PathBank_SMP0001654;PathBank_SMP0001655;PathBank_SMP0001656;PathBank_SMP0001657;PathBank_SMP0001658;PathBank_SMP0001659;PathBank_SMP0001660;PathBank_SMP0001661;PathBank_SMP0001662;PathBank_SMP0001663;PathBank_SMP0001664;PathBank_SMP0001665;PathBank_SMP0001666;PathBank_SMP0001667;PathBank_SMP0001668;PathBank_SMP0001669;PathBank_SMP0001670;PathBank_SMP0001671;PathBank_SMP0001672;PathBank_SMP0001673;PathBank_SMP0001674;PathBank_SMP0001675;PathBank_SMP0001676;PathBank_SMP0001677;PathBank_SMP0001678;PathBank_SMP0001679;PathBank_SMP0001680;PathBank_SMP0001681;PathBank_SMP0001682;PathBank_SMP0001683;PathBank_SMP0001684;PathBank_SMP0001685;PathBank_SMP0001686;PathBank_SMP0001687;PathBank_SMP0001688;PathBank_SMP0001689;PathBank_SMP0001690;PathBank_SMP0001691;PathBank_SMP0001692;PathBank_SMP0001693;PathBank_SMP0001694;PathBank_SMP0001695;PathBank_SMP0001696;PathBank_SMP0001697;PathBank_SMP0001698;PathBank_SMP0001699;PathBank_SMP0001700;PathBank_SMP0001701;PathBank_SMP0001702;PathBank_SMP0001703;PathBank_SMP0001704;PathBank_SMP0001705;PathBank_SMP0001706;PathBank_SMP0001707;PathBank_SMP0001708;PathBank_SMP0001709;PathBank_SMP0001710;PathBank_SMP0001711;PathBank_SMP0001712;PathBank_SMP0001713;PathBank_SMP0001714;PathBank_SMP0001715;PathBank_SMP0001716;PathBank_SMP0001717;PathBank_SMP0001718;PathBank_SMP0001719;PathBank_SMP0001720;PathBank_SMP0001721;PathBank_SMP0001722;PathBank_SMP0001723;PathBank_SMP0001724;PathBank_SMP0001725;PathBank_SMP0001726;PathBank_SMP0001727;PathBank_SMP0001728;PathBank_SMP0001739;PathBank_SMP0001774;PathBank_SMP0001796;PathBank_SMP0001798;PathBank_SMP0001799;PathBank_SMP0001804;PathBank_SMP0001885;PathBank_SMP0001921;PathBank_SMP0001926;PathBank_SMP0001929;PathBank_SMP0001931;PathBank_SMP0001937;PathBank_SMP0001943;PathBank_SMP0001946;PathBank_SMP0001950;PathBank_SMP0001951;PathBank_SMP0001952;PathBank_SMP0001954;PathBank_SMP0001956;PathBank_SMP0001958;PathBank_SMP0001961;PathBank_SMP0001966;PathBank_SMP0001968;PathBank_SMP0001969;PathBank_SMP0001971;PathBank_SMP0001973;PathBank_SMP0001974;PathBank_SMP0001975;PathBank_SMP0001976;PathBank_SMP0001977;PathBank_SMP0001978;PathBank_SMP0001979;PathBank_SMP0001980;PathBank_SMP0001982;PathBank_SMP0001983;PathBank_SMP0001986;PathBank_SMP0001988;PathBank_SMP0001989;PathBank_SMP0001990;PathBank_SMP0001991;PathBank_SMP0001992;PathBank_SMP0001993;PathBank_SMP0001995;PathBank_SMP0001997;PathBank_SMP0001998;PathBank_SMP0002000;PathBank_SMP0002002;PathBank_SMP0002003;PathBank_SMP0002006;PathBank_SMP0002008;PathBank_SMP0002010;PathBank_SMP0002013;PathBank_SMP0002016;PathBank_SMP0002019;PathBank_SMP0002021;PathBank_SMP0002022;PathBank_SMP0002025;PathBank_SMP0002026;PathBank_SMP0002027;PathBank_SMP0002028;PathBank_SMP0002029;PathBank_SMP0002127
P0AEJ6,,,,,,1.0,PathBank_SMP0002106
P0C024,,,,,,1.0,Reactome_R-HSA-1430728
P0C869,,,,,,1.0,PathBank_SMP0000025
P0CG29,,,,,,2.0,Reactome_R-HSA-1430728;Reactome_R-HSA-211859
P0CG30,,,,,,2.0,Reactome_R-HSA-1430728;Reactome_R-HSA-211859
P0DJ07,,,,,,1.0,Reactome_R-HSA-1430728
P0DKB6,,,,,,1.0,Reactome_R-HSA-1430728
P0DMN0,,,,,,2.0,Reactome_R-HSA-1430728;Reactome_R-HSA-211859
P10515,,,,,,1.0,Reactome_R-HSA-1430728
P10599,,,,,,1.0,Reactome_R-HSA-1430728
P10606,,,,,,1.0,Reactome_R-HSA-1430728
P10620,,,,,,2.0,Reactome_R-HSA-1430728;Reactome_R-HSA-211859
P11086,,,,,,1.0,Reactome_R-HSA-1430728
P11168,,,,,,1.0,Reactome_R-HSA-1430728
P11172,,,,,,1.0,Reactome_R-HSA-1430728
P11177,,,,,,1.0,Reactome_R-HSA-1430728
P11182,,,,,,1.0,Reactome_R-HSA-1430728
P11216,,,,,,2.0,BioCyc_META_PWY-5941;Reactome_R-HSA-1430728
P11310,,,,,,1.0,Reactome_R-HSA-1430728
P11498,,,,,,1.0,Reactome_R-HSA-1430728
P11586,,,,,,1.0,Reactome_R-HSA-1430728
P11766,,,,,,3.0,Reactome_R-HSA-1430728;Reactome_R-HSA-211859;Reactome_R-HSA-211945
P11908,,,,,,1.0,Reactome_R-HSA-1430728
P11926,,,,,,1.0,Reactome_R-HSA-1430728
P12235,,,,,,1.0,Reactome_R-HSA-1430728
P12532,,,,,,1.0,Reactome_R-HSA-1430728
P12694,,,,,,1.0,Reactome_R-HSA-1430728
P13196,,,,,,1.0,Reactome_R-HSA-1430728
P13686,,,,,,1.0,Reactome_R-HSA-1430728
P13716,,,,,,1.0,Reactome_R-HSA-1430728
P13929,,,,,,1.0,Reactome_R-HSA-1430728
P14061,,,,,,1.0,Reactome_R-HSA-1430728
P14207,,,,,,1.0,Reactome_R-HSA-1430728
P14324,,,,,,1.0,Reactome_R-HSA-1430728
P14555,,,,,,2.0,Reactome_R-HSA-1430728;WikiPathways_WP2533
P14618-1,,,,,,1.0,Reactome_R-HSA-1430728
P14618-2,,,,,,1.0,Reactome_R-HSA-1430728
P14679,,,,,,1.0,Reactome_R-HSA-1430728
P14868,,,,,,1.0,Reactome_R-HSA-1430728
P14902,,,,,,1.0,Reactome_R-HSA-1430728
P14920,,,,,,1.0,Reactome_R-HSA-1430728
P14927,,,,,,1.0,Reactome_R-HSA-1430728
P15104,,,,,,1.0,Reactome_R-HSA-1430728
P15121,,,,,,1.0,Reactome_R-HSA-1430728
P15259,,,,,,1.0,Reactome_R-HSA-1430728
P15289,,,,,,1.0,Reactome_R-HSA-1430728
P15291,,,,,,1.0,Reactome_R-HSA-1430728
P15428,,,,,,1.0,Reactome_R-HSA-1430728
P15531,,,,,,1.0,Reactome_R-HSA-1430728
P15586,,,,,,1.0,Reactome_R-HSA-1430728
P15735,,,,,,1.0,Reactome_R-HSA-1430728
P15848,,,,,,1.0,Reactome_R-HSA-1430728
P16050,,,,,,1.0,Reactome_R-HSA-1430728
P16083,,,,,,3.0,Reactome_R-HSA-1430728;Reactome_R-HSA-211859;Reactome_R-HSA-211945
P16118,,,,,,1.0,Reactome_R-HSA-1430728
P16152,,,,,,1.0,Reactome_R-HSA-1430728
P16219,,,,,,1.0,Reactome_R-HSA-1430728
P16233,,,,,,1.0,Reactome_R-HSA-1430728
P16260,,,,,,1.0,Reactome_R-HSA-1430728
P16435,,,,,,4.0,Reactome_R-HSA-1430728;Reactome_R-HSA-211859;Reactome_R-HSA-211897;Reactome_R-HSA-211945
P16442,,,,,,1.0,Reactome_R-HSA-1430728
P16444,,,,,,2.0,Reactome_R-HSA-1430728;Reactome_R-HSA-211859
P16885,,,,,,1.0,Reactome_R-HSA-1430728
P16930,,,,,,1.0,Reactome_R-HSA-1430728
P17174,,,,,,1.0,Reactome_R-HSA-1430728
P17252,,,,,,1.0,Reactome_R-HSA-1430728
P17405,,,,,,1.0,Reactome_R-HSA-1430728
P17540,,,,,,1.0,Reactome_R-HSA-1430728
P17568,,,,,,1.0,Reactome_R-HSA-1430728
P17643,,,,,,1.0,Reactome_R-HSA-1430728
P17707,,,,,,1.0,Reactome_R-HSA-1430728
P17735,,,,,,1.0,Reactome_R-HSA-1430728
P17858,,,,,,1.0,Reactome_R-HSA-1430728
P17898,,,,,,1.0,WikiPathways_WP2533
P17900,,,,,,1.0,Reactome_R-HSA-1430728
P18054,,,,,,1.0,Reactome_R-HSA-1430728
P18074,,,,,,1.0,Reactome_R-HSA-1430728
P18200,,,,,,635.0,PathBank_SMP0001041;PathBank_SMP0001042;PathBank_SMP0001045;PathBank_SMP0001046;PathBank_SMP0001047;PathBank_SMP0001048;PathBank_SMP0001049;PathBank_SMP0001051;PathBank_SMP0001052;PathBank_SMP0001053;PathBank_SMP0001054;PathBank_SMP0001055;PathBank_SMP0001056;PathBank_SMP0001057;PathBank_SMP0001058;PathBank_SMP0001059;PathBank_SMP0001060;PathBank_SMP0001061;PathBank_SMP0001062;PathBank_SMP0001063;PathBank_SMP0001064;PathBank_SMP0001065;PathBank_SMP0001066;PathBank_SMP0001067;PathBank_SMP0001068;PathBank_SMP0001069;PathBank_SMP0001070;PathBank_SMP0001071;PathBank_SMP0001072;PathBank_SMP0001073;PathBank_SMP0001074;PathBank_SMP0001075;PathBank_SMP0001076;PathBank_SMP0001077;PathBank_SMP0001078;PathBank_SMP0001079;PathBank_SMP0001080;PathBank_SMP0001081;PathBank_SMP0001082;PathBank_SMP0001083;PathBank_SMP0001084;PathBank_SMP0001085;PathBank_SMP0001086;PathBank_SMP0001087;PathBank_SMP0001088;PathBank_SMP0001089;PathBank_SMP0001090;PathBank_SMP0001091;PathBank_SMP0001092;PathBank_SMP0001093;PathBank_SMP0001094;PathBank_SMP0001095;PathBank_SMP0001096;PathBank_SMP0001097;PathBank_SMP0001098;PathBank_SMP0001099;PathBank_SMP0001100;PathBank_SMP0001101;PathBank_SMP0001102;PathBank_SMP0001103;PathBank_SMP0001104;PathBank_SMP0001105;PathBank_SMP0001106;PathBank_SMP0001107;PathBank_SMP0001108;PathBank_SMP0001109;PathBank_SMP0001110;PathBank_SMP0001111;PathBank_SMP0001112;PathBank_SMP0001113;PathBank_SMP0001114;PathBank_SMP0001115;PathBank_SMP0001116;PathBank_SMP0001117;PathBank_SMP0001118;PathBank_SMP0001119;PathBank_SMP0001120;PathBank_SMP0001121;PathBank_SMP0001122;PathBank_SMP0001123;PathBank_SMP0001124;PathBank_SMP0001125;PathBank_SMP0001126;PathBank_SMP0001127;PathBank_SMP0001128;PathBank_SMP0001129;PathBank_SMP0001130;PathBank_SMP0001131;PathBank_SMP0001132;PathBank_SMP0001133;PathBank_SMP0001134;PathBank_SMP0001135;PathBank_SMP0001136;PathBank_SMP0001137;PathBank_SMP0001138;PathBank_SMP0001139;PathBank_SMP0001140;PathBank_SMP0001141;PathBank_SMP0001142;PathBank_SMP0001143;PathBank_SMP0001144;PathBank_SMP0001145;PathBank_SMP0001146;PathBank_SMP0001147;PathBank_SMP0001148;PathBank_SMP0001149;PathBank_SMP0001150;PathBank_SMP0001151;PathBank_SMP0001152;PathBank_SMP0001153;PathBank_SMP0001154;PathBank_SMP0001155;PathBank_SMP0001156;PathBank_SMP0001157;PathBank_SMP0001158;PathBank_SMP0001159;PathBank_SMP0001160;PathBank_SMP0001161;PathBank_SMP0001162;PathBank_SMP0001163;PathBank_SMP0001164;PathBank_SMP0001165;PathBank_SMP0001166;PathBank_SMP0001167;PathBank_SMP0001168;PathBank_SMP0001169;PathBank_SMP0001170;PathBank_SMP0001171;PathBank_SMP0001172;PathBank_SMP0001173;PathBank_SMP0001174;PathBank_SMP0001175;PathBank_SMP0001176;PathBank_SMP0001177;PathBank_SMP0001178;PathBank_SMP0001179;PathBank_SMP0001180;PathBank_SMP0001181;PathBank_SMP0001182;PathBank_SMP0001183;PathBank_SMP0001184;PathBank_SMP0001185;PathBank_SMP0001186;PathBank_SMP0001187;PathBank_SMP0001188;PathBank_SMP0001189;PathBank_SMP0001190;PathBank_SMP0001191;PathBank_SMP0001192;PathBank_SMP0001193;PathBank_SMP0001194;PathBank_SMP0001195;PathBank_SMP0001196;PathBank_SMP0001198;PathBank_SMP0001199;PathBank_SMP0001200;PathBank_SMP0001201;PathBank_SMP0001203;PathBank_SMP0001204;PathBank_SMP0001205;PathBank_SMP0001206;PathBank_SMP0001207;PathBank_SMP0001208;PathBank_SMP0001209;PathBank_SMP0001210;PathBank_SMP0001211;PathBank_SMP0001212;PathBank_SMP0001213;PathBank_SMP0001214;PathBank_SMP0001215;PathBank_SMP0001216;PathBank_SMP0001217;PathBank_SMP0001218;PathBank_SMP0001219;PathBank_SMP0001220;PathBank_SMP0001221;PathBank_SMP0001222;PathBank_SMP0001223;PathBank_SMP0001224;PathBank_SMP0001225;PathBank_SMP0001226;PathBank_SMP0001227;PathBank_SMP0001228;PathBank_SMP0001229;PathBank_SMP0001230;PathBank_SMP0001231;PathBank_SMP0001232;PathBank_SMP0001233;PathBank_SMP0001234;PathBank_SMP0001235;PathBank_SMP0001236;PathBank_SMP0001237;PathBank_SMP0001238;PathBank_SMP0001239;PathBank_SMP0001240;PathBank_SMP0001241;PathBank_SMP0001242;PathBank_SMP0001243;PathBank_SMP0001244;PathBank_SMP0001245;PathBank_SMP0001246;PathBank_SMP0001247;PathBank_SMP0001248;PathBank_SMP0001249;PathBank_SMP0001250;PathBank_SMP0001251;PathBank_SMP0001252;PathBank_SMP0001253;PathBank_SMP0001254;PathBank_SMP0001255;PathBank_SMP0001256;PathBank_SMP0001257;PathBank_SMP0001258;PathBank_SMP0001259;PathBank_SMP0001260;PathBank_SMP0001261;PathBank_SMP0001262;PathBank_SMP0001263;PathBank_SMP0001264;PathBank_SMP0001265;PathBank_SMP0001266;PathBank_SMP0001268;PathBank_SMP0001270;PathBank_SMP0001271;PathBank_SMP0001272;PathBank_SMP0001273;PathBank_SMP0001274;PathBank_SMP0001275;PathBank_SMP0001276;PathBank_SMP0001277;PathBank_SMP0001280;PathBank_SMP0001281;PathBank_SMP0001282;PathBank_SMP0001283;PathBank_SMP0001284;PathBank_SMP0001285;PathBank_SMP0001286;PathBank_SMP0001287;PathBank_SMP0001288;PathBank_SMP0001289;PathBank_SMP0001290;PathBank_SMP0001292;PathBank_SMP0001293;PathBank_SMP0001294;PathBank_SMP0001295;PathBank_SMP0001296;PathBank_SMP0001297;PathBank_SMP0001298;PathBank_SMP0001299;PathBank_SMP0001300;PathBank_SMP0001301;PathBank_SMP0001302;PathBank_SMP0001303;PathBank_SMP0001304;PathBank_SMP0001305;PathBank_SMP0001306;PathBank_SMP0001307;PathBank_SMP0001309;PathBank_SMP0001310;PathBank_SMP0001311;PathBank_SMP0001312;PathBank_SMP0001313;PathBank_SMP0001318;PathBank_SMP0001319;PathBank_SMP0001321;PathBank_SMP0001322;PathBank_SMP0001323;PathBank_SMP0001324;PathBank_SMP0001325;PathBank_SMP0001327;PathBank_SMP0001328;PathBank_SMP0001329;PathBank_SMP0001330;PathBank_SMP0001331;PathBank_SMP0001332;PathBank_SMP0001336;PathBank_SMP0001337;PathBank_SMP0001339;PathBank_SMP0001340;PathBank_SMP0001341;PathBank_SMP0001342;PathBank_SMP0001343;PathBank_SMP0001344;PathBank_SMP0001345;PathBank_SMP0001346;PathBank_SMP0001347;PathBank_SMP0001349;PathBank_SMP0001350;PathBank_SMP0001351;PathBank_SMP0001352;PathBank_SMP0001353;PathBank_SMP0001354;PathBank_SMP0001355;PathBank_SMP0001357;PathBank_SMP0001358;PathBank_SMP0001359;PathBank_SMP0001360;PathBank_SMP0001361;PathBank_SMP0001362;PathBank_SMP0001363;PathBank_SMP0001364;PathBank_SMP0001365;PathBank_SMP0001366;PathBank_SMP0001367;PathBank_SMP0001368;PathBank_SMP0001369;PathBank_SMP0001371;PathBank_SMP0001372;PathBank_SMP0001373;PathBank_SMP0001374;PathBank_SMP0001375;PathBank_SMP0001376;PathBank_SMP0001377;PathBank_SMP0001378;PathBank_SMP0001379;PathBank_SMP0001380;PathBank_SMP0001381;PathBank_SMP0001382;PathBank_SMP0001383;PathBank_SMP0001384;PathBank_SMP0001385;PathBank_SMP0001386;PathBank_SMP0001387;PathBank_SMP0001388;PathBank_SMP0001389;PathBank_SMP0001390;PathBank_SMP0001391;PathBank_SMP0001393;PathBank_SMP0001394;PathBank_SMP0001395;PathBank_SMP0001396;PathBank_SMP0001397;PathBank_SMP0001398;PathBank_SMP0001399;PathBank_SMP0001400;PathBank_SMP0001401;PathBank_SMP0001402;PathBank_SMP0001403;PathBank_SMP0001405;PathBank_SMP0001406;PathBank_SMP0001407;PathBank_SMP0001408;PathBank_SMP0001409;PathBank_SMP0001413;PathBank_SMP0001414;PathBank_SMP0001415;PathBank_SMP0001416;PathBank_SMP0001417;PathBank_SMP0001418;PathBank_SMP0001419;PathBank_SMP0001422;PathBank_SMP0001425;PathBank_SMP0001426;PathBank_SMP0001427;PathBank_SMP0001428;PathBank_SMP0001429;PathBank_SMP0001431;PathBank_SMP0001432;PathBank_SMP0001433;PathBank_SMP0001434;PathBank_SMP0001435;PathBank_SMP0001437;PathBank_SMP0001438;PathBank_SMP0001439;PathBank_SMP0001440;PathBank_SMP0001441;PathBank_SMP0001442;PathBank_SMP0001443;PathBank_SMP0001445;PathBank_SMP0001446;PathBank_SMP0001447;PathBank_SMP0001448;PathBank_SMP0001450;PathBank_SMP0001453;PathBank_SMP0001455;PathBank_SMP0001456;PathBank_SMP0001457;PathBank_SMP0001464;PathBank_SMP0001465;PathBank_SMP0001466;PathBank_SMP0001467;PathBank_SMP0001468;PathBank_SMP0001469;PathBank_SMP0001470;PathBank_SMP0001471;PathBank_SMP0001472;PathBank_SMP0001473;PathBank_SMP0001474;PathBank_SMP0001475;PathBank_SMP0001476;PathBank_SMP0001477;PathBank_SMP0001478;PathBank_SMP0001480;PathBank_SMP0001481;PathBank_SMP0001483;PathBank_SMP0001484;PathBank_SMP0001485;PathBank_SMP0001486;PathBank_SMP0001487;PathBank_SMP0001488;PathBank_SMP0001490;PathBank_SMP0001491;PathBank_SMP0001492;PathBank_SMP0001493;PathBank_SMP0001494;PathBank_SMP0001495;PathBank_SMP0001496;PathBank_SMP0001500;PathBank_SMP0001501;PathBank_SMP0001502;PathBank_SMP0001503;PathBank_SMP0001504;PathBank_SMP0001505;PathBank_SMP0001506;PathBank_SMP0001508;PathBank_SMP0001509;PathBank_SMP0001511;PathBank_SMP0001512;PathBank_SMP0001513;PathBank_SMP0001515;PathBank_SMP0001516;PathBank_SMP0001517;PathBank_SMP0001518;PathBank_SMP0001519;PathBank_SMP0001520;PathBank_SMP0001523;PathBank_SMP0001524;PathBank_SMP0001525;PathBank_SMP0001526;PathBank_SMP0001527;PathBank_SMP0001528;PathBank_SMP0001529;PathBank_SMP0001533;PathBank_SMP0001534;PathBank_SMP0001535;PathBank_SMP0001536;PathBank_SMP0001537;PathBank_SMP0001538;PathBank_SMP0001539;PathBank_SMP0001540;PathBank_SMP0001541;PathBank_SMP0001542;PathBank_SMP0001547;PathBank_SMP0001548;PathBank_SMP0001550;PathBank_SMP0001551;PathBank_SMP0001552;PathBank_SMP0001553;PathBank_SMP0001554;PathBank_SMP0001555;PathBank_SMP0001557;PathBank_SMP0001558;PathBank_SMP0001559;PathBank_SMP0001560;PathBank_SMP0001561;PathBank_SMP0001562;PathBank_SMP0001563;PathBank_SMP0001564;PathBank_SMP0001565;PathBank_SMP0001566;PathBank_SMP0001567;PathBank_SMP0001568;PathBank_SMP0001569;PathBank_SMP0001570;PathBank_SMP0001571;PathBank_SMP0001572;PathBank_SMP0001573;PathBank_SMP0001574;PathBank_SMP0001575;PathBank_SMP0001576;PathBank_SMP0001577;PathBank_SMP0001578;PathBank_SMP0001579;PathBank_SMP0001580;PathBank_SMP0001581;PathBank_SMP0001582;PathBank_SMP0001583;PathBank_SMP0001584;PathBank_SMP0001585;PathBank_SMP0001586;PathBank_SMP0001587;PathBank_SMP0001588;PathBank_SMP0001589;PathBank_SMP0001590;PathBank_SMP0001591;PathBank_SMP0001594;PathBank_SMP0001595;PathBank_SMP0001596;PathBank_SMP0001597;PathBank_SMP0001598;PathBank_SMP0001600;PathBank_SMP0001601;PathBank_SMP0001602;PathBank_SMP0001604;PathBank_SMP0001605;PathBank_SMP0001606;PathBank_SMP0001607;PathBank_SMP0001608;PathBank_SMP0001609;PathBank_SMP0001610;PathBank_SMP0001611;PathBank_SMP0001612;PathBank_SMP0001613;PathBank_SMP0001614;PathBank_SMP0001615;PathBank_SMP0001616;PathBank_SMP0001617;PathBank_SMP0001618;PathBank_SMP0001619;PathBank_SMP0001620;PathBank_SMP0001621;PathBank_SMP0001622;PathBank_SMP0001623;PathBank_SMP0001624;PathBank_SMP0001625;PathBank_SMP0001626;PathBank_SMP0001627;PathBank_SMP0001628;PathBank_SMP0001629;PathBank_SMP0001630;PathBank_SMP0001631;PathBank_SMP0001632;PathBank_SMP0001633;PathBank_SMP0001634;PathBank_SMP0001635;PathBank_SMP0001637;PathBank_SMP0001638;PathBank_SMP0001639;PathBank_SMP0001640;PathBank_SMP0001641;PathBank_SMP0001642;PathBank_SMP0001643;PathBank_SMP0001644;PathBank_SMP0001645;PathBank_SMP0001646;PathBank_SMP0001647;PathBank_SMP0001650;PathBank_SMP0001651;PathBank_SMP0001652;PathBank_SMP0001654;PathBank_SMP0001656;PathBank_SMP0001657;PathBank_SMP0001658;PathBank_SMP0001659;PathBank_SMP0001661;PathBank_SMP0001662;PathBank_SMP0001664;PathBank_SMP0001665;PathBank_SMP0001667;PathBank_SMP0001668;PathBank_SMP0001669;PathBank_SMP0001670;PathBank_SMP0001671;PathBank_SMP0001672;PathBank_SMP0001673;PathBank_SMP0001674;PathBank_SMP0001675;PathBank_SMP0001676;PathBank_SMP0001677;PathBank_SMP0001678;PathBank_SMP0001679;PathBank_SMP0001680;PathBank_SMP0001681;PathBank_SMP0001682;PathBank_SMP0001683;PathBank_SMP0001684;PathBank_SMP0001685;PathBank_SMP0001687;PathBank_SMP0001688;PathBank_SMP0001689;PathBank_SMP0001690;PathBank_SMP0001691;PathBank_SMP0001692;PathBank_SMP0001693;PathBank_SMP0001694;PathBank_SMP0001695;PathBank_SMP0001696;PathBank_SMP0001697;PathBank_SMP0001698;PathBank_SMP0001699;PathBank_SMP0001700;PathBank_SMP0001701;PathBank_SMP0001702;PathBank_SMP0001703;PathBank_SMP0001704;PathBank_SMP0001705;PathBank_SMP0001706;PathBank_SMP0001708;PathBank_SMP0001709;PathBank_SMP0001711;PathBank_SMP0001712;PathBank_SMP0001713;PathBank_SMP0001715;PathBank_SMP0001717;PathBank_SMP0001720;PathBank_SMP0001722;PathBank_SMP0001727;PathBank_SMP0001739;PathBank_SMP0001774;PathBank_SMP0001798;PathBank_SMP0001804;PathBank_SMP0001885;PathBank_SMP0001921;PathBank_SMP0001926;PathBank_SMP0001929;PathBank_SMP0001966;PathBank_SMP0001968;PathBank_SMP0001969;PathBank_SMP0001973;PathBank_SMP0001975;PathBank_SMP0001976;PathBank_SMP0001977;PathBank_SMP0001978;PathBank_SMP0001980;PathBank_SMP0001982;PathBank_SMP0001983;PathBank_SMP0001988;PathBank_SMP0001989;PathBank_SMP0001990;PathBank_SMP0001993;PathBank_SMP0001995;PathBank_SMP0001997;PathBank_SMP0001998;PathBank_SMP0002000;PathBank_SMP0002002;PathBank_SMP0002003;PathBank_SMP0002006;PathBank_SMP0002010;PathBank_SMP0002013;PathBank_SMP0002016;PathBank_SMP0002019;PathBank_SMP0002021;PathBank_SMP0002022;PathBank_SMP0002026;PathBank_SMP0002127
P18405,,,,,,1.0,Reactome_R-HSA-1430728
P18440,,,,,,2.0,Reactome_R-HSA-1430728;Reactome_R-HSA-211859
P18577,,,,,,1.0,Reactome_R-HSA-1430728
P18669,,,,,,1.0,Reactome_R-HSA-1430728
P18827,,,,,,1.0,Reactome_R-HSA-1430728
P18859,,,,,,1.0,Reactome_R-HSA-1430728
P19113,,,,,,1.0,Reactome_R-HSA-1430728
P19174,,,,,,1.0,Reactome_R-HSA-1430728
P19404,,,,,,1.0,Reactome_R-HSA-1430728
P19440,,,,,,2.0,Reactome_R-HSA-1430728;Reactome_R-HSA-211859
P19526,,,,,,1.0,Reactome_R-HSA-1430728
P19634,,,,,,1.0,Reactome_R-HSA-1430728
P19636,,,,,,1.0,PathBank_SMP0002106
P19793,,,,,,4.0,Reactome_R-HSA-1430728;Reactome_R-HSA-211859;Reactome_R-HSA-211897;Reactome_R-HSA-211945
P19801,,,,,,3.0,Reactome_R-HSA-1430728;Reactome_R-HSA-211859;Reactome_R-HSA-211945
P19971,,,,,,1.0,Reactome_R-HSA-1430728
P20061,,,,,,1.0,Reactome_R-HSA-1430728
P20062,,,,,,1.0,Reactome_R-HSA-1430728
P20132,,,,,,1.0,Reactome_R-HSA-1430728
P20292,,,,,,1.0,Reactome_R-HSA-1430728
P20338,,,,,,1.0,Reactome_R-HSA-1430728
P20339,,,,,,1.0,Reactome_R-HSA-1430728
P20645,,,,,,1.0,Reactome_R-HSA-1430728
P20674,,,,,,1.0,Reactome_R-HSA-1430728
P20711,,,,,,1.0,Reactome_R-HSA-1430728
P20839,,,,,,1.0,Reactome_R-HSA-1430728
P21108,,,,,,1.0,Reactome_R-HSA-1430728
P21217,,,,,,1.0,Reactome_R-HSA-1430728
P21266,,,,,,2.0,Reactome_R-HSA-1430728;Reactome_R-HSA-211859
P21397,,,,,,3.0,Reactome_R-HSA-1430728;Reactome_R-HSA-211859;Reactome_R-HSA-211945
P21399,,,,,,1.0,Reactome_R-HSA-1430728
P21549,,,,,,1.0,Reactome_R-HSA-1430728
P21673,,,,,,1.0,Reactome_R-HSA-1430728
P21695,,,,,,3.0,PathBank_SMP0000025;Reactome_R-HSA-1430728;WikiPathways_WP2533
P21912,,,,,,1.0,Reactome_R-HSA-1430728
P21953,,,,,,1.0,Reactome_R-HSA-1430728
P22033,,,,,,1.0,Reactome_R-HSA-1430728
P22102,,,,,,1.0,Reactome_R-HSA-1430728
P22234,,,,,,1.0,Reactome_R-HSA-1430728
P22304,,,,,,1.0,Reactome_R-HSA-1430728
P22307-1,,,,,,1.0,Reactome_R-HSA-1430728
P22310,,,,,,2.0,Reactome_R-HSA-1430728;Reactome_R-HSA-211859
P22557,,,,,,1.0,Reactome_R-HSA-1430728
P22570,,,,,,4.0,Reactome_R-HSA-1430728;Reactome_R-HSA-211859;Reactome_R-HSA-211897;Reactome_R-HSA-211945
P22680,,,,,,1.0,Reactome_R-HSA-1430728
P22748,,,,,,1.0,Reactome_R-HSA-1430728
P22830,,,,,,1.0,Reactome_R-HSA-1430728
P23109,,,,,,1.0,Reactome_R-HSA-1430728
P23219,,,,,,3.0,Reactome_R-HSA-1430728;Reactome_R-HSA-211859;Reactome_R-HSA-211945
P23280,,,,,,1.0,Reactome_R-HSA-1430728
P23378,,,,,,1.0,Reactome_R-HSA-1430728
P23434,,,,,,1.0,Reactome_R-HSA-1430728
P23743,,,,,,1.0,PathBank_SMP0000025
P23786,,,,,,1.0,Reactome_R-HSA-1430728
P23830,,,,,,722.0,PathBank_SMP0001041;PathBank_SMP0001042;PathBank_SMP0001045;PathBank_SMP0001046;PathBank_SMP0001047;PathBank_SMP0001048;PathBank_SMP0001049;PathBank_SMP0001051;PathBank_SMP0001052;PathBank_SMP0001053;PathBank_SMP0001054;PathBank_SMP0001055;PathBank_SMP0001056;PathBank_SMP0001057;PathBank_SMP0001058;PathBank_SMP0001059;PathBank_SMP0001060;PathBank_SMP0001061;PathBank_SMP0001062;PathBank_SMP0001063;PathBank_SMP0001064;PathBank_SMP0001065;PathBank_SMP0001066;PathBank_SMP0001067;PathBank_SMP0001068;PathBank_SMP0001069;PathBank_SMP0001070;PathBank_SMP0001071;PathBank_SMP0001072;PathBank_SMP0001073;PathBank_SMP0001074;PathBank_SMP0001075;PathBank_SMP0001076;PathBank_SMP0001077;PathBank_SMP0001078;PathBank_SMP0001079;PathBank_SMP0001080;PathBank_SMP0001081;PathBank_SMP0001082;PathBank_SMP0001083;PathBank_SMP0001084;PathBank_SMP0001085;PathBank_SMP0001086;PathBank_SMP0001087;PathBank_SMP0001088;PathBank_SMP0001089;PathBank_SMP0001090;PathBank_SMP0001091;PathBank_SMP0001092;PathBank_SMP0001093;PathBank_SMP0001094;PathBank_SMP0001095;PathBank_SMP0001096;PathBank_SMP0001097;PathBank_SMP0001098;PathBank_SMP0001099;PathBank_SMP0001100;PathBank_SMP0001101;PathBank_SMP0001102;PathBank_SMP0001103;PathBank_SMP0001104;PathBank_SMP0001105;PathBank_SMP0001106;PathBank_SMP0001107;PathBank_SMP0001108;PathBank_SMP0001109;PathBank_SMP0001110;PathBank_SMP0001111;PathBank_SMP0001112;PathBank_SMP0001113;PathBank_SMP0001114;PathBank_SMP0001115;PathBank_SMP0001116;PathBank_SMP0001117;PathBank_SMP0001118;PathBank_SMP0001119;PathBank_SMP0001120;PathBank_SMP0001121;PathBank_SMP0001122;PathBank_SMP0001123;PathBank_SMP0001124;PathBank_SMP0001125;PathBank_SMP0001126;PathBank_SMP0001127;PathBank_SMP0001128;PathBank_SMP0001129;PathBank_SMP0001130;PathBank_SMP0001131;PathBank_SMP0001132;PathBank_SMP0001133;PathBank_SMP0001134;PathBank_SMP0001135;PathBank_SMP0001136;PathBank_SMP0001137;PathBank_SMP0001138;PathBank_SMP0001139;PathBank_SMP0001140;PathBank_SMP0001141;PathBank_SMP0001142;PathBank_SMP0001143;PathBank_SMP0001144;PathBank_SMP0001145;PathBank_SMP0001146;PathBank_SMP0001147;PathBank_SMP0001148;PathBank_SMP0001149;PathBank_SMP0001150;PathBank_SMP0001151;PathBank_SMP0001152;PathBank_SMP0001153;PathBank_SMP0001154;PathBank_SMP0001155;PathBank_SMP0001156;PathBank_SMP0001157;PathBank_SMP0001158;PathBank_SMP0001159;PathBank_SMP0001160;PathBank_SMP0001161;PathBank_SMP0001162;PathBank_SMP0001163;PathBank_SMP0001164;PathBank_SMP0001165;PathBank_SMP0001166;PathBank_SMP0001167;PathBank_SMP0001168;PathBank_SMP0001169;PathBank_SMP0001170;PathBank_SMP0001171;PathBank_SMP0001172;PathBank_SMP0001173;PathBank_SMP0001174;PathBank_SMP0001175;PathBank_SMP0001176;PathBank_SMP0001177;PathBank_SMP0001178;PathBank_SMP0001179;PathBank_SMP0001180;PathBank_SMP0001181;PathBank_SMP0001182;PathBank_SMP0001183;PathBank_SMP0001184;PathBank_SMP0001185;PathBank_SMP0001186;PathBank_SMP0001187;PathBank_SMP0001188;PathBank_SMP0001189;PathBank_SMP0001190;PathBank_SMP0001191;PathBank_SMP0001192;PathBank_SMP0001193;PathBank_SMP0001194;PathBank_SMP0001195;PathBank_SMP0001196;PathBank_SMP0001197;PathBank_SMP0001198;PathBank_SMP0001199;PathBank_SMP0001200;PathBank_SMP0001201;PathBank_SMP0001203;PathBank_SMP0001204;PathBank_SMP0001205;PathBank_SMP0001206;PathBank_SMP0001207;PathBank_SMP0001208;PathBank_SMP0001209;PathBank_SMP0001210;PathBank_SMP0001211;PathBank_SMP0001212;PathBank_SMP0001213;PathBank_SMP0001214;PathBank_SMP0001215;PathBank_SMP0001216;PathBank_SMP0001217;PathBank_SMP0001218;PathBank_SMP0001219;PathBank_SMP0001220;PathBank_SMP0001221;PathBank_SMP0001222;PathBank_SMP0001223;PathBank_SMP0001224;PathBank_SMP0001225;PathBank_SMP0001226;PathBank_SMP0001227;PathBank_SMP0001228;PathBank_SMP0001229;PathBank_SMP0001230;PathBank_SMP0001231;PathBank_SMP0001232;PathBank_SMP0001233;PathBank_SMP0001234;PathBank_SMP0001235;PathBank_SMP0001236;PathBank_SMP0001237;PathBank_SMP0001238;PathBank_SMP0001239;PathBank_SMP0001240;PathBank_SMP0001241;PathBank_SMP0001242;PathBank_SMP0001243;PathBank_SMP0001244;PathBank_SMP0001245;PathBank_SMP0001246;PathBank_SMP0001247;PathBank_SMP0001248;PathBank_SMP0001249;PathBank_SMP0001250;PathBank_SMP0001251;PathBank_SMP0001252;PathBank_SMP0001253;PathBank_SMP0001254;PathBank_SMP0001255;PathBank_SMP0001256;PathBank_SMP0001257;PathBank_SMP0001258;PathBank_SMP0001259;PathBank_SMP0001260;PathBank_SMP0001261;PathBank_SMP0001262;PathBank_SMP0001263;PathBank_SMP0001264;PathBank_SMP0001265;PathBank_SMP0001266;PathBank_SMP0001267;PathBank_SMP0001268;PathBank_SMP0001269;PathBank_SMP0001270;PathBank_SMP0001271;PathBank_SMP0001272;PathBank_SMP0001273;PathBank_SMP0001274;PathBank_SMP0001275;PathBank_SMP0001276;PathBank_SMP0001277;PathBank_SMP0001278;PathBank_SMP0001279;PathBank_SMP0001280;PathBank_SMP0001281;PathBank_SMP0001282;PathBank_SMP0001283;PathBank_SMP0001284;PathBank_SMP0001285;PathBank_SMP0001286;PathBank_SMP0001287;PathBank_SMP0001288;PathBank_SMP0001289;PathBank_SMP0001290;PathBank_SMP0001291;PathBank_SMP0001292;PathBank_SMP0001293;PathBank_SMP0001294;PathBank_SMP0001295;PathBank_SMP0001296;PathBank_SMP0001297;PathBank_SMP0001298;PathBank_SMP0001299;PathBank_SMP0001300;PathBank_SMP0001301;PathBank_SMP0001302;PathBank_SMP0001303;PathBank_SMP0001304;PathBank_SMP0001305;PathBank_SMP0001306;PathBank_SMP0001307;PathBank_SMP0001308;PathBank_SMP0001309;PathBank_SMP0001310;PathBank_SMP0001311;PathBank_SMP0001312;PathBank_SMP0001313;PathBank_SMP0001314;PathBank_SMP0001315;PathBank_SMP0001316;PathBank_SMP0001317;PathBank_SMP0001318;PathBank_SMP0001319;PathBank_SMP0001320;PathBank_SMP0001321;PathBank_SMP0001322;PathBank_SMP0001323;PathBank_SMP0001324;PathBank_SMP0001325;PathBank_SMP0001326;PathBank_SMP0001327;PathBank_SMP0001328;PathBank_SMP0001329;PathBank_SMP0001330;PathBank_SMP0001331;PathBank_SMP0001332;PathBank_SMP0001333;PathBank_SMP0001334;PathBank_SMP0001335;PathBank_SMP0001336;PathBank_SMP0001337;PathBank_SMP0001338;PathBank_SMP0001339;PathBank_SMP0001340;PathBank_SMP0001341;PathBank_SMP0001342;PathBank_SMP0001343;PathBank_SMP0001344;PathBank_SMP0001345;PathBank_SMP0001346;PathBank_SMP0001347;PathBank_SMP0001348;PathBank_SMP0001349;PathBank_SMP0001350;PathBank_SMP0001351;PathBank_SMP0001352;PathBank_SMP0001354;PathBank_SMP0001355;PathBank_SMP0001356;PathBank_SMP0001357;PathBank_SMP0001358;PathBank_SMP0001359;PathBank_SMP0001360;PathBank_SMP0001361;PathBank_SMP0001362;PathBank_SMP0001363;PathBank_SMP0001364;PathBank_SMP0001365;PathBank_SMP0001366;PathBank_SMP0001367;PathBank_SMP0001368;PathBank_SMP0001369;PathBank_SMP0001370;PathBank_SMP0001371;PathBank_SMP0001372;PathBank_SMP0001373;PathBank_SMP0001374;PathBank_SMP0001375;PathBank_SMP0001376;PathBank_SMP0001377;PathBank_SMP0001378;PathBank_SMP0001379;PathBank_SMP0001380;PathBank_SMP0001381;PathBank_SMP0001382;PathBank_SMP0001383;PathBank_SMP0001384;PathBank_SMP0001385;PathBank_SMP0001386;PathBank_SMP0001387;PathBank_SMP0001388;PathBank_SMP0001389;PathBank_SMP0001390;PathBank_SMP0001391;PathBank_SMP0001392;PathBank_SMP0001393;PathBank_SMP0001394;PathBank_SMP0001395;PathBank_SMP0001396;PathBank_SMP0001397;PathBank_SMP0001398;PathBank_SMP0001399;PathBank_SMP0001400;PathBank_SMP0001401;PathBank_SMP0001402;PathBank_SMP0001403;PathBank_SMP0001404;PathBank_SMP0001405;PathBank_SMP0001406;PathBank_SMP0001407;PathBank_SMP0001408;PathBank_SMP0001409;PathBank_SMP0001410;PathBank_SMP0001411;PathBank_SMP0001412;PathBank_SMP0001413;PathBank_SMP0001415;PathBank_SMP0001416;PathBank_SMP0001417;PathBank_SMP0001418;PathBank_SMP0001419;PathBank_SMP0001420;PathBank_SMP0001421;PathBank_SMP0001422;PathBank_SMP0001424;PathBank_SMP0001425;PathBank_SMP0001426;PathBank_SMP0001428;PathBank_SMP0001429;PathBank_SMP0001430;PathBank_SMP0001431;PathBank_SMP0001432;PathBank_SMP0001433;PathBank_SMP0001434;PathBank_SMP0001435;PathBank_SMP0001436;PathBank_SMP0001437;PathBank_SMP0001438;PathBank_SMP0001439;PathBank_SMP0001440;PathBank_SMP0001441;PathBank_SMP0001442;PathBank_SMP0001443;PathBank_SMP0001444;PathBank_SMP0001445;PathBank_SMP0001446;PathBank_SMP0001447;PathBank_SMP0001448;PathBank_SMP0001449;PathBank_SMP0001450;PathBank_SMP0001451;PathBank_SMP0001452;PathBank_SMP0001453;PathBank_SMP0001455;PathBank_SMP0001456;PathBank_SMP0001457;PathBank_SMP0001458;PathBank_SMP0001459;PathBank_SMP0001460;PathBank_SMP0001461;PathBank_SMP0001462;PathBank_SMP0001463;PathBank_SMP0001464;PathBank_SMP0001465;PathBank_SMP0001466;PathBank_SMP0001467;PathBank_SMP0001468;PathBank_SMP0001469;PathBank_SMP0001470;PathBank_SMP0001471;PathBank_SMP0001472;PathBank_SMP0001473;PathBank_SMP0001474;PathBank_SMP0001475;PathBank_SMP0001476;PathBank_SMP0001477;PathBank_SMP0001478;PathBank_SMP0001479;PathBank_SMP0001480;PathBank_SMP0001481;PathBank_SMP0001482;PathBank_SMP0001483;PathBank_SMP0001484;PathBank_SMP0001485;PathBank_SMP0001486;PathBank_SMP0001487;PathBank_SMP0001488;PathBank_SMP0001489;PathBank_SMP0001490;PathBank_SMP0001491;PathBank_SMP0001492;PathBank_SMP0001493;PathBank_SMP0001494;PathBank_SMP0001495;PathBank_SMP0001496;PathBank_SMP0001497;PathBank_SMP0001498;PathBank_SMP0001499;PathBank_SMP0001500;PathBank_SMP0001501;PathBank_SMP0001502;PathBank_SMP0001503;PathBank_SMP0001504;PathBank_SMP0001505;PathBank_SMP0001506;PathBank_SMP0001507;PathBank_SMP0001508;PathBank_SMP0001509;PathBank_SMP0001510;PathBank_SMP0001511;PathBank_SMP0001512;PathBank_SMP0001513;PathBank_SMP0001514;PathBank_SMP0001515;PathBank_SMP0001516;PathBank_SMP0001517;PathBank_SMP0001518;PathBank_SMP0001519;PathBank_SMP0001520;PathBank_SMP0001521;PathBank_SMP0001522;PathBank_SMP0001523;PathBank_SMP0001525;PathBank_SMP0001526;PathBank_SMP0001527;PathBank_SMP0001528;PathBank_SMP0001529;PathBank_SMP0001530;PathBank_SMP0001531;PathBank_SMP0001532;PathBank_SMP0001533;PathBank_SMP0001534;PathBank_SMP0001535;PathBank_SMP0001536;PathBank_SMP0001537;PathBank_SMP0001538;PathBank_SMP0001539;PathBank_SMP0001540;PathBank_SMP0001541;PathBank_SMP0001542;PathBank_SMP0001543;PathBank_SMP0001544;PathBank_SMP0001545;PathBank_SMP0001547;PathBank_SMP0001548;PathBank_SMP0001549;PathBank_SMP0001550;PathBank_SMP0001551;PathBank_SMP0001552;PathBank_SMP0001553;PathBank_SMP0001554;PathBank_SMP0001555;PathBank_SMP0001556;PathBank_SMP0001557;PathBank_SMP0001558;PathBank_SMP0001559;PathBank_SMP0001560;PathBank_SMP0001561;PathBank_SMP0001562;PathBank_SMP0001563;PathBank_SMP0001564;PathBank_SMP0001565;PathBank_SMP0001566;PathBank_SMP0001567;PathBank_SMP0001568;PathBank_SMP0001569;PathBank_SMP0001570;PathBank_SMP0001571;PathBank_SMP0001572;PathBank_SMP0001573;PathBank_SMP0001574;PathBank_SMP0001575;PathBank_SMP0001576;PathBank_SMP0001577;PathBank_SMP0001578;PathBank_SMP0001579;PathBank_SMP0001580;PathBank_SMP0001581;PathBank_SMP0001582;PathBank_SMP0001583;PathBank_SMP0001584;PathBank_SMP0001585;PathBank_SMP0001586;PathBank_SMP0001587;PathBank_SMP0001588;PathBank_SMP0001589;PathBank_SMP0001590;PathBank_SMP0001591;PathBank_SMP0001592;PathBank_SMP0001593;PathBank_SMP0001594;PathBank_SMP0001595;PathBank_SMP0001596;PathBank_SMP0001597;PathBank_SMP0001598;PathBank_SMP0001599;PathBank_SMP0001600;PathBank_SMP0001601;PathBank_SMP0001602;PathBank_SMP0001604;PathBank_SMP0001605;PathBank_SMP0001606;PathBank_SMP0001607;PathBank_SMP0001608;PathBank_SMP0001609;PathBank_SMP0001610;PathBank_SMP0001611;PathBank_SMP0001612;PathBank_SMP0001613;PathBank_SMP0001614;PathBank_SMP0001615;PathBank_SMP0001616;PathBank_SMP0001617;PathBank_SMP0001618;PathBank_SMP0001619;PathBank_SMP0001620;PathBank_SMP0001621;PathBank_SMP0001622;PathBank_SMP0001623;PathBank_SMP0001624;PathBank_SMP0001625;PathBank_SMP0001626;PathBank_SMP0001627;PathBank_SMP0001628;PathBank_SMP0001629;PathBank_SMP0001630;PathBank_SMP0001631;PathBank_SMP0001632;PathBank_SMP0001633;PathBank_SMP0001634;PathBank_SMP0001635;PathBank_SMP0001638;PathBank_SMP0001639;PathBank_SMP0001640;PathBank_SMP0001641;PathBank_SMP0001642;PathBank_SMP0001643;PathBank_SMP0001644;PathBank_SMP0001645;PathBank_SMP0001646;PathBank_SMP0001647;PathBank_SMP0001648;PathBank_SMP0001649;PathBank_SMP0001650;PathBank_SMP0001651;PathBank_SMP0001652;PathBank_SMP0001653;PathBank_SMP0001654;PathBank_SMP0001655;PathBank_SMP0001656;PathBank_SMP0001657;PathBank_SMP0001658;PathBank_SMP0001659;PathBank_SMP0001660;PathBank_SMP0001661;PathBank_SMP0001662;PathBank_SMP0001663;PathBank_SMP0001664;PathBank_SMP0001665;PathBank_SMP0001666;PathBank_SMP0001667;PathBank_SMP0001668;PathBank_SMP0001669;PathBank_SMP0001670;PathBank_SMP0001671;PathBank_SMP0001672;PathBank_SMP0001673;PathBank_SMP0001674;PathBank_SMP0001675;PathBank_SMP0001676;PathBank_SMP0001677;PathBank_SMP0001678;PathBank_SMP0001679;PathBank_SMP0001680;PathBank_SMP0001681;PathBank_SMP0001682;PathBank_SMP0001683;PathBank_SMP0001684;PathBank_SMP0001685;PathBank_SMP0001686;PathBank_SMP0001687;PathBank_SMP0001688;PathBank_SMP0001689;PathBank_SMP0001690;PathBank_SMP0001691;PathBank_SMP0001692;PathBank_SMP0001693;PathBank_SMP0001694;PathBank_SMP0001695;PathBank_SMP0001696;PathBank_SMP0001697;PathBank_SMP0001698;PathBank_SMP0001699;PathBank_SMP0001700;PathBank_SMP0001701;PathBank_SMP0001702;PathBank_SMP0001703;PathBank_SMP0001704;PathBank_SMP0001705;PathBank_SMP0001706;PathBank_SMP0001707;PathBank_SMP0001708;PathBank_SMP0001709;PathBank_SMP0001710;PathBank_SMP0001711;PathBank_SMP0001712;PathBank_SMP0001713;PathBank_SMP0001714;PathBank_SMP0001715;PathBank_SMP0001716;PathBank_SMP0001717;PathBank_SMP0001718;PathBank_SMP0001719;PathBank_SMP0001720;PathBank_SMP0001721;PathBank_SMP0001722;PathBank_SMP0001723;PathBank_SMP0001724;PathBank_SMP0001725;PathBank_SMP0001726;PathBank_SMP0001727;PathBank_SMP0001728;PathBank_SMP0001739;PathBank_SMP0001774;PathBank_SMP0001796;PathBank_SMP0001798;PathBank_SMP0001799;PathBank_SMP0001804;PathBank_SMP0001885;PathBank_SMP0001921;PathBank_SMP0001926;PathBank_SMP0001929;PathBank_SMP0001931;PathBank_SMP0001937;PathBank_SMP0001943;PathBank_SMP0001946;PathBank_SMP0001950;PathBank_SMP0001951;PathBank_SMP0001952;PathBank_SMP0001954;PathBank_SMP0001956;PathBank_SMP0001958;PathBank_SMP0001961;PathBank_SMP0001966;PathBank_SMP0001968;PathBank_SMP0001969;PathBank_SMP0001971;PathBank_SMP0001974;PathBank_SMP0001975;PathBank_SMP0001976;PathBank_SMP0001977;PathBank_SMP0001978;PathBank_SMP0001979;PathBank_SMP0001980;PathBank_SMP0001982;PathBank_SMP0001986;PathBank_SMP0001988;PathBank_SMP0001989;PathBank_SMP0001990;PathBank_SMP0001991;PathBank_SMP0001992;PathBank_SMP0001993;PathBank_SMP0001995;PathBank_SMP0002008;PathBank_SMP0002025;PathBank_SMP0002026;PathBank_SMP0002027;PathBank_SMP0002028;PathBank_SMP0002029;PathBank_SMP0002127
P23919,,,,,,1.0,Reactome_R-HSA-1430728
P23921,,,,,,1.0,Reactome_R-HSA-1430728
P24311,,,,,,1.0,Reactome_R-HSA-1430728
P24539,,,,,,1.0,Reactome_R-HSA-1430728
P24557,,,,,,4.0,Reactome_R-HSA-1430728;Reactome_R-HSA-211859;Reactome_R-HSA-211897;Reactome_R-HSA-211945
P24588,,,,,,1.0,Reactome_R-HSA-1430728
P24752,,,,,,1.0,Reactome_R-HSA-1430728
P24863,,,,,,1.0,Reactome_R-HSA-1430728
P25208,,,,,,1.0,Reactome_R-HSA-1430728
P25325,,,,,,1.0,Reactome_R-HSA-1430728
P25705,,,,,,1.0,Reactome_R-HSA-1430728
P25874,,,,,,1.0,Reactome_R-HSA-1430728
P26439,,,,,,1.0,Reactome_R-HSA-1430728
P26440,,,,,,1.0,Reactome_R-HSA-1430728
P26647,,,,,,742.0,PathBank_SMP0001041;PathBank_SMP0001042;PathBank_SMP0001045;PathBank_SMP0001046;PathBank_SMP0001047;PathBank_SMP0001048;PathBank_SMP0001049;PathBank_SMP0001051;PathBank_SMP0001052;PathBank_SMP0001053;PathBank_SMP0001054;PathBank_SMP0001055;PathBank_SMP0001056;PathBank_SMP0001057;PathBank_SMP0001058;PathBank_SMP0001059;PathBank_SMP0001060;PathBank_SMP0001061;PathBank_SMP0001062;PathBank_SMP0001063;PathBank_SMP0001064;PathBank_SMP0001065;PathBank_SMP0001066;PathBank_SMP0001067;PathBank_SMP0001068;PathBank_SMP0001069;PathBank_SMP0001070;PathBank_SMP0001071;PathBank_SMP0001072;PathBank_SMP0001073;PathBank_SMP0001074;PathBank_SMP0001075;PathBank_SMP0001076;PathBank_SMP0001077;PathBank_SMP0001078;PathBank_SMP0001079;PathBank_SMP0001080;PathBank_SMP0001081;PathBank_SMP0001082;PathBank_SMP0001083;PathBank_SMP0001084;PathBank_SMP0001085;PathBank_SMP0001086;PathBank_SMP0001087;PathBank_SMP0001088;PathBank_SMP0001089;PathBank_SMP0001090;PathBank_SMP0001091;PathBank_SMP0001092;PathBank_SMP0001093;PathBank_SMP0001094;PathBank_SMP0001095;PathBank_SMP0001096;PathBank_SMP0001097;PathBank_SMP0001098;PathBank_SMP0001099;PathBank_SMP0001100;PathBank_SMP0001101;PathBank_SMP0001102;PathBank_SMP0001103;PathBank_SMP0001104;PathBank_SMP0001105;PathBank_SMP0001106;PathBank_SMP0001107;PathBank_SMP0001108;PathBank_SMP0001109;PathBank_SMP0001110;PathBank_SMP0001111;PathBank_SMP0001112;PathBank_SMP0001113;PathBank_SMP0001114;PathBank_SMP0001115;PathBank_SMP0001116;PathBank_SMP0001117;PathBank_SMP0001118;PathBank_SMP0001119;PathBank_SMP0001120;PathBank_SMP0001121;PathBank_SMP0001122;PathBank_SMP0001123;PathBank_SMP0001124;PathBank_SMP0001125;PathBank_SMP0001126;PathBank_SMP0001127;PathBank_SMP0001128;PathBank_SMP0001129;PathBank_SMP0001130;PathBank_SMP0001131;PathBank_SMP0001132;PathBank_SMP0001133;PathBank_SMP0001134;PathBank_SMP0001135;PathBank_SMP0001136;PathBank_SMP0001137;PathBank_SMP0001138;PathBank_SMP0001139;PathBank_SMP0001140;PathBank_SMP0001141;PathBank_SMP0001142;PathBank_SMP0001143;PathBank_SMP0001144;PathBank_SMP0001145;PathBank_SMP0001146;PathBank_SMP0001147;PathBank_SMP0001148;PathBank_SMP0001149;PathBank_SMP0001150;PathBank_SMP0001151;PathBank_SMP0001152;PathBank_SMP0001153;PathBank_SMP0001154;PathBank_SMP0001155;PathBank_SMP0001156;PathBank_SMP0001157;PathBank_SMP0001158;PathBank_SMP0001159;PathBank_SMP0001160;PathBank_SMP0001161;PathBank_SMP0001162;PathBank_SMP0001163;PathBank_SMP0001164;PathBank_SMP0001165;PathBank_SMP0001166;PathBank_SMP0001167;PathBank_SMP0001168;PathBank_SMP0001169;PathBank_SMP0001170;PathBank_SMP0001171;PathBank_SMP0001172;PathBank_SMP0001173;PathBank_SMP0001174;PathBank_SMP0001175;PathBank_SMP0001176;PathBank_SMP0001177;PathBank_SMP0001178;PathBank_SMP0001179;PathBank_SMP0001180;PathBank_SMP0001181;PathBank_SMP0001182;PathBank_SMP0001183;PathBank_SMP0001184;PathBank_SMP0001185;PathBank_SMP0001186;PathBank_SMP0001187;PathBank_SMP0001188;PathBank_SMP0001189;PathBank_SMP0001190;PathBank_SMP0001191;PathBank_SMP0001192;PathBank_SMP0001193;PathBank_SMP0001194;PathBank_SMP0001195;PathBank_SMP0001196;PathBank_SMP0001197;PathBank_SMP0001198;PathBank_SMP0001199;PathBank_SMP0001200;PathBank_SMP0001201;PathBank_SMP0001203;PathBank_SMP0001204;PathBank_SMP0001205;PathBank_SMP0001206;PathBank_SMP0001207;PathBank_SMP0001208;PathBank_SMP0001209;PathBank_SMP0001210;PathBank_SMP0001211;PathBank_SMP0001212;PathBank_SMP0001213;PathBank_SMP0001214;PathBank_SMP0001215;PathBank_SMP0001216;PathBank_SMP0001217;PathBank_SMP0001218;PathBank_SMP0001219;PathBank_SMP0001220;PathBank_SMP0001221;PathBank_SMP0001222;PathBank_SMP0001223;PathBank_SMP0001224;PathBank_SMP0001225;PathBank_SMP0001226;PathBank_SMP0001227;PathBank_SMP0001228;PathBank_SMP0001229;PathBank_SMP0001230;PathBank_SMP0001231;PathBank_SMP0001232;PathBank_SMP0001233;PathBank_SMP0001234;PathBank_SMP0001235;PathBank_SMP0001236;PathBank_SMP0001237;PathBank_SMP0001238;PathBank_SMP0001239;PathBank_SMP0001240;PathBank_SMP0001241;PathBank_SMP0001242;PathBank_SMP0001243;PathBank_SMP0001244;PathBank_SMP0001245;PathBank_SMP0001246;PathBank_SMP0001247;PathBank_SMP0001248;PathBank_SMP0001249;PathBank_SMP0001250;PathBank_SMP0001251;PathBank_SMP0001252;PathBank_SMP0001253;PathBank_SMP0001254;PathBank_SMP0001255;PathBank_SMP0001256;PathBank_SMP0001257;PathBank_SMP0001258;PathBank_SMP0001259;PathBank_SMP0001260;PathBank_SMP0001261;PathBank_SMP0001262;PathBank_SMP0001263;PathBank_SMP0001264;PathBank_SMP0001265;PathBank_SMP0001266;PathBank_SMP0001267;PathBank_SMP0001268;PathBank_SMP0001269;PathBank_SMP0001270;PathBank_SMP0001271;PathBank_SMP0001272;PathBank_SMP0001273;PathBank_SMP0001274;PathBank_SMP0001275;PathBank_SMP0001276;PathBank_SMP0001277;PathBank_SMP0001278;PathBank_SMP0001279;PathBank_SMP0001280;PathBank_SMP0001281;PathBank_SMP0001282;PathBank_SMP0001283;PathBank_SMP0001284;PathBank_SMP0001285;PathBank_SMP0001286;PathBank_SMP0001287;PathBank_SMP0001288;PathBank_SMP0001289;PathBank_SMP0001290;PathBank_SMP0001291;PathBank_SMP0001292;PathBank_SMP0001293;PathBank_SMP0001294;PathBank_SMP0001295;PathBank_SMP0001296;PathBank_SMP0001297;PathBank_SMP0001298;PathBank_SMP0001299;PathBank_SMP0001300;PathBank_SMP0001301;PathBank_SMP0001302;PathBank_SMP0001303;PathBank_SMP0001304;PathBank_SMP0001305;PathBank_SMP0001306;PathBank_SMP0001307;PathBank_SMP0001308;PathBank_SMP0001309;PathBank_SMP0001310;PathBank_SMP0001311;PathBank_SMP0001312;PathBank_SMP0001313;PathBank_SMP0001314;PathBank_SMP0001315;PathBank_SMP0001316;PathBank_SMP0001317;PathBank_SMP0001318;PathBank_SMP0001319;PathBank_SMP0001320;PathBank_SMP0001321;PathBank_SMP0001322;PathBank_SMP0001323;PathBank_SMP0001324;PathBank_SMP0001325;PathBank_SMP0001326;PathBank_SMP0001327;PathBank_SMP0001328;PathBank_SMP0001329;PathBank_SMP0001330;PathBank_SMP0001331;PathBank_SMP0001332;PathBank_SMP0001333;PathBank_SMP0001334;PathBank_SMP0001335;PathBank_SMP0001336;PathBank_SMP0001337;PathBank_SMP0001338;PathBank_SMP0001339;PathBank_SMP0001340;PathBank_SMP0001341;PathBank_SMP0001342;PathBank_SMP0001343;PathBank_SMP0001344;PathBank_SMP0001345;PathBank_SMP0001346;PathBank_SMP0001347;PathBank_SMP0001348;PathBank_SMP0001349;PathBank_SMP0001350;PathBank_SMP0001351;PathBank_SMP0001352;PathBank_SMP0001353;PathBank_SMP0001354;PathBank_SMP0001355;PathBank_SMP0001356;PathBank_SMP0001357;PathBank_SMP0001358;PathBank_SMP0001359;PathBank_SMP0001360;PathBank_SMP0001361;PathBank_SMP0001362;PathBank_SMP0001363;PathBank_SMP0001364;PathBank_SMP0001365;PathBank_SMP0001366;PathBank_SMP0001367;PathBank_SMP0001368;PathBank_SMP0001369;PathBank_SMP0001370;PathBank_SMP0001371;PathBank_SMP0001372;PathBank_SMP0001373;PathBank_SMP0001374;PathBank_SMP0001375;PathBank_SMP0001376;PathBank_SMP0001377;PathBank_SMP0001378;PathBank_SMP0001379;PathBank_SMP0001380;PathBank_SMP0001381;PathBank_SMP0001382;PathBank_SMP0001383;PathBank_SMP0001384;PathBank_SMP0001385;PathBank_SMP0001386;PathBank_SMP0001387;PathBank_SMP0001388;PathBank_SMP0001389;PathBank_SMP0001390;PathBank_SMP0001391;PathBank_SMP0001392;PathBank_SMP0001393;PathBank_SMP0001394;PathBank_SMP0001395;PathBank_SMP0001396;PathBank_SMP0001397;PathBank_SMP0001398;PathBank_SMP0001399;PathBank_SMP0001400;PathBank_SMP0001401;PathBank_SMP0001402;PathBank_SMP0001403;PathBank_SMP0001404;PathBank_SMP0001405;PathBank_SMP0001406;PathBank_SMP0001407;PathBank_SMP0001408;PathBank_SMP0001409;PathBank_SMP0001410;PathBank_SMP0001411;PathBank_SMP0001412;PathBank_SMP0001413;PathBank_SMP0001414;PathBank_SMP0001415;PathBank_SMP0001416;PathBank_SMP0001417;PathBank_SMP0001418;PathBank_SMP0001419;PathBank_SMP0001420;PathBank_SMP0001421;PathBank_SMP0001422;PathBank_SMP0001423;PathBank_SMP0001424;PathBank_SMP0001425;PathBank_SMP0001426;PathBank_SMP0001427;PathBank_SMP0001428;PathBank_SMP0001429;PathBank_SMP0001430;PathBank_SMP0001431;PathBank_SMP0001432;PathBank_SMP0001433;PathBank_SMP0001434;PathBank_SMP0001435;PathBank_SMP0001436;PathBank_SMP0001437;PathBank_SMP0001438;PathBank_SMP0001439;PathBank_SMP0001440;PathBank_SMP0001441;PathBank_SMP0001442;PathBank_SMP0001443;PathBank_SMP0001444;PathBank_SMP0001445;PathBank_SMP0001446;PathBank_SMP0001447;PathBank_SMP0001448;PathBank_SMP0001449;PathBank_SMP0001450;PathBank_SMP0001451;PathBank_SMP0001452;PathBank_SMP0001453;PathBank_SMP0001455;PathBank_SMP0001456;PathBank_SMP0001457;PathBank_SMP0001458;PathBank_SMP0001459;PathBank_SMP0001460;PathBank_SMP0001461;PathBank_SMP0001462;PathBank_SMP0001463;PathBank_SMP0001464;PathBank_SMP0001465;PathBank_SMP0001466;PathBank_SMP0001467;PathBank_SMP0001468;PathBank_SMP0001469;PathBank_SMP0001470;PathBank_SMP0001471;PathBank_SMP0001472;PathBank_SMP0001473;PathBank_SMP0001474;PathBank_SMP0001475;PathBank_SMP0001476;PathBank_SMP0001477;PathBank_SMP0001478;PathBank_SMP0001479;PathBank_SMP0001480;PathBank_SMP0001481;PathBank_SMP0001482;PathBank_SMP0001483;PathBank_SMP0001484;PathBank_SMP0001485;PathBank_SMP0001486;PathBank_SMP0001487;PathBank_SMP0001488;PathBank_SMP0001489;PathBank_SMP0001490;PathBank_SMP0001491;PathBank_SMP0001492;PathBank_SMP0001493;PathBank_SMP0001494;PathBank_SMP0001495;PathBank_SMP0001496;PathBank_SMP0001497;PathBank_SMP0001498;PathBank_SMP0001499;PathBank_SMP0001500;PathBank_SMP0001501;PathBank_SMP0001502;PathBank_SMP0001503;PathBank_SMP0001504;PathBank_SMP0001505;PathBank_SMP0001506;PathBank_SMP0001507;PathBank_SMP0001508;PathBank_SMP0001509;PathBank_SMP0001510;PathBank_SMP0001511;PathBank_SMP0001512;PathBank_SMP0001513;PathBank_SMP0001514;PathBank_SMP0001515;PathBank_SMP0001516;PathBank_SMP0001517;PathBank_SMP0001518;PathBank_SMP0001519;PathBank_SMP0001520;PathBank_SMP0001521;PathBank_SMP0001522;PathBank_SMP0001523;PathBank_SMP0001524;PathBank_SMP0001525;PathBank_SMP0001526;PathBank_SMP0001527;PathBank_SMP0001528;PathBank_SMP0001529;PathBank_SMP0001530;PathBank_SMP0001531;PathBank_SMP0001532;PathBank_SMP0001533;PathBank_SMP0001534;PathBank_SMP0001535;PathBank_SMP0001536;PathBank_SMP0001537;PathBank_SMP0001538;PathBank_SMP0001539;PathBank_SMP0001540;PathBank_SMP0001541;PathBank_SMP0001542;PathBank_SMP0001543;PathBank_SMP0001544;PathBank_SMP0001545;PathBank_SMP0001547;PathBank_SMP0001548;PathBank_SMP0001549;PathBank_SMP0001550;PathBank_SMP0001551;PathBank_SMP0001552;PathBank_SMP0001553;PathBank_SMP0001554;PathBank_SMP0001555;PathBank_SMP0001556;PathBank_SMP0001557;PathBank_SMP0001558;PathBank_SMP0001559;PathBank_SMP0001560;PathBank_SMP0001561;PathBank_SMP0001562;PathBank_SMP0001563;PathBank_SMP0001564;PathBank_SMP0001565;PathBank_SMP0001566;PathBank_SMP0001567;PathBank_SMP0001568;PathBank_SMP0001569;PathBank_SMP0001570;PathBank_SMP0001571;PathBank_SMP0001572;PathBank_SMP0001573;PathBank_SMP0001574;PathBank_SMP0001575;PathBank_SMP0001576;PathBank_SMP0001577;PathBank_SMP0001578;PathBank_SMP0001579;PathBank_SMP0001580;PathBank_SMP0001581;PathBank_SMP0001582;PathBank_SMP0001583;PathBank_SMP0001584;PathBank_SMP0001585;PathBank_SMP0001586;PathBank_SMP0001587;PathBank_SMP0001588;PathBank_SMP0001589;PathBank_SMP0001590;PathBank_SMP0001591;PathBank_SMP0001592;PathBank_SMP0001593;PathBank_SMP0001594;PathBank_SMP0001595;PathBank_SMP0001596;PathBank_SMP0001597;PathBank_SMP0001598;PathBank_SMP0001599;PathBank_SMP0001600;PathBank_SMP0001601;PathBank_SMP0001602;PathBank_SMP0001604;PathBank_SMP0001605;PathBank_SMP0001606;PathBank_SMP0001607;PathBank_SMP0001608;PathBank_SMP0001609;PathBank_SMP0001610;PathBank_SMP0001611;PathBank_SMP0001612;PathBank_SMP0001613;PathBank_SMP0001614;PathBank_SMP0001615;PathBank_SMP0001616;PathBank_SMP0001617;PathBank_SMP0001618;PathBank_SMP0001619;PathBank_SMP0001620;PathBank_SMP0001621;PathBank_SMP0001622;PathBank_SMP0001623;PathBank_SMP0001624;PathBank_SMP0001625;PathBank_SMP0001626;PathBank_SMP0001627;PathBank_SMP0001628;PathBank_SMP0001629;PathBank_SMP0001630;PathBank_SMP0001631;PathBank_SMP0001632;PathBank_SMP0001633;PathBank_SMP0001634;PathBank_SMP0001635;PathBank_SMP0001637;PathBank_SMP0001638;PathBank_SMP0001639;PathBank_SMP0001640;PathBank_SMP0001641;PathBank_SMP0001642;PathBank_SMP0001643;PathBank_SMP0001644;PathBank_SMP0001645;PathBank_SMP0001646;PathBank_SMP0001647;PathBank_SMP0001648;PathBank_SMP0001649;PathBank_SMP0001650;PathBank_SMP0001651;PathBank_SMP0001652;PathBank_SMP0001653;PathBank_SMP0001654;PathBank_SMP0001655;PathBank_SMP0001656;PathBank_SMP0001657;PathBank_SMP0001658;PathBank_SMP0001659;PathBank_SMP0001660;PathBank_SMP0001661;PathBank_SMP0001662;PathBank_SMP0001663;PathBank_SMP0001664;PathBank_SMP0001665;PathBank_SMP0001666;PathBank_SMP0001667;PathBank_SMP0001668;PathBank_SMP0001669;PathBank_SMP0001670;PathBank_SMP0001671;PathBank_SMP0001672;PathBank_SMP0001673;PathBank_SMP0001674;PathBank_SMP0001675;PathBank_SMP0001676;PathBank_SMP0001677;PathBank_SMP0001678;PathBank_SMP0001679;PathBank_SMP0001680;PathBank_SMP0001681;PathBank_SMP0001682;PathBank_SMP0001683;PathBank_SMP0001684;PathBank_SMP0001685;PathBank_SMP0001686;PathBank_SMP0001687;PathBank_SMP0001688;PathBank_SMP0001689;PathBank_SMP0001690;PathBank_SMP0001691;PathBank_SMP0001692;PathBank_SMP0001693;PathBank_SMP0001694;PathBank_SMP0001695;PathBank_SMP0001696;PathBank_SMP0001697;PathBank_SMP0001698;PathBank_SMP0001699;PathBank_SMP0001700;PathBank_SMP0001701;PathBank_SMP0001702;PathBank_SMP0001703;PathBank_SMP0001704;PathBank_SMP0001705;PathBank_SMP0001706;PathBank_SMP0001707;PathBank_SMP0001708;PathBank_SMP0001709;PathBank_SMP0001710;PathBank_SMP0001711;PathBank_SMP0001712;PathBank_SMP0001713;PathBank_SMP0001714;PathBank_SMP0001715;PathBank_SMP0001716;PathBank_SMP0001717;PathBank_SMP0001718;PathBank_SMP0001719;PathBank_SMP0001720;PathBank_SMP0001721;PathBank_SMP0001722;PathBank_SMP0001723;PathBank_SMP0001724;PathBank_SMP0001725;PathBank_SMP0001726;PathBank_SMP0001727;PathBank_SMP0001728;PathBank_SMP0001739;PathBank_SMP0001774;PathBank_SMP0001796;PathBank_SMP0001798;PathBank_SMP0001799;PathBank_SMP0001804;PathBank_SMP0001885;PathBank_SMP0001921;PathBank_SMP0001926;PathBank_SMP0001929;PathBank_SMP0001931;PathBank_SMP0001937;PathBank_SMP0001943;PathBank_SMP0001946;PathBank_SMP0001950;PathBank_SMP0001951;PathBank_SMP0001952;PathBank_SMP0001954;PathBank_SMP0001956;PathBank_SMP0001958;PathBank_SMP0001961;PathBank_SMP0001966;PathBank_SMP0001968;PathBank_SMP0001969;PathBank_SMP0001971;PathBank_SMP0001973;PathBank_SMP0001974;PathBank_SMP0001975;PathBank_SMP0001976;PathBank_SMP0001977;PathBank_SMP0001978;PathBank_SMP0001979;PathBank_SMP0001980;PathBank_SMP0001982;PathBank_SMP0001983;PathBank_SMP0001986;PathBank_SMP0001988;PathBank_SMP0001989;PathBank_SMP0001990;PathBank_SMP0001991;PathBank_SMP0001992;PathBank_SMP0001993;PathBank_SMP0001995;PathBank_SMP0001997;PathBank_SMP0001998;PathBank_SMP0002000;PathBank_SMP0002002;PathBank_SMP0002003;PathBank_SMP0002006;PathBank_SMP0002008;PathBank_SMP0002010;PathBank_SMP0002013;PathBank_SMP0002016;PathBank_SMP0002019;PathBank_SMP0002021;PathBank_SMP0002022;PathBank_SMP0002025;PathBank_SMP0002026;PathBank_SMP0002027;PathBank_SMP0002028;PathBank_SMP0002029;PathBank_SMP0002127
P27144,,,,,,1.0,Reactome_R-HSA-1430728
P27352,,,,,,1.0,Reactome_R-HSA-1430728
P27469,,,,,,1.0,Reactome_R-HSA-1430728
P27986,,,,,,1.0,Reactome_R-HSA-1430728
P27987,,,,,,1.0,Reactome_R-HSA-1430728
P28161,,,,,,2.0,Reactome_R-HSA-1430728;Reactome_R-HSA-211859
P28329,,,,,,2.0,PathBank_SMP0000025;Reactome_R-HSA-1430728
P28330,,,,,,1.0,Reactome_R-HSA-1430728
P28331,,,,,,1.0,Reactome_R-HSA-1430728
P28332,,,,,,3.0,Reactome_R-HSA-1430728;Reactome_R-HSA-211859;Reactome_R-HSA-211945
P28340,,,,,,1.0,Reactome_R-HSA-1430728
P28907,,,,,,1.0,Reactome_R-HSA-1430728
P30047,,,,,,1.0,Reactome_R-HSA-1430728
P30049,,,,,,1.0,Reactome_R-HSA-1430728
P30084,,,,,,1.0,Reactome_R-HSA-1430728
P30536,,,,,,1.0,Reactome_R-HSA-1430728
P30613-1,,,,,,1.0,Reactome_R-HSA-1430728
P30613-2,,,,,,1.0,Reactome_R-HSA-1430728
P30711,,,,,,2.0,Reactome_R-HSA-1430728;Reactome_R-HSA-211859
P30793,,,,,,1.0,Reactome_R-HSA-1430728
P30837,,,,,,3.0,Reactome_R-HSA-1430728;Reactome_R-HSA-211859;Reactome_R-HSA-211945
P30838,,,,,,3.0,Reactome_R-HSA-1430728;Reactome_R-HSA-211859;Reactome_R-HSA-211945
P31040,,,,,,1.0,Reactome_R-HSA-1430728
P31153,,,,,,2.0,Reactome_R-HSA-1430728;Reactome_R-HSA-211859
P31213,,,,,,1.0,Reactome_R-HSA-1430728
P31327,,,,,,1.0,Reactome_R-HSA-1430728
P31350,,,,,,1.0,Reactome_R-HSA-1430728
P31513,,,,,,3.0,Reactome_R-HSA-1430728;Reactome_R-HSA-211859;Reactome_R-HSA-211945
P31937,,,,,,1.0,Reactome_R-HSA-1430728
P32189,,,,,,1.0,WikiPathways_WP2533
P32320,,,,,,1.0,Reactome_R-HSA-1430728
P32321,,,,,,1.0,Reactome_R-HSA-1430728
P32322,,,,,,1.0,Reactome_R-HSA-1430728
P32567,,,,,,1.0,PathBank_SMP0002392
P32784,,,,,,1.0,PathBank_SMP0002392
P33121,,,,,,1.0,Reactome_R-HSA-1430728
P33316-2,,,,,,1.0,Reactome_R-HSA-1430728
P33333,,,,,,1.0,PathBank_SMP0002392
P33401,,,,,,1.0,BioCyc_META_PWY-5941
P33412,,,,,,1.0,PathBank_SMP0002392
P33897,,,,,,1.0,Reactome_R-HSA-1430728
P34059,,,,,,1.0,Reactome_R-HSA-1430728
P34896,,,,,,1.0,Reactome_R-HSA-1430728
P34897,,,,,,1.0,Reactome_R-HSA-1430728
P34913,,,,,,1.0,Reactome_R-HSA-1430728
P35218,,,,,,1.0,Reactome_R-HSA-1430728
P35354,,,,,,1.0,Reactome_R-HSA-1430728
P35398,,,,,,1.0,Reactome_R-HSA-1430728
P35475,,,,,,1.0,Reactome_R-HSA-1430728
P35557,,,,,,1.0,Reactome_R-HSA-1430728
P35558,,,,,,1.0,Reactome_R-HSA-1430728
P35573,,,,,,2.0,BioCyc_META_PWY-5941;Reactome_R-HSA-1430728
P35575,,,,,,1.0,Reactome_R-HSA-1430728
P35658,,,,,,1.0,Reactome_R-HSA-1430728
P35790,,,,,,1056.0,PathBank_SMP0000025;PathBank_SMP0014212;PathBank_SMP0014216;PathBank_SMP0014217;PathBank_SMP0014218;PathBank_SMP0014219;PathBank_SMP0014220;PathBank_SMP0014221;PathBank_SMP0014222;PathBank_SMP0014223;PathBank_SMP0014224;PathBank_SMP0014225;PathBank_SMP0014226;PathBank_SMP0014227;PathBank_SMP0014228;PathBank_SMP0014229;PathBank_SMP0014230;PathBank_SMP0014231;PathBank_SMP0014232;PathBank_SMP0014233;PathBank_SMP0014234;PathBank_SMP0014235;PathBank_SMP0014236;PathBank_SMP0014237;PathBank_SMP0014238;PathBank_SMP0014239;PathBank_SMP0014240;PathBank_SMP0014241;PathBank_SMP0014242;PathBank_SMP0014243;PathBank_SMP0014244;PathBank_SMP0014245;PathBank_SMP0014246;PathBank_SMP0014247;PathBank_SMP0014248;PathBank_SMP0014249;PathBank_SMP0014250;PathBank_SMP0014251;PathBank_SMP0014252;PathBank_SMP0014253;PathBank_SMP0014254;PathBank_SMP0014255;PathBank_SMP0014256;PathBank_SMP0014257;PathBank_SMP0014258;PathBank_SMP0014259;PathBank_SMP0014260;PathBank_SMP0014261;PathBank_SMP0014262;PathBank_SMP0014263;PathBank_SMP0014264;PathBank_SMP0014265;PathBank_SMP0014266;PathBank_SMP0014267;PathBank_SMP0014268;PathBank_SMP0014269;PathBank_SMP0014270;PathBank_SMP0014271;PathBank_SMP0014272;PathBank_SMP0014273;PathBank_SMP0014274;PathBank_SMP0014275;PathBank_SMP0014276;PathBank_SMP0014277;PathBank_SMP0014278;PathBank_SMP0014279;PathBank_SMP0014280;PathBank_SMP0014281;PathBank_SMP0014282;PathBank_SMP0014283;PathBank_SMP0014284;PathBank_SMP0014285;PathBank_SMP0014286;PathBank_SMP0014287;PathBank_SMP0014288;PathBank_SMP0014289;PathBank_SMP0014290;PathBank_SMP0014291;PathBank_SMP0014292;PathBank_SMP0014293;PathBank_SMP0014294;PathBank_SMP0014295;PathBank_SMP0014296;PathBank_SMP0014297;PathBank_SMP0014298;PathBank_SMP0014299;PathBank_SMP0014300;PathBank_SMP0014301;PathBank_SMP0014302;PathBank_SMP0014303;PathBank_SMP0014304;PathBank_SMP0014305;PathBank_SMP0014306;PathBank_SMP0014307;PathBank_SMP0014308;PathBank_SMP0014309;PathBank_SMP0014310;PathBank_SMP0014311;PathBank_SMP0014312;PathBank_SMP0014313;PathBank_SMP0014314;PathBank_SMP0014315;PathBank_SMP0014316;PathBank_SMP0014317;PathBank_SMP0014318;PathBank_SMP0014319;PathBank_SMP0014320;PathBank_SMP0014321;PathBank_SMP0014322;PathBank_SMP0014323;PathBank_SMP0014324;PathBank_SMP0014325;PathBank_SMP0014326;PathBank_SMP0014327;PathBank_SMP0014328;PathBank_SMP0014329;PathBank_SMP0014330;PathBank_SMP0014331;PathBank_SMP0014332;PathBank_SMP0014333;PathBank_SMP0014334;PathBank_SMP0014335;PathBank_SMP0014336;PathBank_SMP0014337;PathBank_SMP0014338;PathBank_SMP0014339;PathBank_SMP0014340;PathBank_SMP0014341;PathBank_SMP0014342;PathBank_SMP0014343;PathBank_SMP0014344;PathBank_SMP0014345;PathBank_SMP0014346;PathBank_SMP0014347;PathBank_SMP0014348;PathBank_SMP0014349;PathBank_SMP0014350;PathBank_SMP0014351;PathBank_SMP0014352;PathBank_SMP0014353;PathBank_SMP0014354;PathBank_SMP0014355;PathBank_SMP0014356;PathBank_SMP0014357;PathBank_SMP0014358;PathBank_SMP0014359;PathBank_SMP0014360;PathBank_SMP0014361;PathBank_SMP0014362;PathBank_SMP0014363;PathBank_SMP0014364;PathBank_SMP0014365;PathBank_SMP0014366;PathBank_SMP0014367;PathBank_SMP0014368;PathBank_SMP0014369;PathBank_SMP0014370;PathBank_SMP0014371;PathBank_SMP0014372;PathBank_SMP0014373;PathBank_SMP0014374;PathBank_SMP0014375;PathBank_SMP0014376;PathBank_SMP0014377;PathBank_SMP0014378;PathBank_SMP0014379;PathBank_SMP0014380;PathBank_SMP0014381;PathBank_SMP0014382;PathBank_SMP0014383;PathBank_SMP0014384;PathBank_SMP0014385;PathBank_SMP0014386;PathBank_SMP0014387;PathBank_SMP0014388;PathBank_SMP0014389;PathBank_SMP0014390;PathBank_SMP0014391;PathBank_SMP0014392;PathBank_SMP0014393;PathBank_SMP0014394;PathBank_SMP0014395;PathBank_SMP0014396;PathBank_SMP0014397;PathBank_SMP0014398;PathBank_SMP0014399;PathBank_SMP0014400;PathBank_SMP0014401;PathBank_SMP0014402;PathBank_SMP0014403;PathBank_SMP0014404;PathBank_SMP0014405;PathBank_SMP0014406;PathBank_SMP0014407;PathBank_SMP0014408;PathBank_SMP0014409;PathBank_SMP0014410;PathBank_SMP0014411;PathBank_SMP0014412;PathBank_SMP0014413;PathBank_SMP0014414;PathBank_SMP0014415;PathBank_SMP0014416;PathBank_SMP0014417;PathBank_SMP0014418;PathBank_SMP0014419;PathBank_SMP0014420;PathBank_SMP0014421;PathBank_SMP0014422;PathBank_SMP0014423;PathBank_SMP0014424;PathBank_SMP0014425;PathBank_SMP0014426;PathBank_SMP0014427;PathBank_SMP0014428;PathBank_SMP0014429;PathBank_SMP0014430;PathBank_SMP0014431;PathBank_SMP0014432;PathBank_SMP0014433;PathBank_SMP0014434;PathBank_SMP0014435;PathBank_SMP0014436;PathBank_SMP0014437;PathBank_SMP0014438;PathBank_SMP0014439;PathBank_SMP0014440;PathBank_SMP0014441;PathBank_SMP0014442;PathBank_SMP0014443;PathBank_SMP0014444;PathBank_SMP0014445;PathBank_SMP0014446;PathBank_SMP0014447;PathBank_SMP0014448;PathBank_SMP0014449;PathBank_SMP0014450;PathBank_SMP0014451;PathBank_SMP0014452;PathBank_SMP0014453;PathBank_SMP0014454;PathBank_SMP0014455;PathBank_SMP0014457;PathBank_SMP0014461;PathBank_SMP0014465;PathBank_SMP0014469;PathBank_SMP0014473;PathBank_SMP0014477;PathBank_SMP0014481;PathBank_SMP0014485;PathBank_SMP0014489;PathBank_SMP0014493;PathBank_SMP0014497;PathBank_SMP0014501;PathBank_SMP0014505;PathBank_SMP0014509;PathBank_SMP0014513;PathBank_SMP0014517;PathBank_SMP0014521;PathBank_SMP0014525;PathBank_SMP0014529;PathBank_SMP0014533;PathBank_SMP0014537;PathBank_SMP0014541;PathBank_SMP0014545;PathBank_SMP0014549;PathBank_SMP0014553;PathBank_SMP0014557;PathBank_SMP0014561;PathBank_SMP0014565;PathBank_SMP0014569;PathBank_SMP0014573;PathBank_SMP0014577;PathBank_SMP0014581;PathBank_SMP0014585;PathBank_SMP0014589;PathBank_SMP0014593;PathBank_SMP0014597;PathBank_SMP0014601;PathBank_SMP0014605;PathBank_SMP0014609;PathBank_SMP0014613;PathBank_SMP0014617;PathBank_SMP0014621;PathBank_SMP0014625;PathBank_SMP0014629;PathBank_SMP0014633;PathBank_SMP0014637;PathBank_SMP0014641;PathBank_SMP0014645;PathBank_SMP0014649;PathBank_SMP0014653;PathBank_SMP0014657;PathBank_SMP0014661;PathBank_SMP0014665;PathBank_SMP0014669;PathBank_SMP0014673;PathBank_SMP0014677;PathBank_SMP0014681;PathBank_SMP0014685;PathBank_SMP0014689;PathBank_SMP0014693;PathBank_SMP0014697;PathBank_SMP0014701;PathBank_SMP0014705;PathBank_SMP0014709;PathBank_SMP0014713;PathBank_SMP0014717;PathBank_SMP0014721;PathBank_SMP0014725;PathBank_SMP0014729;PathBank_SMP0014733;PathBank_SMP0014737;PathBank_SMP0014741;PathBank_SMP0014745;PathBank_SMP0014748;PathBank_SMP0014749;PathBank_SMP0014752;PathBank_SMP0014753;PathBank_SMP0014756;PathBank_SMP0014757;PathBank_SMP0014760;PathBank_SMP0014761;PathBank_SMP0014764;PathBank_SMP0014765;PathBank_SMP0014768;PathBank_SMP0014769;PathBank_SMP0014772;PathBank_SMP0014773;PathBank_SMP0014776;PathBank_SMP0014777;PathBank_SMP0014780;PathBank_SMP0014781;PathBank_SMP0014784;PathBank_SMP0014785;PathBank_SMP0014788;PathBank_SMP0014789;PathBank_SMP0014792;PathBank_SMP0014793;PathBank_SMP0014796;PathBank_SMP0014797;PathBank_SMP0014800;PathBank_SMP0014801;PathBank_SMP0014804;PathBank_SMP0014805;PathBank_SMP0014808;PathBank_SMP0014809;PathBank_SMP0014812;PathBank_SMP0014813;PathBank_SMP0014816;PathBank_SMP0014817;PathBank_SMP0014820;PathBank_SMP0014821;PathBank_SMP0014824;PathBank_SMP0014825;PathBank_SMP0014828;PathBank_SMP0014829;PathBank_SMP0014832;PathBank_SMP0014833;PathBank_SMP0014836;PathBank_SMP0014837;PathBank_SMP0014840;PathBank_SMP0014841;PathBank_SMP0014844;PathBank_SMP0014845;PathBank_SMP0014848;PathBank_SMP0014849;PathBank_SMP0014852;PathBank_SMP0014853;PathBank_SMP0014856;PathBank_SMP0014857;PathBank_SMP0014860;PathBank_SMP0014861;PathBank_SMP0014864;PathBank_SMP0014865;PathBank_SMP0014868;PathBank_SMP0014869;PathBank_SMP0014872;PathBank_SMP0014873;PathBank_SMP0014876;PathBank_SMP0014877;PathBank_SMP0014880;PathBank_SMP0014881;PathBank_SMP0014884;PathBank_SMP0014885;PathBank_SMP0014888;PathBank_SMP0014889;PathBank_SMP0014892;PathBank_SMP0014893;PathBank_SMP0014896;PathBank_SMP0014897;PathBank_SMP0014900;PathBank_SMP0014901;PathBank_SMP0014904;PathBank_SMP0014905;PathBank_SMP0014908;PathBank_SMP0014909;PathBank_SMP0014912;PathBank_SMP0014913;PathBank_SMP0014916;PathBank_SMP0014917;PathBank_SMP0014920;PathBank_SMP0014921;PathBank_SMP0014924;PathBank_SMP0014925;PathBank_SMP0014928;PathBank_SMP0014929;PathBank_SMP0014932;PathBank_SMP0014933;PathBank_SMP0014936;PathBank_SMP0014937;PathBank_SMP0014940;PathBank_SMP0014941;PathBank_SMP0014944;PathBank_SMP0014945;PathBank_SMP0014948;PathBank_SMP0014949;PathBank_SMP0014952;PathBank_SMP0014953;PathBank_SMP0014956;PathBank_SMP0014957;PathBank_SMP0014960;PathBank_SMP0014961;PathBank_SMP0014964;PathBank_SMP0014965;PathBank_SMP0014968;PathBank_SMP0014969;PathBank_SMP0014972;PathBank_SMP0014973;PathBank_SMP0014976;PathBank_SMP0014977;PathBank_SMP0014980;PathBank_SMP0014981;PathBank_SMP0014984;PathBank_SMP0014985;PathBank_SMP0014988;PathBank_SMP0014989;PathBank_SMP0014992;PathBank_SMP0014993;PathBank_SMP0014996;PathBank_SMP0014997;PathBank_SMP0015000;PathBank_SMP0015001;PathBank_SMP0015004;PathBank_SMP0015005;PathBank_SMP0015008;PathBank_SMP0015009;PathBank_SMP0015012;PathBank_SMP0015013;PathBank_SMP0015016;PathBank_SMP0015017;PathBank_SMP0015020;PathBank_SMP0015021;PathBank_SMP0015024;PathBank_SMP0015025;PathBank_SMP0015028;PathBank_SMP0015029;PathBank_SMP0015032;PathBank_SMP0015033;PathBank_SMP0015036;PathBank_SMP0015037;PathBank_SMP0015040;PathBank_SMP0015041;PathBank_SMP0015044;PathBank_SMP0015045;PathBank_SMP0015048;PathBank_SMP0015049;PathBank_SMP0015052;PathBank_SMP0015053;PathBank_SMP0015056;PathBank_SMP0015057;PathBank_SMP0015060;PathBank_SMP0015061;PathBank_SMP0015064;PathBank_SMP0015065;PathBank_SMP0015068;PathBank_SMP0015069;PathBank_SMP0015072;PathBank_SMP0015073;PathBank_SMP0015076;PathBank_SMP0015077;PathBank_SMP0015080;PathBank_SMP0015081;PathBank_SMP0015084;PathBank_SMP0015085;PathBank_SMP0015088;PathBank_SMP0015089;PathBank_SMP0015092;PathBank_SMP0015093;PathBank_SMP0015096;PathBank_SMP0015097;PathBank_SMP0015100;PathBank_SMP0015101;PathBank_SMP0015104;PathBank_SMP0015105;PathBank_SMP0015108;PathBank_SMP0015109;PathBank_SMP0015112;PathBank_SMP0015113;PathBank_SMP0015116;PathBank_SMP0015117;PathBank_SMP0015120;PathBank_SMP0015121;PathBank_SMP0015124;PathBank_SMP0015125;PathBank_SMP0015128;PathBank_SMP0015129;PathBank_SMP0015132;PathBank_SMP0015133;PathBank_SMP0015136;PathBank_SMP0015137;PathBank_SMP0015140;PathBank_SMP0015141;PathBank_SMP0015144;PathBank_SMP0015145;PathBank_SMP0015148;PathBank_SMP0015149;PathBank_SMP0015152;PathBank_SMP0015153;PathBank_SMP0015156;PathBank_SMP0015157;PathBank_SMP0015160;PathBank_SMP0015161;PathBank_SMP0015164;PathBank_SMP0015165;PathBank_SMP0015168;PathBank_SMP0015169;PathBank_SMP0015172;PathBank_SMP0015173;PathBank_SMP0015176;PathBank_SMP0015177;PathBank_SMP0015180;PathBank_SMP0015181;PathBank_SMP0015184;PathBank_SMP0015185;PathBank_SMP0015188;PathBank_SMP0015189;PathBank_SMP0015192;PathBank_SMP0015193;PathBank_SMP0015196;PathBank_SMP0015197;PathBank_SMP0015200;PathBank_SMP0015201;PathBank_SMP0015204;PathBank_SMP0015205;PathBank_SMP0015208;PathBank_SMP0015209;PathBank_SMP0015212;PathBank_SMP0015213;PathBank_SMP0015216;PathBank_SMP0015217;PathBank_SMP0015220;PathBank_SMP0015221;PathBank_SMP0015224;PathBank_SMP0015225;PathBank_SMP0015228;PathBank_SMP0015229;PathBank_SMP0015232;PathBank_SMP0015233;PathBank_SMP0015236;PathBank_SMP0015237;PathBank_SMP0015240;PathBank_SMP0015241;PathBank_SMP0015244;PathBank_SMP0015245;PathBank_SMP0015248;PathBank_SMP0015249;PathBank_SMP0015252;PathBank_SMP0015253;PathBank_SMP0015256;PathBank_SMP0015257;PathBank_SMP0015260;PathBank_SMP0015261;PathBank_SMP0015264;PathBank_SMP0015265;PathBank_SMP0015268;PathBank_SMP0015269;PathBank_SMP0015272;PathBank_SMP0015273;PathBank_SMP0015276;PathBank_SMP0015277;PathBank_SMP0015280;PathBank_SMP0015281;PathBank_SMP0015284;PathBank_SMP0015285;PathBank_SMP0015288;PathBank_SMP0015289;PathBank_SMP0015292;PathBank_SMP0015293;PathBank_SMP0015296;PathBank_SMP0015297;PathBank_SMP0015300;PathBank_SMP0015301;PathBank_SMP0015304;PathBank_SMP0015305;PathBank_SMP0015308;PathBank_SMP0015309;PathBank_SMP0015312;PathBank_SMP0015313;PathBank_SMP0015316;PathBank_SMP0015317;PathBank_SMP0015320;PathBank_SMP0015321;PathBank_SMP0015324;PathBank_SMP0015325;PathBank_SMP0015328;PathBank_SMP0015329;PathBank_SMP0015332;PathBank_SMP0015333;PathBank_SMP0015336;PathBank_SMP0015337;PathBank_SMP0015340;PathBank_SMP0015341;PathBank_SMP0015344;PathBank_SMP0015345;PathBank_SMP0015348;PathBank_SMP0015349;PathBank_SMP0015352;PathBank_SMP0015353;PathBank_SMP0015356;PathBank_SMP0015357;PathBank_SMP0015360;PathBank_SMP0015361;PathBank_SMP0015364;PathBank_SMP0015365;PathBank_SMP0015368;PathBank_SMP0015369;PathBank_SMP0015372;PathBank_SMP0015373;PathBank_SMP0015376;PathBank_SMP0015377;PathBank_SMP0015380;PathBank_SMP0015381;PathBank_SMP0015384;PathBank_SMP0015385;PathBank_SMP0015388;PathBank_SMP0015389;PathBank_SMP0015392;PathBank_SMP0015393;PathBank_SMP0015396;PathBank_SMP0015397;PathBank_SMP0015400;PathBank_SMP0015401;PathBank_SMP0015404;PathBank_SMP0015405;PathBank_SMP0015408;PathBank_SMP0015409;PathBank_SMP0015412;PathBank_SMP0015413;PathBank_SMP0015416;PathBank_SMP0015417;PathBank_SMP0015420;PathBank_SMP0015421;PathBank_SMP0015424;PathBank_SMP0015425;PathBank_SMP0015428;PathBank_SMP0015429;PathBank_SMP0015432;PathBank_SMP0015433;PathBank_SMP0015436;PathBank_SMP0015437;PathBank_SMP0015440;PathBank_SMP0015441;PathBank_SMP0015444;PathBank_SMP0015445;PathBank_SMP0015448;PathBank_SMP0015449;PathBank_SMP0015452;PathBank_SMP0015453;PathBank_SMP0015456;PathBank_SMP0015457;PathBank_SMP0015460;PathBank_SMP0015461;PathBank_SMP0015464;PathBank_SMP0015465;PathBank_SMP0015468;PathBank_SMP0015469;PathBank_SMP0015472;PathBank_SMP0015473;PathBank_SMP0015476;PathBank_SMP0015477;PathBank_SMP0015480;PathBank_SMP0015481;PathBank_SMP0015484;PathBank_SMP0015485;PathBank_SMP0015488;PathBank_SMP0015489;PathBank_SMP0015492;PathBank_SMP0015493;PathBank_SMP0015496;PathBank_SMP0015497;PathBank_SMP0015500;PathBank_SMP0015501;PathBank_SMP0015504;PathBank_SMP0015505;PathBank_SMP0015508;PathBank_SMP0015509;PathBank_SMP0015512;PathBank_SMP0015513;PathBank_SMP0015516;PathBank_SMP0015517;PathBank_SMP0015520;PathBank_SMP0015521;PathBank_SMP0015524;PathBank_SMP0015525;PathBank_SMP0015528;PathBank_SMP0015529;PathBank_SMP0015532;PathBank_SMP0015533;PathBank_SMP0015536;PathBank_SMP0015537;PathBank_SMP0015540;PathBank_SMP0015541;PathBank_SMP0015544;PathBank_SMP0015545;PathBank_SMP0015548;PathBank_SMP0015549;PathBank_SMP0015552;PathBank_SMP0015553;PathBank_SMP0015556;PathBank_SMP0015557;PathBank_SMP0015560;PathBank_SMP0015561;PathBank_SMP0015564;PathBank_SMP0015565;PathBank_SMP0015568;PathBank_SMP0015569;PathBank_SMP0015572;PathBank_SMP0015573;PathBank_SMP0015576;PathBank_SMP0015577;PathBank_SMP0015580;PathBank_SMP0015581;PathBank_SMP0015584;PathBank_SMP0015585;PathBank_SMP0015588;PathBank_SMP0015589;PathBank_SMP0015592;PathBank_SMP0015593;PathBank_SMP0015596;PathBank_SMP0015597;PathBank_SMP0015600;PathBank_SMP0015601;PathBank_SMP0015604;PathBank_SMP0015605;PathBank_SMP0015608;PathBank_SMP0015609;PathBank_SMP0015612;PathBank_SMP0015613;PathBank_SMP0015616;PathBank_SMP0015617;PathBank_SMP0015620;PathBank_SMP0015621;PathBank_SMP0015624;PathBank_SMP0015625;PathBank_SMP0015628;PathBank_SMP0015629;PathBank_SMP0015632;PathBank_SMP0015633;PathBank_SMP0015636;PathBank_SMP0015637;PathBank_SMP0015640;PathBank_SMP0015641;PathBank_SMP0015644;PathBank_SMP0015645;PathBank_SMP0015648;PathBank_SMP0015649;PathBank_SMP0015652;PathBank_SMP0015653;PathBank_SMP0015656;PathBank_SMP0015657;PathBank_SMP0015660;PathBank_SMP0015661;PathBank_SMP0015664;PathBank_SMP0015665;PathBank_SMP0015668;PathBank_SMP0015669;PathBank_SMP0015672;PathBank_SMP0015673;PathBank_SMP0015676;PathBank_SMP0015677;PathBank_SMP0015680;PathBank_SMP0015681;PathBank_SMP0015684;PathBank_SMP0015685;PathBank_SMP0015688;PathBank_SMP0015689;PathBank_SMP0015692;PathBank_SMP0015693;PathBank_SMP0015696;PathBank_SMP0015697;PathBank_SMP0015700;PathBank_SMP0015701;PathBank_SMP0015704;PathBank_SMP0015705;PathBank_SMP0015708;PathBank_SMP0015709;PathBank_SMP0015712;PathBank_SMP0015713;PathBank_SMP0015716;PathBank_SMP0015717;PathBank_SMP0015720;PathBank_SMP0015721;PathBank_SMP0015724;PathBank_SMP0015725;PathBank_SMP0015728;PathBank_SMP0015729;PathBank_SMP0015732;PathBank_SMP0015733;PathBank_SMP0015736;PathBank_SMP0015737;PathBank_SMP0015740;PathBank_SMP0015741;PathBank_SMP0015744;PathBank_SMP0015745;PathBank_SMP0015748;PathBank_SMP0015749;PathBank_SMP0015752;PathBank_SMP0015753;PathBank_SMP0015756;PathBank_SMP0015757;PathBank_SMP0015760;PathBank_SMP0015761;PathBank_SMP0015764;PathBank_SMP0015765;PathBank_SMP0015768;PathBank_SMP0015769;PathBank_SMP0015772;PathBank_SMP0015773;PathBank_SMP0015776;PathBank_SMP0015777;PathBank_SMP0015780;PathBank_SMP0015781;PathBank_SMP0015784;PathBank_SMP0015785;PathBank_SMP0015788;PathBank_SMP0015789;PathBank_SMP0015792;PathBank_SMP0015793;PathBank_SMP0015796;PathBank_SMP0015797;PathBank_SMP0015800;PathBank_SMP0015801;PathBank_SMP0015804;PathBank_SMP0015805;PathBank_SMP0015808;PathBank_SMP0015809;PathBank_SMP0015812;PathBank_SMP0015813;PathBank_SMP0015816;PathBank_SMP0015817;PathBank_SMP0015820;PathBank_SMP0015821;PathBank_SMP0015824;PathBank_SMP0015825;PathBank_SMP0015828;PathBank_SMP0015829;PathBank_SMP0015832;PathBank_SMP0015833;PathBank_SMP0015836;PathBank_SMP0015837;PathBank_SMP0015840;PathBank_SMP0015841;PathBank_SMP0015844;PathBank_SMP0015845;PathBank_SMP0015848;PathBank_SMP0015849;PathBank_SMP0015852;PathBank_SMP0015853;PathBank_SMP0015856;PathBank_SMP0015857;PathBank_SMP0015860;PathBank_SMP0015861;PathBank_SMP0015864;PathBank_SMP0015865;PathBank_SMP0015868;PathBank_SMP0015869;PathBank_SMP0015872;PathBank_SMP0015873;PathBank_SMP0015876;PathBank_SMP0015877;PathBank_SMP0015880;PathBank_SMP0015881;PathBank_SMP0015884;PathBank_SMP0015885;PathBank_SMP0015888;PathBank_SMP0015889;PathBank_SMP0015892;PathBank_SMP0015893;PathBank_SMP0015897;PathBank_SMP0029731;PathBank_SMP0030234;PathBank_SMP0030235;PathBank_SMP0030241;PathBank_SMP0030242;PathBank_SMP0030243;PathBank_SMP0030244;PathBank_SMP0030245;PathBank_SMP0030246;PathBank_SMP0030247;PathBank_SMP0030248;PathBank_SMP0030249;PathBank_SMP0030250;PathBank_SMP0030251;PathBank_SMP0030252;PathBank_SMP0030253;PathBank_SMP0030254;PathBank_SMP0030255;PathBank_SMP0030256;PathBank_SMP0030257;PathBank_SMP0030258;PathBank_SMP0030259;PathBank_SMP0030260;PathBank_SMP0030261;PathBank_SMP0030262;PathBank_SMP0030263;PathBank_SMP0030264;PathBank_SMP0030265;PathBank_SMP0030266;PathBank_SMP0030267;PathBank_SMP0030268;PathBank_SMP0030269;PathBank_SMP0030270;PathBank_SMP0030271;PathBank_SMP0030272;PathBank_SMP0030273;PathBank_SMP0030274;PathBank_SMP0030275;PathBank_SMP0030276;PathBank_SMP0030277;PathBank_SMP0030278;PathBank_SMP0030279;PathBank_SMP0030280;PathBank_SMP0030281;PathBank_SMP0030282;PathBank_SMP0030283;PathBank_SMP0030284;PathBank_SMP0030285;PathBank_SMP0030286;PathBank_SMP0030287;PathBank_SMP0030288;PathBank_SMP0030289;PathBank_SMP0030290;PathBank_SMP0030291;PathBank_SMP0030292;PathBank_SMP0030293;PathBank_SMP0030294;PathBank_SMP0030295;PathBank_SMP0030296;PathBank_SMP0030297;PathBank_SMP0030298;PathBank_SMP0030299;PathBank_SMP0030300;PathBank_SMP0030301;PathBank_SMP0030302;PathBank_SMP0030303;PathBank_SMP0030304;PathBank_SMP0030305;PathBank_SMP0030306;PathBank_SMP0030307;PathBank_SMP0030308;PathBank_SMP0030309;PathBank_SMP0030310;PathBank_SMP0030311;PathBank_SMP0030312;PathBank_SMP0030313;PathBank_SMP0030314;PathBank_SMP0030315;PathBank_SMP0030316;PathBank_SMP0030317;PathBank_SMP0030318;PathBank_SMP0030319;PathBank_SMP0030320;PathBank_SMP0030321;PathBank_SMP0030322;PathBank_SMP0030323;PathBank_SMP0030324;PathBank_SMP0030325;PathBank_SMP0030326;PathBank_SMP0030327;PathBank_SMP0030328;PathBank_SMP0030329;PathBank_SMP0030330;PathBank_SMP0030331;PathBank_SMP0030332;PathBank_SMP0030333;PathBank_SMP0030334;PathBank_SMP0030335;PathBank_SMP0030336;PathBank_SMP0030337;PathBank_SMP0030338;PathBank_SMP0030339;PathBank_SMP0030340;PathBank_SMP0030341;PathBank_SMP0030342;PathBank_SMP0030343;PathBank_SMP0030344;PathBank_SMP0030345;PathBank_SMP0030346;PathBank_SMP0030347;PathBank_SMP0030348;PathBank_SMP0030349;PathBank_SMP0030350;PathBank_SMP0030351;PathBank_SMP0030352;PathBank_SMP0030353;PathBank_SMP0030354;PathBank_SMP0030355;PathBank_SMP0030356;PathBank_SMP0030357;PathBank_SMP0030358;PathBank_SMP0030359;PathBank_SMP0030360;PathBank_SMP0030361;PathBank_SMP0030362;PathBank_SMP0030363;PathBank_SMP0030364;PathBank_SMP0030365;PathBank_SMP0030366;PathBank_SMP0030367;PathBank_SMP0030368;PathBank_SMP0030369;PathBank_SMP0030370;PathBank_SMP0030371;PathBank_SMP0030372;PathBank_SMP0030373;PathBank_SMP0030374;PathBank_SMP0030375;PathBank_SMP0030376;PathBank_SMP0030377;PathBank_SMP0030378;PathBank_SMP0030379;PathBank_SMP0030380;PathBank_SMP0030381;PathBank_SMP0030382;PathBank_SMP0030383;PathBank_SMP0030384;PathBank_SMP0030385;PathBank_SMP0030386;PathBank_SMP0030387;PathBank_SMP0030388;PathBank_SMP0030389;PathBank_SMP0030390;PathBank_SMP0030391;PathBank_SMP0030392;PathBank_SMP0030393;PathBank_SMP0030394;PathBank_SMP0030395;PathBank_SMP0030396;PathBank_SMP0030397;PathBank_SMP0030398;PathBank_SMP0030399;PathBank_SMP0030400;PathBank_SMP0030401;PathBank_SMP0030402;Reactome_R-HSA-1430728
P35914,,,,,,1.0,Reactome_R-HSA-1430728
P36148,,,,,,1.0,PathBank_SMP0002392
P36165,,,,,,1.0,PathBank_SMP0002392
P36269,,,,,,2.0,Reactome_R-HSA-1430728;Reactome_R-HSA-211859
P36542,,,,,,1.0,Reactome_R-HSA-1430728
P36551,,,,,,1.0,Reactome_R-HSA-1430728
P36639-1,,,,,,1.0,Reactome_R-HSA-1430728
P36639-2,,,,,,1.0,Reactome_R-HSA-1430728
P36639-3,,,,,,1.0,Reactome_R-HSA-1430728
P36639-4,,,,,,1.0,Reactome_R-HSA-1430728
P36957,,,,,,1.0,Reactome_R-HSA-1430728
P36959,,,,,,1.0,Reactome_R-HSA-1430728
P36969-2,,,,,,1.0,Reactome_R-HSA-1430728
P37012,,,,,,1.0,BioCyc_META_PWY-5941
P37059,,,,,,1.0,Reactome_R-HSA-1430728
P37837,,,,,,1.0,Reactome_R-HSA-1430728
P38117,,,,,,1.0,Reactome_R-HSA-1430728
P38567,,,,,,1.0,Reactome_R-HSA-1430728
P39877,,,,,,1.0,Reactome_R-HSA-1430728
P40261,,,,,,2.0,Reactome_R-HSA-1430728;Reactome_R-HSA-211859
P40394,,,,,,3.0,Reactome_R-HSA-1430728;Reactome_R-HSA-211859;Reactome_R-HSA-211945
P40471,,,,,,2.0,PathBank_SMP0002392;WikiPathways_WP2533
P40925,,,,,,1.0,Reactome_R-HSA-1430728
P40926,,,,,,1.0,Reactome_R-HSA-1430728
P41222,,,,,,1.0,Reactome_R-HSA-1430728
P41247,,,,,,1.0,Reactome_R-HSA-1430728
P41252,,,,,,1.0,Reactome_R-HSA-1430728
P41440,,,,,,1.0,Reactome_R-HSA-1430728
P41911,,,,,,1.0,PathBank_SMP0002392
P42330,,,,,,1.0,Reactome_R-HSA-1430728
P42357,,,,,,1.0,Reactome_R-HSA-1430728
P42765,,,,,,1.0,Reactome_R-HSA-1430728
P42898,,,,,,1.0,Reactome_R-HSA-1430728
P43155,,,,,,1.0,Reactome_R-HSA-1430728
P43166,,,,,,1.0,Reactome_R-HSA-1430728
P43251,,,,,,1.0,Reactome_R-HSA-1430728
P43304,,,,,,2.0,PathBank_SMP0000025;Reactome_R-HSA-1430728
P43353,,,,,,1.0,Reactome_R-HSA-1430728
P43490,,,,,,1.0,Reactome_R-HSA-1430728
P45381,,,,,,1.0,Reactome_R-HSA-1430728
P45954,,,,,,1.0,Reactome_R-HSA-1430728
P46019,,,,,,1.0,Reactome_R-HSA-1430728
P46020,,,,,,1.0,Reactome_R-HSA-1430728
P46439,,,,,,2.0,Reactome_R-HSA-1430728;Reactome_R-HSA-211859
P46560,,,,,,154.0,PathBank_SMP0100117;PathBank_SMP0100121;PathBank_SMP0100123;PathBank_SMP0100124;PathBank_SMP0100125;PathBank_SMP0100126;PathBank_SMP0100127;PathBank_SMP0100128;PathBank_SMP0100129;PathBank_SMP0100130;PathBank_SMP0100131;PathBank_SMP0100132;PathBank_SMP0100133;PathBank_SMP0100134;PathBank_SMP0100135;PathBank_SMP0100136;PathBank_SMP0100137;PathBank_SMP0100138;PathBank_SMP0100139;PathBank_SMP0100140;PathBank_SMP0100141;PathBank_SMP0100142;PathBank_SMP0100143;PathBank_SMP0100144;PathBank_SMP0100145;PathBank_SMP0100146;PathBank_SMP0100147;PathBank_SMP0100148;PathBank_SMP0100149;PathBank_SMP0100150;PathBank_SMP0100151;PathBank_SMP0100152;PathBank_SMP0100153;PathBank_SMP0100154;PathBank_SMP0100155;PathBank_SMP0100156;PathBank_SMP0100157;PathBank_SMP0100158;PathBank_SMP0100159;PathBank_SMP0100160;PathBank_SMP0100161;PathBank_SMP0100162;PathBank_SMP0100163;PathBank_SMP0100164;PathBank_SMP0100165;PathBank_SMP0100166;PathBank_SMP0100167;PathBank_SMP0100168;PathBank_SMP0100169;PathBank_SMP0100170;PathBank_SMP0100171;PathBank_SMP0100172;PathBank_SMP0100173;PathBank_SMP0100174;PathBank_SMP0100175;PathBank_SMP0100176;PathBank_SMP0100177;PathBank_SMP0100178;PathBank_SMP0100179;PathBank_SMP0100180;PathBank_SMP0100181;PathBank_SMP0100182;PathBank_SMP0100183;PathBank_SMP0100184;PathBank_SMP0100185;PathBank_SMP0100186;PathBank_SMP0100187;PathBank_SMP0100188;PathBank_SMP0100189;PathBank_SMP0100190;PathBank_SMP0100191;PathBank_SMP0100192;PathBank_SMP0100193;PathBank_SMP0100194;PathBank_SMP0100195;PathBank_SMP0100196;PathBank_SMP0100197;PathBank_SMP0100198;PathBank_SMP0100199;PathBank_SMP0100200;PathBank_SMP0100201;PathBank_SMP0100202;PathBank_SMP0100203;PathBank_SMP0100204;PathBank_SMP0100205;PathBank_SMP0100206;PathBank_SMP0100207;PathBank_SMP0100208;PathBank_SMP0100209;PathBank_SMP0100210;PathBank_SMP0100211;PathBank_SMP0100212;PathBank_SMP0100213;PathBank_SMP0100214;PathBank_SMP0100215;PathBank_SMP0100216;PathBank_SMP0100217;PathBank_SMP0100218;PathBank_SMP0100219;PathBank_SMP0100220;PathBank_SMP0100221;PathBank_SMP0100222;PathBank_SMP0100223;PathBank_SMP0100224;PathBank_SMP0100225;PathBank_SMP0100226;PathBank_SMP0100227;PathBank_SMP0100228;PathBank_SMP0100229;PathBank_SMP0100230;PathBank_SMP0100231;PathBank_SMP0100232;PathBank_SMP0100233;PathBank_SMP0100234;PathBank_SMP0100235;PathBank_SMP0100236;PathBank_SMP0100237;PathBank_SMP0100238;PathBank_SMP0100239;PathBank_SMP0100240;PathBank_SMP0100241;PathBank_SMP0100242;PathBank_SMP0100243;PathBank_SMP0100244;PathBank_SMP0100245;PathBank_SMP0100246;PathBank_SMP0100247;PathBank_SMP0100248;PathBank_SMP0100249;PathBank_SMP0100250;PathBank_SMP0100251;PathBank_SMP0100252;PathBank_SMP0100253;PathBank_SMP0100254;PathBank_SMP0100255;PathBank_SMP0100256;PathBank_SMP0100257;PathBank_SMP0100258;PathBank_SMP0100259;PathBank_SMP0100260;PathBank_SMP0100261;PathBank_SMP0100262;PathBank_SMP0100263;PathBank_SMP0100264;PathBank_SMP0100265;PathBank_SMP0100266;PathBank_SMP0100267;PathBank_SMP0100268;PathBank_SMP0100269;PathBank_SMP0100270;PathBank_SMP0100271;PathBank_SMP0100272;PathBank_SMP0100273;PathBank_SMP0100274
P46597,,,,,,1.0,Reactome_R-HSA-1430728
P46721,,,,,,1.0,Reactome_R-HSA-1430728
P46926,,,,,,1.0,Reactome_R-HSA-1430728
P46940,,,,,,1.0,Reactome_R-HSA-1430728
P46952,,,,,,1.0,Reactome_R-HSA-1430728
P46976,,,,,,1.0,Reactome_R-HSA-1430728
P47712,,,,,,1.0,Reactome_R-HSA-1430728
P47871,,,,,,1.0,Reactome_R-HSA-1430728
P47897,,,,,,1.0,Reactome_R-HSA-1430728
P47985,,,,,,1.0,Reactome_R-HSA-1430728
P48047,,,,,,1.0,Reactome_R-HSA-1430728
P48060,,,,,,1.0,Reactome_R-HSA-1430728
P48163,,,,,,1.0,Reactome_R-HSA-1430728
P48426,,,,,,1.0,Reactome_R-HSA-1430728
P48448,,,,,,1.0,Reactome_R-HSA-1430728
P48507,,,,,,2.0,Reactome_R-HSA-1430728;Reactome_R-HSA-211859
P48637,,,,,,2.0,Reactome_R-HSA-1430728;Reactome_R-HSA-211859
P48651,,,,,,506.0,PathBank_SMP0000025;PathBank_SMP0015056;PathBank_SMP0015057;PathBank_SMP0015060;PathBank_SMP0015061;PathBank_SMP0015064;PathBank_SMP0015065;PathBank_SMP0015068;PathBank_SMP0015069;PathBank_SMP0015072;PathBank_SMP0015073;PathBank_SMP0015076;PathBank_SMP0015077;PathBank_SMP0015080;PathBank_SMP0015081;PathBank_SMP0015084;PathBank_SMP0015085;PathBank_SMP0015088;PathBank_SMP0015089;PathBank_SMP0015092;PathBank_SMP0015093;PathBank_SMP0015096;PathBank_SMP0015097;PathBank_SMP0015100;PathBank_SMP0015101;PathBank_SMP0015104;PathBank_SMP0015105;PathBank_SMP0015108;PathBank_SMP0015109;PathBank_SMP0015112;PathBank_SMP0015113;PathBank_SMP0015116;PathBank_SMP0015117;PathBank_SMP0015120;PathBank_SMP0015121;PathBank_SMP0015124;PathBank_SMP0015125;PathBank_SMP0015128;PathBank_SMP0015129;PathBank_SMP0015132;PathBank_SMP0015133;PathBank_SMP0015136;PathBank_SMP0015137;PathBank_SMP0015140;PathBank_SMP0015141;PathBank_SMP0015144;PathBank_SMP0015145;PathBank_SMP0015148;PathBank_SMP0015149;PathBank_SMP0015152;PathBank_SMP0015153;PathBank_SMP0015156;PathBank_SMP0015157;PathBank_SMP0015160;PathBank_SMP0015161;PathBank_SMP0015164;PathBank_SMP0015165;PathBank_SMP0015168;PathBank_SMP0015169;PathBank_SMP0015172;PathBank_SMP0015173;PathBank_SMP0015176;PathBank_SMP0015177;PathBank_SMP0015180;PathBank_SMP0015181;PathBank_SMP0015184;PathBank_SMP0015185;PathBank_SMP0015188;PathBank_SMP0015189;PathBank_SMP0015192;PathBank_SMP0015193;PathBank_SMP0015196;PathBank_SMP0015197;PathBank_SMP0015200;PathBank_SMP0015201;PathBank_SMP0015204;PathBank_SMP0015205;PathBank_SMP0015208;PathBank_SMP0015209;PathBank_SMP0015212;PathBank_SMP0015213;PathBank_SMP0015216;PathBank_SMP0015217;PathBank_SMP0015220;PathBank_SMP0015221;PathBank_SMP0015224;PathBank_SMP0015225;PathBank_SMP0015228;PathBank_SMP0015229;PathBank_SMP0015232;PathBank_SMP0015233;PathBank_SMP0015236;PathBank_SMP0015237;PathBank_SMP0015240;PathBank_SMP0015241;PathBank_SMP0015244;PathBank_SMP0015245;PathBank_SMP0015248;PathBank_SMP0015249;PathBank_SMP0015252;PathBank_SMP0015253;PathBank_SMP0015256;PathBank_SMP0015257;PathBank_SMP0015260;PathBank_SMP0015261;PathBank_SMP0015264;PathBank_SMP0015265;PathBank_SMP0015268;PathBank_SMP0015269;PathBank_SMP0015272;PathBank_SMP0015273;PathBank_SMP0015276;PathBank_SMP0015277;PathBank_SMP0015280;PathBank_SMP0015281;PathBank_SMP0015284;PathBank_SMP0015285;PathBank_SMP0015288;PathBank_SMP0015289;PathBank_SMP0015292;PathBank_SMP0015293;PathBank_SMP0015296;PathBank_SMP0015297;PathBank_SMP0015300;PathBank_SMP0015301;PathBank_SMP0015304;PathBank_SMP0015305;PathBank_SMP0015308;PathBank_SMP0015309;PathBank_SMP0015312;PathBank_SMP0015313;PathBank_SMP0015316;PathBank_SMP0015317;PathBank_SMP0015320;PathBank_SMP0015321;PathBank_SMP0015324;PathBank_SMP0015325;PathBank_SMP0015328;PathBank_SMP0015329;PathBank_SMP0015332;PathBank_SMP0015333;PathBank_SMP0015336;PathBank_SMP0015337;PathBank_SMP0015340;PathBank_SMP0015341;PathBank_SMP0015344;PathBank_SMP0015345;PathBank_SMP0015348;PathBank_SMP0015349;PathBank_SMP0015352;PathBank_SMP0015353;PathBank_SMP0015356;PathBank_SMP0015357;PathBank_SMP0015360;PathBank_SMP0015361;PathBank_SMP0015364;PathBank_SMP0015365;PathBank_SMP0015368;PathBank_SMP0015369;PathBank_SMP0015372;PathBank_SMP0015373;PathBank_SMP0015376;PathBank_SMP0015377;PathBank_SMP0015380;PathBank_SMP0015381;PathBank_SMP0015384;PathBank_SMP0015385;PathBank_SMP0015388;PathBank_SMP0015389;PathBank_SMP0015392;PathBank_SMP0015393;PathBank_SMP0015396;PathBank_SMP0015397;PathBank_SMP0015400;PathBank_SMP0015401;PathBank_SMP0015404;PathBank_SMP0015405;PathBank_SMP0015408;PathBank_SMP0015409;PathBank_SMP0015412;PathBank_SMP0015413;PathBank_SMP0015416;PathBank_SMP0015417;PathBank_SMP0015420;PathBank_SMP0015421;PathBank_SMP0015424;PathBank_SMP0015425;PathBank_SMP0015428;PathBank_SMP0015429;PathBank_SMP0015432;PathBank_SMP0015433;PathBank_SMP0015436;PathBank_SMP0015437;PathBank_SMP0015440;PathBank_SMP0015441;PathBank_SMP0015444;PathBank_SMP0015445;PathBank_SMP0015448;PathBank_SMP0015449;PathBank_SMP0015452;PathBank_SMP0015453;PathBank_SMP0015456;PathBank_SMP0015457;PathBank_SMP0015460;PathBank_SMP0015461;PathBank_SMP0015464;PathBank_SMP0015465;PathBank_SMP0015468;PathBank_SMP0015469;PathBank_SMP0015472;PathBank_SMP0015473;PathBank_SMP0015476;PathBank_SMP0015477;PathBank_SMP0015480;PathBank_SMP0015481;PathBank_SMP0015484;PathBank_SMP0015485;PathBank_SMP0015488;PathBank_SMP0015489;PathBank_SMP0015492;PathBank_SMP0015493;PathBank_SMP0015496;PathBank_SMP0015497;PathBank_SMP0015500;PathBank_SMP0015501;PathBank_SMP0015504;PathBank_SMP0015505;PathBank_SMP0015508;PathBank_SMP0015509;PathBank_SMP0015512;PathBank_SMP0015513;PathBank_SMP0015516;PathBank_SMP0015517;PathBank_SMP0015520;PathBank_SMP0015521;PathBank_SMP0015524;PathBank_SMP0015525;PathBank_SMP0015528;PathBank_SMP0015529;PathBank_SMP0015532;PathBank_SMP0015533;PathBank_SMP0015536;PathBank_SMP0015537;PathBank_SMP0015540;PathBank_SMP0015541;PathBank_SMP0015544;PathBank_SMP0015545;PathBank_SMP0015548;PathBank_SMP0015549;PathBank_SMP0015552;PathBank_SMP0015553;PathBank_SMP0015556;PathBank_SMP0015557;PathBank_SMP0015560;PathBank_SMP0015561;PathBank_SMP0015564;PathBank_SMP0015565;PathBank_SMP0015568;PathBank_SMP0015569;PathBank_SMP0015572;PathBank_SMP0015573;PathBank_SMP0015576;PathBank_SMP0015577;PathBank_SMP0015580;PathBank_SMP0015581;PathBank_SMP0015584;PathBank_SMP0015585;PathBank_SMP0015588;PathBank_SMP0015589;PathBank_SMP0015592;PathBank_SMP0015593;PathBank_SMP0015596;PathBank_SMP0015597;PathBank_SMP0015600;PathBank_SMP0015601;PathBank_SMP0015604;PathBank_SMP0015605;PathBank_SMP0015608;PathBank_SMP0015609;PathBank_SMP0015612;PathBank_SMP0015613;PathBank_SMP0015616;PathBank_SMP0015617;PathBank_SMP0015620;PathBank_SMP0015621;PathBank_SMP0015624;PathBank_SMP0015625;PathBank_SMP0015628;PathBank_SMP0015629;PathBank_SMP0015632;PathBank_SMP0015633;PathBank_SMP0015636;PathBank_SMP0015637;PathBank_SMP0015640;PathBank_SMP0015641;PathBank_SMP0015644;PathBank_SMP0015645;PathBank_SMP0015648;PathBank_SMP0015649;PathBank_SMP0015652;PathBank_SMP0015653;PathBank_SMP0015656;PathBank_SMP0015657;PathBank_SMP0015660;PathBank_SMP0015661;PathBank_SMP0015664;PathBank_SMP0015665;PathBank_SMP0015668;PathBank_SMP0015669;PathBank_SMP0015672;PathBank_SMP0015673;PathBank_SMP0015676;PathBank_SMP0015677;PathBank_SMP0015680;PathBank_SMP0015681;PathBank_SMP0015684;PathBank_SMP0015685;PathBank_SMP0015688;PathBank_SMP0015689;PathBank_SMP0015692;PathBank_SMP0015693;PathBank_SMP0015696;PathBank_SMP0015697;PathBank_SMP0015700;PathBank_SMP0015701;PathBank_SMP0015704;PathBank_SMP0015705;PathBank_SMP0015708;PathBank_SMP0015709;PathBank_SMP0015712;PathBank_SMP0015713;PathBank_SMP0015716;PathBank_SMP0015717;PathBank_SMP0015720;PathBank_SMP0015721;PathBank_SMP0015724;PathBank_SMP0015725;PathBank_SMP0015728;PathBank_SMP0015729;PathBank_SMP0015732;PathBank_SMP0015733;PathBank_SMP0015736;PathBank_SMP0015737;PathBank_SMP0015740;PathBank_SMP0015741;PathBank_SMP0015744;PathBank_SMP0015745;PathBank_SMP0015748;PathBank_SMP0015749;PathBank_SMP0015752;PathBank_SMP0015753;PathBank_SMP0015756;PathBank_SMP0015757;PathBank_SMP0015760;PathBank_SMP0015761;PathBank_SMP0015764;PathBank_SMP0015765;PathBank_SMP0015768;PathBank_SMP0015769;PathBank_SMP0015772;PathBank_SMP0015773;PathBank_SMP0015776;PathBank_SMP0015777;PathBank_SMP0015780;PathBank_SMP0015781;PathBank_SMP0015784;PathBank_SMP0015785;PathBank_SMP0015788;PathBank_SMP0015789;PathBank_SMP0015792;PathBank_SMP0015793;PathBank_SMP0015796;PathBank_SMP0015797;PathBank_SMP0015800;PathBank_SMP0015801;PathBank_SMP0015804;PathBank_SMP0015805;PathBank_SMP0015808;PathBank_SMP0015809;PathBank_SMP0015812;PathBank_SMP0015813;PathBank_SMP0015816;PathBank_SMP0015817;PathBank_SMP0015820;PathBank_SMP0015821;PathBank_SMP0015824;PathBank_SMP0015825;PathBank_SMP0015828;PathBank_SMP0015829;PathBank_SMP0015832;PathBank_SMP0015833;PathBank_SMP0015836;PathBank_SMP0015837;PathBank_SMP0015840;PathBank_SMP0015841;PathBank_SMP0015844;PathBank_SMP0015845;PathBank_SMP0015848;PathBank_SMP0015849;PathBank_SMP0015852;PathBank_SMP0015853;PathBank_SMP0015856;PathBank_SMP0015857;PathBank_SMP0015860;PathBank_SMP0015861;PathBank_SMP0015864;PathBank_SMP0015865;PathBank_SMP0015868;PathBank_SMP0015869;PathBank_SMP0015872;PathBank_SMP0015873;PathBank_SMP0015876;PathBank_SMP0015877;PathBank_SMP0015880;PathBank_SMP0015881;PathBank_SMP0015884;PathBank_SMP0015885;PathBank_SMP0015888;PathBank_SMP0015889;PathBank_SMP0015892;PathBank_SMP0015893;PathBank_SMP0029731;PathBank_SMP0030235;PathBank_SMP0030322;PathBank_SMP0030323;PathBank_SMP0030324;PathBank_SMP0030325;PathBank_SMP0030326;PathBank_SMP0030327;PathBank_SMP0030328;PathBank_SMP0030329;PathBank_SMP0030330;PathBank_SMP0030331;PathBank_SMP0030332;PathBank_SMP0030333;PathBank_SMP0030334;PathBank_SMP0030335;PathBank_SMP0030336;PathBank_SMP0030337;PathBank_SMP0030338;PathBank_SMP0030339;PathBank_SMP0030340;PathBank_SMP0030341;PathBank_SMP0030342;PathBank_SMP0030343;PathBank_SMP0030344;PathBank_SMP0030345;PathBank_SMP0030346;PathBank_SMP0030347;PathBank_SMP0030348;PathBank_SMP0030349;PathBank_SMP0030350;PathBank_SMP0030351;PathBank_SMP0030352;PathBank_SMP0030353;PathBank_SMP0030354;PathBank_SMP0030355;PathBank_SMP0030356;PathBank_SMP0030357;PathBank_SMP0030358;PathBank_SMP0030359;PathBank_SMP0030360;PathBank_SMP0030361;PathBank_SMP0030362;PathBank_SMP0030363;PathBank_SMP0030364;PathBank_SMP0030365;PathBank_SMP0030366;PathBank_SMP0030367;PathBank_SMP0030368;PathBank_SMP0030369;PathBank_SMP0030370;PathBank_SMP0030371;PathBank_SMP0030372;PathBank_SMP0030373;PathBank_SMP0030374;PathBank_SMP0030375;PathBank_SMP0030376;PathBank_SMP0030377;PathBank_SMP0030378;PathBank_SMP0030379;PathBank_SMP0030380;PathBank_SMP0030381;PathBank_SMP0030382;PathBank_SMP0030383;PathBank_SMP0030384;PathBank_SMP0030385;PathBank_SMP0030386;PathBank_SMP0030387;PathBank_SMP0030388;PathBank_SMP0030389;PathBank_SMP0030390;PathBank_SMP0030391;PathBank_SMP0030392;PathBank_SMP0030393;PathBank_SMP0030394;PathBank_SMP0030395;PathBank_SMP0030396;PathBank_SMP0030397;PathBank_SMP0030398;PathBank_SMP0030399;PathBank_SMP0030400;PathBank_SMP0030401;PathBank_SMP0030402;Reactome_R-HSA-1430728;WikiPathways_WP2533
P48728,,,,,,1.0,Reactome_R-HSA-1430728
P48735,,,,,,1.0,Reactome_R-HSA-1430728
P48736,,,,,,2.0,Reactome_R-HSA-1430728;WikiPathways_WP2533
P48739,,,,,,1.0,Reactome_R-HSA-1430728
P49137,,,,,,1.0,Reactome_R-HSA-1430728
P49247,,,,,,1.0,Reactome_R-HSA-1430728
P49336,,,,,,1.0,Reactome_R-HSA-1430728
P49419,,,,,,1.0,Reactome_R-HSA-1430728
P49441,,,,,,1.0,Reactome_R-HSA-1430728
P49583,,,,,,154.0,PathBank_SMP0100117;PathBank_SMP0100121;PathBank_SMP0100123;PathBank_SMP0100124;PathBank_SMP0100125;PathBank_SMP0100126;PathBank_SMP0100127;PathBank_SMP0100128;PathBank_SMP0100129;PathBank_SMP0100130;PathBank_SMP0100131;PathBank_SMP0100132;PathBank_SMP0100133;PathBank_SMP0100134;PathBank_SMP0100135;PathBank_SMP0100136;PathBank_SMP0100137;PathBank_SMP0100138;PathBank_SMP0100139;PathBank_SMP0100140;PathBank_SMP0100141;PathBank_SMP0100142;PathBank_SMP0100143;PathBank_SMP0100144;PathBank_SMP0100145;PathBank_SMP0100146;PathBank_SMP0100147;PathBank_SMP0100148;PathBank_SMP0100149;PathBank_SMP0100150;PathBank_SMP0100151;PathBank_SMP0100152;PathBank_SMP0100153;PathBank_SMP0100154;PathBank_SMP0100155;PathBank_SMP0100156;PathBank_SMP0100157;PathBank_SMP0100158;PathBank_SMP0100159;PathBank_SMP0100160;PathBank_SMP0100161;PathBank_SMP0100162;PathBank_SMP0100163;PathBank_SMP0100164;PathBank_SMP0100165;PathBank_SMP0100166;PathBank_SMP0100167;PathBank_SMP0100168;PathBank_SMP0100169;PathBank_SMP0100170;PathBank_SMP0100171;PathBank_SMP0100172;PathBank_SMP0100173;PathBank_SMP0100174;PathBank_SMP0100175;PathBank_SMP0100176;PathBank_SMP0100177;PathBank_SMP0100178;PathBank_SMP0100179;PathBank_SMP0100180;PathBank_SMP0100181;PathBank_SMP0100182;PathBank_SMP0100183;PathBank_SMP0100184;PathBank_SMP0100185;PathBank_SMP0100186;PathBank_SMP0100187;PathBank_SMP0100188;PathBank_SMP0100189;PathBank_SMP0100190;PathBank_SMP0100191;PathBank_SMP0100192;PathBank_SMP0100193;PathBank_SMP0100194;PathBank_SMP0100195;PathBank_SMP0100196;PathBank_SMP0100197;PathBank_SMP0100198;PathBank_SMP0100199;PathBank_SMP0100200;PathBank_SMP0100201;PathBank_SMP0100202;PathBank_SMP0100203;PathBank_SMP0100204;PathBank_SMP0100205;PathBank_SMP0100206;PathBank_SMP0100207;PathBank_SMP0100208;PathBank_SMP0100209;PathBank_SMP0100210;PathBank_SMP0100211;PathBank_SMP0100212;PathBank_SMP0100213;PathBank_SMP0100214;PathBank_SMP0100215;PathBank_SMP0100216;PathBank_SMP0100217;PathBank_SMP0100218;PathBank_SMP0100219;PathBank_SMP0100220;PathBank_SMP0100221;PathBank_SMP0100222;PathBank_SMP0100223;PathBank_SMP0100224;PathBank_SMP0100225;PathBank_SMP0100226;PathBank_SMP0100227;PathBank_SMP0100228;PathBank_SMP0100229;PathBank_SMP0100230;PathBank_SMP0100231;PathBank_SMP0100232;PathBank_SMP0100233;PathBank_SMP0100234;PathBank_SMP0100235;PathBank_SMP0100236;PathBank_SMP0100237;PathBank_SMP0100238;PathBank_SMP0100239;PathBank_SMP0100240;PathBank_SMP0100241;PathBank_SMP0100242;PathBank_SMP0100243;PathBank_SMP0100244;PathBank_SMP0100245;PathBank_SMP0100246;PathBank_SMP0100247;PathBank_SMP0100248;PathBank_SMP0100249;PathBank_SMP0100250;PathBank_SMP0100251;PathBank_SMP0100252;PathBank_SMP0100253;PathBank_SMP0100254;PathBank_SMP0100255;PathBank_SMP0100256;PathBank_SMP0100257;PathBank_SMP0100258;PathBank_SMP0100259;PathBank_SMP0100260;PathBank_SMP0100261;PathBank_SMP0100262;PathBank_SMP0100263;PathBank_SMP0100264;PathBank_SMP0100265;PathBank_SMP0100266;PathBank_SMP0100267;PathBank_SMP0100268;PathBank_SMP0100269;PathBank_SMP0100270;PathBank_SMP0100271;PathBank_SMP0100272;PathBank_SMP0100273;PathBank_SMP0100274
P49591,,,,,,1.0,Reactome_R-HSA-1430728
P49638,,,,,,1.0,Reactome_R-HSA-1430728
P49748,,,,,,1.0,Reactome_R-HSA-1430728
P49790,,,,,,1.0,Reactome_R-HSA-1430728
P49792,,,,,,1.0,Reactome_R-HSA-1430728
P49821,,,,,,1.0,Reactome_R-HSA-1430728
P49888,,,,,,2.0,Reactome_R-HSA-1430728;Reactome_R-HSA-211859
P49895,,,,,,1.0,Reactome_R-HSA-1430728
P49902,,,,,,1.0,Reactome_R-HSA-1430728
P49914,,,,,,1.0,Reactome_R-HSA-1430728
P49961,,,,,,1.0,Reactome_R-HSA-1430728
P50053,,,,,,1.0,Reactome_R-HSA-1430728
P50120,,,,,,1.0,Reactome_R-HSA-1430728
P50135,,,,,,1.0,Reactome_R-HSA-1430728
P50213,,,,,,1.0,Reactome_R-HSA-1430728
P50226,,,,,,2.0,Reactome_R-HSA-1430728;Reactome_R-HSA-211859
P50336,,,,,,1.0,Reactome_R-HSA-1430728
P50440,,,,,,1.0,Reactome_R-HSA-1430728
P50897,,,,,,1.0,Reactome_R-HSA-1430728
P51161,,,,,,1.0,Reactome_R-HSA-1430728
P51178,,,,,,1.0,Reactome_R-HSA-1430728
P51553,,,,,,1.0,Reactome_R-HSA-1430728
P51570,,,,,,1.0,Reactome_R-HSA-1430728
P51580,,,,,,2.0,Reactome_R-HSA-1430728;Reactome_R-HSA-211859
P51648-1,,,,,,1.0,Reactome_R-HSA-1430728
P51648-2,,,,,,1.0,Reactome_R-HSA-1430728
P51659,,,,,,1.0,Reactome_R-HSA-1430728
P51687,,,,,,1.0,Reactome_R-HSA-1430728
P51688,,,,,,1.0,Reactome_R-HSA-1430728
P51813,,,,,,1.0,Reactome_R-HSA-1430728
P51857,,,,,,1.0,Reactome_R-HSA-1430728
P51970,,,,,,1.0,Reactome_R-HSA-1430728
P52209,,,,,,1.0,Reactome_R-HSA-1430728
P52758,,,,,,1.0,Reactome_R-HSA-1430728
P52788,,,,,,1.0,Reactome_R-HSA-1430728
P52948-5,,,,,,1.0,Reactome_R-HSA-1430728
P53597,,,,,,1.0,Reactome_R-HSA-1430728
P53701,,,,,,1.0,Reactome_R-HSA-1430728
P54136,,,,,,1.0,Reactome_R-HSA-1430728
P54352,,,,,,42.0,PathBank_SMP0100279;PathBank_SMP0100280;PathBank_SMP0100287;PathBank_SMP0100289;PathBank_SMP0100290;PathBank_SMP0100291;PathBank_SMP0100292;PathBank_SMP0100293;PathBank_SMP0100294;PathBank_SMP0100295;PathBank_SMP0100296;PathBank_SMP0100297;PathBank_SMP0100298;PathBank_SMP0100299;PathBank_SMP0100300;PathBank_SMP0100301;PathBank_SMP0100302;PathBank_SMP0100303;PathBank_SMP0100304;PathBank_SMP0100305;PathBank_SMP0100306;PathBank_SMP0100307;PathBank_SMP0100308;PathBank_SMP0100309;PathBank_SMP0100310;PathBank_SMP0100317;PathBank_SMP0100319;PathBank_SMP0100325;PathBank_SMP0100327;PathBank_SMP0100332;PathBank_SMP0100334;PathBank_SMP0100338;PathBank_SMP0100340;PathBank_SMP0100343;PathBank_SMP0100345;PathBank_SMP0100347;PathBank_SMP0100349;PathBank_SMP0100350;PathBank_SMP0100351;PathBank_SMP0100352;PathBank_SMP0100354;PathBank_SMP0100355
P54687,,,,,,1.0,Reactome_R-HSA-1430728
P54802,,,,,,1.0,Reactome_R-HSA-1430728
P54803,,,,,,1.0,Reactome_R-HSA-1430728
P54819,,,,,,1.0,Reactome_R-HSA-1430728
P54840,,,,,,1.0,Reactome_R-HSA-1430728
P54868,,,,,,1.0,Reactome_R-HSA-1430728
P54886-1,,,,,,1.0,Reactome_R-HSA-1430728
P54886-2,,,,,,1.0,Reactome_R-HSA-1430728
P55073,,,,,,1.0,Reactome_R-HSA-1430728
P55084,,,,,,1.0,Reactome_R-HSA-1430728
P55263,,,,,,1.0,Reactome_R-HSA-1430728
P55809,,,,,,1.0,Reactome_R-HSA-1430728
P56181,,,,,,1.0,Reactome_R-HSA-1430728
P56192,,,,,,1.0,Reactome_R-HSA-1430728
P56378,,,,,,1.0,Reactome_R-HSA-1430728
P56381,,,,,,1.0,Reactome_R-HSA-1430728
P56385,,,,,,1.0,Reactome_R-HSA-1430728
P56556,,,,,,1.0,Reactome_R-HSA-1430728
P57740,,,,,,1.0,Reactome_R-HSA-1430728
P57772,,,,,,1.0,Reactome_R-HSA-1430728
P60484,,,,,,1.0,Reactome_R-HSA-1430728
P60891,,,,,,1.0,Reactome_R-HSA-1430728
P61106,,,,,,1.0,Reactome_R-HSA-1430728
P61204,,,,,,1.0,Reactome_R-HSA-1430728
P61457,,,,,,1.0,Reactome_R-HSA-1430728
P61764,,,,,,1.0,Reactome_R-HSA-1430728
P61956,,,,,,1.0,Reactome_R-HSA-1430728
P62826,,,,,,1.0,Reactome_R-HSA-1430728
P62834,,,,,,1.0,Reactome_R-HSA-1430728
P63027,,,,,,1.0,Reactome_R-HSA-1430728
P63279,,,,,,1.0,Reactome_R-HSA-1430728
P67870,,,,,,1.0,Reactome_R-HSA-1430728
P75919,,,,,,740.0,PathBank_SMP0001041;PathBank_SMP0001042;PathBank_SMP0001045;PathBank_SMP0001046;PathBank_SMP0001047;PathBank_SMP0001048;PathBank_SMP0001049;PathBank_SMP0001051;PathBank_SMP0001052;PathBank_SMP0001053;PathBank_SMP0001054;PathBank_SMP0001055;PathBank_SMP0001056;PathBank_SMP0001057;PathBank_SMP0001058;PathBank_SMP0001059;PathBank_SMP0001060;PathBank_SMP0001061;PathBank_SMP0001062;PathBank_SMP0001063;PathBank_SMP0001064;PathBank_SMP0001065;PathBank_SMP0001066;PathBank_SMP0001067;PathBank_SMP0001068;PathBank_SMP0001069;PathBank_SMP0001070;PathBank_SMP0001071;PathBank_SMP0001072;PathBank_SMP0001073;PathBank_SMP0001074;PathBank_SMP0001075;PathBank_SMP0001076;PathBank_SMP0001077;PathBank_SMP0001078;PathBank_SMP0001079;PathBank_SMP0001080;PathBank_SMP0001081;PathBank_SMP0001082;PathBank_SMP0001083;PathBank_SMP0001084;PathBank_SMP0001085;PathBank_SMP0001086;PathBank_SMP0001087;PathBank_SMP0001088;PathBank_SMP0001089;PathBank_SMP0001090;PathBank_SMP0001091;PathBank_SMP0001092;PathBank_SMP0001093;PathBank_SMP0001094;PathBank_SMP0001095;PathBank_SMP0001096;PathBank_SMP0001097;PathBank_SMP0001098;PathBank_SMP0001099;PathBank_SMP0001100;PathBank_SMP0001101;PathBank_SMP0001102;PathBank_SMP0001103;PathBank_SMP0001104;PathBank_SMP0001105;PathBank_SMP0001106;PathBank_SMP0001107;PathBank_SMP0001108;PathBank_SMP0001109;PathBank_SMP0001110;PathBank_SMP0001111;PathBank_SMP0001112;PathBank_SMP0001113;PathBank_SMP0001114;PathBank_SMP0001115;PathBank_SMP0001116;PathBank_SMP0001117;PathBank_SMP0001118;PathBank_SMP0001119;PathBank_SMP0001120;PathBank_SMP0001121;PathBank_SMP0001122;PathBank_SMP0001123;PathBank_SMP0001124;PathBank_SMP0001125;PathBank_SMP0001126;PathBank_SMP0001127;PathBank_SMP0001128;PathBank_SMP0001129;PathBank_SMP0001130;PathBank_SMP0001131;PathBank_SMP0001132;PathBank_SMP0001133;PathBank_SMP0001134;PathBank_SMP0001135;PathBank_SMP0001136;PathBank_SMP0001137;PathBank_SMP0001138;PathBank_SMP0001139;PathBank_SMP0001140;PathBank_SMP0001141;PathBank_SMP0001142;PathBank_SMP0001143;PathBank_SMP0001144;PathBank_SMP0001145;PathBank_SMP0001146;PathBank_SMP0001147;PathBank_SMP0001148;PathBank_SMP0001149;PathBank_SMP0001150;PathBank_SMP0001151;PathBank_SMP0001152;PathBank_SMP0001153;PathBank_SMP0001154;PathBank_SMP0001155;PathBank_SMP0001156;PathBank_SMP0001157;PathBank_SMP0001158;PathBank_SMP0001159;PathBank_SMP0001160;PathBank_SMP0001161;PathBank_SMP0001162;PathBank_SMP0001163;PathBank_SMP0001164;PathBank_SMP0001165;PathBank_SMP0001166;PathBank_SMP0001167;PathBank_SMP0001168;PathBank_SMP0001169;PathBank_SMP0001170;PathBank_SMP0001171;PathBank_SMP0001172;PathBank_SMP0001173;PathBank_SMP0001174;PathBank_SMP0001175;PathBank_SMP0001176;PathBank_SMP0001177;PathBank_SMP0001178;PathBank_SMP0001179;PathBank_SMP0001180;PathBank_SMP0001181;PathBank_SMP0001182;PathBank_SMP0001183;PathBank_SMP0001184;PathBank_SMP0001185;PathBank_SMP0001186;PathBank_SMP0001187;PathBank_SMP0001188;PathBank_SMP0001189;PathBank_SMP0001190;PathBank_SMP0001191;PathBank_SMP0001192;PathBank_SMP0001193;PathBank_SMP0001194;PathBank_SMP0001195;PathBank_SMP0001196;PathBank_SMP0001197;PathBank_SMP0001198;PathBank_SMP0001199;PathBank_SMP0001200;PathBank_SMP0001201;PathBank_SMP0001203;PathBank_SMP0001204;PathBank_SMP0001205;PathBank_SMP0001206;PathBank_SMP0001207;PathBank_SMP0001208;PathBank_SMP0001209;PathBank_SMP0001210;PathBank_SMP0001211;PathBank_SMP0001212;PathBank_SMP0001213;PathBank_SMP0001214;PathBank_SMP0001215;PathBank_SMP0001216;PathBank_SMP0001217;PathBank_SMP0001218;PathBank_SMP0001219;PathBank_SMP0001220;PathBank_SMP0001221;PathBank_SMP0001222;PathBank_SMP0001223;PathBank_SMP0001224;PathBank_SMP0001225;PathBank_SMP0001226;PathBank_SMP0001227;PathBank_SMP0001228;PathBank_SMP0001229;PathBank_SMP0001230;PathBank_SMP0001231;PathBank_SMP0001232;PathBank_SMP0001233;PathBank_SMP0001234;PathBank_SMP0001235;PathBank_SMP0001236;PathBank_SMP0001237;PathBank_SMP0001238;PathBank_SMP0001239;PathBank_SMP0001240;PathBank_SMP0001241;PathBank_SMP0001242;PathBank_SMP0001243;PathBank_SMP0001244;PathBank_SMP0001245;PathBank_SMP0001246;PathBank_SMP0001247;PathBank_SMP0001248;PathBank_SMP0001249;PathBank_SMP0001250;PathBank_SMP0001251;PathBank_SMP0001252;PathBank_SMP0001253;PathBank_SMP0001254;PathBank_SMP0001255;PathBank_SMP0001256;PathBank_SMP0001257;PathBank_SMP0001258;PathBank_SMP0001259;PathBank_SMP0001260;PathBank_SMP0001261;PathBank_SMP0001262;PathBank_SMP0001263;PathBank_SMP0001264;PathBank_SMP0001265;PathBank_SMP0001266;PathBank_SMP0001267;PathBank_SMP0001268;PathBank_SMP0001269;PathBank_SMP0001270;PathBank_SMP0001271;PathBank_SMP0001272;PathBank_SMP0001273;PathBank_SMP0001274;PathBank_SMP0001275;PathBank_SMP0001276;PathBank_SMP0001277;PathBank_SMP0001278;PathBank_SMP0001279;PathBank_SMP0001280;PathBank_SMP0001281;PathBank_SMP0001282;PathBank_SMP0001283;PathBank_SMP0001284;PathBank_SMP0001285;PathBank_SMP0001286;PathBank_SMP0001287;PathBank_SMP0001288;PathBank_SMP0001289;PathBank_SMP0001290;PathBank_SMP0001291;PathBank_SMP0001292;PathBank_SMP0001293;PathBank_SMP0001294;PathBank_SMP0001295;PathBank_SMP0001296;PathBank_SMP0001297;PathBank_SMP0001298;PathBank_SMP0001299;PathBank_SMP0001300;PathBank_SMP0001301;PathBank_SMP0001302;PathBank_SMP0001303;PathBank_SMP0001304;PathBank_SMP0001305;PathBank_SMP0001306;PathBank_SMP0001307;PathBank_SMP0001308;PathBank_SMP0001309;PathBank_SMP0001310;PathBank_SMP0001311;PathBank_SMP0001312;PathBank_SMP0001313;PathBank_SMP0001314;PathBank_SMP0001315;PathBank_SMP0001316;PathBank_SMP0001317;PathBank_SMP0001318;PathBank_SMP0001319;PathBank_SMP0001320;PathBank_SMP0001321;PathBank_SMP0001322;PathBank_SMP0001323;PathBank_SMP0001324;PathBank_SMP0001325;PathBank_SMP0001326;PathBank_SMP0001327;PathBank_SMP0001328;PathBank_SMP0001329;PathBank_SMP0001330;PathBank_SMP0001331;PathBank_SMP0001332;PathBank_SMP0001333;PathBank_SMP0001334;PathBank_SMP0001335;PathBank_SMP0001336;PathBank_SMP0001337;PathBank_SMP0001338;PathBank_SMP0001339;PathBank_SMP0001340;PathBank_SMP0001341;PathBank_SMP0001342;PathBank_SMP0001343;PathBank_SMP0001344;PathBank_SMP0001345;PathBank_SMP0001346;PathBank_SMP0001347;PathBank_SMP0001348;PathBank_SMP0001349;PathBank_SMP0001350;PathBank_SMP0001351;PathBank_SMP0001352;PathBank_SMP0001353;PathBank_SMP0001354;PathBank_SMP0001355;PathBank_SMP0001356;PathBank_SMP0001357;PathBank_SMP0001358;PathBank_SMP0001359;PathBank_SMP0001360;PathBank_SMP0001361;PathBank_SMP0001362;PathBank_SMP0001363;PathBank_SMP0001364;PathBank_SMP0001365;PathBank_SMP0001366;PathBank_SMP0001367;PathBank_SMP0001368;PathBank_SMP0001369;PathBank_SMP0001370;PathBank_SMP0001371;PathBank_SMP0001372;PathBank_SMP0001373;PathBank_SMP0001374;PathBank_SMP0001375;PathBank_SMP0001376;PathBank_SMP0001377;PathBank_SMP0001378;PathBank_SMP0001379;PathBank_SMP0001380;PathBank_SMP0001381;PathBank_SMP0001382;PathBank_SMP0001383;PathBank_SMP0001384;PathBank_SMP0001385;PathBank_SMP0001386;PathBank_SMP0001387;PathBank_SMP0001388;PathBank_SMP0001389;PathBank_SMP0001390;PathBank_SMP0001391;PathBank_SMP0001392;PathBank_SMP0001393;PathBank_SMP0001394;PathBank_SMP0001395;PathBank_SMP0001396;PathBank_SMP0001397;PathBank_SMP0001398;PathBank_SMP0001399;PathBank_SMP0001400;PathBank_SMP0001401;PathBank_SMP0001402;PathBank_SMP0001403;PathBank_SMP0001404;PathBank_SMP0001405;PathBank_SMP0001406;PathBank_SMP0001407;PathBank_SMP0001408;PathBank_SMP0001409;PathBank_SMP0001410;PathBank_SMP0001411;PathBank_SMP0001412;PathBank_SMP0001413;PathBank_SMP0001414;PathBank_SMP0001415;PathBank_SMP0001416;PathBank_SMP0001417;PathBank_SMP0001418;PathBank_SMP0001419;PathBank_SMP0001420;PathBank_SMP0001421;PathBank_SMP0001422;PathBank_SMP0001423;PathBank_SMP0001424;PathBank_SMP0001425;PathBank_SMP0001426;PathBank_SMP0001427;PathBank_SMP0001428;PathBank_SMP0001429;PathBank_SMP0001430;PathBank_SMP0001431;PathBank_SMP0001432;PathBank_SMP0001433;PathBank_SMP0001434;PathBank_SMP0001435;PathBank_SMP0001436;PathBank_SMP0001437;PathBank_SMP0001438;PathBank_SMP0001439;PathBank_SMP0001440;PathBank_SMP0001441;PathBank_SMP0001442;PathBank_SMP0001443;PathBank_SMP0001444;PathBank_SMP0001445;PathBank_SMP0001446;PathBank_SMP0001447;PathBank_SMP0001448;PathBank_SMP0001449;PathBank_SMP0001450;PathBank_SMP0001451;PathBank_SMP0001452;PathBank_SMP0001453;PathBank_SMP0001455;PathBank_SMP0001456;PathBank_SMP0001457;PathBank_SMP0001458;PathBank_SMP0001459;PathBank_SMP0001460;PathBank_SMP0001461;PathBank_SMP0001462;PathBank_SMP0001463;PathBank_SMP0001464;PathBank_SMP0001465;PathBank_SMP0001466;PathBank_SMP0001467;PathBank_SMP0001468;PathBank_SMP0001469;PathBank_SMP0001470;PathBank_SMP0001471;PathBank_SMP0001472;PathBank_SMP0001473;PathBank_SMP0001474;PathBank_SMP0001475;PathBank_SMP0001476;PathBank_SMP0001477;PathBank_SMP0001478;PathBank_SMP0001479;PathBank_SMP0001480;PathBank_SMP0001481;PathBank_SMP0001482;PathBank_SMP0001483;PathBank_SMP0001484;PathBank_SMP0001485;PathBank_SMP0001486;PathBank_SMP0001487;PathBank_SMP0001488;PathBank_SMP0001489;PathBank_SMP0001490;PathBank_SMP0001491;PathBank_SMP0001492;PathBank_SMP0001493;PathBank_SMP0001494;PathBank_SMP0001495;PathBank_SMP0001496;PathBank_SMP0001497;PathBank_SMP0001498;PathBank_SMP0001499;PathBank_SMP0001500;PathBank_SMP0001501;PathBank_SMP0001502;PathBank_SMP0001503;PathBank_SMP0001504;PathBank_SMP0001505;PathBank_SMP0001506;PathBank_SMP0001507;PathBank_SMP0001508;PathBank_SMP0001509;PathBank_SMP0001510;PathBank_SMP0001511;PathBank_SMP0001512;PathBank_SMP0001513;PathBank_SMP0001514;PathBank_SMP0001515;PathBank_SMP0001516;PathBank_SMP0001517;PathBank_SMP0001518;PathBank_SMP0001519;PathBank_SMP0001520;PathBank_SMP0001521;PathBank_SMP0001522;PathBank_SMP0001523;PathBank_SMP0001524;PathBank_SMP0001525;PathBank_SMP0001526;PathBank_SMP0001527;PathBank_SMP0001528;PathBank_SMP0001529;PathBank_SMP0001530;PathBank_SMP0001531;PathBank_SMP0001532;PathBank_SMP0001533;PathBank_SMP0001534;PathBank_SMP0001535;PathBank_SMP0001536;PathBank_SMP0001537;PathBank_SMP0001538;PathBank_SMP0001539;PathBank_SMP0001540;PathBank_SMP0001541;PathBank_SMP0001542;PathBank_SMP0001543;PathBank_SMP0001544;PathBank_SMP0001545;PathBank_SMP0001547;PathBank_SMP0001548;PathBank_SMP0001549;PathBank_SMP0001550;PathBank_SMP0001551;PathBank_SMP0001552;PathBank_SMP0001553;PathBank_SMP0001554;PathBank_SMP0001555;PathBank_SMP0001556;PathBank_SMP0001557;PathBank_SMP0001558;PathBank_SMP0001559;PathBank_SMP0001560;PathBank_SMP0001561;PathBank_SMP0001562;PathBank_SMP0001563;PathBank_SMP0001564;PathBank_SMP0001565;PathBank_SMP0001566;PathBank_SMP0001567;PathBank_SMP0001568;PathBank_SMP0001569;PathBank_SMP0001570;PathBank_SMP0001571;PathBank_SMP0001572;PathBank_SMP0001573;PathBank_SMP0001574;PathBank_SMP0001575;PathBank_SMP0001576;PathBank_SMP0001577;PathBank_SMP0001578;PathBank_SMP0001579;PathBank_SMP0001580;PathBank_SMP0001581;PathBank_SMP0001582;PathBank_SMP0001583;PathBank_SMP0001584;PathBank_SMP0001585;PathBank_SMP0001586;PathBank_SMP0001587;PathBank_SMP0001588;PathBank_SMP0001589;PathBank_SMP0001590;PathBank_SMP0001591;PathBank_SMP0001592;PathBank_SMP0001593;PathBank_SMP0001594;PathBank_SMP0001595;PathBank_SMP0001596;PathBank_SMP0001597;PathBank_SMP0001598;PathBank_SMP0001599;PathBank_SMP0001600;PathBank_SMP0001601;PathBank_SMP0001602;PathBank_SMP0001604;PathBank_SMP0001605;PathBank_SMP0001606;PathBank_SMP0001607;PathBank_SMP0001608;PathBank_SMP0001609;PathBank_SMP0001610;PathBank_SMP0001611;PathBank_SMP0001612;PathBank_SMP0001613;PathBank_SMP0001614;PathBank_SMP0001615;PathBank_SMP0001616;PathBank_SMP0001617;PathBank_SMP0001618;PathBank_SMP0001619;PathBank_SMP0001620;PathBank_SMP0001621;PathBank_SMP0001622;PathBank_SMP0001623;PathBank_SMP0001624;PathBank_SMP0001625;PathBank_SMP0001626;PathBank_SMP0001627;PathBank_SMP0001628;PathBank_SMP0001629;PathBank_SMP0001630;PathBank_SMP0001631;PathBank_SMP0001632;PathBank_SMP0001633;PathBank_SMP0001634;PathBank_SMP0001635;PathBank_SMP0001637;PathBank_SMP0001638;PathBank_SMP0001639;PathBank_SMP0001640;PathBank_SMP0001641;PathBank_SMP0001642;PathBank_SMP0001643;PathBank_SMP0001644;PathBank_SMP0001645;PathBank_SMP0001646;PathBank_SMP0001647;PathBank_SMP0001648;PathBank_SMP0001649;PathBank_SMP0001650;PathBank_SMP0001651;PathBank_SMP0001652;PathBank_SMP0001653;PathBank_SMP0001654;PathBank_SMP0001655;PathBank_SMP0001656;PathBank_SMP0001657;PathBank_SMP0001658;PathBank_SMP0001659;PathBank_SMP0001660;PathBank_SMP0001661;PathBank_SMP0001662;PathBank_SMP0001663;PathBank_SMP0001664;PathBank_SMP0001665;PathBank_SMP0001666;PathBank_SMP0001667;PathBank_SMP0001668;PathBank_SMP0001669;PathBank_SMP0001670;PathBank_SMP0001671;PathBank_SMP0001672;PathBank_SMP0001673;PathBank_SMP0001674;PathBank_SMP0001675;PathBank_SMP0001676;PathBank_SMP0001677;PathBank_SMP0001678;PathBank_SMP0001679;PathBank_SMP0001680;PathBank_SMP0001681;PathBank_SMP0001682;PathBank_SMP0001683;PathBank_SMP0001684;PathBank_SMP0001685;PathBank_SMP0001686;PathBank_SMP0001687;PathBank_SMP0001688;PathBank_SMP0001689;PathBank_SMP0001690;PathBank_SMP0001691;PathBank_SMP0001692;PathBank_SMP0001693;PathBank_SMP0001694;PathBank_SMP0001695;PathBank_SMP0001696;PathBank_SMP0001697;PathBank_SMP0001698;PathBank_SMP0001699;PathBank_SMP0001700;PathBank_SMP0001701;PathBank_SMP0001702;PathBank_SMP0001703;PathBank_SMP0001704;PathBank_SMP0001705;PathBank_SMP0001706;PathBank_SMP0001707;PathBank_SMP0001708;PathBank_SMP0001709;PathBank_SMP0001710;PathBank_SMP0001711;PathBank_SMP0001712;PathBank_SMP0001713;PathBank_SMP0001714;PathBank_SMP0001715;PathBank_SMP0001716;PathBank_SMP0001717;PathBank_SMP0001718;PathBank_SMP0001719;PathBank_SMP0001720;PathBank_SMP0001721;PathBank_SMP0001722;PathBank_SMP0001723;PathBank_SMP0001724;PathBank_SMP0001725;PathBank_SMP0001726;PathBank_SMP0001727;PathBank_SMP0001728;PathBank_SMP0001739;PathBank_SMP0001774;PathBank_SMP0001796;PathBank_SMP0001798;PathBank_SMP0001799;PathBank_SMP0001804;PathBank_SMP0001885;PathBank_SMP0001921;PathBank_SMP0001926;PathBank_SMP0001929;PathBank_SMP0001931;PathBank_SMP0001937;PathBank_SMP0001943;PathBank_SMP0001946;PathBank_SMP0001950;PathBank_SMP0001951;PathBank_SMP0001952;PathBank_SMP0001954;PathBank_SMP0001956;PathBank_SMP0001958;PathBank_SMP0001961;PathBank_SMP0001966;PathBank_SMP0001968;PathBank_SMP0001969;PathBank_SMP0001971;PathBank_SMP0001973;PathBank_SMP0001974;PathBank_SMP0001975;PathBank_SMP0001976;PathBank_SMP0001977;PathBank_SMP0001978;PathBank_SMP0001979;PathBank_SMP0001980;PathBank_SMP0001982;PathBank_SMP0001983;PathBank_SMP0001986;PathBank_SMP0001988;PathBank_SMP0001989;PathBank_SMP0001990;PathBank_SMP0001991;PathBank_SMP0001992;PathBank_SMP0001993;PathBank_SMP0001995;PathBank_SMP0001997;PathBank_SMP0001998;PathBank_SMP0002000;PathBank_SMP0002002;PathBank_SMP0002003;PathBank_SMP0002006;PathBank_SMP0002008;PathBank_SMP0002010;PathBank_SMP0002013;PathBank_SMP0002016;PathBank_SMP0002019;PathBank_SMP0002022;PathBank_SMP0002025;PathBank_SMP0002026;PathBank_SMP0002027;PathBank_SMP0002028;PathBank_SMP0002029
P78330,,,,,,1.0,Reactome_R-HSA-1430728
P78356,,,,,,1.0,Reactome_R-HSA-1430728
P78368,,,,,,1.0,Reactome_R-HSA-1430728
P78406,,,,,,1.0,Reactome_R-HSA-1430728
P78540,,,,,,1.0,Reactome_R-HSA-1430728
P86397,,,,,,1.0,Reactome_R-HSA-1430728
P98164,,,,,,1.0,Reactome_R-HSA-1430728
Q00055,,,,,,1.0,PathBank_SMP0002392
Q00722,,,,,,1.0,Reactome_R-HSA-1430728
Q00796,,,,,,1.0,Reactome_R-HSA-1430728
Q00973,,,,,,1.0,Reactome_R-HSA-1430728
Q01432,,,,,,1.0,Reactome_R-HSA-1430728
Q01650,,,,,,1.0,Reactome_R-HSA-1430728
Q01668,,,,,,1.0,Reactome_R-HSA-1430728
Q01740,,,,,,3.0,Reactome_R-HSA-1430728;Reactome_R-HSA-211859;Reactome_R-HSA-211945
Q02161,,,,,,1.0,Reactome_R-HSA-1430728
Q02318,,,,,,4.0,Reactome_R-HSA-1430728;Reactome_R-HSA-211859;Reactome_R-HSA-211897;Reactome_R-HSA-211945
Q02338,,,,,,1.0,Reactome_R-HSA-1430728
Q02928,,,,,,1.0,Reactome_R-HSA-1430728
Q02978,,,,,,1.0,Reactome_R-HSA-1430728
Q03013,,,,,,2.0,Reactome_R-HSA-1430728;Reactome_R-HSA-211859
Q03154,,,,,,2.0,Reactome_R-HSA-1430728;Reactome_R-HSA-211859
Q03393,,,,,,1.0,Reactome_R-HSA-1430728
Q03764,,,,,,1.0,PathBank_SMP0002392
Q04446,,,,,,1.0,Reactome_R-HSA-1430728
Q04671,,,,,,1.0,Reactome_R-HSA-1430728
Q04760,,,,,,1.0,Reactome_R-HSA-1430728
Q05469,,,,,,1.0,Reactome_R-HSA-1430728
Q05932-1,,,,,,1.0,Reactome_R-HSA-1430728
Q05932-2,,,,,,1.0,Reactome_R-HSA-1430728
Q06136,,,,,,1.0,Reactome_R-HSA-1430728
Q06203,,,,,,1.0,Reactome_R-HSA-1430728
Q06508,,,,,,1.0,PathBank_SMP0002392
Q06625,,,,,,1.0,BioCyc_META_PWY-5941
Q07973,,,,,,4.0,Reactome_R-HSA-1430728;Reactome_R-HSA-211859;Reactome_R-HSA-211897;Reactome_R-HSA-211945
Q08548,,,,,,1.0,PathBank_SMP0002392
Q08623,,,,,,1.0,Reactome_R-HSA-1430728
Q08AM6,,,,,,1.0,Reactome_R-HSA-1430728
Q08IT1,,,,,,2.0,BioCyc_META_PWY-5672;PlantCyc_PLANT_PWY-5672
Q09428,,,,,,1.0,Reactome_R-HSA-1430728
Q09643,,,,,,154.0,PathBank_SMP0100117;PathBank_SMP0100121;PathBank_SMP0100123;PathBank_SMP0100124;PathBank_SMP0100125;PathBank_SMP0100126;PathBank_SMP0100127;PathBank_SMP0100128;PathBank_SMP0100129;PathBank_SMP0100130;PathBank_SMP0100131;PathBank_SMP0100132;PathBank_SMP0100133;PathBank_SMP0100134;PathBank_SMP0100135;PathBank_SMP0100136;PathBank_SMP0100137;PathBank_SMP0100138;PathBank_SMP0100139;PathBank_SMP0100140;PathBank_SMP0100141;PathBank_SMP0100142;PathBank_SMP0100143;PathBank_SMP0100144;PathBank_SMP0100145;PathBank_SMP0100146;PathBank_SMP0100147;PathBank_SMP0100148;PathBank_SMP0100149;PathBank_SMP0100150;PathBank_SMP0100151;PathBank_SMP0100152;PathBank_SMP0100153;PathBank_SMP0100154;PathBank_SMP0100155;PathBank_SMP0100156;PathBank_SMP0100157;PathBank_SMP0100158;PathBank_SMP0100159;PathBank_SMP0100160;PathBank_SMP0100161;PathBank_SMP0100162;PathBank_SMP0100163;PathBank_SMP0100164;PathBank_SMP0100165;PathBank_SMP0100166;PathBank_SMP0100167;PathBank_SMP0100168;PathBank_SMP0100169;PathBank_SMP0100170;PathBank_SMP0100171;PathBank_SMP0100172;PathBank_SMP0100173;PathBank_SMP0100174;PathBank_SMP0100175;PathBank_SMP0100176;PathBank_SMP0100177;PathBank_SMP0100178;PathBank_SMP0100179;PathBank_SMP0100180;PathBank_SMP0100181;PathBank_SMP0100182;PathBank_SMP0100183;PathBank_SMP0100184;PathBank_SMP0100185;PathBank_SMP0100186;PathBank_SMP0100187;PathBank_SMP0100188;PathBank_SMP0100189;PathBank_SMP0100190;PathBank_SMP0100191;PathBank_SMP0100192;PathBank_SMP0100193;PathBank_SMP0100194;PathBank_SMP0100195;PathBank_SMP0100196;PathBank_SMP0100197;PathBank_SMP0100198;PathBank_SMP0100199;PathBank_SMP0100200;PathBank_SMP0100201;PathBank_SMP0100202;PathBank_SMP0100203;PathBank_SMP0100204;PathBank_SMP0100205;PathBank_SMP0100206;PathBank_SMP0100207;PathBank_SMP0100208;PathBank_SMP0100209;PathBank_SMP0100210;PathBank_SMP0100211;PathBank_SMP0100212;PathBank_SMP0100213;PathBank_SMP0100214;PathBank_SMP0100215;PathBank_SMP0100216;PathBank_SMP0100217;PathBank_SMP0100218;PathBank_SMP0100219;PathBank_SMP0100220;PathBank_SMP0100221;PathBank_SMP0100222;PathBank_SMP0100223;PathBank_SMP0100224;PathBank_SMP0100225;PathBank_SMP0100226;PathBank_SMP0100227;PathBank_SMP0100228;PathBank_SMP0100229;PathBank_SMP0100230;PathBank_SMP0100231;PathBank_SMP0100232;PathBank_SMP0100233;PathBank_SMP0100234;PathBank_SMP0100235;PathBank_SMP0100236;PathBank_SMP0100237;PathBank_SMP0100238;PathBank_SMP0100239;PathBank_SMP0100240;PathBank_SMP0100241;PathBank_SMP0100242;PathBank_SMP0100243;PathBank_SMP0100244;PathBank_SMP0100245;PathBank_SMP0100246;PathBank_SMP0100247;PathBank_SMP0100248;PathBank_SMP0100249;PathBank_SMP0100250;PathBank_SMP0100251;PathBank_SMP0100252;PathBank_SMP0100253;PathBank_SMP0100254;PathBank_SMP0100255;PathBank_SMP0100256;PathBank_SMP0100257;PathBank_SMP0100258;PathBank_SMP0100259;PathBank_SMP0100260;PathBank_SMP0100261;PathBank_SMP0100262;PathBank_SMP0100263;PathBank_SMP0100264;PathBank_SMP0100265;PathBank_SMP0100266;PathBank_SMP0100267;PathBank_SMP0100268;PathBank_SMP0100269;PathBank_SMP0100270;PathBank_SMP0100271;PathBank_SMP0100272;PathBank_SMP0100273;PathBank_SMP0100274
Q10588,,,,,,1.0,Reactome_R-HSA-1430728
Q10949,,,,,,154.0,PathBank_SMP0100117;PathBank_SMP0100121;PathBank_SMP0100123;PathBank_SMP0100124;PathBank_SMP0100125;PathBank_SMP0100126;PathBank_SMP0100127;PathBank_SMP0100128;PathBank_SMP0100129;PathBank_SMP0100130;PathBank_SMP0100131;PathBank_SMP0100132;PathBank_SMP0100133;PathBank_SMP0100134;PathBank_SMP0100135;PathBank_SMP0100136;PathBank_SMP0100137;PathBank_SMP0100138;PathBank_SMP0100139;PathBank_SMP0100140;PathBank_SMP0100141;PathBank_SMP0100142;PathBank_SMP0100143;PathBank_SMP0100144;PathBank_SMP0100145;PathBank_SMP0100146;PathBank_SMP0100147;PathBank_SMP0100148;PathBank_SMP0100149;PathBank_SMP0100150;PathBank_SMP0100151;PathBank_SMP0100152;PathBank_SMP0100153;PathBank_SMP0100154;PathBank_SMP0100155;PathBank_SMP0100156;PathBank_SMP0100157;PathBank_SMP0100158;PathBank_SMP0100159;PathBank_SMP0100160;PathBank_SMP0100161;PathBank_SMP0100162;PathBank_SMP0100163;PathBank_SMP0100164;PathBank_SMP0100165;PathBank_SMP0100166;PathBank_SMP0100167;PathBank_SMP0100168;PathBank_SMP0100169;PathBank_SMP0100170;PathBank_SMP0100171;PathBank_SMP0100172;PathBank_SMP0100173;PathBank_SMP0100174;PathBank_SMP0100175;PathBank_SMP0100176;PathBank_SMP0100177;PathBank_SMP0100178;PathBank_SMP0100179;PathBank_SMP0100180;PathBank_SMP0100181;PathBank_SMP0100182;PathBank_SMP0100183;PathBank_SMP0100184;PathBank_SMP0100185;PathBank_SMP0100186;PathBank_SMP0100187;PathBank_SMP0100188;PathBank_SMP0100189;PathBank_SMP0100190;PathBank_SMP0100191;PathBank_SMP0100192;PathBank_SMP0100193;PathBank_SMP0100194;PathBank_SMP0100195;PathBank_SMP0100196;PathBank_SMP0100197;PathBank_SMP0100198;PathBank_SMP0100199;PathBank_SMP0100200;PathBank_SMP0100201;PathBank_SMP0100202;PathBank_SMP0100203;PathBank_SMP0100204;PathBank_SMP0100205;PathBank_SMP0100206;PathBank_SMP0100207;PathBank_SMP0100208;PathBank_SMP0100209;PathBank_SMP0100210;PathBank_SMP0100211;PathBank_SMP0100212;PathBank_SMP0100213;PathBank_SMP0100214;PathBank_SMP0100215;PathBank_SMP0100216;PathBank_SMP0100217;PathBank_SMP0100218;PathBank_SMP0100219;PathBank_SMP0100220;PathBank_SMP0100221;PathBank_SMP0100222;PathBank_SMP0100223;PathBank_SMP0100224;PathBank_SMP0100225;PathBank_SMP0100226;PathBank_SMP0100227;PathBank_SMP0100228;PathBank_SMP0100229;PathBank_SMP0100230;PathBank_SMP0100231;PathBank_SMP0100232;PathBank_SMP0100233;PathBank_SMP0100234;PathBank_SMP0100235;PathBank_SMP0100236;PathBank_SMP0100237;PathBank_SMP0100238;PathBank_SMP0100239;PathBank_SMP0100240;PathBank_SMP0100241;PathBank_SMP0100242;PathBank_SMP0100243;PathBank_SMP0100244;PathBank_SMP0100245;PathBank_SMP0100246;PathBank_SMP0100247;PathBank_SMP0100248;PathBank_SMP0100249;PathBank_SMP0100250;PathBank_SMP0100251;PathBank_SMP0100252;PathBank_SMP0100253;PathBank_SMP0100254;PathBank_SMP0100255;PathBank_SMP0100256;PathBank_SMP0100257;PathBank_SMP0100258;PathBank_SMP0100259;PathBank_SMP0100260;PathBank_SMP0100261;PathBank_SMP0100262;PathBank_SMP0100263;PathBank_SMP0100264;PathBank_SMP0100265;PathBank_SMP0100266;PathBank_SMP0100267;PathBank_SMP0100268;PathBank_SMP0100269;PathBank_SMP0100270;PathBank_SMP0100271;PathBank_SMP0100272;PathBank_SMP0100273;PathBank_SMP0100274
Q10981,,,,,,1.0,Reactome_R-HSA-1430728
Q11203,,,,,,1.0,Reactome_R-HSA-1430728
Q12043,,,,,,1.0,PathBank_SMP0002392
Q12382,,,,,,1.0,PathBank_SMP0002392
Q12769,,,,,,1.0,Reactome_R-HSA-1430728
Q12882,,,,,,1.0,Reactome_R-HSA-1430728
Q12887,,,,,,1.0,Reactome_R-HSA-1430728
Q12891,,,,,,1.0,Reactome_R-HSA-1430728
Q12904,,,,,,1.0,Reactome_R-HSA-1430728
Q12908,,,,,,1.0,Reactome_R-HSA-1430728
Q12923,,,,,,1.0,Reactome_R-HSA-1430728
Q12931,,,,,,1.0,Reactome_R-HSA-1430728
Q13018,,,,,,1.0,Reactome_R-HSA-1430728
Q13057,,,,,,1.0,Reactome_R-HSA-1430728
Q13126,,,,,,1.0,Reactome_R-HSA-1430728
Q13155,,,,,,1.0,Reactome_R-HSA-1430728
Q13227,,,,,,1.0,Reactome_R-HSA-1430728
Q13237,,,,,,1.0,Reactome_R-HSA-1430728
Q13423,,,,,,1.0,Reactome_R-HSA-1430728
Q13496,,,,,,1.0,Reactome_R-HSA-1430728
Q13503,,,,,,1.0,Reactome_R-HSA-1430728
Q13510,,,,,,1.0,Reactome_R-HSA-1430728
Q13572,,,,,,1.0,Reactome_R-HSA-1430728
Q13822,,,,,,1.0,Reactome_R-HSA-1430728
Q13825,,,,,,1.0,Reactome_R-HSA-1430728
Q13936,,,,,,1.0,Reactome_R-HSA-1430728
Q13952,,,,,,1.0,Reactome_R-HSA-1430728
Q14032,,,,,,1.0,Reactome_R-HSA-1430728
Q14061,,,,,,1.0,Reactome_R-HSA-1430728
Q14117,,,,,,1.0,Reactome_R-HSA-1430728
Q14192,,,,,,1.0,Reactome_R-HSA-1430728
Q14353,,,,,,1.0,Reactome_R-HSA-1430728
Q14397,,,,,,1.0,Reactome_R-HSA-1430728
Q14654,,,,,,1.0,Reactome_R-HSA-1430728
Q14703,,,,,,1.0,Reactome_R-HSA-1430728
Q14749,,,,,,1.0,Reactome_R-HSA-1430728
Q14894,,,,,,1.0,Reactome_R-HSA-1430728
Q14914,,,,,,1.0,Reactome_R-HSA-1430728
Q14973,,,,,,1.0,Reactome_R-HSA-1430728
Q15067-1,,,,,,1.0,Reactome_R-HSA-1430728
Q15067-2,,,,,,1.0,Reactome_R-HSA-1430728
Q15070,,,,,,1.0,Reactome_R-HSA-1430728
Q15118,,,,,,1.0,Reactome_R-HSA-1430728
Q15119,,,,,,1.0,Reactome_R-HSA-1430728
Q15120,,,,,,1.0,Reactome_R-HSA-1430728
Q15126,,,,,,1.0,Reactome_R-HSA-1430728
Q15147,,,,,,1.0,Reactome_R-HSA-1430728
Q15165,,,,,,1.0,Reactome_R-HSA-1430728
Q15166,,,,,,1.0,Reactome_R-HSA-1430728
Q15181,,,,,,1.0,Reactome_R-HSA-1430728
Q15185,,,,,,3.0,Reactome_R-HSA-1430728;Reactome_R-HSA-211859;Reactome_R-HSA-211945
Q15274,,,,,,1.0,Reactome_R-HSA-1430728
Q15327,,,,,,1.0,Reactome_R-HSA-1430728
Q15526,,,,,,1.0,Reactome_R-HSA-1430728
Q15528,,,,,,1.0,Reactome_R-HSA-1430728
Q15648,,,,,,1.0,Reactome_R-HSA-1430728
Q15738,,,,,,1.0,Reactome_R-HSA-1430728
Q15788,,,,,,4.0,Reactome_R-HSA-1430728;Reactome_R-HSA-211859;Reactome_R-HSA-211897;Reactome_R-HSA-211945
Q15831,,,,,,1.0,Reactome_R-HSA-1430728
Q15848,,,,,,1.0,Reactome_R-HSA-1430728
Q15878,,,,,,1.0,Reactome_R-HSA-1430728
Q16134,,,,,,1.0,Reactome_R-HSA-1430728
Q16394,,,,,,1.0,Reactome_R-HSA-1430728
Q16595,,,,,,1.0,Reactome_R-HSA-1430728
Q16623,,,,,,1.0,Reactome_R-HSA-1430728
Q16635,,,,,,1.0,Reactome_R-HSA-1430728
Q16654,,,,,,1.0,Reactome_R-HSA-1430728
Q16696,,,,,,2.0,Reactome_R-HSA-1430728;Reactome_R-HSA-211859
Q16698,,,,,,1.0,Reactome_R-HSA-1430728
Q16718,,,,,,1.0,Reactome_R-HSA-1430728
Q16719,,,,,,1.0,Reactome_R-HSA-1430728
Q16739,,,,,,1.0,Reactome_R-HSA-1430728
Q16762,,,,,,1.0,Reactome_R-HSA-1430728
Q16772,,,,,,2.0,Reactome_R-HSA-1430728;Reactome_R-HSA-211859
Q16773,,,,,,1.0,Reactome_R-HSA-1430728
Q16774,,,,,,1.0,Reactome_R-HSA-1430728
Q16775-2,,,,,,1.0,Reactome_R-HSA-1430728
Q16790,,,,,,1.0,Reactome_R-HSA-1430728
Q16795,,,,,,1.0,Reactome_R-HSA-1430728
Q16816,,,,,,1.0,Reactome_R-HSA-1430728
Q16836,,,,,,1.0,Reactome_R-HSA-1430728
Q16850,,,,,,4.0,Reactome_R-HSA-1430728;Reactome_R-HSA-211859;Reactome_R-HSA-211897;Reactome_R-HSA-211945
Q16851,,,,,,2.0,Reactome_R-HSA-1430728;Reactome_R-HSA-211859
Q16853,,,,,,3.0,Reactome_R-HSA-1430728;Reactome_R-HSA-211859;Reactome_R-HSA-211945
Q16854,,,,,,1.0,Reactome_R-HSA-1430728
Q16873,,,,,,1.0,Reactome_R-HSA-1430728
Q16877,,,,,,1.0,Reactome_R-HSA-1430728
Q16878,,,,,,1.0,Reactome_R-HSA-1430728
Q16880,,,,,,1.0,Reactome_R-HSA-1430728
Q1HG43,,,,,,1.0,Reactome_R-HSA-1430728
Q1HG44,,,,,,1.0,Reactome_R-HSA-1430728
Q2PDP3,,,,,,42.0,PathBank_SMP0100279;PathBank_SMP0100280;PathBank_SMP0100287;PathBank_SMP0100289;PathBank_SMP0100290;PathBank_SMP0100291;PathBank_SMP0100292;PathBank_SMP0100293;PathBank_SMP0100294;PathBank_SMP0100295;PathBank_SMP0100296;PathBank_SMP0100297;PathBank_SMP0100298;PathBank_SMP0100299;PathBank_SMP0100300;PathBank_SMP0100301;PathBank_SMP0100302;PathBank_SMP0100303;PathBank_SMP0100304;PathBank_SMP0100305;PathBank_SMP0100306;PathBank_SMP0100307;PathBank_SMP0100308;PathBank_SMP0100309;PathBank_SMP0100310;PathBank_SMP0100317;PathBank_SMP0100319;PathBank_SMP0100325;PathBank_SMP0100327;PathBank_SMP0100332;PathBank_SMP0100334;PathBank_SMP0100338;PathBank_SMP0100340;PathBank_SMP0100343;PathBank_SMP0100345;PathBank_SMP0100347;PathBank_SMP0100349;PathBank_SMP0100350;PathBank_SMP0100351;PathBank_SMP0100352;PathBank_SMP0100354;PathBank_SMP0100355
Q32NB8,,,,,,3.0,PathBank_SMP0000025;Reactome_R-HSA-1430728;WikiPathways_WP2533
Q330K2,,,,,,1.0,Reactome_R-HSA-1430728
Q38882,,,,,,14.0,PathBank_SMP0012027;PathBank_SMP0012048;PathBank_SMP0063827;PathBank_SMP0063838;PathBank_SMP0063848;PathBank_SMP0063857;PathBank_SMP0063865;PathBank_SMP0063872;PathBank_SMP0063878;PathBank_SMP0063883;PathBank_SMP0063887;PathBank_SMP0063890;PathBank_SMP0063891;PathBank_SMP0063892
Q3LIE5,,,,,,1.0,Reactome_R-HSA-1430728
Q3LXA3,,,,,,1.0,Reactome_R-HSA-1430728
Q3SY69,,,,,,1.0,Reactome_R-HSA-1430728
Q49B96,,,,,,1.0,Reactome_R-HSA-1430728
Q4G176,,,,,,1.0,Reactome_R-HSA-1430728
Q4KWH8,,,,,,1.0,Reactome_R-HSA-1430728
Q53EU6,,,,,,1.0,WikiPathways_WP2533
Q53H12,,,,,,1.0,Reactome_R-HSA-1430728
Q53H76,,,,,,1.0,Reactome_R-HSA-1430728
Q53H96,,,,,,1.0,Reactome_R-HSA-1430728
Q53S58,,,,,,1.0,Reactome_R-HSA-1430728
Q58HT5,,,,,,1.0,Reactome_R-HSA-1430728
Q5EBL8,,,,,,1.0,Reactome_R-HSA-1430728
Q5HYK3,,,,,,1.0,Reactome_R-HSA-1430728
Q5K4L6,,,,,,1.0,Reactome_R-HSA-1430728
Q5MY95,,,,,,1.0,Reactome_R-HSA-1430728
Q5QJU3,,,,,,1.0,Reactome_R-HSA-1430728
Q5RI15,,,,,,1.0,Reactome_R-HSA-1430728
Q5SGD2,,,,,,1.0,Reactome_R-HSA-1430728
Q5SW96,,,,,,1.0,Reactome_R-HSA-1430728
Q5T2R2,,,,,,1.0,Reactome_R-HSA-1430728
Q5TEU4,,,,,,1.0,Reactome_R-HSA-1430728
Q5U5X0,,,,,,1.0,Reactome_R-HSA-1430728
Q5UE93,,,,,,1.0,Reactome_R-HSA-1430728
Q5VT66,,,,,,3.0,Reactome_R-HSA-1430728;Reactome_R-HSA-211859;Reactome_R-HSA-211945
Q5VUM1,,,,,,1.0,Reactome_R-HSA-1430728
Q5VYX0,,,,,,1.0,Reactome_R-HSA-1430728
Q63HM1,,,,,,1.0,Reactome_R-HSA-1430728
Q69YU5,,,,,,1.0,Reactome_R-HSA-1430728
Q6DHV7,,,,,,1.0,Reactome_R-HSA-1430728
Q6DKK2,,,,,,1.0,Reactome_R-HSA-1430728
Q6E213,,,,,,1.0,Reactome_R-HSA-1430728
Q6GMR7,,,,,,1.0,Reactome_R-HSA-1430728
Q6GTS8,,,,,,1.0,Reactome_R-HSA-1430728
Q6IA69,,,,,,1.0,Reactome_R-HSA-1430728
Q6IAN0,,,,,,1.0,Reactome_R-HSA-1430728
Q6IMI4,,,,,,2.0,Reactome_R-HSA-1430728;Reactome_R-HSA-211859
Q6JQN1,,,,,,1.0,Reactome_R-HSA-1430728
Q6NT55,,,,,,4.0,Reactome_R-HSA-1430728;Reactome_R-HSA-211859;Reactome_R-HSA-211897;Reactome_R-HSA-211945
Q6NUI2,,,,,,1.0,WikiPathways_WP2533
Q6NUM9,,,,,,1.0,Reactome_R-HSA-1430728
Q6NVY1,,,,,,1.0,Reactome_R-HSA-1430728
Q6P1J6,,,,,,1.0,Reactome_R-HSA-1430728
Q6P2C8,,,,,,1.0,Reactome_R-HSA-1430728
Q6P4F2,,,,,,1.0,Reactome_R-HSA-1430728
Q6P531,,,,,,2.0,Reactome_R-HSA-1430728;Reactome_R-HSA-211859
Q6P587,,,,,,1.0,Reactome_R-HSA-1430728
Q6PCB7,,,,,,1.0,Reactome_R-HSA-1430728
Q6PCE3,,,,,,1.0,Reactome_R-HSA-1430728
Q6PHW0,,,,,,1.0,Reactome_R-HSA-1430728
Q6PKC3,,,,,,1.0,Reactome_R-HSA-1430728
Q6Q788,,,,,,1.0,Reactome_R-HSA-1430728
Q6QHC5,,,,,,1.0,Reactome_R-HSA-1430728
Q6QHF9,,,,,,3.0,Reactome_R-HSA-1430728;Reactome_R-HSA-211859;Reactome_R-HSA-211945
Q6UW78,,,,,,1.0,Reactome_R-HSA-1430728
Q6UWP7,,,,,,1.0,Reactome_R-HSA-1430728
Q6UWR7,,,,,,1.0,Reactome_R-HSA-1430728
Q6UWS5,,,,,,1.0,Reactome_R-HSA-1430728
Q6UWV6,,,,,,1.0,Reactome_R-HSA-1430728
Q6UWW8,,,,,,3.0,Reactome_R-HSA-1430728;Reactome_R-HSA-211859;Reactome_R-HSA-211945
Q6V0L0,,,,,,4.0,Reactome_R-HSA-1430728;Reactome_R-HSA-211859;Reactome_R-HSA-211897;Reactome_R-HSA-211945
Q6VVB1,,,,,,1.0,Reactome_R-HSA-1430728
Q6VVX0,,,,,,4.0,Reactome_R-HSA-1430728;Reactome_R-HSA-211859;Reactome_R-HSA-211897;Reactome_R-HSA-211945
Q6XQN6,,,,,,1.0,Reactome_R-HSA-1430728
Q6YBV0,,,,,,1.0,Reactome_R-HSA-1430728
Q6YP21,,,,,,1.0,Reactome_R-HSA-1430728
Q6ZMR3,,,,,,1.0,Reactome_R-HSA-1430728
Q6ZNB7,,,,,,1.0,Reactome_R-HSA-1430728
Q6ZPD8,,,,,,1.0,Reactome_R-HSA-1430728
Q6ZQW0,,,,,,1.0,Reactome_R-HSA-1430728
Q6ZQY3,,,,,,1.0,Reactome_R-HSA-1430728
Q6ZV29,,,,,,1.0,Reactome_R-HSA-1430728
Q6ZVK8-1,,,,,,1.0,Reactome_R-HSA-1430728
Q6ZWL3,,,,,,4.0,Reactome_R-HSA-1430728;Reactome_R-HSA-211859;Reactome_R-HSA-211897;Reactome_R-HSA-211945
Q709F0,,,,,,1.0,Reactome_R-HSA-1430728
Q71F56,,,,,,1.0,Reactome_R-HSA-1430728
Q71SY5,,,,,,1.0,Reactome_R-HSA-1430728
Q76EJ3,,,,,,2.0,Reactome_R-HSA-1430728;Reactome_R-HSA-211859
Q7K4C7,,,,,,42.0,PathBank_SMP0100279;PathBank_SMP0100280;PathBank_SMP0100287;PathBank_SMP0100289;PathBank_SMP0100290;PathBank_SMP0100291;PathBank_SMP0100292;PathBank_SMP0100293;PathBank_SMP0100294;PathBank_SMP0100295;PathBank_SMP0100296;PathBank_SMP0100297;PathBank_SMP0100298;PathBank_SMP0100299;PathBank_SMP0100300;PathBank_SMP0100301;PathBank_SMP0100302;PathBank_SMP0100303;PathBank_SMP0100304;PathBank_SMP0100305;PathBank_SMP0100306;PathBank_SMP0100307;PathBank_SMP0100308;PathBank_SMP0100309;PathBank_SMP0100310;PathBank_SMP0100317;PathBank_SMP0100319;PathBank_SMP0100325;PathBank_SMP0100327;PathBank_SMP0100332;PathBank_SMP0100334;PathBank_SMP0100338;PathBank_SMP0100340;PathBank_SMP0100343;PathBank_SMP0100345;PathBank_SMP0100347;PathBank_SMP0100349;PathBank_SMP0100350;PathBank_SMP0100351;PathBank_SMP0100352;PathBank_SMP0100354;PathBank_SMP0100355
Q7KZN9,,,,,,1.0,Reactome_R-HSA-1430728
Q7L266,,,,,,1.0,Reactome_R-HSA-1430728
Q7L4E1,,,,,,1.0,Reactome_R-HSA-1430728
Q7L592,,,,,,1.0,Reactome_R-HSA-1430728
Q7L5A8,,,,,,1.0,Reactome_R-HSA-1430728
Q7L5L3,,,,,,1.0,Reactome_R-HSA-1430728
Q7L5Y9,,,,,,1.0,Reactome_R-HSA-1430728
Q7LFX5,,,,,,1.0,Reactome_R-HSA-1430728
Q7LG56,,,,,,1.0,Reactome_R-HSA-1430728
Q7LGA3,,,,,,1.0,Reactome_R-HSA-1430728
Q7RTV2,,,,,,2.0,Reactome_R-HSA-1430728;Reactome_R-HSA-211859
Q7Z3B4,,,,,,1.0,Reactome_R-HSA-1430728
Q7Z449,,,,,,4.0,Reactome_R-HSA-1430728;Reactome_R-HSA-211859;Reactome_R-HSA-211897;Reactome_R-HSA-211945
Q7Z5P4,,,,,,1.0,Reactome_R-HSA-1430728
Q7Z6Z6,,,,,,1.0,Reactome_R-HSA-1430728
Q7Z7K0,,,,,,1.0,Reactome_R-HSA-1430728
Q86PD6,,,,,,42.0,PathBank_SMP0100279;PathBank_SMP0100280;PathBank_SMP0100287;PathBank_SMP0100289;PathBank_SMP0100290;PathBank_SMP0100291;PathBank_SMP0100292;PathBank_SMP0100293;PathBank_SMP0100294;PathBank_SMP0100295;PathBank_SMP0100296;PathBank_SMP0100297;PathBank_SMP0100298;PathBank_SMP0100299;PathBank_SMP0100300;PathBank_SMP0100301;PathBank_SMP0100302;PathBank_SMP0100303;PathBank_SMP0100304;PathBank_SMP0100305;PathBank_SMP0100306;PathBank_SMP0100307;PathBank_SMP0100308;PathBank_SMP0100309;PathBank_SMP0100310;PathBank_SMP0100317;PathBank_SMP0100319;PathBank_SMP0100325;PathBank_SMP0100327;PathBank_SMP0100332;PathBank_SMP0100334;PathBank_SMP0100338;PathBank_SMP0100340;PathBank_SMP0100343;PathBank_SMP0100345;PathBank_SMP0100347;PathBank_SMP0100349;PathBank_SMP0100350;PathBank_SMP0100351;PathBank_SMP0100352;PathBank_SMP0100354;PathBank_SMP0100355
Q86SK9,,,,,,1.0,Reactome_R-HSA-1430728
Q86SX6,,,,,,1.0,Reactome_R-HSA-1430728
Q86T03,,,,,,1.0,Reactome_R-HSA-1430728
Q86U10,,,,,,1.0,Reactome_R-HSA-1430728
Q86U28,,,,,,1.0,Reactome_R-HSA-1430728
Q86UL3,,,,,,2.0,Reactome_R-HSA-1430728;WikiPathways_WP2533
Q86UW1,,,,,,1.0,Reactome_R-HSA-1430728
Q86V21,,,,,,1.0,Reactome_R-HSA-1430728
Q86VD7,,,,,,1.0,Reactome_R-HSA-1430728
Q86VF5,,,,,,1.0,WikiPathways_WP2533
Q86VZ5,,,,,,1.0,Reactome_R-HSA-1430728
Q86WA6,,,,,,3.0,Reactome_R-HSA-1430728;Reactome_R-HSA-211859;Reactome_R-HSA-211945
Q86WA9,,,,,,1.0,Reactome_R-HSA-1430728
Q86WG5,,,,,,1.0,Reactome_R-HSA-1430728
Q86WW8,,,,,,1.0,Reactome_R-HSA-1430728
Q86X67,,,,,,1.0,Reactome_R-HSA-1430728
Q86XE5,,,,,,1.0,Reactome_R-HSA-1430728
Q86XF0,,,,,,1.0,Reactome_R-HSA-1430728
Q86Y39,,,,,,1.0,Reactome_R-HSA-1430728
Q86YH6,,,,,,1.0,Reactome_R-HSA-1430728
Q86YN6,,,,,,1.0,Reactome_R-HSA-1430728
Q86YW0,,,,,,1.0,Reactome_R-HSA-1430728
Q8IUR7,,,,,,1.0,Reactome_R-HSA-1430728
Q8IUX1,,,,,,1.0,Reactome_R-HSA-1430728
Q8IUZ5,,,,,,1.0,Reactome_R-HSA-1430728
Q8IV16,,,,,,1.0,Reactome_R-HSA-1430728
Q8IV42,,,,,,1.0,Reactome_R-HSA-1430728
Q8IVF5,,,,,,1.0,Reactome_R-HSA-1430728
Q8IVH4,,,,,,1.0,Reactome_R-HSA-1430728
Q8IVI9,,,,,,1.0,Reactome_R-HSA-1430728
Q8IVQ6,,,,,,1.0,Reactome_R-HSA-1430728
Q8IVS2,,,,,,1.0,Reactome_R-HSA-1430728
Q8IVS8,,,,,,1.0,Reactome_R-HSA-1430728
Q8IVV7,,,,,,1.0,Reactome_R-HSA-1430728
Q8IW45,,,,,,1.0,Reactome_R-HSA-1430728
Q8IWL3,,,,,,1.0,Reactome_R-HSA-1430728
Q8IWW8,,,,,,1.0,Reactome_R-HSA-1430728
Q8IY17,,,,,,1.0,Reactome_R-HSA-1430728
Q8IY26,,,,,,1.0,Reactome_R-HSA-1430728
Q8N0U8,,,,,,1.0,Reactome_R-HSA-1430728
Q8N159,,,,,,1.0,Reactome_R-HSA-1430728
Q8N183,,,,,,1.0,Reactome_R-HSA-1430728
Q8N1Q1,,,,,,1.0,Reactome_R-HSA-1430728
Q8N2A8,,,,,,1.0,Reactome_R-HSA-1430728
Q8N2W9,,,,,,1.0,Reactome_R-HSA-1430728
Q8N335,,,,,,1.0,Reactome_R-HSA-1430728
Q8N3E9,,,,,,1.0,Reactome_R-HSA-1430728
Q8N3J5,,,,,,1.0,Reactome_R-HSA-1430728
Q8N465,,,,,,1.0,Reactome_R-HSA-1430728
Q8N490-2,,,,,,1.0,Reactome_R-HSA-1430728
Q8N4J0,,,,,,1.0,Reactome_R-HSA-1430728
Q8N4T8,,,,,,1.0,Reactome_R-HSA-1430728
Q8N5G0,,,,,,1.0,Reactome_R-HSA-1430728
Q8N5Z0,,,,,,1.0,Reactome_R-HSA-1430728
Q8N661,,,,,,1.0,Reactome_R-HSA-1430728
Q8N6M3,,,,,,1.0,Reactome_R-HSA-1430728
Q8N8N7,,,,,,1.0,Reactome_R-HSA-1430728
Q8N8Q8,,,,,,1.0,Reactome_R-HSA-1430728
Q8N9F0,,,,,,1.0,Reactome_R-HSA-1430728
Q8N9F7,,,,,,1.0,Reactome_R-HSA-1430728
Q8NA29,,,,,,1.0,Reactome_R-HSA-1430728
Q8NAN2,,,,,,1.0,Reactome_R-HSA-1430728
Q8NBJ7,,,,,,1.0,Reactome_R-HSA-1430728
Q8NBK3,,,,,,1.0,Reactome_R-HSA-1430728
Q8NBQ5,,,,,,1.0,Reactome_R-HSA-1430728
Q8NBZ7,,,,,,2.0,Reactome_R-HSA-1430728;Reactome_R-HSA-211859
Q8NCC3,,,,,,2.0,PathBank_SMP0000025;Reactome_R-HSA-1430728
Q8NCH0,,,,,,1.0,Reactome_R-HSA-1430728
Q8NCW5,,,,,,1.0,Reactome_R-HSA-1430728
Q8NE62,,,,,,1.0,Reactome_R-HSA-1430728
Q8NF37,,,,,,1.0,Reactome_R-HSA-1430728
Q8NFF5,,,,,,1.0,Reactome_R-HSA-1430728
Q8NFH3,,,,,,1.0,Reactome_R-HSA-1430728
Q8NFH4,,,,,,1.0,Reactome_R-HSA-1430728
Q8NFP7,,,,,,1.0,Reactome_R-HSA-1430728
Q8NFU3,,,,,,1.0,Reactome_R-HSA-1430728
Q8NFU5,,,,,,2.0,Reactome_R-HSA-1430728;WikiPathways_WP2533
Q8NHP1,,,,,,2.0,Reactome_R-HSA-1430728;Reactome_R-HSA-211859
Q8NHU3,,,,,,1.0,Reactome_R-HSA-1430728
Q8NHY0,,,,,,1.0,Reactome_R-HSA-1430728
Q8TB37,,,,,,1.0,Reactome_R-HSA-1430728
Q8TB40,,,,,,1.0,Reactome_R-HSA-1430728
Q8TB92,,,,,,1.0,Reactome_R-HSA-1430728
Q8TBF2,,,,,,1.0,Reactome_R-HSA-1430728
Q8TBG4,,,,,,1.0,Reactome_R-HSA-1430728
Q8TBX8,,,,,,1.0,Reactome_R-HSA-1430728
Q8TC12,,,,,,1.0,Reactome_R-HSA-1430728
Q8TCD5,,,,,,1.0,Reactome_R-HSA-1430728
Q8TCT0,,,,,,1.0,Reactome_R-HSA-1430728
Q8TCT1,,,,,,2.0,PathBank_SMP0000025;Reactome_R-HSA-1430728
Q8TD30-1,,,,,,1.0,Reactome_R-HSA-1430728
Q8TDN7,,,,,,1.0,Reactome_R-HSA-1430728
Q8TDQ7,,,,,,1.0,Reactome_R-HSA-1430728
Q8TDX5,,,,,,1.0,Reactome_R-HSA-1430728
Q8TE99,,,,,,1.0,Reactome_R-HSA-1430728
Q8VNV4,,,,,,1.0,Reactome_R-HSA-1430728
Q8WTR4,,,,,,1.0,Reactome_R-HSA-1430728
Q8WTS1,,,,,,1.0,Reactome_R-HSA-1430728
Q8WU67,,,,,,1.0,Reactome_R-HSA-1430728
Q8WUD6,,,,,,2.0,Reactome_R-HSA-1430728;WikiPathways_WP2533
Q8WUJ3,,,,,,1.0,Reactome_R-HSA-1430728
Q8WUK0,,,,,,3.0,PathBank_SMP0000025;Reactome_R-HSA-1430728;WikiPathways_WP2533
Q8WV74,,,,,,1.0,Reactome_R-HSA-1430728
Q8WVC6,,,,,,1.0,Reactome_R-HSA-1430728
Q8WVI0,,,,,,1.0,Reactome_R-HSA-1430728
Q8WVX9,,,,,,1.0,Reactome_R-HSA-1430728
Q8WWI5,,,,,,1.0,Reactome_R-HSA-1430728
Q8WWM9,,,,,,1.0,Reactome_R-HSA-1430728
Q8WWQ2,,,,,,1.0,Reactome_R-HSA-1430728
Q8WYR1,,,,,,1.0,Reactome_R-HSA-1430728
Q8WZA2,,,,,,1.0,Reactome_R-HSA-1430728
Q92506,,,,,,1.0,Reactome_R-HSA-1430728
Q92523,,,,,,1.0,Reactome_R-HSA-1430728
Q92539,,,,,,2.0,Reactome_R-HSA-1430728;WikiPathways_WP2533
Q92562,,,,,,1.0,Reactome_R-HSA-1430728
Q92569,,,,,,1.0,Reactome_R-HSA-1430728
Q92813,,,,,,1.0,Reactome_R-HSA-1430728
Q92903,,,,,,2.0,PathBank_SMP0000025;Reactome_R-HSA-1430728
Q92911,,,,,,1.0,Reactome_R-HSA-1430728
Q92947,,,,,,1.0,Reactome_R-HSA-1430728
Q93063,,,,,,1.0,Reactome_R-HSA-1430728
Q93074,,,,,,1.0,Reactome_R-HSA-1430728
Q93099,,,,,,1.0,Reactome_R-HSA-1430728
Q93100,,,,,,1.0,Reactome_R-HSA-1430728
Q969G6,,,,,,1.0,Reactome_R-HSA-1430728
Q969X2,,,,,,1.0,Reactome_R-HSA-1430728
Q969Z3,,,,,,3.0,Reactome_R-HSA-1430728;Reactome_R-HSA-211859;Reactome_R-HSA-211945
Q96A54,,,,,,1.0,Reactome_R-HSA-1430728
Q96A70,,,,,,1.0,Reactome_R-HSA-1430728
Q96AQ7,,,,,,1.0,Reactome_R-HSA-1430728
Q96B77,,,,,,1.0,Reactome_R-HSA-1430728
Q96BZ4,,,,,,1.0,Reactome_R-HSA-1430728
Q96C23,,,,,,1.0,Reactome_R-HSA-1430728
Q96C36,,,,,,1.0,Reactome_R-HSA-1430728
Q96CD2,,,,,,1.0,Reactome_R-HSA-1430728
Q96CM8,,,,,,1.0,Reactome_R-HSA-1430728
Q96CU9,,,,,,1.0,Reactome_R-HSA-1430728
Q96DE0,,,,,,1.0,Reactome_R-HSA-1430728
Q96DU7,,,,,,1.0,Reactome_R-HSA-1430728
Q96EE3-1,,,,,,1.0,Reactome_R-HSA-1430728
Q96EE3-2,,,,,,1.0,Reactome_R-HSA-1430728
Q96EF0,,,,,,1.0,Reactome_R-HSA-1430728
Q96EK7,,,,,,1.0,Reactome_R-HSA-1430728
Q96EN8,,,,,,1.0,Reactome_R-HSA-1430728
Q96EY8,,,,,,1.0,Reactome_R-HSA-1430728
Q96G25,,,,,,1.0,Reactome_R-HSA-1430728
Q96G61,,,,,,1.0,Reactome_R-HSA-1430728
Q96GA7,,,,,,1.0,Reactome_R-HSA-1430728
Q96GE9,,,,,,1.0,Reactome_R-HSA-1430728
Q96GX9,,,,,,1.0,Reactome_R-HSA-1430728
Q96H78,,,,,,1.0,Reactome_R-HSA-1430728
Q96H96,,,,,,1.0,Reactome_R-HSA-1430728
Q96HD9,,,,,,2.0,Reactome_R-HSA-1430728;Reactome_R-HSA-211859
Q96HR3,,,,,,1.0,Reactome_R-HSA-1430728
Q96HS1-1,,,,,,1.0,Reactome_R-HSA-1430728
Q96I15,,,,,,1.0,Reactome_R-HSA-1430728
Q96I23,,,,,,1.0,Reactome_R-HSA-1430728
Q96I36,,,,,,1.0,Reactome_R-HSA-1430728
Q96I99,,,,,,1.0,Reactome_R-HSA-1430728
Q96IR7,,,,,,1.0,Reactome_R-HSA-1430728
Q96IU4,,,,,,2.0,Reactome_R-HSA-1430728;Reactome_R-HSA-211859
Q96IX5,,,,,,1.0,Reactome_R-HSA-1430728
Q96JD6,,,,,,1.0,Reactome_R-HSA-1430728
Q96K12,,,,,,1.0,Reactome_R-HSA-1430728
Q96L58,,,,,,1.0,Reactome_R-HSA-1430728
Q96LT4,,,,,,1.0,Reactome_R-HSA-1430728
Q96N66,,,,,,1.0,Reactome_R-HSA-1430728
Q96N76,,,,,,1.0,Reactome_R-HSA-1430728
Q96NT5,,,,,,1.0,Reactome_R-HSA-1430728
Q96NU7,,,,,,1.0,Reactome_R-HSA-1430728
Q96P26,,,,,,1.0,Reactome_R-HSA-1430728
Q96PD7,,,,,,1.0,Reactome_R-HSA-1430728
Q96PE7,,,,,,1.0,Reactome_R-HSA-1430728
Q96QG7,,,,,,1.0,Reactome_R-HSA-1430728
Q96RN5,,,,,,1.0,Reactome_R-HSA-1430728
Q96RQ3,,,,,,1.0,Reactome_R-HSA-1430728
Q96RQ9,,,,,,1.0,Reactome_R-HSA-1430728
Q96S59,,,,,,1.0,Reactome_R-HSA-1430728
Q96SQ9,,,,,,4.0,Reactome_R-HSA-1430728;Reactome_R-HSA-211859;Reactome_R-HSA-211897;Reactome_R-HSA-211945
Q96SZ5,,,,,,1.0,Reactome_R-HSA-1430728
Q96T21,,,,,,1.0,Reactome_R-HSA-1430728
Q96T51,,,,,,1.0,Reactome_R-HSA-1430728
Q96T66,,,,,,1.0,Reactome_R-HSA-1430728
Q96T76,,,,,,1.0,Reactome_R-HSA-1430728
Q99424,,,,,,1.0,Reactome_R-HSA-1430728
Q99447,,,,,,1056.0,PathBank_SMP0014212;PathBank_SMP0014216;PathBank_SMP0014217;PathBank_SMP0014218;PathBank_SMP0014219;PathBank_SMP0014220;PathBank_SMP0014221;PathBank_SMP0014222;PathBank_SMP0014223;PathBank_SMP0014224;PathBank_SMP0014225;PathBank_SMP0014226;PathBank_SMP0014227;PathBank_SMP0014228;PathBank_SMP0014229;PathBank_SMP0014230;PathBank_SMP0014231;PathBank_SMP0014232;PathBank_SMP0014233;PathBank_SMP0014234;PathBank_SMP0014235;PathBank_SMP0014236;PathBank_SMP0014237;PathBank_SMP0014238;PathBank_SMP0014239;PathBank_SMP0014240;PathBank_SMP0014241;PathBank_SMP0014242;PathBank_SMP0014243;PathBank_SMP0014244;PathBank_SMP0014245;PathBank_SMP0014246;PathBank_SMP0014247;PathBank_SMP0014248;PathBank_SMP0014249;PathBank_SMP0014250;PathBank_SMP0014251;PathBank_SMP0014252;PathBank_SMP0014253;PathBank_SMP0014254;PathBank_SMP0014255;PathBank_SMP0014256;PathBank_SMP0014257;PathBank_SMP0014258;PathBank_SMP0014259;PathBank_SMP0014260;PathBank_SMP0014261;PathBank_SMP0014262;PathBank_SMP0014263;PathBank_SMP0014264;PathBank_SMP0014265;PathBank_SMP0014266;PathBank_SMP0014267;PathBank_SMP0014268;PathBank_SMP0014269;PathBank_SMP0014270;PathBank_SMP0014271;PathBank_SMP0014272;PathBank_SMP0014273;PathBank_SMP0014274;PathBank_SMP0014275;PathBank_SMP0014276;PathBank_SMP0014277;PathBank_SMP0014278;PathBank_SMP0014279;PathBank_SMP0014280;PathBank_SMP0014281;PathBank_SMP0014282;PathBank_SMP0014283;PathBank_SMP0014284;PathBank_SMP0014285;PathBank_SMP0014286;PathBank_SMP0014287;PathBank_SMP0014288;PathBank_SMP0014289;PathBank_SMP0014290;PathBank_SMP0014291;PathBank_SMP0014292;PathBank_SMP0014293;PathBank_SMP0014294;PathBank_SMP0014295;PathBank_SMP0014296;PathBank_SMP0014297;PathBank_SMP0014298;PathBank_SMP0014299;PathBank_SMP0014300;PathBank_SMP0014301;PathBank_SMP0014302;PathBank_SMP0014303;PathBank_SMP0014304;PathBank_SMP0014305;PathBank_SMP0014306;PathBank_SMP0014307;PathBank_SMP0014308;PathBank_SMP0014309;PathBank_SMP0014310;PathBank_SMP0014311;PathBank_SMP0014312;PathBank_SMP0014313;PathBank_SMP0014314;PathBank_SMP0014315;PathBank_SMP0014316;PathBank_SMP0014317;PathBank_SMP0014318;PathBank_SMP0014319;PathBank_SMP0014320;PathBank_SMP0014321;PathBank_SMP0014322;PathBank_SMP0014323;PathBank_SMP0014324;PathBank_SMP0014325;PathBank_SMP0014326;PathBank_SMP0014327;PathBank_SMP0014328;PathBank_SMP0014329;PathBank_SMP0014330;PathBank_SMP0014331;PathBank_SMP0014332;PathBank_SMP0014333;PathBank_SMP0014334;PathBank_SMP0014335;PathBank_SMP0014336;PathBank_SMP0014337;PathBank_SMP0014338;PathBank_SMP0014339;PathBank_SMP0014340;PathBank_SMP0014341;PathBank_SMP0014342;PathBank_SMP0014343;PathBank_SMP0014344;PathBank_SMP0014345;PathBank_SMP0014346;PathBank_SMP0014347;PathBank_SMP0014348;PathBank_SMP0014349;PathBank_SMP0014350;PathBank_SMP0014351;PathBank_SMP0014352;PathBank_SMP0014353;PathBank_SMP0014354;PathBank_SMP0014355;PathBank_SMP0014356;PathBank_SMP0014357;PathBank_SMP0014358;PathBank_SMP0014359;PathBank_SMP0014360;PathBank_SMP0014361;PathBank_SMP0014362;PathBank_SMP0014363;PathBank_SMP0014364;PathBank_SMP0014365;PathBank_SMP0014366;PathBank_SMP0014367;PathBank_SMP0014368;PathBank_SMP0014369;PathBank_SMP0014370;PathBank_SMP0014371;PathBank_SMP0014372;PathBank_SMP0014373;PathBank_SMP0014374;PathBank_SMP0014375;PathBank_SMP0014376;PathBank_SMP0014377;PathBank_SMP0014378;PathBank_SMP0014379;PathBank_SMP0014380;PathBank_SMP0014381;PathBank_SMP0014382;PathBank_SMP0014383;PathBank_SMP0014384;PathBank_SMP0014385;PathBank_SMP0014386;PathBank_SMP0014387;PathBank_SMP0014388;PathBank_SMP0014389;PathBank_SMP0014390;PathBank_SMP0014391;PathBank_SMP0014392;PathBank_SMP0014393;PathBank_SMP0014394;PathBank_SMP0014395;PathBank_SMP0014396;PathBank_SMP0014397;PathBank_SMP0014398;PathBank_SMP0014399;PathBank_SMP0014400;PathBank_SMP0014401;PathBank_SMP0014402;PathBank_SMP0014403;PathBank_SMP0014404;PathBank_SMP0014405;PathBank_SMP0014406;PathBank_SMP0014407;PathBank_SMP0014408;PathBank_SMP0014409;PathBank_SMP0014410;PathBank_SMP0014411;PathBank_SMP0014412;PathBank_SMP0014413;PathBank_SMP0014414;PathBank_SMP0014415;PathBank_SMP0014416;PathBank_SMP0014417;PathBank_SMP0014418;PathBank_SMP0014419;PathBank_SMP0014420;PathBank_SMP0014421;PathBank_SMP0014422;PathBank_SMP0014423;PathBank_SMP0014424;PathBank_SMP0014425;PathBank_SMP0014426;PathBank_SMP0014427;PathBank_SMP0014428;PathBank_SMP0014429;PathBank_SMP0014430;PathBank_SMP0014431;PathBank_SMP0014432;PathBank_SMP0014433;PathBank_SMP0014434;PathBank_SMP0014435;PathBank_SMP0014436;PathBank_SMP0014437;PathBank_SMP0014438;PathBank_SMP0014439;PathBank_SMP0014440;PathBank_SMP0014441;PathBank_SMP0014442;PathBank_SMP0014443;PathBank_SMP0014444;PathBank_SMP0014445;PathBank_SMP0014446;PathBank_SMP0014447;PathBank_SMP0014448;PathBank_SMP0014449;PathBank_SMP0014450;PathBank_SMP0014451;PathBank_SMP0014452;PathBank_SMP0014453;PathBank_SMP0014454;PathBank_SMP0014455;PathBank_SMP0014457;PathBank_SMP0014461;PathBank_SMP0014465;PathBank_SMP0014469;PathBank_SMP0014473;PathBank_SMP0014477;PathBank_SMP0014481;PathBank_SMP0014485;PathBank_SMP0014489;PathBank_SMP0014493;PathBank_SMP0014497;PathBank_SMP0014501;PathBank_SMP0014505;PathBank_SMP0014509;PathBank_SMP0014513;PathBank_SMP0014517;PathBank_SMP0014521;PathBank_SMP0014525;PathBank_SMP0014529;PathBank_SMP0014533;PathBank_SMP0014537;PathBank_SMP0014541;PathBank_SMP0014545;PathBank_SMP0014549;PathBank_SMP0014553;PathBank_SMP0014557;PathBank_SMP0014561;PathBank_SMP0014565;PathBank_SMP0014569;PathBank_SMP0014573;PathBank_SMP0014577;PathBank_SMP0014581;PathBank_SMP0014585;PathBank_SMP0014589;PathBank_SMP0014593;PathBank_SMP0014597;PathBank_SMP0014601;PathBank_SMP0014605;PathBank_SMP0014609;PathBank_SMP0014613;PathBank_SMP0014617;PathBank_SMP0014621;PathBank_SMP0014625;PathBank_SMP0014629;PathBank_SMP0014633;PathBank_SMP0014637;PathBank_SMP0014641;PathBank_SMP0014645;PathBank_SMP0014649;PathBank_SMP0014653;PathBank_SMP0014657;PathBank_SMP0014661;PathBank_SMP0014665;PathBank_SMP0014669;PathBank_SMP0014673;PathBank_SMP0014677;PathBank_SMP0014681;PathBank_SMP0014685;PathBank_SMP0014689;PathBank_SMP0014693;PathBank_SMP0014697;PathBank_SMP0014701;PathBank_SMP0014705;PathBank_SMP0014709;PathBank_SMP0014713;PathBank_SMP0014717;PathBank_SMP0014721;PathBank_SMP0014725;PathBank_SMP0014729;PathBank_SMP0014733;PathBank_SMP0014737;PathBank_SMP0014741;PathBank_SMP0014745;PathBank_SMP0014748;PathBank_SMP0014749;PathBank_SMP0014752;PathBank_SMP0014753;PathBank_SMP0014756;PathBank_SMP0014757;PathBank_SMP0014760;PathBank_SMP0014761;PathBank_SMP0014764;PathBank_SMP0014765;PathBank_SMP0014768;PathBank_SMP0014769;PathBank_SMP0014772;PathBank_SMP0014773;PathBank_SMP0014776;PathBank_SMP0014777;PathBank_SMP0014780;PathBank_SMP0014781;PathBank_SMP0014784;PathBank_SMP0014785;PathBank_SMP0014788;PathBank_SMP0014789;PathBank_SMP0014792;PathBank_SMP0014793;PathBank_SMP0014796;PathBank_SMP0014797;PathBank_SMP0014800;PathBank_SMP0014801;PathBank_SMP0014804;PathBank_SMP0014805;PathBank_SMP0014808;PathBank_SMP0014809;PathBank_SMP0014812;PathBank_SMP0014813;PathBank_SMP0014816;PathBank_SMP0014817;PathBank_SMP0014820;PathBank_SMP0014821;PathBank_SMP0014824;PathBank_SMP0014825;PathBank_SMP0014828;PathBank_SMP0014829;PathBank_SMP0014832;PathBank_SMP0014833;PathBank_SMP0014836;PathBank_SMP0014837;PathBank_SMP0014840;PathBank_SMP0014841;PathBank_SMP0014844;PathBank_SMP0014845;PathBank_SMP0014848;PathBank_SMP0014849;PathBank_SMP0014852;PathBank_SMP0014853;PathBank_SMP0014856;PathBank_SMP0014857;PathBank_SMP0014860;PathBank_SMP0014861;PathBank_SMP0014864;PathBank_SMP0014865;PathBank_SMP0014868;PathBank_SMP0014869;PathBank_SMP0014872;PathBank_SMP0014873;PathBank_SMP0014876;PathBank_SMP0014877;PathBank_SMP0014880;PathBank_SMP0014881;PathBank_SMP0014884;PathBank_SMP0014885;PathBank_SMP0014888;PathBank_SMP0014889;PathBank_SMP0014892;PathBank_SMP0014893;PathBank_SMP0014896;PathBank_SMP0014897;PathBank_SMP0014900;PathBank_SMP0014901;PathBank_SMP0014904;PathBank_SMP0014905;PathBank_SMP0014908;PathBank_SMP0014909;PathBank_SMP0014912;PathBank_SMP0014913;PathBank_SMP0014916;PathBank_SMP0014917;PathBank_SMP0014920;PathBank_SMP0014921;PathBank_SMP0014924;PathBank_SMP0014925;PathBank_SMP0014928;PathBank_SMP0014929;PathBank_SMP0014932;PathBank_SMP0014933;PathBank_SMP0014936;PathBank_SMP0014937;PathBank_SMP0014940;PathBank_SMP0014941;PathBank_SMP0014944;PathBank_SMP0014945;PathBank_SMP0014948;PathBank_SMP0014949;PathBank_SMP0014952;PathBank_SMP0014953;PathBank_SMP0014956;PathBank_SMP0014957;PathBank_SMP0014960;PathBank_SMP0014961;PathBank_SMP0014964;PathBank_SMP0014965;PathBank_SMP0014968;PathBank_SMP0014969;PathBank_SMP0014972;PathBank_SMP0014973;PathBank_SMP0014976;PathBank_SMP0014977;PathBank_SMP0014980;PathBank_SMP0014981;PathBank_SMP0014984;PathBank_SMP0014985;PathBank_SMP0014988;PathBank_SMP0014989;PathBank_SMP0014992;PathBank_SMP0014993;PathBank_SMP0014996;PathBank_SMP0014997;PathBank_SMP0015000;PathBank_SMP0015001;PathBank_SMP0015004;PathBank_SMP0015005;PathBank_SMP0015008;PathBank_SMP0015009;PathBank_SMP0015012;PathBank_SMP0015013;PathBank_SMP0015016;PathBank_SMP0015017;PathBank_SMP0015020;PathBank_SMP0015021;PathBank_SMP0015024;PathBank_SMP0015025;PathBank_SMP0015028;PathBank_SMP0015029;PathBank_SMP0015032;PathBank_SMP0015033;PathBank_SMP0015036;PathBank_SMP0015037;PathBank_SMP0015040;PathBank_SMP0015041;PathBank_SMP0015044;PathBank_SMP0015045;PathBank_SMP0015048;PathBank_SMP0015049;PathBank_SMP0015052;PathBank_SMP0015053;PathBank_SMP0015056;PathBank_SMP0015057;PathBank_SMP0015060;PathBank_SMP0015061;PathBank_SMP0015064;PathBank_SMP0015065;PathBank_SMP0015068;PathBank_SMP0015069;PathBank_SMP0015072;PathBank_SMP0015073;PathBank_SMP0015076;PathBank_SMP0015077;PathBank_SMP0015080;PathBank_SMP0015081;PathBank_SMP0015084;PathBank_SMP0015085;PathBank_SMP0015088;PathBank_SMP0015089;PathBank_SMP0015092;PathBank_SMP0015093;PathBank_SMP0015096;PathBank_SMP0015097;PathBank_SMP0015100;PathBank_SMP0015101;PathBank_SMP0015104;PathBank_SMP0015105;PathBank_SMP0015108;PathBank_SMP0015109;PathBank_SMP0015112;PathBank_SMP0015113;PathBank_SMP0015116;PathBank_SMP0015117;PathBank_SMP0015120;PathBank_SMP0015121;PathBank_SMP0015124;PathBank_SMP0015125;PathBank_SMP0015128;PathBank_SMP0015129;PathBank_SMP0015132;PathBank_SMP0015133;PathBank_SMP0015136;PathBank_SMP0015137;PathBank_SMP0015140;PathBank_SMP0015141;PathBank_SMP0015144;PathBank_SMP0015145;PathBank_SMP0015148;PathBank_SMP0015149;PathBank_SMP0015152;PathBank_SMP0015153;PathBank_SMP0015156;PathBank_SMP0015157;PathBank_SMP0015160;PathBank_SMP0015161;PathBank_SMP0015164;PathBank_SMP0015165;PathBank_SMP0015168;PathBank_SMP0015169;PathBank_SMP0015172;PathBank_SMP0015173;PathBank_SMP0015176;PathBank_SMP0015177;PathBank_SMP0015180;PathBank_SMP0015181;PathBank_SMP0015184;PathBank_SMP0015185;PathBank_SMP0015188;PathBank_SMP0015189;PathBank_SMP0015192;PathBank_SMP0015193;PathBank_SMP0015196;PathBank_SMP0015197;PathBank_SMP0015200;PathBank_SMP0015201;PathBank_SMP0015204;PathBank_SMP0015205;PathBank_SMP0015208;PathBank_SMP0015209;PathBank_SMP0015212;PathBank_SMP0015213;PathBank_SMP0015216;PathBank_SMP0015217;PathBank_SMP0015220;PathBank_SMP0015221;PathBank_SMP0015224;PathBank_SMP0015225;PathBank_SMP0015228;PathBank_SMP0015229;PathBank_SMP0015232;PathBank_SMP0015233;PathBank_SMP0015236;PathBank_SMP0015237;PathBank_SMP0015240;PathBank_SMP0015241;PathBank_SMP0015244;PathBank_SMP0015245;PathBank_SMP0015248;PathBank_SMP0015249;PathBank_SMP0015252;PathBank_SMP0015253;PathBank_SMP0015256;PathBank_SMP0015257;PathBank_SMP0015260;PathBank_SMP0015261;PathBank_SMP0015264;PathBank_SMP0015265;PathBank_SMP0015268;PathBank_SMP0015269;PathBank_SMP0015272;PathBank_SMP0015273;PathBank_SMP0015276;PathBank_SMP0015277;PathBank_SMP0015280;PathBank_SMP0015281;PathBank_SMP0015284;PathBank_SMP0015285;PathBank_SMP0015288;PathBank_SMP0015289;PathBank_SMP0015292;PathBank_SMP0015293;PathBank_SMP0015296;PathBank_SMP0015297;PathBank_SMP0015300;PathBank_SMP0015301;PathBank_SMP0015304;PathBank_SMP0015305;PathBank_SMP0015308;PathBank_SMP0015309;PathBank_SMP0015312;PathBank_SMP0015313;PathBank_SMP0015316;PathBank_SMP0015317;PathBank_SMP0015320;PathBank_SMP0015321;PathBank_SMP0015324;PathBank_SMP0015325;PathBank_SMP0015328;PathBank_SMP0015329;PathBank_SMP0015332;PathBank_SMP0015333;PathBank_SMP0015336;PathBank_SMP0015337;PathBank_SMP0015340;PathBank_SMP0015341;PathBank_SMP0015344;PathBank_SMP0015345;PathBank_SMP0015348;PathBank_SMP0015349;PathBank_SMP0015352;PathBank_SMP0015353;PathBank_SMP0015356;PathBank_SMP0015357;PathBank_SMP0015360;PathBank_SMP0015361;PathBank_SMP0015364;PathBank_SMP0015365;PathBank_SMP0015368;PathBank_SMP0015369;PathBank_SMP0015372;PathBank_SMP0015373;PathBank_SMP0015376;PathBank_SMP0015377;PathBank_SMP0015380;PathBank_SMP0015381;PathBank_SMP0015384;PathBank_SMP0015385;PathBank_SMP0015388;PathBank_SMP0015389;PathBank_SMP0015392;PathBank_SMP0015393;PathBank_SMP0015396;PathBank_SMP0015397;PathBank_SMP0015400;PathBank_SMP0015401;PathBank_SMP0015404;PathBank_SMP0015405;PathBank_SMP0015408;PathBank_SMP0015409;PathBank_SMP0015412;PathBank_SMP0015413;PathBank_SMP0015416;PathBank_SMP0015417;PathBank_SMP0015420;PathBank_SMP0015421;PathBank_SMP0015424;PathBank_SMP0015425;PathBank_SMP0015428;PathBank_SMP0015429;PathBank_SMP0015432;PathBank_SMP0015433;PathBank_SMP0015436;PathBank_SMP0015437;PathBank_SMP0015440;PathBank_SMP0015441;PathBank_SMP0015444;PathBank_SMP0015445;PathBank_SMP0015448;PathBank_SMP0015449;PathBank_SMP0015452;PathBank_SMP0015453;PathBank_SMP0015456;PathBank_SMP0015457;PathBank_SMP0015460;PathBank_SMP0015461;PathBank_SMP0015464;PathBank_SMP0015465;PathBank_SMP0015468;PathBank_SMP0015469;PathBank_SMP0015472;PathBank_SMP0015473;PathBank_SMP0015476;PathBank_SMP0015477;PathBank_SMP0015480;PathBank_SMP0015481;PathBank_SMP0015484;PathBank_SMP0015485;PathBank_SMP0015488;PathBank_SMP0015489;PathBank_SMP0015492;PathBank_SMP0015493;PathBank_SMP0015496;PathBank_SMP0015497;PathBank_SMP0015500;PathBank_SMP0015501;PathBank_SMP0015504;PathBank_SMP0015505;PathBank_SMP0015508;PathBank_SMP0015509;PathBank_SMP0015512;PathBank_SMP0015513;PathBank_SMP0015516;PathBank_SMP0015517;PathBank_SMP0015520;PathBank_SMP0015521;PathBank_SMP0015524;PathBank_SMP0015525;PathBank_SMP0015528;PathBank_SMP0015529;PathBank_SMP0015532;PathBank_SMP0015533;PathBank_SMP0015536;PathBank_SMP0015537;PathBank_SMP0015540;PathBank_SMP0015541;PathBank_SMP0015544;PathBank_SMP0015545;PathBank_SMP0015548;PathBank_SMP0015549;PathBank_SMP0015552;PathBank_SMP0015553;PathBank_SMP0015556;PathBank_SMP0015557;PathBank_SMP0015560;PathBank_SMP0015561;PathBank_SMP0015564;PathBank_SMP0015565;PathBank_SMP0015568;PathBank_SMP0015569;PathBank_SMP0015572;PathBank_SMP0015573;PathBank_SMP0015576;PathBank_SMP0015577;PathBank_SMP0015580;PathBank_SMP0015581;PathBank_SMP0015584;PathBank_SMP0015585;PathBank_SMP0015588;PathBank_SMP0015589;PathBank_SMP0015592;PathBank_SMP0015593;PathBank_SMP0015596;PathBank_SMP0015597;PathBank_SMP0015600;PathBank_SMP0015601;PathBank_SMP0015604;PathBank_SMP0015605;PathBank_SMP0015608;PathBank_SMP0015609;PathBank_SMP0015612;PathBank_SMP0015613;PathBank_SMP0015616;PathBank_SMP0015617;PathBank_SMP0015620;PathBank_SMP0015621;PathBank_SMP0015624;PathBank_SMP0015625;PathBank_SMP0015628;PathBank_SMP0015629;PathBank_SMP0015632;PathBank_SMP0015633;PathBank_SMP0015636;PathBank_SMP0015637;PathBank_SMP0015640;PathBank_SMP0015641;PathBank_SMP0015644;PathBank_SMP0015645;PathBank_SMP0015648;PathBank_SMP0015649;PathBank_SMP0015652;PathBank_SMP0015653;PathBank_SMP0015656;PathBank_SMP0015657;PathBank_SMP0015660;PathBank_SMP0015661;PathBank_SMP0015664;PathBank_SMP0015665;PathBank_SMP0015668;PathBank_SMP0015669;PathBank_SMP0015672;PathBank_SMP0015673;PathBank_SMP0015676;PathBank_SMP0015677;PathBank_SMP0015680;PathBank_SMP0015681;PathBank_SMP0015684;PathBank_SMP0015685;PathBank_SMP0015688;PathBank_SMP0015689;PathBank_SMP0015692;PathBank_SMP0015693;PathBank_SMP0015696;PathBank_SMP0015697;PathBank_SMP0015700;PathBank_SMP0015701;PathBank_SMP0015704;PathBank_SMP0015705;PathBank_SMP0015708;PathBank_SMP0015709;PathBank_SMP0015712;PathBank_SMP0015713;PathBank_SMP0015716;PathBank_SMP0015717;PathBank_SMP0015720;PathBank_SMP0015721;PathBank_SMP0015724;PathBank_SMP0015725;PathBank_SMP0015728;PathBank_SMP0015729;PathBank_SMP0015732;PathBank_SMP0015733;PathBank_SMP0015736;PathBank_SMP0015737;PathBank_SMP0015740;PathBank_SMP0015741;PathBank_SMP0015744;PathBank_SMP0015745;PathBank_SMP0015748;PathBank_SMP0015749;PathBank_SMP0015752;PathBank_SMP0015753;PathBank_SMP0015756;PathBank_SMP0015757;PathBank_SMP0015760;PathBank_SMP0015761;PathBank_SMP0015764;PathBank_SMP0015765;PathBank_SMP0015768;PathBank_SMP0015769;PathBank_SMP0015772;PathBank_SMP0015773;PathBank_SMP0015776;PathBank_SMP0015777;PathBank_SMP0015780;PathBank_SMP0015781;PathBank_SMP0015784;PathBank_SMP0015785;PathBank_SMP0015788;PathBank_SMP0015789;PathBank_SMP0015792;PathBank_SMP0015793;PathBank_SMP0015796;PathBank_SMP0015797;PathBank_SMP0015800;PathBank_SMP0015801;PathBank_SMP0015804;PathBank_SMP0015805;PathBank_SMP0015808;PathBank_SMP0015809;PathBank_SMP0015812;PathBank_SMP0015813;PathBank_SMP0015816;PathBank_SMP0015817;PathBank_SMP0015820;PathBank_SMP0015821;PathBank_SMP0015824;PathBank_SMP0015825;PathBank_SMP0015828;PathBank_SMP0015829;PathBank_SMP0015832;PathBank_SMP0015833;PathBank_SMP0015836;PathBank_SMP0015837;PathBank_SMP0015840;PathBank_SMP0015841;PathBank_SMP0015844;PathBank_SMP0015845;PathBank_SMP0015848;PathBank_SMP0015849;PathBank_SMP0015852;PathBank_SMP0015853;PathBank_SMP0015856;PathBank_SMP0015857;PathBank_SMP0015860;PathBank_SMP0015861;PathBank_SMP0015864;PathBank_SMP0015865;PathBank_SMP0015868;PathBank_SMP0015869;PathBank_SMP0015872;PathBank_SMP0015873;PathBank_SMP0015876;PathBank_SMP0015877;PathBank_SMP0015880;PathBank_SMP0015881;PathBank_SMP0015884;PathBank_SMP0015885;PathBank_SMP0015888;PathBank_SMP0015889;PathBank_SMP0015892;PathBank_SMP0015893;PathBank_SMP0015897;PathBank_SMP0029731;PathBank_SMP0030234;PathBank_SMP0030235;PathBank_SMP0030241;PathBank_SMP0030242;PathBank_SMP0030243;PathBank_SMP0030244;PathBank_SMP0030245;PathBank_SMP0030246;PathBank_SMP0030247;PathBank_SMP0030248;PathBank_SMP0030249;PathBank_SMP0030250;PathBank_SMP0030251;PathBank_SMP0030252;PathBank_SMP0030253;PathBank_SMP0030254;PathBank_SMP0030255;PathBank_SMP0030256;PathBank_SMP0030257;PathBank_SMP0030258;PathBank_SMP0030259;PathBank_SMP0030260;PathBank_SMP0030261;PathBank_SMP0030262;PathBank_SMP0030263;PathBank_SMP0030264;PathBank_SMP0030265;PathBank_SMP0030266;PathBank_SMP0030267;PathBank_SMP0030268;PathBank_SMP0030269;PathBank_SMP0030270;PathBank_SMP0030271;PathBank_SMP0030272;PathBank_SMP0030273;PathBank_SMP0030274;PathBank_SMP0030275;PathBank_SMP0030276;PathBank_SMP0030277;PathBank_SMP0030278;PathBank_SMP0030279;PathBank_SMP0030280;PathBank_SMP0030281;PathBank_SMP0030282;PathBank_SMP0030283;PathBank_SMP0030284;PathBank_SMP0030285;PathBank_SMP0030286;PathBank_SMP0030287;PathBank_SMP0030288;PathBank_SMP0030289;PathBank_SMP0030290;PathBank_SMP0030291;PathBank_SMP0030292;PathBank_SMP0030293;PathBank_SMP0030294;PathBank_SMP0030295;PathBank_SMP0030296;PathBank_SMP0030297;PathBank_SMP0030298;PathBank_SMP0030299;PathBank_SMP0030300;PathBank_SMP0030301;PathBank_SMP0030302;PathBank_SMP0030303;PathBank_SMP0030304;PathBank_SMP0030305;PathBank_SMP0030306;PathBank_SMP0030307;PathBank_SMP0030308;PathBank_SMP0030309;PathBank_SMP0030310;PathBank_SMP0030311;PathBank_SMP0030312;PathBank_SMP0030313;PathBank_SMP0030314;PathBank_SMP0030315;PathBank_SMP0030316;PathBank_SMP0030317;PathBank_SMP0030318;PathBank_SMP0030319;PathBank_SMP0030320;PathBank_SMP0030321;PathBank_SMP0030322;PathBank_SMP0030323;PathBank_SMP0030324;PathBank_SMP0030325;PathBank_SMP0030326;PathBank_SMP0030327;PathBank_SMP0030328;PathBank_SMP0030329;PathBank_SMP0030330;PathBank_SMP0030331;PathBank_SMP0030332;PathBank_SMP0030333;PathBank_SMP0030334;PathBank_SMP0030335;PathBank_SMP0030336;PathBank_SMP0030337;PathBank_SMP0030338;PathBank_SMP0030339;PathBank_SMP0030340;PathBank_SMP0030341;PathBank_SMP0030342;PathBank_SMP0030343;PathBank_SMP0030344;PathBank_SMP0030345;PathBank_SMP0030346;PathBank_SMP0030347;PathBank_SMP0030348;PathBank_SMP0030349;PathBank_SMP0030350;PathBank_SMP0030351;PathBank_SMP0030352;PathBank_SMP0030353;PathBank_SMP0030354;PathBank_SMP0030355;PathBank_SMP0030356;PathBank_SMP0030357;PathBank_SMP0030358;PathBank_SMP0030359;PathBank_SMP0030360;PathBank_SMP0030361;PathBank_SMP0030362;PathBank_SMP0030363;PathBank_SMP0030364;PathBank_SMP0030365;PathBank_SMP0030366;PathBank_SMP0030367;PathBank_SMP0030368;PathBank_SMP0030369;PathBank_SMP0030370;PathBank_SMP0030371;PathBank_SMP0030372;PathBank_SMP0030373;PathBank_SMP0030374;PathBank_SMP0030375;PathBank_SMP0030376;PathBank_SMP0030377;PathBank_SMP0030378;PathBank_SMP0030379;PathBank_SMP0030380;PathBank_SMP0030381;PathBank_SMP0030382;PathBank_SMP0030383;PathBank_SMP0030384;PathBank_SMP0030385;PathBank_SMP0030386;PathBank_SMP0030387;PathBank_SMP0030388;PathBank_SMP0030389;PathBank_SMP0030390;PathBank_SMP0030391;PathBank_SMP0030392;PathBank_SMP0030393;PathBank_SMP0030394;PathBank_SMP0030395;PathBank_SMP0030396;PathBank_SMP0030397;PathBank_SMP0030398;PathBank_SMP0030399;PathBank_SMP0030400;PathBank_SMP0030401;PathBank_SMP0030402;Reactome_R-HSA-1430728;WikiPathways_WP2533
Q99489,,,,,,1.0,Reactome_R-HSA-1430728
Q99518,,,,,,3.0,Reactome_R-HSA-1430728;Reactome_R-HSA-211859;Reactome_R-HSA-211945
Q99538,,,,,,1.0,Reactome_R-HSA-1430728
Q99567,,,,,,1.0,Reactome_R-HSA-1430728
Q99643,,,,,,1.0,Reactome_R-HSA-1430728
Q99653,,,,,,1.0,Reactome_R-HSA-1430728
Q99685,,,,,,1.0,Reactome_R-HSA-1430728
Q99707,,,,,,2.0,Reactome_R-HSA-1430728;Reactome_R-HSA-211859
Q99714,,,,,,1.0,Reactome_R-HSA-1430728
Q99735,,,,,,2.0,Reactome_R-HSA-1430728;Reactome_R-HSA-211859
Q99755,,,,,,1.0,WikiPathways_WP2533
Q99757,,,,,,1.0,Reactome_R-HSA-1430728
Q99766,,,,,,1.0,Reactome_R-HSA-1430728
Q99798,,,,,,1.0,Reactome_R-HSA-1430728
Q99943,,,,,,2.0,PathBank_SMP0000025;Reactome_R-HSA-1430728
Q99999,,,,,,1.0,Reactome_R-HSA-1430728
Q9BPX1,,,,,,1.0,Reactome_R-HSA-1430728
Q9BQ95,,,,,,1.0,Reactome_R-HSA-1430728
Q9BQB6,,,,,,1.0,Reactome_R-HSA-1430728
Q9BQG2,,,,,,1.0,Reactome_R-HSA-1430728
Q9BQK8,,,,,,1.0,Reactome_R-HSA-1430728
Q9BQT8,,,,,,1.0,Reactome_R-HSA-1430728
Q9BR01,,,,,,2.0,Reactome_R-HSA-1430728;Reactome_R-HSA-211859
Q9BR61,,,,,,1.0,Reactome_R-HSA-1430728
Q9BRC7,,,,,,1.0,Reactome_R-HSA-1430728
Q9BRR6,,,,,,1.0,Reactome_R-HSA-1430728
Q9BRT2,,,,,,1.0,Reactome_R-HSA-1430728
Q9BSE5,,,,,,1.0,Reactome_R-HSA-1430728
Q9BSH4,,,,,,1.0,Reactome_R-HSA-1430728
Q9BTT4,,,,,,1.0,Reactome_R-HSA-1430728
Q9BTU6,,,,,,1.0,WikiPathways_WP2533
Q9BU02,,,,,,1.0,Reactome_R-HSA-1430728
Q9BU61,,,,,,1.0,Reactome_R-HSA-1430728
Q9BUE0,,,,,,1.0,Reactome_R-HSA-1430728
Q9BUE6,,,,,,1.0,Reactome_R-HSA-1430728
Q9BUM1,,,,,,1.0,Reactome_R-HSA-1430728
Q9BUT1,,,,,,1.0,Reactome_R-HSA-1430728
Q9BUV8,,,,,,1.0,Reactome_R-HSA-1430728
Q9BV20,,,,,,1.0,Reactome_R-HSA-1430728
Q9BV57,,,,,,1.0,Reactome_R-HSA-1430728
Q9BV79,,,,,,1.0,Reactome_R-HSA-1430728
Q9BVG9,,,,,,2.0,PathBank_SMP0000025;Reactome_R-HSA-1430728
Q9BVV7,,,,,,1.0,Reactome_R-HSA-1430728
Q9BW27,,,,,,1.0,Reactome_R-HSA-1430728
Q9BW72,,,,,,1.0,Reactome_R-HSA-1430728
Q9BW91-1,,,,,,1.0,Reactome_R-HSA-1430728
Q9BWU1,,,,,,1.0,Reactome_R-HSA-1430728
Q9BXI3,,,,,,1.0,Reactome_R-HSA-1430728
Q9BXJ7,,,,,,1.0,Reactome_R-HSA-1430728
Q9BY32,,,,,,1.0,Reactome_R-HSA-1430728
Q9BYC2,,,,,,1.0,Reactome_R-HSA-1430728
Q9BYG0,,,,,,1.0,Reactome_R-HSA-1430728
Q9BYJ1,,,,,,1.0,Reactome_R-HSA-1430728
Q9BYK8,,,,,,1.0,Reactome_R-HSA-1430728
Q9BYV1,,,,,,1.0,Reactome_R-HSA-1430728
Q9BYV7,,,,,,1.0,Reactome_R-HSA-1430728
Q9BYZ2,,,,,,1.0,Reactome_R-HSA-1430728
Q9BZK7,,,,,,1.0,Reactome_R-HSA-1430728
Q9BZM1,,,,,,1.0,Reactome_R-HSA-1430728
Q9BZM2,,,,,,1.0,Reactome_R-HSA-1430728
Q9BZQ4,,,,,,1.0,Reactome_R-HSA-1430728
Q9BZX2,,,,,,1.0,Reactome_R-HSA-1430728
Q9C0D9,,,,,,2.0,PathBank_SMP0002392;Reactome_R-HSA-1430728
Q9C0I1,,,,,,1.0,Reactome_R-HSA-1430728
Q9FR44,,,,,,16.0,PathBank_SMP0012026;PathBank_SMP0012027;PathBank_SMP0012047;PathBank_SMP0012048;PathBank_SMP0063827;PathBank_SMP0063838;PathBank_SMP0063848;PathBank_SMP0063857;PathBank_SMP0063865;PathBank_SMP0063872;PathBank_SMP0063878;PathBank_SMP0063883;PathBank_SMP0063887;PathBank_SMP0063890;PathBank_SMP0063891;PathBank_SMP0063892
Q9FZ62,,,,,,14.0,PathBank_SMP0012026;PathBank_SMP0012047;PathBank_SMP0063827;PathBank_SMP0063838;PathBank_SMP0063848;PathBank_SMP0063857;PathBank_SMP0063865;PathBank_SMP0063872;PathBank_SMP0063878;PathBank_SMP0063883;PathBank_SMP0063887;PathBank_SMP0063890;PathBank_SMP0063891;PathBank_SMP0063892
Q9GZT4,,,,,,1.0,Reactome_R-HSA-1430728
Q9GZY4,,,,,,1.0,Reactome_R-HSA-1430728
Q9H008,,,,,,1.0,Reactome_R-HSA-1430728
Q9H061,,,,,,1.0,Reactome_R-HSA-1430728
Q9H0P0-4,,,,,,1.0,Reactome_R-HSA-1430728
Q9H1K1-1,,,,,,1.0,Reactome_R-HSA-1430728
Q9H1U9,,,,,,1.0,Reactome_R-HSA-1430728
Q9H204,,,,,,1.0,Reactome_R-HSA-1430728
Q9H227,,,,,,1.0,Reactome_R-HSA-1430728
Q9H2C2,,,,,,1.0,Reactome_R-HSA-1430728
Q9H2D1,,,,,,1.0,Reactome_R-HSA-1430728
Q9H2F3,,,,,,1.0,Reactome_R-HSA-1430728
Q9H2M3,,,,,,1.0,Reactome_R-HSA-1430728
Q9H2U2,,,,,,1.0,Reactome_R-HSA-1430728
Q9H3L0,,,,,,1.0,Reactome_R-HSA-1430728
Q9H3S4,,,,,,1.0,Reactome_R-HSA-1430728
Q9H477,,,,,,1.0,Reactome_R-HSA-1430728
Q9H4A9,,,,,,2.0,Reactome_R-HSA-1430728;Reactome_R-HSA-211859
Q9H4Y5,,,,,,2.0,Reactome_R-HSA-1430728;Reactome_R-HSA-211859
Q9H5J4,,,,,,1.0,Reactome_R-HSA-1430728
Q9H6Q4,,,,,,1.0,Reactome_R-HSA-1430728
Q9H6R3,,,,,,1.0,Reactome_R-HSA-1430728
Q9H7D7,,,,,,1.0,Reactome_R-HSA-1430728
Q9H845,,,,,,1.0,Reactome_R-HSA-1430728
Q9H8P0,,,,,,1.0,Reactome_R-HSA-1430728
Q9H8X2,,,,,,1.0,Reactome_R-HSA-1430728
Q9H944,,,,,,1.0,Reactome_R-HSA-1430728
Q9H9P8,,,,,,1.0,Reactome_R-HSA-1430728
Q9HAB8,,,,,,1.0,Reactome_R-HSA-1430728
Q9HAW8,,,,,,2.0,Reactome_R-HSA-1430728;Reactome_R-HSA-211859
Q9HAY6,,,,,,1.0,Reactome_R-HSA-1430728
Q9HB19,,,,,,1.0,Reactome_R-HSA-1430728
Q9HB21,,,,,,1.0,Reactome_R-HSA-1430728
Q9HB55,,,,,,4.0,Reactome_R-HSA-1430728;Reactome_R-HSA-211859;Reactome_R-HSA-211897;Reactome_R-HSA-211945
Q9HBL8,,,,,,1.0,Reactome_R-HSA-1430728
Q9HC21,,,,,,1.0,Reactome_R-HSA-1430728
Q9HCC0,,,,,,1.0,Reactome_R-HSA-1430728
Q9HCG7,,,,,,1.0,Reactome_R-HSA-1430728
Q9HD34,,,,,,1.0,Reactome_R-HSA-1430728
Q9HD40,,,,,,1.0,Reactome_R-HSA-1430728
Q9M9H6,,,,,,16.0,PathBank_SMP0012026;PathBank_SMP0012027;PathBank_SMP0012047;PathBank_SMP0012048;PathBank_SMP0063827;PathBank_SMP0063838;PathBank_SMP0063848;PathBank_SMP0063857;PathBank_SMP0063865;PathBank_SMP0063872;PathBank_SMP0063878;PathBank_SMP0063883;PathBank_SMP0063887;PathBank_SMP0063890;PathBank_SMP0063891;PathBank_SMP0063892
Q9MA74,,,,,,16.0,PathBank_SMP0012026;PathBank_SMP0012027;PathBank_SMP0012047;PathBank_SMP0012048;PathBank_SMP0063827;PathBank_SMP0063838;PathBank_SMP0063848;PathBank_SMP0063857;PathBank_SMP0063865;PathBank_SMP0063872;PathBank_SMP0063878;PathBank_SMP0063883;PathBank_SMP0063887;PathBank_SMP0063890;PathBank_SMP0063891;PathBank_SMP0063892
Q9NPA3,,,,,,1.0,Reactome_R-HSA-1430728
Q9NPB1,,,,,,1.0,Reactome_R-HSA-1430728
Q9NPB8,,,,,,1.0,Reactome_R-HSA-1430728
Q9NPC4,,,,,,1.0,Reactome_R-HSA-1430728
Q9NPF0,,,,,,1.0,Reactome_R-HSA-1430728
Q9NPH0,,,,,,1.0,Reactome_R-HSA-1430728
Q9NPH2,,,,,,1.0,Reactome_R-HSA-1430728
Q9NPI5,,,,,,1.0,Reactome_R-HSA-1430728
Q9NPJ6,,,,,,1.0,Reactome_R-HSA-1430728
Q9NPL8,,,,,,1.0,Reactome_R-HSA-1430728
Q9NPZ5,,,,,,1.0,Reactome_R-HSA-1430728
Q9NQ66,,,,,,1.0,Reactome_R-HSA-1430728
Q9NQR9,,,,,,1.0,Reactome_R-HSA-1430728
Q9NQZ5,,,,,,1.0,Reactome_R-HSA-1430728
Q9NQZ7,,,,,,1.0,Reactome_R-HSA-1430728
Q9NR77,,,,,,1.0,Reactome_R-HSA-1430728
Q9NRA0,,,,,,1.0,Reactome_R-HSA-1430728
Q9NRD9,,,,,,1.0,Reactome_R-HSA-1430728
Q9NRG9,,,,,,1.0,Reactome_R-HSA-1430728
Q9NRN7,,,,,,1.0,Reactome_R-HSA-1430728
Q9NRP4,,,,,,1.0,Reactome_R-HSA-1430728
Q9NSY2,,,,,,1.0,Reactome_R-HSA-1430728
Q9NTJ4,,,,,,1.0,Reactome_R-HSA-1430728
Q9NTJ5,,,,,,1.0,Reactome_R-HSA-1430728
Q9NTN3,,,,,,2.0,Reactome_R-HSA-1430728;Reactome_R-HSA-211859
Q9NU23,,,,,,1.0,Reactome_R-HSA-1430728
Q9NUB1,,,,,,3.0,Reactome_R-HSA-1430728;Reactome_R-HSA-211859;Reactome_R-HSA-211945
Q9NUI1,,,,,,1.0,Reactome_R-HSA-1430728
Q9NUJ1,,,,,,2.0,Reactome_R-HSA-1430728;Reactome_R-HSA-211859
Q9NUN5,,,,,,1.0,Reactome_R-HSA-1430728
Q9NUN7,,,,,,1.0,Reactome_R-HSA-1430728
Q9NUQ2,,,,,,1.0,Reactome_R-HSA-1430728
Q9NUV7,,,,,,1.0,Reactome_R-HSA-1430728
Q9NUZ1,,,,,,1.0,Reactome_R-HSA-1430728
Q9NV23,,,,,,1.0,Reactome_R-HSA-1430728
Q9NV35,,,,,,1.0,Reactome_R-HSA-1430728
Q9NVA1,,,,,,1.0,Reactome_R-HSA-1430728
Q9NVC6,,,,,,1.0,Reactome_R-HSA-1430728
Q9NVH6,,,,,,1.0,Reactome_R-HSA-1430728
Q9NVS9,,,,,,1.0,Reactome_R-HSA-1430728
Q9NW81,,,,,,1.0,Reactome_R-HSA-1430728
Q9NWA0,,,,,,1.0,Reactome_R-HSA-1430728
Q9NWM0-3,,,,,,3.0,Reactome_R-HSA-1430728;Reactome_R-HSA-211859;Reactome_R-HSA-211945
Q9NWW6,,,,,,1.0,Reactome_R-HSA-1430728
Q9NX14,,,,,,1.0,Reactome_R-HSA-1430728
Q9NX18,,,,,,1.0,Reactome_R-HSA-1430728
Q9NX62,,,,,,2.0,Reactome_R-HSA-1430728;Reactome_R-HSA-211859
Q9NX70,,,,,,1.0,Reactome_R-HSA-1430728
Q9NXA8,,,,,,1.0,Reactome_R-HSA-1430728
Q9NXB9,,,,,,1.0,Reactome_R-HSA-1430728
Q9NYA1,,,,,,1.0,Reactome_R-HSA-1430728
Q9NYL5,,,,,,4.0,Reactome_R-HSA-1430728;Reactome_R-HSA-211859;Reactome_R-HSA-211897;Reactome_R-HSA-211945
Q9NYQ3,,,,,,1.0,Reactome_R-HSA-1430728
Q9NZ20,,,,,,1.0,Reactome_R-HSA-1430728
Q9NZ53,,,,,,2.0,Reactome_R-HSA-1430728;Reactome_R-HSA-211859
Q9NZ71,,,,,,1.0,Reactome_R-HSA-1430728
Q9NZB8-1,,,,,,1.0,Reactome_R-HSA-1430728
Q9NZB8-5,,,,,,1.0,Reactome_R-HSA-1430728
Q9NZC3,,,,,,2.0,PathBank_SMP0000025;Reactome_R-HSA-1430728
Q9NZJ6,,,,,,1.0,Reactome_R-HSA-1430728
Q9NZJ9,,,,,,1.0,Reactome_R-HSA-1430728
Q9NZK7,,,,,,1.0,Reactome_R-HSA-1430728
Q9NZL6,,,,,,1.0,Reactome_R-HSA-1430728
Q9NZL9,,,,,,2.0,Reactome_R-HSA-1430728;Reactome_R-HSA-211859
Q9P032,,,,,,1.0,Reactome_R-HSA-1430728
Q9P086,,,,,,1.0,Reactome_R-HSA-1430728
Q9P0J0,,,,,,1.0,Reactome_R-HSA-1430728
Q9P0S2,,,,,,1.0,Reactome_R-HSA-1430728
Q9P0Z9,,,,,,1.0,Reactome_R-HSA-1430728
Q9P212,,,,,,1.0,Reactome_R-HSA-1430728
Q9P2R7,,,,,,1.0,Reactome_R-HSA-1430728
Q9P2T1,,,,,,1.0,Reactome_R-HSA-1430728
Q9P2W7,,,,,,1.0,Reactome_R-HSA-1430728
Q9SAH5,,,,,,12.0,PathBank_SMP0063827;PathBank_SMP0063838;PathBank_SMP0063848;PathBank_SMP0063857;PathBank_SMP0063865;PathBank_SMP0063872;PathBank_SMP0063878;PathBank_SMP0063883;PathBank_SMP0063887;PathBank_SMP0063890;PathBank_SMP0063891;PathBank_SMP0063892
Q9SRQ7,,,,,,12.0,PathBank_SMP0063827;PathBank_SMP0063838;PathBank_SMP0063848;PathBank_SMP0063857;PathBank_SMP0063865;PathBank_SMP0063872;PathBank_SMP0063878;PathBank_SMP0063883;PathBank_SMP0063887;PathBank_SMP0063890;PathBank_SMP0063891;PathBank_SMP0063892
Q9STS1,,,,,,2.0,PathBank_SMP0012047;PathBank_SMP0012048
Q9UBF8,,,,,,1.0,Reactome_R-HSA-1430728
Q9UBM1,,,,,,554.0,PathBank_SMP0000025;PathBank_SMP0014212;PathBank_SMP0014216;PathBank_SMP0014217;PathBank_SMP0014218;PathBank_SMP0014219;PathBank_SMP0014220;PathBank_SMP0014221;PathBank_SMP0014222;PathBank_SMP0014223;PathBank_SMP0014224;PathBank_SMP0014225;PathBank_SMP0014226;PathBank_SMP0014227;PathBank_SMP0014228;PathBank_SMP0014229;PathBank_SMP0014230;PathBank_SMP0014231;PathBank_SMP0014232;PathBank_SMP0014233;PathBank_SMP0014234;PathBank_SMP0014235;PathBank_SMP0014236;PathBank_SMP0014237;PathBank_SMP0014238;PathBank_SMP0014239;PathBank_SMP0014240;PathBank_SMP0014241;PathBank_SMP0014242;PathBank_SMP0014243;PathBank_SMP0014244;PathBank_SMP0014245;PathBank_SMP0014246;PathBank_SMP0014247;PathBank_SMP0014248;PathBank_SMP0014249;PathBank_SMP0014250;PathBank_SMP0014251;PathBank_SMP0014252;PathBank_SMP0014253;PathBank_SMP0014254;PathBank_SMP0014255;PathBank_SMP0014256;PathBank_SMP0014257;PathBank_SMP0014258;PathBank_SMP0014259;PathBank_SMP0014260;PathBank_SMP0014261;PathBank_SMP0014262;PathBank_SMP0014263;PathBank_SMP0014264;PathBank_SMP0014265;PathBank_SMP0014266;PathBank_SMP0014267;PathBank_SMP0014268;PathBank_SMP0014269;PathBank_SMP0014270;PathBank_SMP0014271;PathBank_SMP0014272;PathBank_SMP0014273;PathBank_SMP0014274;PathBank_SMP0014275;PathBank_SMP0014276;PathBank_SMP0014277;PathBank_SMP0014278;PathBank_SMP0014279;PathBank_SMP0014280;PathBank_SMP0014281;PathBank_SMP0014282;PathBank_SMP0014283;PathBank_SMP0014284;PathBank_SMP0014285;PathBank_SMP0014286;PathBank_SMP0014287;PathBank_SMP0014288;PathBank_SMP0014289;PathBank_SMP0014290;PathBank_SMP0014291;PathBank_SMP0014292;PathBank_SMP0014293;PathBank_SMP0014294;PathBank_SMP0014295;PathBank_SMP0014296;PathBank_SMP0014297;PathBank_SMP0014298;PathBank_SMP0014299;PathBank_SMP0014300;PathBank_SMP0014301;PathBank_SMP0014302;PathBank_SMP0014303;PathBank_SMP0014304;PathBank_SMP0014305;PathBank_SMP0014306;PathBank_SMP0014307;PathBank_SMP0014308;PathBank_SMP0014309;PathBank_SMP0014310;PathBank_SMP0014311;PathBank_SMP0014312;PathBank_SMP0014313;PathBank_SMP0014314;PathBank_SMP0014315;PathBank_SMP0014316;PathBank_SMP0014317;PathBank_SMP0014318;PathBank_SMP0014319;PathBank_SMP0014320;PathBank_SMP0014321;PathBank_SMP0014322;PathBank_SMP0014323;PathBank_SMP0014324;PathBank_SMP0014325;PathBank_SMP0014326;PathBank_SMP0014327;PathBank_SMP0014328;PathBank_SMP0014329;PathBank_SMP0014330;PathBank_SMP0014331;PathBank_SMP0014332;PathBank_SMP0014333;PathBank_SMP0014334;PathBank_SMP0014335;PathBank_SMP0014336;PathBank_SMP0014337;PathBank_SMP0014338;PathBank_SMP0014339;PathBank_SMP0014340;PathBank_SMP0014341;PathBank_SMP0014342;PathBank_SMP0014343;PathBank_SMP0014344;PathBank_SMP0014345;PathBank_SMP0014346;PathBank_SMP0014347;PathBank_SMP0014348;PathBank_SMP0014349;PathBank_SMP0014350;PathBank_SMP0014351;PathBank_SMP0014352;PathBank_SMP0014353;PathBank_SMP0014354;PathBank_SMP0014355;PathBank_SMP0014356;PathBank_SMP0014357;PathBank_SMP0014358;PathBank_SMP0014359;PathBank_SMP0014360;PathBank_SMP0014361;PathBank_SMP0014362;PathBank_SMP0014363;PathBank_SMP0014364;PathBank_SMP0014365;PathBank_SMP0014366;PathBank_SMP0014367;PathBank_SMP0014368;PathBank_SMP0014369;PathBank_SMP0014370;PathBank_SMP0014371;PathBank_SMP0014372;PathBank_SMP0014373;PathBank_SMP0014374;PathBank_SMP0014375;PathBank_SMP0014376;PathBank_SMP0014377;PathBank_SMP0014378;PathBank_SMP0014379;PathBank_SMP0014380;PathBank_SMP0014381;PathBank_SMP0014382;PathBank_SMP0014383;PathBank_SMP0014384;PathBank_SMP0014385;PathBank_SMP0014386;PathBank_SMP0014387;PathBank_SMP0014388;PathBank_SMP0014389;PathBank_SMP0014390;PathBank_SMP0014391;PathBank_SMP0014392;PathBank_SMP0014393;PathBank_SMP0014394;PathBank_SMP0014395;PathBank_SMP0014396;PathBank_SMP0014397;PathBank_SMP0014398;PathBank_SMP0014399;PathBank_SMP0014400;PathBank_SMP0014401;PathBank_SMP0014402;PathBank_SMP0014403;PathBank_SMP0014404;PathBank_SMP0014405;PathBank_SMP0014406;PathBank_SMP0014407;PathBank_SMP0014408;PathBank_SMP0014409;PathBank_SMP0014410;PathBank_SMP0014411;PathBank_SMP0014412;PathBank_SMP0014413;PathBank_SMP0014414;PathBank_SMP0014415;PathBank_SMP0014416;PathBank_SMP0014417;PathBank_SMP0014418;PathBank_SMP0014419;PathBank_SMP0014420;PathBank_SMP0014421;PathBank_SMP0014422;PathBank_SMP0014423;PathBank_SMP0014424;PathBank_SMP0014425;PathBank_SMP0014426;PathBank_SMP0014427;PathBank_SMP0014428;PathBank_SMP0014429;PathBank_SMP0014430;PathBank_SMP0014431;PathBank_SMP0014432;PathBank_SMP0014433;PathBank_SMP0014434;PathBank_SMP0014435;PathBank_SMP0014436;PathBank_SMP0014437;PathBank_SMP0014438;PathBank_SMP0014439;PathBank_SMP0014440;PathBank_SMP0014441;PathBank_SMP0014442;PathBank_SMP0014443;PathBank_SMP0014444;PathBank_SMP0014445;PathBank_SMP0014446;PathBank_SMP0014447;PathBank_SMP0014448;PathBank_SMP0014449;PathBank_SMP0014450;PathBank_SMP0014451;PathBank_SMP0014452;PathBank_SMP0014453;PathBank_SMP0014454;PathBank_SMP0014455;PathBank_SMP0014457;PathBank_SMP0014461;PathBank_SMP0014465;PathBank_SMP0014469;PathBank_SMP0014473;PathBank_SMP0014477;PathBank_SMP0014481;PathBank_SMP0014485;PathBank_SMP0014489;PathBank_SMP0014493;PathBank_SMP0014497;PathBank_SMP0014501;PathBank_SMP0014505;PathBank_SMP0014509;PathBank_SMP0014513;PathBank_SMP0014517;PathBank_SMP0014521;PathBank_SMP0014525;PathBank_SMP0014529;PathBank_SMP0014533;PathBank_SMP0014537;PathBank_SMP0014541;PathBank_SMP0014545;PathBank_SMP0014549;PathBank_SMP0014553;PathBank_SMP0014557;PathBank_SMP0014561;PathBank_SMP0014565;PathBank_SMP0014569;PathBank_SMP0014573;PathBank_SMP0014577;PathBank_SMP0014581;PathBank_SMP0014585;PathBank_SMP0014589;PathBank_SMP0014593;PathBank_SMP0014597;PathBank_SMP0014601;PathBank_SMP0014605;PathBank_SMP0014609;PathBank_SMP0014613;PathBank_SMP0014617;PathBank_SMP0014621;PathBank_SMP0014625;PathBank_SMP0014629;PathBank_SMP0014633;PathBank_SMP0014637;PathBank_SMP0014641;PathBank_SMP0014645;PathBank_SMP0014649;PathBank_SMP0014653;PathBank_SMP0014657;PathBank_SMP0014661;PathBank_SMP0014665;PathBank_SMP0014669;PathBank_SMP0014673;PathBank_SMP0014677;PathBank_SMP0014681;PathBank_SMP0014685;PathBank_SMP0014689;PathBank_SMP0014693;PathBank_SMP0014697;PathBank_SMP0014701;PathBank_SMP0014705;PathBank_SMP0014709;PathBank_SMP0014713;PathBank_SMP0014717;PathBank_SMP0014721;PathBank_SMP0014725;PathBank_SMP0014729;PathBank_SMP0014733;PathBank_SMP0014737;PathBank_SMP0014741;PathBank_SMP0014745;PathBank_SMP0014748;PathBank_SMP0014749;PathBank_SMP0014752;PathBank_SMP0014753;PathBank_SMP0014756;PathBank_SMP0014757;PathBank_SMP0014760;PathBank_SMP0014761;PathBank_SMP0014764;PathBank_SMP0014765;PathBank_SMP0014768;PathBank_SMP0014769;PathBank_SMP0014772;PathBank_SMP0014773;PathBank_SMP0014776;PathBank_SMP0014777;PathBank_SMP0014780;PathBank_SMP0014781;PathBank_SMP0014784;PathBank_SMP0014785;PathBank_SMP0014788;PathBank_SMP0014789;PathBank_SMP0014792;PathBank_SMP0014793;PathBank_SMP0014796;PathBank_SMP0014797;PathBank_SMP0014800;PathBank_SMP0014801;PathBank_SMP0014804;PathBank_SMP0014805;PathBank_SMP0014808;PathBank_SMP0014809;PathBank_SMP0014812;PathBank_SMP0014813;PathBank_SMP0014816;PathBank_SMP0014817;PathBank_SMP0014820;PathBank_SMP0014821;PathBank_SMP0014824;PathBank_SMP0014825;PathBank_SMP0014828;PathBank_SMP0014829;PathBank_SMP0014832;PathBank_SMP0014833;PathBank_SMP0014836;PathBank_SMP0014837;PathBank_SMP0014840;PathBank_SMP0014841;PathBank_SMP0014844;PathBank_SMP0014845;PathBank_SMP0014848;PathBank_SMP0014849;PathBank_SMP0014852;PathBank_SMP0014853;PathBank_SMP0014856;PathBank_SMP0014857;PathBank_SMP0014860;PathBank_SMP0014861;PathBank_SMP0014864;PathBank_SMP0014865;PathBank_SMP0014868;PathBank_SMP0014869;PathBank_SMP0014872;PathBank_SMP0014873;PathBank_SMP0014876;PathBank_SMP0014877;PathBank_SMP0014880;PathBank_SMP0014881;PathBank_SMP0014884;PathBank_SMP0014885;PathBank_SMP0014888;PathBank_SMP0014889;PathBank_SMP0014892;PathBank_SMP0014893;PathBank_SMP0014896;PathBank_SMP0014897;PathBank_SMP0014900;PathBank_SMP0014901;PathBank_SMP0014904;PathBank_SMP0014905;PathBank_SMP0014908;PathBank_SMP0014909;PathBank_SMP0014912;PathBank_SMP0014913;PathBank_SMP0014916;PathBank_SMP0014917;PathBank_SMP0014920;PathBank_SMP0014921;PathBank_SMP0014924;PathBank_SMP0014925;PathBank_SMP0014928;PathBank_SMP0014929;PathBank_SMP0014932;PathBank_SMP0014933;PathBank_SMP0014936;PathBank_SMP0014937;PathBank_SMP0014940;PathBank_SMP0014941;PathBank_SMP0014944;PathBank_SMP0014945;PathBank_SMP0014948;PathBank_SMP0014949;PathBank_SMP0014952;PathBank_SMP0014953;PathBank_SMP0014956;PathBank_SMP0014957;PathBank_SMP0014960;PathBank_SMP0014961;PathBank_SMP0014964;PathBank_SMP0014965;PathBank_SMP0014968;PathBank_SMP0014969;PathBank_SMP0014972;PathBank_SMP0014973;PathBank_SMP0014976;PathBank_SMP0014977;PathBank_SMP0014980;PathBank_SMP0014981;PathBank_SMP0014984;PathBank_SMP0014985;PathBank_SMP0014988;PathBank_SMP0014989;PathBank_SMP0014992;PathBank_SMP0014993;PathBank_SMP0014996;PathBank_SMP0014997;PathBank_SMP0015000;PathBank_SMP0015001;PathBank_SMP0015004;PathBank_SMP0015005;PathBank_SMP0015008;PathBank_SMP0015009;PathBank_SMP0015012;PathBank_SMP0015013;PathBank_SMP0015016;PathBank_SMP0015017;PathBank_SMP0015020;PathBank_SMP0015021;PathBank_SMP0015024;PathBank_SMP0015025;PathBank_SMP0015028;PathBank_SMP0015029;PathBank_SMP0015032;PathBank_SMP0015033;PathBank_SMP0015036;PathBank_SMP0015037;PathBank_SMP0015040;PathBank_SMP0015041;PathBank_SMP0015044;PathBank_SMP0015045;PathBank_SMP0015048;PathBank_SMP0015049;PathBank_SMP0015052;PathBank_SMP0015053;PathBank_SMP0015897;PathBank_SMP0030234;PathBank_SMP0030241;PathBank_SMP0030242;PathBank_SMP0030243;PathBank_SMP0030244;PathBank_SMP0030245;PathBank_SMP0030246;PathBank_SMP0030247;PathBank_SMP0030248;PathBank_SMP0030249;PathBank_SMP0030250;PathBank_SMP0030251;PathBank_SMP0030252;PathBank_SMP0030253;PathBank_SMP0030254;PathBank_SMP0030255;PathBank_SMP0030256;PathBank_SMP0030257;PathBank_SMP0030258;PathBank_SMP0030259;PathBank_SMP0030260;PathBank_SMP0030261;PathBank_SMP0030262;PathBank_SMP0030263;PathBank_SMP0030264;PathBank_SMP0030265;PathBank_SMP0030266;PathBank_SMP0030267;PathBank_SMP0030268;PathBank_SMP0030269;PathBank_SMP0030270;PathBank_SMP0030271;PathBank_SMP0030272;PathBank_SMP0030273;PathBank_SMP0030274;PathBank_SMP0030275;PathBank_SMP0030276;PathBank_SMP0030277;PathBank_SMP0030278;PathBank_SMP0030279;PathBank_SMP0030280;PathBank_SMP0030281;PathBank_SMP0030282;PathBank_SMP0030283;PathBank_SMP0030284;PathBank_SMP0030285;PathBank_SMP0030286;PathBank_SMP0030287;PathBank_SMP0030288;PathBank_SMP0030289;PathBank_SMP0030290;PathBank_SMP0030291;PathBank_SMP0030292;PathBank_SMP0030293;PathBank_SMP0030294;PathBank_SMP0030295;PathBank_SMP0030296;PathBank_SMP0030297;PathBank_SMP0030298;PathBank_SMP0030299;PathBank_SMP0030300;PathBank_SMP0030301;PathBank_SMP0030302;PathBank_SMP0030303;PathBank_SMP0030304;PathBank_SMP0030305;PathBank_SMP0030306;PathBank_SMP0030307;PathBank_SMP0030308;PathBank_SMP0030309;PathBank_SMP0030310;PathBank_SMP0030311;PathBank_SMP0030312;PathBank_SMP0030313;PathBank_SMP0030314;PathBank_SMP0030315;PathBank_SMP0030316;PathBank_SMP0030317;PathBank_SMP0030318;PathBank_SMP0030319;PathBank_SMP0030320;PathBank_SMP0030321;Reactome_R-HSA-1430728;WikiPathways_WP2533
Q9UBQ6,,,,,,1.0,Reactome_R-HSA-1430728
Q9UBR1,,,,,,1.0,Reactome_R-HSA-1430728
Q9UBV7,,,,,,1.0,Reactome_R-HSA-1430728
Q9UBX3,,,,,,1.0,Reactome_R-HSA-1430728
Q9UBX8,,,,,,1.0,Reactome_R-HSA-1430728
Q9UDR5,,,,,,1.0,Reactome_R-HSA-1430728
Q9UDW1,,,,,,1.0,Reactome_R-HSA-1430728
Q9UF12,,,,,,1.0,Reactome_R-HSA-1430728
Q9UG56,,,,,,1056.0,PathBank_SMP0000025;PathBank_SMP0014212;PathBank_SMP0014216;PathBank_SMP0014217;PathBank_SMP0014218;PathBank_SMP0014219;PathBank_SMP0014220;PathBank_SMP0014221;PathBank_SMP0014222;PathBank_SMP0014223;PathBank_SMP0014224;PathBank_SMP0014225;PathBank_SMP0014226;PathBank_SMP0014227;PathBank_SMP0014228;PathBank_SMP0014229;PathBank_SMP0014230;PathBank_SMP0014231;PathBank_SMP0014232;PathBank_SMP0014233;PathBank_SMP0014234;PathBank_SMP0014235;PathBank_SMP0014236;PathBank_SMP0014237;PathBank_SMP0014238;PathBank_SMP0014239;PathBank_SMP0014240;PathBank_SMP0014241;PathBank_SMP0014242;PathBank_SMP0014243;PathBank_SMP0014244;PathBank_SMP0014245;PathBank_SMP0014246;PathBank_SMP0014247;PathBank_SMP0014248;PathBank_SMP0014249;PathBank_SMP0014250;PathBank_SMP0014251;PathBank_SMP0014252;PathBank_SMP0014253;PathBank_SMP0014254;PathBank_SMP0014255;PathBank_SMP0014256;PathBank_SMP0014257;PathBank_SMP0014258;PathBank_SMP0014259;PathBank_SMP0014260;PathBank_SMP0014261;PathBank_SMP0014262;PathBank_SMP0014263;PathBank_SMP0014264;PathBank_SMP0014265;PathBank_SMP0014266;PathBank_SMP0014267;PathBank_SMP0014268;PathBank_SMP0014269;PathBank_SMP0014270;PathBank_SMP0014271;PathBank_SMP0014272;PathBank_SMP0014273;PathBank_SMP0014274;PathBank_SMP0014275;PathBank_SMP0014276;PathBank_SMP0014277;PathBank_SMP0014278;PathBank_SMP0014279;PathBank_SMP0014280;PathBank_SMP0014281;PathBank_SMP0014282;PathBank_SMP0014283;PathBank_SMP0014284;PathBank_SMP0014285;PathBank_SMP0014286;PathBank_SMP0014287;PathBank_SMP0014288;PathBank_SMP0014289;PathBank_SMP0014290;PathBank_SMP0014291;PathBank_SMP0014292;PathBank_SMP0014293;PathBank_SMP0014294;PathBank_SMP0014295;PathBank_SMP0014296;PathBank_SMP0014297;PathBank_SMP0014298;PathBank_SMP0014299;PathBank_SMP0014300;PathBank_SMP0014301;PathBank_SMP0014302;PathBank_SMP0014303;PathBank_SMP0014304;PathBank_SMP0014305;PathBank_SMP0014306;PathBank_SMP0014307;PathBank_SMP0014308;PathBank_SMP0014309;PathBank_SMP0014310;PathBank_SMP0014311;PathBank_SMP0014312;PathBank_SMP0014313;PathBank_SMP0014314;PathBank_SMP0014315;PathBank_SMP0014316;PathBank_SMP0014317;PathBank_SMP0014318;PathBank_SMP0014319;PathBank_SMP0014320;PathBank_SMP0014321;PathBank_SMP0014322;PathBank_SMP0014323;PathBank_SMP0014324;PathBank_SMP0014325;PathBank_SMP0014326;PathBank_SMP0014327;PathBank_SMP0014328;PathBank_SMP0014329;PathBank_SMP0014330;PathBank_SMP0014331;PathBank_SMP0014332;PathBank_SMP0014333;PathBank_SMP0014334;PathBank_SMP0014335;PathBank_SMP0014336;PathBank_SMP0014337;PathBank_SMP0014338;PathBank_SMP0014339;PathBank_SMP0014340;PathBank_SMP0014341;PathBank_SMP0014342;PathBank_SMP0014343;PathBank_SMP0014344;PathBank_SMP0014345;PathBank_SMP0014346;PathBank_SMP0014347;PathBank_SMP0014348;PathBank_SMP0014349;PathBank_SMP0014350;PathBank_SMP0014351;PathBank_SMP0014352;PathBank_SMP0014353;PathBank_SMP0014354;PathBank_SMP0014355;PathBank_SMP0014356;PathBank_SMP0014357;PathBank_SMP0014358;PathBank_SMP0014359;PathBank_SMP0014360;PathBank_SMP0014361;PathBank_SMP0014362;PathBank_SMP0014363;PathBank_SMP0014364;PathBank_SMP0014365;PathBank_SMP0014366;PathBank_SMP0014367;PathBank_SMP0014368;PathBank_SMP0014369;PathBank_SMP0014370;PathBank_SMP0014371;PathBank_SMP0014372;PathBank_SMP0014373;PathBank_SMP0014374;PathBank_SMP0014375;PathBank_SMP0014376;PathBank_SMP0014377;PathBank_SMP0014378;PathBank_SMP0014379;PathBank_SMP0014380;PathBank_SMP0014381;PathBank_SMP0014382;PathBank_SMP0014383;PathBank_SMP0014384;PathBank_SMP0014385;PathBank_SMP0014386;PathBank_SMP0014387;PathBank_SMP0014388;PathBank_SMP0014389;PathBank_SMP0014390;PathBank_SMP0014391;PathBank_SMP0014392;PathBank_SMP0014393;PathBank_SMP0014394;PathBank_SMP0014395;PathBank_SMP0014396;PathBank_SMP0014397;PathBank_SMP0014398;PathBank_SMP0014399;PathBank_SMP0014400;PathBank_SMP0014401;PathBank_SMP0014402;PathBank_SMP0014403;PathBank_SMP0014404;PathBank_SMP0014405;PathBank_SMP0014406;PathBank_SMP0014407;PathBank_SMP0014408;PathBank_SMP0014409;PathBank_SMP0014410;PathBank_SMP0014411;PathBank_SMP0014412;PathBank_SMP0014413;PathBank_SMP0014414;PathBank_SMP0014415;PathBank_SMP0014416;PathBank_SMP0014417;PathBank_SMP0014418;PathBank_SMP0014419;PathBank_SMP0014420;PathBank_SMP0014421;PathBank_SMP0014422;PathBank_SMP0014423;PathBank_SMP0014424;PathBank_SMP0014425;PathBank_SMP0014426;PathBank_SMP0014427;PathBank_SMP0014428;PathBank_SMP0014429;PathBank_SMP0014430;PathBank_SMP0014431;PathBank_SMP0014432;PathBank_SMP0014433;PathBank_SMP0014434;PathBank_SMP0014435;PathBank_SMP0014436;PathBank_SMP0014437;PathBank_SMP0014438;PathBank_SMP0014439;PathBank_SMP0014440;PathBank_SMP0014441;PathBank_SMP0014442;PathBank_SMP0014443;PathBank_SMP0014444;PathBank_SMP0014445;PathBank_SMP0014446;PathBank_SMP0014447;PathBank_SMP0014448;PathBank_SMP0014449;PathBank_SMP0014450;PathBank_SMP0014451;PathBank_SMP0014452;PathBank_SMP0014453;PathBank_SMP0014454;PathBank_SMP0014455;PathBank_SMP0014457;PathBank_SMP0014461;PathBank_SMP0014465;PathBank_SMP0014469;PathBank_SMP0014473;PathBank_SMP0014477;PathBank_SMP0014481;PathBank_SMP0014485;PathBank_SMP0014489;PathBank_SMP0014493;PathBank_SMP0014497;PathBank_SMP0014501;PathBank_SMP0014505;PathBank_SMP0014509;PathBank_SMP0014513;PathBank_SMP0014517;PathBank_SMP0014521;PathBank_SMP0014525;PathBank_SMP0014529;PathBank_SMP0014533;PathBank_SMP0014537;PathBank_SMP0014541;PathBank_SMP0014545;PathBank_SMP0014549;PathBank_SMP0014553;PathBank_SMP0014557;PathBank_SMP0014561;PathBank_SMP0014565;PathBank_SMP0014569;PathBank_SMP0014573;PathBank_SMP0014577;PathBank_SMP0014581;PathBank_SMP0014585;PathBank_SMP0014589;PathBank_SMP0014593;PathBank_SMP0014597;PathBank_SMP0014601;PathBank_SMP0014605;PathBank_SMP0014609;PathBank_SMP0014613;PathBank_SMP0014617;PathBank_SMP0014621;PathBank_SMP0014625;PathBank_SMP0014629;PathBank_SMP0014633;PathBank_SMP0014637;PathBank_SMP0014641;PathBank_SMP0014645;PathBank_SMP0014649;PathBank_SMP0014653;PathBank_SMP0014657;PathBank_SMP0014661;PathBank_SMP0014665;PathBank_SMP0014669;PathBank_SMP0014673;PathBank_SMP0014677;PathBank_SMP0014681;PathBank_SMP0014685;PathBank_SMP0014689;PathBank_SMP0014693;PathBank_SMP0014697;PathBank_SMP0014701;PathBank_SMP0014705;PathBank_SMP0014709;PathBank_SMP0014713;PathBank_SMP0014717;PathBank_SMP0014721;PathBank_SMP0014725;PathBank_SMP0014729;PathBank_SMP0014733;PathBank_SMP0014737;PathBank_SMP0014741;PathBank_SMP0014745;PathBank_SMP0014748;PathBank_SMP0014749;PathBank_SMP0014752;PathBank_SMP0014753;PathBank_SMP0014756;PathBank_SMP0014757;PathBank_SMP0014760;PathBank_SMP0014761;PathBank_SMP0014764;PathBank_SMP0014765;PathBank_SMP0014768;PathBank_SMP0014769;PathBank_SMP0014772;PathBank_SMP0014773;PathBank_SMP0014776;PathBank_SMP0014777;PathBank_SMP0014780;PathBank_SMP0014781;PathBank_SMP0014784;PathBank_SMP0014785;PathBank_SMP0014788;PathBank_SMP0014789;PathBank_SMP0014792;PathBank_SMP0014793;PathBank_SMP0014796;PathBank_SMP0014797;PathBank_SMP0014800;PathBank_SMP0014801;PathBank_SMP0014804;PathBank_SMP0014805;PathBank_SMP0014808;PathBank_SMP0014809;PathBank_SMP0014812;PathBank_SMP0014813;PathBank_SMP0014816;PathBank_SMP0014817;PathBank_SMP0014820;PathBank_SMP0014821;PathBank_SMP0014824;PathBank_SMP0014825;PathBank_SMP0014828;PathBank_SMP0014829;PathBank_SMP0014832;PathBank_SMP0014833;PathBank_SMP0014836;PathBank_SMP0014837;PathBank_SMP0014840;PathBank_SMP0014841;PathBank_SMP0014844;PathBank_SMP0014845;PathBank_SMP0014848;PathBank_SMP0014849;PathBank_SMP0014852;PathBank_SMP0014853;PathBank_SMP0014856;PathBank_SMP0014857;PathBank_SMP0014860;PathBank_SMP0014861;PathBank_SMP0014864;PathBank_SMP0014865;PathBank_SMP0014868;PathBank_SMP0014869;PathBank_SMP0014872;PathBank_SMP0014873;PathBank_SMP0014876;PathBank_SMP0014877;PathBank_SMP0014880;PathBank_SMP0014881;PathBank_SMP0014884;PathBank_SMP0014885;PathBank_SMP0014888;PathBank_SMP0014889;PathBank_SMP0014892;PathBank_SMP0014893;PathBank_SMP0014896;PathBank_SMP0014897;PathBank_SMP0014900;PathBank_SMP0014901;PathBank_SMP0014904;PathBank_SMP0014905;PathBank_SMP0014908;PathBank_SMP0014909;PathBank_SMP0014912;PathBank_SMP0014913;PathBank_SMP0014916;PathBank_SMP0014917;PathBank_SMP0014920;PathBank_SMP0014921;PathBank_SMP0014924;PathBank_SMP0014925;PathBank_SMP0014928;PathBank_SMP0014929;PathBank_SMP0014932;PathBank_SMP0014933;PathBank_SMP0014936;PathBank_SMP0014937;PathBank_SMP0014940;PathBank_SMP0014941;PathBank_SMP0014944;PathBank_SMP0014945;PathBank_SMP0014948;PathBank_SMP0014949;PathBank_SMP0014952;PathBank_SMP0014953;PathBank_SMP0014956;PathBank_SMP0014957;PathBank_SMP0014960;PathBank_SMP0014961;PathBank_SMP0014964;PathBank_SMP0014965;PathBank_SMP0014968;PathBank_SMP0014969;PathBank_SMP0014972;PathBank_SMP0014973;PathBank_SMP0014976;PathBank_SMP0014977;PathBank_SMP0014980;PathBank_SMP0014981;PathBank_SMP0014984;PathBank_SMP0014985;PathBank_SMP0014988;PathBank_SMP0014989;PathBank_SMP0014992;PathBank_SMP0014993;PathBank_SMP0014996;PathBank_SMP0014997;PathBank_SMP0015000;PathBank_SMP0015001;PathBank_SMP0015004;PathBank_SMP0015005;PathBank_SMP0015008;PathBank_SMP0015009;PathBank_SMP0015012;PathBank_SMP0015013;PathBank_SMP0015016;PathBank_SMP0015017;PathBank_SMP0015020;PathBank_SMP0015021;PathBank_SMP0015024;PathBank_SMP0015025;PathBank_SMP0015028;PathBank_SMP0015029;PathBank_SMP0015032;PathBank_SMP0015033;PathBank_SMP0015036;PathBank_SMP0015037;PathBank_SMP0015040;PathBank_SMP0015041;PathBank_SMP0015044;PathBank_SMP0015045;PathBank_SMP0015048;PathBank_SMP0015049;PathBank_SMP0015052;PathBank_SMP0015053;PathBank_SMP0015056;PathBank_SMP0015057;PathBank_SMP0015060;PathBank_SMP0015061;PathBank_SMP0015064;PathBank_SMP0015065;PathBank_SMP0015068;PathBank_SMP0015069;PathBank_SMP0015072;PathBank_SMP0015073;PathBank_SMP0015076;PathBank_SMP0015077;PathBank_SMP0015080;PathBank_SMP0015081;PathBank_SMP0015084;PathBank_SMP0015085;PathBank_SMP0015088;PathBank_SMP0015089;PathBank_SMP0015092;PathBank_SMP0015093;PathBank_SMP0015096;PathBank_SMP0015097;PathBank_SMP0015100;PathBank_SMP0015101;PathBank_SMP0015104;PathBank_SMP0015105;PathBank_SMP0015108;PathBank_SMP0015109;PathBank_SMP0015112;PathBank_SMP0015113;PathBank_SMP0015116;PathBank_SMP0015117;PathBank_SMP0015120;PathBank_SMP0015121;PathBank_SMP0015124;PathBank_SMP0015125;PathBank_SMP0015128;PathBank_SMP0015129;PathBank_SMP0015132;PathBank_SMP0015133;PathBank_SMP0015136;PathBank_SMP0015137;PathBank_SMP0015140;PathBank_SMP0015141;PathBank_SMP0015144;PathBank_SMP0015145;PathBank_SMP0015148;PathBank_SMP0015149;PathBank_SMP0015152;PathBank_SMP0015153;PathBank_SMP0015156;PathBank_SMP0015157;PathBank_SMP0015160;PathBank_SMP0015161;PathBank_SMP0015164;PathBank_SMP0015165;PathBank_SMP0015168;PathBank_SMP0015169;PathBank_SMP0015172;PathBank_SMP0015173;PathBank_SMP0015176;PathBank_SMP0015177;PathBank_SMP0015180;PathBank_SMP0015181;PathBank_SMP0015184;PathBank_SMP0015185;PathBank_SMP0015188;PathBank_SMP0015189;PathBank_SMP0015192;PathBank_SMP0015193;PathBank_SMP0015196;PathBank_SMP0015197;PathBank_SMP0015200;PathBank_SMP0015201;PathBank_SMP0015204;PathBank_SMP0015205;PathBank_SMP0015208;PathBank_SMP0015209;PathBank_SMP0015212;PathBank_SMP0015213;PathBank_SMP0015216;PathBank_SMP0015217;PathBank_SMP0015220;PathBank_SMP0015221;PathBank_SMP0015224;PathBank_SMP0015225;PathBank_SMP0015228;PathBank_SMP0015229;PathBank_SMP0015232;PathBank_SMP0015233;PathBank_SMP0015236;PathBank_SMP0015237;PathBank_SMP0015240;PathBank_SMP0015241;PathBank_SMP0015244;PathBank_SMP0015245;PathBank_SMP0015248;PathBank_SMP0015249;PathBank_SMP0015252;PathBank_SMP0015253;PathBank_SMP0015256;PathBank_SMP0015257;PathBank_SMP0015260;PathBank_SMP0015261;PathBank_SMP0015264;PathBank_SMP0015265;PathBank_SMP0015268;PathBank_SMP0015269;PathBank_SMP0015272;PathBank_SMP0015273;PathBank_SMP0015276;PathBank_SMP0015277;PathBank_SMP0015280;PathBank_SMP0015281;PathBank_SMP0015284;PathBank_SMP0015285;PathBank_SMP0015288;PathBank_SMP0015289;PathBank_SMP0015292;PathBank_SMP0015293;PathBank_SMP0015296;PathBank_SMP0015297;PathBank_SMP0015300;PathBank_SMP0015301;PathBank_SMP0015304;PathBank_SMP0015305;PathBank_SMP0015308;PathBank_SMP0015309;PathBank_SMP0015312;PathBank_SMP0015313;PathBank_SMP0015316;PathBank_SMP0015317;PathBank_SMP0015320;PathBank_SMP0015321;PathBank_SMP0015324;PathBank_SMP0015325;PathBank_SMP0015328;PathBank_SMP0015329;PathBank_SMP0015332;PathBank_SMP0015333;PathBank_SMP0015336;PathBank_SMP0015337;PathBank_SMP0015340;PathBank_SMP0015341;PathBank_SMP0015344;PathBank_SMP0015345;PathBank_SMP0015348;PathBank_SMP0015349;PathBank_SMP0015352;PathBank_SMP0015353;PathBank_SMP0015356;PathBank_SMP0015357;PathBank_SMP0015360;PathBank_SMP0015361;PathBank_SMP0015364;PathBank_SMP0015365;PathBank_SMP0015368;PathBank_SMP0015369;PathBank_SMP0015372;PathBank_SMP0015373;PathBank_SMP0015376;PathBank_SMP0015377;PathBank_SMP0015380;PathBank_SMP0015381;PathBank_SMP0015384;PathBank_SMP0015385;PathBank_SMP0015388;PathBank_SMP0015389;PathBank_SMP0015392;PathBank_SMP0015393;PathBank_SMP0015396;PathBank_SMP0015397;PathBank_SMP0015400;PathBank_SMP0015401;PathBank_SMP0015404;PathBank_SMP0015405;PathBank_SMP0015408;PathBank_SMP0015409;PathBank_SMP0015412;PathBank_SMP0015413;PathBank_SMP0015416;PathBank_SMP0015417;PathBank_SMP0015420;PathBank_SMP0015421;PathBank_SMP0015424;PathBank_SMP0015425;PathBank_SMP0015428;PathBank_SMP0015429;PathBank_SMP0015432;PathBank_SMP0015433;PathBank_SMP0015436;PathBank_SMP0015437;PathBank_SMP0015440;PathBank_SMP0015441;PathBank_SMP0015444;PathBank_SMP0015445;PathBank_SMP0015448;PathBank_SMP0015449;PathBank_SMP0015452;PathBank_SMP0015453;PathBank_SMP0015456;PathBank_SMP0015457;PathBank_SMP0015460;PathBank_SMP0015461;PathBank_SMP0015464;PathBank_SMP0015465;PathBank_SMP0015468;PathBank_SMP0015469;PathBank_SMP0015472;PathBank_SMP0015473;PathBank_SMP0015476;PathBank_SMP0015477;PathBank_SMP0015480;PathBank_SMP0015481;PathBank_SMP0015484;PathBank_SMP0015485;PathBank_SMP0015488;PathBank_SMP0015489;PathBank_SMP0015492;PathBank_SMP0015493;PathBank_SMP0015496;PathBank_SMP0015497;PathBank_SMP0015500;PathBank_SMP0015501;PathBank_SMP0015504;PathBank_SMP0015505;PathBank_SMP0015508;PathBank_SMP0015509;PathBank_SMP0015512;PathBank_SMP0015513;PathBank_SMP0015516;PathBank_SMP0015517;PathBank_SMP0015520;PathBank_SMP0015521;PathBank_SMP0015524;PathBank_SMP0015525;PathBank_SMP0015528;PathBank_SMP0015529;PathBank_SMP0015532;PathBank_SMP0015533;PathBank_SMP0015536;PathBank_SMP0015537;PathBank_SMP0015540;PathBank_SMP0015541;PathBank_SMP0015544;PathBank_SMP0015545;PathBank_SMP0015548;PathBank_SMP0015549;PathBank_SMP0015552;PathBank_SMP0015553;PathBank_SMP0015556;PathBank_SMP0015557;PathBank_SMP0015560;PathBank_SMP0015561;PathBank_SMP0015564;PathBank_SMP0015565;PathBank_SMP0015568;PathBank_SMP0015569;PathBank_SMP0015572;PathBank_SMP0015573;PathBank_SMP0015576;PathBank_SMP0015577;PathBank_SMP0015580;PathBank_SMP0015581;PathBank_SMP0015584;PathBank_SMP0015585;PathBank_SMP0015588;PathBank_SMP0015589;PathBank_SMP0015592;PathBank_SMP0015593;PathBank_SMP0015596;PathBank_SMP0015597;PathBank_SMP0015600;PathBank_SMP0015601;PathBank_SMP0015604;PathBank_SMP0015605;PathBank_SMP0015608;PathBank_SMP0015609;PathBank_SMP0015612;PathBank_SMP0015613;PathBank_SMP0015616;PathBank_SMP0015617;PathBank_SMP0015620;PathBank_SMP0015621;PathBank_SMP0015624;PathBank_SMP0015625;PathBank_SMP0015628;PathBank_SMP0015629;PathBank_SMP0015632;PathBank_SMP0015633;PathBank_SMP0015636;PathBank_SMP0015637;PathBank_SMP0015640;PathBank_SMP0015641;PathBank_SMP0015644;PathBank_SMP0015645;PathBank_SMP0015648;PathBank_SMP0015649;PathBank_SMP0015652;PathBank_SMP0015653;PathBank_SMP0015656;PathBank_SMP0015657;PathBank_SMP0015660;PathBank_SMP0015661;PathBank_SMP0015664;PathBank_SMP0015665;PathBank_SMP0015668;PathBank_SMP0015669;PathBank_SMP0015672;PathBank_SMP0015673;PathBank_SMP0015676;PathBank_SMP0015677;PathBank_SMP0015680;PathBank_SMP0015681;PathBank_SMP0015684;PathBank_SMP0015685;PathBank_SMP0015688;PathBank_SMP0015689;PathBank_SMP0015692;PathBank_SMP0015693;PathBank_SMP0015696;PathBank_SMP0015697;PathBank_SMP0015700;PathBank_SMP0015701;PathBank_SMP0015704;PathBank_SMP0015705;PathBank_SMP0015708;PathBank_SMP0015709;PathBank_SMP0015712;PathBank_SMP0015713;PathBank_SMP0015716;PathBank_SMP0015717;PathBank_SMP0015720;PathBank_SMP0015721;PathBank_SMP0015724;PathBank_SMP0015725;PathBank_SMP0015728;PathBank_SMP0015729;PathBank_SMP0015732;PathBank_SMP0015733;PathBank_SMP0015736;PathBank_SMP0015737;PathBank_SMP0015740;PathBank_SMP0015741;PathBank_SMP0015744;PathBank_SMP0015745;PathBank_SMP0015748;PathBank_SMP0015749;PathBank_SMP0015752;PathBank_SMP0015753;PathBank_SMP0015756;PathBank_SMP0015757;PathBank_SMP0015760;PathBank_SMP0015761;PathBank_SMP0015764;PathBank_SMP0015765;PathBank_SMP0015768;PathBank_SMP0015769;PathBank_SMP0015772;PathBank_SMP0015773;PathBank_SMP0015776;PathBank_SMP0015777;PathBank_SMP0015780;PathBank_SMP0015781;PathBank_SMP0015784;PathBank_SMP0015785;PathBank_SMP0015788;PathBank_SMP0015789;PathBank_SMP0015792;PathBank_SMP0015793;PathBank_SMP0015796;PathBank_SMP0015797;PathBank_SMP0015800;PathBank_SMP0015801;PathBank_SMP0015804;PathBank_SMP0015805;PathBank_SMP0015808;PathBank_SMP0015809;PathBank_SMP0015812;PathBank_SMP0015813;PathBank_SMP0015816;PathBank_SMP0015817;PathBank_SMP0015820;PathBank_SMP0015821;PathBank_SMP0015824;PathBank_SMP0015825;PathBank_SMP0015828;PathBank_SMP0015829;PathBank_SMP0015832;PathBank_SMP0015833;PathBank_SMP0015836;PathBank_SMP0015837;PathBank_SMP0015840;PathBank_SMP0015841;PathBank_SMP0015844;PathBank_SMP0015845;PathBank_SMP0015848;PathBank_SMP0015849;PathBank_SMP0015852;PathBank_SMP0015853;PathBank_SMP0015856;PathBank_SMP0015857;PathBank_SMP0015860;PathBank_SMP0015861;PathBank_SMP0015864;PathBank_SMP0015865;PathBank_SMP0015868;PathBank_SMP0015869;PathBank_SMP0015872;PathBank_SMP0015873;PathBank_SMP0015876;PathBank_SMP0015877;PathBank_SMP0015880;PathBank_SMP0015881;PathBank_SMP0015884;PathBank_SMP0015885;PathBank_SMP0015888;PathBank_SMP0015889;PathBank_SMP0015892;PathBank_SMP0015893;PathBank_SMP0015897;PathBank_SMP0029731;PathBank_SMP0030234;PathBank_SMP0030235;PathBank_SMP0030241;PathBank_SMP0030242;PathBank_SMP0030243;PathBank_SMP0030244;PathBank_SMP0030245;PathBank_SMP0030246;PathBank_SMP0030247;PathBank_SMP0030248;PathBank_SMP0030249;PathBank_SMP0030250;PathBank_SMP0030251;PathBank_SMP0030252;PathBank_SMP0030253;PathBank_SMP0030254;PathBank_SMP0030255;PathBank_SMP0030256;PathBank_SMP0030257;PathBank_SMP0030258;PathBank_SMP0030259;PathBank_SMP0030260;PathBank_SMP0030261;PathBank_SMP0030262;PathBank_SMP0030263;PathBank_SMP0030264;PathBank_SMP0030265;PathBank_SMP0030266;PathBank_SMP0030267;PathBank_SMP0030268;PathBank_SMP0030269;PathBank_SMP0030270;PathBank_SMP0030271;PathBank_SMP0030272;PathBank_SMP0030273;PathBank_SMP0030274;PathBank_SMP0030275;PathBank_SMP0030276;PathBank_SMP0030277;PathBank_SMP0030278;PathBank_SMP0030279;PathBank_SMP0030280;PathBank_SMP0030281;PathBank_SMP0030282;PathBank_SMP0030283;PathBank_SMP0030284;PathBank_SMP0030285;PathBank_SMP0030286;PathBank_SMP0030287;PathBank_SMP0030288;PathBank_SMP0030289;PathBank_SMP0030290;PathBank_SMP0030291;PathBank_SMP0030292;PathBank_SMP0030293;PathBank_SMP0030294;PathBank_SMP0030295;PathBank_SMP0030296;PathBank_SMP0030297;PathBank_SMP0030298;PathBank_SMP0030299;PathBank_SMP0030300;PathBank_SMP0030301;PathBank_SMP0030302;PathBank_SMP0030303;PathBank_SMP0030304;PathBank_SMP0030305;PathBank_SMP0030306;PathBank_SMP0030307;PathBank_SMP0030308;PathBank_SMP0030309;PathBank_SMP0030310;PathBank_SMP0030311;PathBank_SMP0030312;PathBank_SMP0030313;PathBank_SMP0030314;PathBank_SMP0030315;PathBank_SMP0030316;PathBank_SMP0030317;PathBank_SMP0030318;PathBank_SMP0030319;PathBank_SMP0030320;PathBank_SMP0030321;PathBank_SMP0030322;PathBank_SMP0030323;PathBank_SMP0030324;PathBank_SMP0030325;PathBank_SMP0030326;PathBank_SMP0030327;PathBank_SMP0030328;PathBank_SMP0030329;PathBank_SMP0030330;PathBank_SMP0030331;PathBank_SMP0030332;PathBank_SMP0030333;PathBank_SMP0030334;PathBank_SMP0030335;PathBank_SMP0030336;PathBank_SMP0030337;PathBank_SMP0030338;PathBank_SMP0030339;PathBank_SMP0030340;PathBank_SMP0030341;PathBank_SMP0030342;PathBank_SMP0030343;PathBank_SMP0030344;PathBank_SMP0030345;PathBank_SMP0030346;PathBank_SMP0030347;PathBank_SMP0030348;PathBank_SMP0030349;PathBank_SMP0030350;PathBank_SMP0030351;PathBank_SMP0030352;PathBank_SMP0030353;PathBank_SMP0030354;PathBank_SMP0030355;PathBank_SMP0030356;PathBank_SMP0030357;PathBank_SMP0030358;PathBank_SMP0030359;PathBank_SMP0030360;PathBank_SMP0030361;PathBank_SMP0030362;PathBank_SMP0030363;PathBank_SMP0030364;PathBank_SMP0030365;PathBank_SMP0030366;PathBank_SMP0030367;PathBank_SMP0030368;PathBank_SMP0030369;PathBank_SMP0030370;PathBank_SMP0030371;PathBank_SMP0030372;PathBank_SMP0030373;PathBank_SMP0030374;PathBank_SMP0030375;PathBank_SMP0030376;PathBank_SMP0030377;PathBank_SMP0030378;PathBank_SMP0030379;PathBank_SMP0030380;PathBank_SMP0030381;PathBank_SMP0030382;PathBank_SMP0030383;PathBank_SMP0030384;PathBank_SMP0030385;PathBank_SMP0030386;PathBank_SMP0030387;PathBank_SMP0030388;PathBank_SMP0030389;PathBank_SMP0030390;PathBank_SMP0030391;PathBank_SMP0030392;PathBank_SMP0030393;PathBank_SMP0030394;PathBank_SMP0030395;PathBank_SMP0030396;PathBank_SMP0030397;PathBank_SMP0030398;PathBank_SMP0030399;PathBank_SMP0030400;PathBank_SMP0030401;PathBank_SMP0030402;Reactome_R-HSA-1430728
Q9UGB7,,,,,,1.0,Reactome_R-HSA-1430728
Q9UGJ0,,,,,,1.0,Reactome_R-HSA-1430728
Q9UH92,,,,,,1.0,Reactome_R-HSA-1430728
Q9UHB4,,,,,,1.0,Reactome_R-HSA-1430728
Q9UHJ6,,,,,,1.0,Reactome_R-HSA-1430728
Q9UHK6,,,,,,1.0,Reactome_R-HSA-1430728
Q9UHV7,,,,,,1.0,Reactome_R-HSA-1430728
Q9UI09,,,,,,1.0,Reactome_R-HSA-1430728
Q9UI17,,,,,,1.0,Reactome_R-HSA-1430728
Q9UI32,,,,,,1.0,Reactome_R-HSA-1430728
Q9UJ83,,,,,,1.0,Reactome_R-HSA-1430728
Q9UJA2,,,,,,3.0,PathBank_SMP0000025;Reactome_R-HSA-1430728;WikiPathways_WP2533
Q9UJM8,,,,,,1.0,Reactome_R-HSA-1430728
Q9UJS0,,,,,,1.0,Reactome_R-HSA-1430728
Q9UKG9,,,,,,1.0,Reactome_R-HSA-1430728
Q9UKK9,,,,,,1.0,Reactome_R-HSA-1430728
Q9UKL6,,,,,,1.0,Reactome_R-HSA-1430728
Q9UKU7,,,,,,1.0,Reactome_R-HSA-1430728
Q9UL63,,,,,,1.0,Reactome_R-HSA-1430728
Q9ULK4,,,,,,1.0,Reactome_R-HSA-1430728
Q9ULX7,,,,,,1.0,Reactome_R-HSA-1430728
Q9UMR5,,,,,,1.0,Reactome_R-HSA-1430728
Q9UMX9,,,,,,1.0,Reactome_R-HSA-1430728
Q9UNK4,,,,,,2.0,PathBank_SMP0000025;Reactome_R-HSA-1430728
Q9UNP4,,,,,,1.0,Reactome_R-HSA-1430728
Q9UNU6,,,,,,4.0,Reactome_R-HSA-1430728;Reactome_R-HSA-211859;Reactome_R-HSA-211897;Reactome_R-HSA-211945
Q9UNW1,,,,,,1.0,Reactome_R-HSA-1430728
Q9UP65,,,,,,1.0,Reactome_R-HSA-1430728
Q9UQK1,,,,,,1.0,Reactome_R-HSA-1430728
Q9VCE0,,,,,,42.0,PathBank_SMP0100279;PathBank_SMP0100280;PathBank_SMP0100287;PathBank_SMP0100289;PathBank_SMP0100290;PathBank_SMP0100291;PathBank_SMP0100292;PathBank_SMP0100293;PathBank_SMP0100294;PathBank_SMP0100295;PathBank_SMP0100296;PathBank_SMP0100297;PathBank_SMP0100298;PathBank_SMP0100299;PathBank_SMP0100300;PathBank_SMP0100301;PathBank_SMP0100302;PathBank_SMP0100303;PathBank_SMP0100304;PathBank_SMP0100305;PathBank_SMP0100306;PathBank_SMP0100307;PathBank_SMP0100308;PathBank_SMP0100309;PathBank_SMP0100310;PathBank_SMP0100317;PathBank_SMP0100319;PathBank_SMP0100325;PathBank_SMP0100327;PathBank_SMP0100332;PathBank_SMP0100334;PathBank_SMP0100338;PathBank_SMP0100340;PathBank_SMP0100343;PathBank_SMP0100345;PathBank_SMP0100347;PathBank_SMP0100349;PathBank_SMP0100350;PathBank_SMP0100351;PathBank_SMP0100352;PathBank_SMP0100354;PathBank_SMP0100355
Q9VPD3,,,,,,42.0,PathBank_SMP0100279;PathBank_SMP0100280;PathBank_SMP0100287;PathBank_SMP0100289;PathBank_SMP0100290;PathBank_SMP0100291;PathBank_SMP0100292;PathBank_SMP0100293;PathBank_SMP0100294;PathBank_SMP0100295;PathBank_SMP0100296;PathBank_SMP0100297;PathBank_SMP0100298;PathBank_SMP0100299;PathBank_SMP0100300;PathBank_SMP0100301;PathBank_SMP0100302;PathBank_SMP0100303;PathBank_SMP0100304;PathBank_SMP0100305;PathBank_SMP0100306;PathBank_SMP0100307;PathBank_SMP0100308;PathBank_SMP0100309;PathBank_SMP0100310;PathBank_SMP0100317;PathBank_SMP0100319;PathBank_SMP0100325;PathBank_SMP0100327;PathBank_SMP0100332;PathBank_SMP0100334;PathBank_SMP0100338;PathBank_SMP0100340;PathBank_SMP0100343;PathBank_SMP0100345;PathBank_SMP0100347;PathBank_SMP0100349;PathBank_SMP0100350;PathBank_SMP0100351;PathBank_SMP0100352;PathBank_SMP0100354;PathBank_SMP0100355
Q9XTL9,,,,,,1.0,BioCyc_META_PWY-5941
Q9Y216,,,,,,1.0,Reactome_R-HSA-1430728
Q9Y217,,,,,,1.0,Reactome_R-HSA-1430728
Q9Y226,,,,,,1.0,Reactome_R-HSA-1430728
Q9Y227,,,,,,1.0,Reactome_R-HSA-1430728
Q9Y251,,,,,,1.0,Reactome_R-HSA-1430728
Q9Y259,,,,,,2.0,Reactome_R-HSA-1430728;WikiPathways_WP2533
Q9Y276,,,,,,1.0,Reactome_R-HSA-1430728
Q9Y289,,,,,,1.0,Reactome_R-HSA-1430728
Q9Y2C2,,,,,,1.0,Reactome_R-HSA-1430728
Q9Y2D0,,,,,,1.0,Reactome_R-HSA-1430728
Q9Y2E5,,,,,,1.0,Reactome_R-HSA-1430728
Q9Y2H2,,,,,,1.0,Reactome_R-HSA-1430728
Q9Y2I7,,,,,,1.0,Reactome_R-HSA-1430728
Q9Y2P5,,,,,,1.0,Reactome_R-HSA-1430728
Q9Y2Q3,,,,,,2.0,Reactome_R-HSA-1430728;Reactome_R-HSA-211859
Q9Y2R0,,,,,,1.0,Reactome_R-HSA-1430728
Q9Y2S2,,,,,,1.0,Reactome_R-HSA-1430728
Q9Y2X0,,,,,,1.0,Reactome_R-HSA-1430728
Q9Y2Z9,,,,,,1.0,Reactome_R-HSA-1430728
Q9Y315,,,,,,1.0,Reactome_R-HSA-1430728
Q9Y365,,,,,,1.0,Reactome_R-HSA-1430728
Q9Y375,,,,,,1.0,Reactome_R-HSA-1430728
Q9Y3A0,,,,,,1.0,Reactome_R-HSA-1430728
Q9Y3C7,,,,,,1.0,Reactome_R-HSA-1430728
Q9Y3D0,,,,,,1.0,Reactome_R-HSA-1430728
Q9Y3D8,,,,,,1.0,Reactome_R-HSA-1430728
Q9Y3R4,,,,,,1.0,Reactome_R-HSA-1430728
Q9Y3Z3,,,,,,1.0,Reactome_R-HSA-1430728
Q9Y4U1,,,,,,1.0,Reactome_R-HSA-1430728
Q9Y5L2,,,,,,1.0,Reactome_R-HSA-1430728
Q9Y5L3,,,,,,1.0,Reactome_R-HSA-1430728
Q9Y5N5,,,,,,2.0,Reactome_R-HSA-1430728;Reactome_R-HSA-211859
Q9Y5P4-2,,,,,,1.0,Reactome_R-HSA-1430728
Q9Y5U8,,,,,,1.0,Reactome_R-HSA-1430728
Q9Y5Y0-1,,,,,,1.0,Reactome_R-HSA-1430728
Q9Y5Y0-2,,,,,,1.0,Reactome_R-HSA-1430728
Q9Y5Y2,,,,,,1.0,Reactome_R-HSA-1430728
Q9Y600,,,,,,1.0,Reactome_R-HSA-1430728
Q9Y617,,,,,,1.0,Reactome_R-HSA-1430728
Q9Y697-1,,,,,,1.0,Reactome_R-HSA-1430728
Q9Y697-2,,,,,,1.0,Reactome_R-HSA-1430728
Q9Y6A2,,,,,,4.0,Reactome_R-HSA-1430728;Reactome_R-HSA-211859;Reactome_R-HSA-211897;Reactome_R-HSA-211945
Q9Y6B6,,,,,,1.0,Reactome_R-HSA-1430728
Q9Y6E7,,,,,,1.0,Reactome_R-HSA-1430728
Q9Y6K0,,,,,,1056.0,PathBank_SMP0014212;PathBank_SMP0014216;PathBank_SMP0014217;PathBank_SMP0014218;PathBank_SMP0014219;PathBank_SMP0014220;PathBank_SMP0014221;PathBank_SMP0014222;PathBank_SMP0014223;PathBank_SMP0014224;PathBank_SMP0014225;PathBank_SMP0014226;PathBank_SMP0014227;PathBank_SMP0014228;PathBank_SMP0014229;PathBank_SMP0014230;PathBank_SMP0014231;PathBank_SMP0014232;PathBank_SMP0014233;PathBank_SMP0014234;PathBank_SMP0014235;PathBank_SMP0014236;PathBank_SMP0014237;PathBank_SMP0014238;PathBank_SMP0014239;PathBank_SMP0014240;PathBank_SMP0014241;PathBank_SMP0014242;PathBank_SMP0014243;PathBank_SMP0014244;PathBank_SMP0014245;PathBank_SMP0014246;PathBank_SMP0014247;PathBank_SMP0014248;PathBank_SMP0014249;PathBank_SMP0014250;PathBank_SMP0014251;PathBank_SMP0014252;PathBank_SMP0014253;PathBank_SMP0014254;PathBank_SMP0014255;PathBank_SMP0014256;PathBank_SMP0014257;PathBank_SMP0014258;PathBank_SMP0014259;PathBank_SMP0014260;PathBank_SMP0014261;PathBank_SMP0014262;PathBank_SMP0014263;PathBank_SMP0014264;PathBank_SMP0014265;PathBank_SMP0014266;PathBank_SMP0014267;PathBank_SMP0014268;PathBank_SMP0014269;PathBank_SMP0014270;PathBank_SMP0014271;PathBank_SMP0014272;PathBank_SMP0014273;PathBank_SMP0014274;PathBank_SMP0014275;PathBank_SMP0014276;PathBank_SMP0014277;PathBank_SMP0014278;PathBank_SMP0014279;PathBank_SMP0014280;PathBank_SMP0014281;PathBank_SMP0014282;PathBank_SMP0014283;PathBank_SMP0014284;PathBank_SMP0014285;PathBank_SMP0014286;PathBank_SMP0014287;PathBank_SMP0014288;PathBank_SMP0014289;PathBank_SMP0014290;PathBank_SMP0014291;PathBank_SMP0014292;PathBank_SMP0014293;PathBank_SMP0014294;PathBank_SMP0014295;PathBank_SMP0014296;PathBank_SMP0014297;PathBank_SMP0014298;PathBank_SMP0014299;PathBank_SMP0014300;PathBank_SMP0014301;PathBank_SMP0014302;PathBank_SMP0014303;PathBank_SMP0014304;PathBank_SMP0014305;PathBank_SMP0014306;PathBank_SMP0014307;PathBank_SMP0014308;PathBank_SMP0014309;PathBank_SMP0014310;PathBank_SMP0014311;PathBank_SMP0014312;PathBank_SMP0014313;PathBank_SMP0014314;PathBank_SMP0014315;PathBank_SMP0014316;PathBank_SMP0014317;PathBank_SMP0014318;PathBank_SMP0014319;PathBank_SMP0014320;PathBank_SMP0014321;PathBank_SMP0014322;PathBank_SMP0014323;PathBank_SMP0014324;PathBank_SMP0014325;PathBank_SMP0014326;PathBank_SMP0014327;PathBank_SMP0014328;PathBank_SMP0014329;PathBank_SMP0014330;PathBank_SMP0014331;PathBank_SMP0014332;PathBank_SMP0014333;PathBank_SMP0014334;PathBank_SMP0014335;PathBank_SMP0014336;PathBank_SMP0014337;PathBank_SMP0014338;PathBank_SMP0014339;PathBank_SMP0014340;PathBank_SMP0014341;PathBank_SMP0014342;PathBank_SMP0014343;PathBank_SMP0014344;PathBank_SMP0014345;PathBank_SMP0014346;PathBank_SMP0014347;PathBank_SMP0014348;PathBank_SMP0014349;PathBank_SMP0014350;PathBank_SMP0014351;PathBank_SMP0014352;PathBank_SMP0014353;PathBank_SMP0014354;PathBank_SMP0014355;PathBank_SMP0014356;PathBank_SMP0014357;PathBank_SMP0014358;PathBank_SMP0014359;PathBank_SMP0014360;PathBank_SMP0014361;PathBank_SMP0014362;PathBank_SMP0014363;PathBank_SMP0014364;PathBank_SMP0014365;PathBank_SMP0014366;PathBank_SMP0014367;PathBank_SMP0014368;PathBank_SMP0014369;PathBank_SMP0014370;PathBank_SMP0014371;PathBank_SMP0014372;PathBank_SMP0014373;PathBank_SMP0014374;PathBank_SMP0014375;PathBank_SMP0014376;PathBank_SMP0014377;PathBank_SMP0014378;PathBank_SMP0014379;PathBank_SMP0014380;PathBank_SMP0014381;PathBank_SMP0014382;PathBank_SMP0014383;PathBank_SMP0014384;PathBank_SMP0014385;PathBank_SMP0014386;PathBank_SMP0014387;PathBank_SMP0014388;PathBank_SMP0014389;PathBank_SMP0014390;PathBank_SMP0014391;PathBank_SMP0014392;PathBank_SMP0014393;PathBank_SMP0014394;PathBank_SMP0014395;PathBank_SMP0014396;PathBank_SMP0014397;PathBank_SMP0014398;PathBank_SMP0014399;PathBank_SMP0014400;PathBank_SMP0014401;PathBank_SMP0014402;PathBank_SMP0014403;PathBank_SMP0014404;PathBank_SMP0014405;PathBank_SMP0014406;PathBank_SMP0014407;PathBank_SMP0014408;PathBank_SMP0014409;PathBank_SMP0014410;PathBank_SMP0014411;PathBank_SMP0014412;PathBank_SMP0014413;PathBank_SMP0014414;PathBank_SMP0014415;PathBank_SMP0014416;PathBank_SMP0014417;PathBank_SMP0014418;PathBank_SMP0014419;PathBank_SMP0014420;PathBank_SMP0014421;PathBank_SMP0014422;PathBank_SMP0014423;PathBank_SMP0014424;PathBank_SMP0014425;PathBank_SMP0014426;PathBank_SMP0014427;PathBank_SMP0014428;PathBank_SMP0014429;PathBank_SMP0014430;PathBank_SMP0014431;PathBank_SMP0014432;PathBank_SMP0014433;PathBank_SMP0014434;PathBank_SMP0014435;PathBank_SMP0014436;PathBank_SMP0014437;PathBank_SMP0014438;PathBank_SMP0014439;PathBank_SMP0014440;PathBank_SMP0014441;PathBank_SMP0014442;PathBank_SMP0014443;PathBank_SMP0014444;PathBank_SMP0014445;PathBank_SMP0014446;PathBank_SMP0014447;PathBank_SMP0014448;PathBank_SMP0014449;PathBank_SMP0014450;PathBank_SMP0014451;PathBank_SMP0014452;PathBank_SMP0014453;PathBank_SMP0014454;PathBank_SMP0014455;PathBank_SMP0014457;PathBank_SMP0014461;PathBank_SMP0014465;PathBank_SMP0014469;PathBank_SMP0014473;PathBank_SMP0014477;PathBank_SMP0014481;PathBank_SMP0014485;PathBank_SMP0014489;PathBank_SMP0014493;PathBank_SMP0014497;PathBank_SMP0014501;PathBank_SMP0014505;PathBank_SMP0014509;PathBank_SMP0014513;PathBank_SMP0014517;PathBank_SMP0014521;PathBank_SMP0014525;PathBank_SMP0014529;PathBank_SMP0014533;PathBank_SMP0014537;PathBank_SMP0014541;PathBank_SMP0014545;PathBank_SMP0014549;PathBank_SMP0014553;PathBank_SMP0014557;PathBank_SMP0014561;PathBank_SMP0014565;PathBank_SMP0014569;PathBank_SMP0014573;PathBank_SMP0014577;PathBank_SMP0014581;PathBank_SMP0014585;PathBank_SMP0014589;PathBank_SMP0014593;PathBank_SMP0014597;PathBank_SMP0014601;PathBank_SMP0014605;PathBank_SMP0014609;PathBank_SMP0014613;PathBank_SMP0014617;PathBank_SMP0014621;PathBank_SMP0014625;PathBank_SMP0014629;PathBank_SMP0014633;PathBank_SMP0014637;PathBank_SMP0014641;PathBank_SMP0014645;PathBank_SMP0014649;PathBank_SMP0014653;PathBank_SMP0014657;PathBank_SMP0014661;PathBank_SMP0014665;PathBank_SMP0014669;PathBank_SMP0014673;PathBank_SMP0014677;PathBank_SMP0014681;PathBank_SMP0014685;PathBank_SMP0014689;PathBank_SMP0014693;PathBank_SMP0014697;PathBank_SMP0014701;PathBank_SMP0014705;PathBank_SMP0014709;PathBank_SMP0014713;PathBank_SMP0014717;PathBank_SMP0014721;PathBank_SMP0014725;PathBank_SMP0014729;PathBank_SMP0014733;PathBank_SMP0014737;PathBank_SMP0014741;PathBank_SMP0014745;PathBank_SMP0014748;PathBank_SMP0014749;PathBank_SMP0014752;PathBank_SMP0014753;PathBank_SMP0014756;PathBank_SMP0014757;PathBank_SMP0014760;PathBank_SMP0014761;PathBank_SMP0014764;PathBank_SMP0014765;PathBank_SMP0014768;PathBank_SMP0014769;PathBank_SMP0014772;PathBank_SMP0014773;PathBank_SMP0014776;PathBank_SMP0014777;PathBank_SMP0014780;PathBank_SMP0014781;PathBank_SMP0014784;PathBank_SMP0014785;PathBank_SMP0014788;PathBank_SMP0014789;PathBank_SMP0014792;PathBank_SMP0014793;PathBank_SMP0014796;PathBank_SMP0014797;PathBank_SMP0014800;PathBank_SMP0014801;PathBank_SMP0014804;PathBank_SMP0014805;PathBank_SMP0014808;PathBank_SMP0014809;PathBank_SMP0014812;PathBank_SMP0014813;PathBank_SMP0014816;PathBank_SMP0014817;PathBank_SMP0014820;PathBank_SMP0014821;PathBank_SMP0014824;PathBank_SMP0014825;PathBank_SMP0014828;PathBank_SMP0014829;PathBank_SMP0014832;PathBank_SMP0014833;PathBank_SMP0014836;PathBank_SMP0014837;PathBank_SMP0014840;PathBank_SMP0014841;PathBank_SMP0014844;PathBank_SMP0014845;PathBank_SMP0014848;PathBank_SMP0014849;PathBank_SMP0014852;PathBank_SMP0014853;PathBank_SMP0014856;PathBank_SMP0014857;PathBank_SMP0014860;PathBank_SMP0014861;PathBank_SMP0014864;PathBank_SMP0014865;PathBank_SMP0014868;PathBank_SMP0014869;PathBank_SMP0014872;PathBank_SMP0014873;PathBank_SMP0014876;PathBank_SMP0014877;PathBank_SMP0014880;PathBank_SMP0014881;PathBank_SMP0014884;PathBank_SMP0014885;PathBank_SMP0014888;PathBank_SMP0014889;PathBank_SMP0014892;PathBank_SMP0014893;PathBank_SMP0014896;PathBank_SMP0014897;PathBank_SMP0014900;PathBank_SMP0014901;PathBank_SMP0014904;PathBank_SMP0014905;PathBank_SMP0014908;PathBank_SMP0014909;PathBank_SMP0014912;PathBank_SMP0014913;PathBank_SMP0014916;PathBank_SMP0014917;PathBank_SMP0014920;PathBank_SMP0014921;PathBank_SMP0014924;PathBank_SMP0014925;PathBank_SMP0014928;PathBank_SMP0014929;PathBank_SMP0014932;PathBank_SMP0014933;PathBank_SMP0014936;PathBank_SMP0014937;PathBank_SMP0014940;PathBank_SMP0014941;PathBank_SMP0014944;PathBank_SMP0014945;PathBank_SMP0014948;PathBank_SMP0014949;PathBank_SMP0014952;PathBank_SMP0014953;PathBank_SMP0014956;PathBank_SMP0014957;PathBank_SMP0014960;PathBank_SMP0014961;PathBank_SMP0014964;PathBank_SMP0014965;PathBank_SMP0014968;PathBank_SMP0014969;PathBank_SMP0014972;PathBank_SMP0014973;PathBank_SMP0014976;PathBank_SMP0014977;PathBank_SMP0014980;PathBank_SMP0014981;PathBank_SMP0014984;PathBank_SMP0014985;PathBank_SMP0014988;PathBank_SMP0014989;PathBank_SMP0014992;PathBank_SMP0014993;PathBank_SMP0014996;PathBank_SMP0014997;PathBank_SMP0015000;PathBank_SMP0015001;PathBank_SMP0015004;PathBank_SMP0015005;PathBank_SMP0015008;PathBank_SMP0015009;PathBank_SMP0015012;PathBank_SMP0015013;PathBank_SMP0015016;PathBank_SMP0015017;PathBank_SMP0015020;PathBank_SMP0015021;PathBank_SMP0015024;PathBank_SMP0015025;PathBank_SMP0015028;PathBank_SMP0015029;PathBank_SMP0015032;PathBank_SMP0015033;PathBank_SMP0015036;PathBank_SMP0015037;PathBank_SMP0015040;PathBank_SMP0015041;PathBank_SMP0015044;PathBank_SMP0015045;PathBank_SMP0015048;PathBank_SMP0015049;PathBank_SMP0015052;PathBank_SMP0015053;PathBank_SMP0015056;PathBank_SMP0015057;PathBank_SMP0015060;PathBank_SMP0015061;PathBank_SMP0015064;PathBank_SMP0015065;PathBank_SMP0015068;PathBank_SMP0015069;PathBank_SMP0015072;PathBank_SMP0015073;PathBank_SMP0015076;PathBank_SMP0015077;PathBank_SMP0015080;PathBank_SMP0015081;PathBank_SMP0015084;PathBank_SMP0015085;PathBank_SMP0015088;PathBank_SMP0015089;PathBank_SMP0015092;PathBank_SMP0015093;PathBank_SMP0015096;PathBank_SMP0015097;PathBank_SMP0015100;PathBank_SMP0015101;PathBank_SMP0015104;PathBank_SMP0015105;PathBank_SMP0015108;PathBank_SMP0015109;PathBank_SMP0015112;PathBank_SMP0015113;PathBank_SMP0015116;PathBank_SMP0015117;PathBank_SMP0015120;PathBank_SMP0015121;PathBank_SMP0015124;PathBank_SMP0015125;PathBank_SMP0015128;PathBank_SMP0015129;PathBank_SMP0015132;PathBank_SMP0015133;PathBank_SMP0015136;PathBank_SMP0015137;PathBank_SMP0015140;PathBank_SMP0015141;PathBank_SMP0015144;PathBank_SMP0015145;PathBank_SMP0015148;PathBank_SMP0015149;PathBank_SMP0015152;PathBank_SMP0015153;PathBank_SMP0015156;PathBank_SMP0015157;PathBank_SMP0015160;PathBank_SMP0015161;PathBank_SMP0015164;PathBank_SMP0015165;PathBank_SMP0015168;PathBank_SMP0015169;PathBank_SMP0015172;PathBank_SMP0015173;PathBank_SMP0015176;PathBank_SMP0015177;PathBank_SMP0015180;PathBank_SMP0015181;PathBank_SMP0015184;PathBank_SMP0015185;PathBank_SMP0015188;PathBank_SMP0015189;PathBank_SMP0015192;PathBank_SMP0015193;PathBank_SMP0015196;PathBank_SMP0015197;PathBank_SMP0015200;PathBank_SMP0015201;PathBank_SMP0015204;PathBank_SMP0015205;PathBank_SMP0015208;PathBank_SMP0015209;PathBank_SMP0015212;PathBank_SMP0015213;PathBank_SMP0015216;PathBank_SMP0015217;PathBank_SMP0015220;PathBank_SMP0015221;PathBank_SMP0015224;PathBank_SMP0015225;PathBank_SMP0015228;PathBank_SMP0015229;PathBank_SMP0015232;PathBank_SMP0015233;PathBank_SMP0015236;PathBank_SMP0015237;PathBank_SMP0015240;PathBank_SMP0015241;PathBank_SMP0015244;PathBank_SMP0015245;PathBank_SMP0015248;PathBank_SMP0015249;PathBank_SMP0015252;PathBank_SMP0015253;PathBank_SMP0015256;PathBank_SMP0015257;PathBank_SMP0015260;PathBank_SMP0015261;PathBank_SMP0015264;PathBank_SMP0015265;PathBank_SMP0015268;PathBank_SMP0015269;PathBank_SMP0015272;PathBank_SMP0015273;PathBank_SMP0015276;PathBank_SMP0015277;PathBank_SMP0015280;PathBank_SMP0015281;PathBank_SMP0015284;PathBank_SMP0015285;PathBank_SMP0015288;PathBank_SMP0015289;PathBank_SMP0015292;PathBank_SMP0015293;PathBank_SMP0015296;PathBank_SMP0015297;PathBank_SMP0015300;PathBank_SMP0015301;PathBank_SMP0015304;PathBank_SMP0015305;PathBank_SMP0015308;PathBank_SMP0015309;PathBank_SMP0015312;PathBank_SMP0015313;PathBank_SMP0015316;PathBank_SMP0015317;PathBank_SMP0015320;PathBank_SMP0015321;PathBank_SMP0015324;PathBank_SMP0015325;PathBank_SMP0015328;PathBank_SMP0015329;PathBank_SMP0015332;PathBank_SMP0015333;PathBank_SMP0015336;PathBank_SMP0015337;PathBank_SMP0015340;PathBank_SMP0015341;PathBank_SMP0015344;PathBank_SMP0015345;PathBank_SMP0015348;PathBank_SMP0015349;PathBank_SMP0015352;PathBank_SMP0015353;PathBank_SMP0015356;PathBank_SMP0015357;PathBank_SMP0015360;PathBank_SMP0015361;PathBank_SMP0015364;PathBank_SMP0015365;PathBank_SMP0015368;PathBank_SMP0015369;PathBank_SMP0015372;PathBank_SMP0015373;PathBank_SMP0015376;PathBank_SMP0015377;PathBank_SMP0015380;PathBank_SMP0015381;PathBank_SMP0015384;PathBank_SMP0015385;PathBank_SMP0015388;PathBank_SMP0015389;PathBank_SMP0015392;PathBank_SMP0015393;PathBank_SMP0015396;PathBank_SMP0015397;PathBank_SMP0015400;PathBank_SMP0015401;PathBank_SMP0015404;PathBank_SMP0015405;PathBank_SMP0015408;PathBank_SMP0015409;PathBank_SMP0015412;PathBank_SMP0015413;PathBank_SMP0015416;PathBank_SMP0015417;PathBank_SMP0015420;PathBank_SMP0015421;PathBank_SMP0015424;PathBank_SMP0015425;PathBank_SMP0015428;PathBank_SMP0015429;PathBank_SMP0015432;PathBank_SMP0015433;PathBank_SMP0015436;PathBank_SMP0015437;PathBank_SMP0015440;PathBank_SMP0015441;PathBank_SMP0015444;PathBank_SMP0015445;PathBank_SMP0015448;PathBank_SMP0015449;PathBank_SMP0015452;PathBank_SMP0015453;PathBank_SMP0015456;PathBank_SMP0015457;PathBank_SMP0015460;PathBank_SMP0015461;PathBank_SMP0015464;PathBank_SMP0015465;PathBank_SMP0015468;PathBank_SMP0015469;PathBank_SMP0015472;PathBank_SMP0015473;PathBank_SMP0015476;PathBank_SMP0015477;PathBank_SMP0015480;PathBank_SMP0015481;PathBank_SMP0015484;PathBank_SMP0015485;PathBank_SMP0015488;PathBank_SMP0015489;PathBank_SMP0015492;PathBank_SMP0015493;PathBank_SMP0015496;PathBank_SMP0015497;PathBank_SMP0015500;PathBank_SMP0015501;PathBank_SMP0015504;PathBank_SMP0015505;PathBank_SMP0015508;PathBank_SMP0015509;PathBank_SMP0015512;PathBank_SMP0015513;PathBank_SMP0015516;PathBank_SMP0015517;PathBank_SMP0015520;PathBank_SMP0015521;PathBank_SMP0015524;PathBank_SMP0015525;PathBank_SMP0015528;PathBank_SMP0015529;PathBank_SMP0015532;PathBank_SMP0015533;PathBank_SMP0015536;PathBank_SMP0015537;PathBank_SMP0015540;PathBank_SMP0015541;PathBank_SMP0015544;PathBank_SMP0015545;PathBank_SMP0015548;PathBank_SMP0015549;PathBank_SMP0015552;PathBank_SMP0015553;PathBank_SMP0015556;PathBank_SMP0015557;PathBank_SMP0015560;PathBank_SMP0015561;PathBank_SMP0015564;PathBank_SMP0015565;PathBank_SMP0015568;PathBank_SMP0015569;PathBank_SMP0015572;PathBank_SMP0015573;PathBank_SMP0015576;PathBank_SMP0015577;PathBank_SMP0015580;PathBank_SMP0015581;PathBank_SMP0015584;PathBank_SMP0015585;PathBank_SMP0015588;PathBank_SMP0015589;PathBank_SMP0015592;PathBank_SMP0015593;PathBank_SMP0015596;PathBank_SMP0015597;PathBank_SMP0015600;PathBank_SMP0015601;PathBank_SMP0015604;PathBank_SMP0015605;PathBank_SMP0015608;PathBank_SMP0015609;PathBank_SMP0015612;PathBank_SMP0015613;PathBank_SMP0015616;PathBank_SMP0015617;PathBank_SMP0015620;PathBank_SMP0015621;PathBank_SMP0015624;PathBank_SMP0015625;PathBank_SMP0015628;PathBank_SMP0015629;PathBank_SMP0015632;PathBank_SMP0015633;PathBank_SMP0015636;PathBank_SMP0015637;PathBank_SMP0015640;PathBank_SMP0015641;PathBank_SMP0015644;PathBank_SMP0015645;PathBank_SMP0015648;PathBank_SMP0015649;PathBank_SMP0015652;PathBank_SMP0015653;PathBank_SMP0015656;PathBank_SMP0015657;PathBank_SMP0015660;PathBank_SMP0015661;PathBank_SMP0015664;PathBank_SMP0015665;PathBank_SMP0015668;PathBank_SMP0015669;PathBank_SMP0015672;PathBank_SMP0015673;PathBank_SMP0015676;PathBank_SMP0015677;PathBank_SMP0015680;PathBank_SMP0015681;PathBank_SMP0015684;PathBank_SMP0015685;PathBank_SMP0015688;PathBank_SMP0015689;PathBank_SMP0015692;PathBank_SMP0015693;PathBank_SMP0015696;PathBank_SMP0015697;PathBank_SMP0015700;PathBank_SMP0015701;PathBank_SMP0015704;PathBank_SMP0015705;PathBank_SMP0015708;PathBank_SMP0015709;PathBank_SMP0015712;PathBank_SMP0015713;PathBank_SMP0015716;PathBank_SMP0015717;PathBank_SMP0015720;PathBank_SMP0015721;PathBank_SMP0015724;PathBank_SMP0015725;PathBank_SMP0015728;PathBank_SMP0015729;PathBank_SMP0015732;PathBank_SMP0015733;PathBank_SMP0015736;PathBank_SMP0015737;PathBank_SMP0015740;PathBank_SMP0015741;PathBank_SMP0015744;PathBank_SMP0015745;PathBank_SMP0015748;PathBank_SMP0015749;PathBank_SMP0015752;PathBank_SMP0015753;PathBank_SMP0015756;PathBank_SMP0015757;PathBank_SMP0015760;PathBank_SMP0015761;PathBank_SMP0015764;PathBank_SMP0015765;PathBank_SMP0015768;PathBank_SMP0015769;PathBank_SMP0015772;PathBank_SMP0015773;PathBank_SMP0015776;PathBank_SMP0015777;PathBank_SMP0015780;PathBank_SMP0015781;PathBank_SMP0015784;PathBank_SMP0015785;PathBank_SMP0015788;PathBank_SMP0015789;PathBank_SMP0015792;PathBank_SMP0015793;PathBank_SMP0015796;PathBank_SMP0015797;PathBank_SMP0015800;PathBank_SMP0015801;PathBank_SMP0015804;PathBank_SMP0015805;PathBank_SMP0015808;PathBank_SMP0015809;PathBank_SMP0015812;PathBank_SMP0015813;PathBank_SMP0015816;PathBank_SMP0015817;PathBank_SMP0015820;PathBank_SMP0015821;PathBank_SMP0015824;PathBank_SMP0015825;PathBank_SMP0015828;PathBank_SMP0015829;PathBank_SMP0015832;PathBank_SMP0015833;PathBank_SMP0015836;PathBank_SMP0015837;PathBank_SMP0015840;PathBank_SMP0015841;PathBank_SMP0015844;PathBank_SMP0015845;PathBank_SMP0015848;PathBank_SMP0015849;PathBank_SMP0015852;PathBank_SMP0015853;PathBank_SMP0015856;PathBank_SMP0015857;PathBank_SMP0015860;PathBank_SMP0015861;PathBank_SMP0015864;PathBank_SMP0015865;PathBank_SMP0015868;PathBank_SMP0015869;PathBank_SMP0015872;PathBank_SMP0015873;PathBank_SMP0015876;PathBank_SMP0015877;PathBank_SMP0015880;PathBank_SMP0015881;PathBank_SMP0015884;PathBank_SMP0015885;PathBank_SMP0015888;PathBank_SMP0015889;PathBank_SMP0015892;PathBank_SMP0015893;PathBank_SMP0015897;PathBank_SMP0029731;PathBank_SMP0030234;PathBank_SMP0030235;PathBank_SMP0030241;PathBank_SMP0030242;PathBank_SMP0030243;PathBank_SMP0030244;PathBank_SMP0030245;PathBank_SMP0030246;PathBank_SMP0030247;PathBank_SMP0030248;PathBank_SMP0030249;PathBank_SMP0030250;PathBank_SMP0030251;PathBank_SMP0030252;PathBank_SMP0030253;PathBank_SMP0030254;PathBank_SMP0030255;PathBank_SMP0030256;PathBank_SMP0030257;PathBank_SMP0030258;PathBank_SMP0030259;PathBank_SMP0030260;PathBank_SMP0030261;PathBank_SMP0030262;PathBank_SMP0030263;PathBank_SMP0030264;PathBank_SMP0030265;PathBank_SMP0030266;PathBank_SMP0030267;PathBank_SMP0030268;PathBank_SMP0030269;PathBank_SMP0030270;PathBank_SMP0030271;PathBank_SMP0030272;PathBank_SMP0030273;PathBank_SMP0030274;PathBank_SMP0030275;PathBank_SMP0030276;PathBank_SMP0030277;PathBank_SMP0030278;PathBank_SMP0030279;PathBank_SMP0030280;PathBank_SMP0030281;PathBank_SMP0030282;PathBank_SMP0030283;PathBank_SMP0030284;PathBank_SMP0030285;PathBank_SMP0030286;PathBank_SMP0030287;PathBank_SMP0030288;PathBank_SMP0030289;PathBank_SMP0030290;PathBank_SMP0030291;PathBank_SMP0030292;PathBank_SMP0030293;PathBank_SMP0030294;PathBank_SMP0030295;PathBank_SMP0030296;PathBank_SMP0030297;PathBank_SMP0030298;PathBank_SMP0030299;PathBank_SMP0030300;PathBank_SMP0030301;PathBank_SMP0030302;PathBank_SMP0030303;PathBank_SMP0030304;PathBank_SMP0030305;PathBank_SMP0030306;PathBank_SMP0030307;PathBank_SMP0030308;PathBank_SMP0030309;PathBank_SMP0030310;PathBank_SMP0030311;PathBank_SMP0030312;PathBank_SMP0030313;PathBank_SMP0030314;PathBank_SMP0030315;PathBank_SMP0030316;PathBank_SMP0030317;PathBank_SMP0030318;PathBank_SMP0030319;PathBank_SMP0030320;PathBank_SMP0030321;PathBank_SMP0030322;PathBank_SMP0030323;PathBank_SMP0030324;PathBank_SMP0030325;PathBank_SMP0030326;PathBank_SMP0030327;PathBank_SMP0030328;PathBank_SMP0030329;PathBank_SMP0030330;PathBank_SMP0030331;PathBank_SMP0030332;PathBank_SMP0030333;PathBank_SMP0030334;PathBank_SMP0030335;PathBank_SMP0030336;PathBank_SMP0030337;PathBank_SMP0030338;PathBank_SMP0030339;PathBank_SMP0030340;PathBank_SMP0030341;PathBank_SMP0030342;PathBank_SMP0030343;PathBank_SMP0030344;PathBank_SMP0030345;PathBank_SMP0030346;PathBank_SMP0030347;PathBank_SMP0030348;PathBank_SMP0030349;PathBank_SMP0030350;PathBank_SMP0030351;PathBank_SMP0030352;PathBank_SMP0030353;PathBank_SMP0030354;PathBank_SMP0030355;PathBank_SMP0030356;PathBank_SMP0030357;PathBank_SMP0030358;PathBank_SMP0030359;PathBank_SMP0030360;PathBank_SMP0030361;PathBank_SMP0030362;PathBank_SMP0030363;PathBank_SMP0030364;PathBank_SMP0030365;PathBank_SMP0030366;PathBank_SMP0030367;PathBank_SMP0030368;PathBank_SMP0030369;PathBank_SMP0030370;PathBank_SMP0030371;PathBank_SMP0030372;PathBank_SMP0030373;PathBank_SMP0030374;PathBank_SMP0030375;PathBank_SMP0030376;PathBank_SMP0030377;PathBank_SMP0030378;PathBank_SMP0030379;PathBank_SMP0030380;PathBank_SMP0030381;PathBank_SMP0030382;PathBank_SMP0030383;PathBank_SMP0030384;PathBank_SMP0030385;PathBank_SMP0030386;PathBank_SMP0030387;PathBank_SMP0030388;PathBank_SMP0030389;PathBank_SMP0030390;PathBank_SMP0030391;PathBank_SMP0030392;PathBank_SMP0030393;PathBank_SMP0030394;PathBank_SMP0030395;PathBank_SMP0030396;PathBank_SMP0030397;PathBank_SMP0030398;PathBank_SMP0030399;PathBank_SMP0030400;PathBank_SMP0030401;PathBank_SMP0030402;Reactome_R-HSA-1430728;WikiPathways_WP2533
Q9Y6L6,,,,,,1.0,Reactome_R-HSA-1430728
Q9Y6M9,,,,,,1.0,Reactome_R-HSA-1430728
Q9Y6N1,,,,,,1.0,Reactome_R-HSA-1430728
Q9Y6N5,,,,,,1.0,Reactome_R-HSA-1430728
Q9Y6X9,,,,,,1.0,Reactome_R-HSA-1430728
Q9ZV56,,,,,,14.0,PathBank_SMP0012027;PathBank_SMP0012048;PathBank_SMP0063827;PathBank_SMP0063838;PathBank_SMP0063848;PathBank_SMP0063857;PathBank_SMP0063865;PathBank_SMP0063872;PathBank_SMP0063878;PathBank_SMP0063883;PathBank_SMP0063887;PathBank_SMP0063890;PathBank_SMP0063891;PathBank_SMP0063892
Q9ZVI9,,,,,,12.0,PathBank_SMP0063827;PathBank_SMP0063838;PathBank_SMP0063848;PathBank_SMP0063857;PathBank_SMP0063865;PathBank_SMP0063872;PathBank_SMP0063878;PathBank_SMP0063883;PathBank_SMP0063887;PathBank_SMP0063890;PathBank_SMP0063891;PathBank_SMP0063892
R9TPE4,,,,,,1.0,BioCyc_META_PWY-6538
X5LPX5,,,,,,154.0,PathBank_SMP0100117;PathBank_SMP0100121;PathBank_SMP0100123;PathBank_SMP0100124;PathBank_SMP0100125;PathBank_SMP0100126;PathBank_SMP0100127;PathBank_SMP0100128;PathBank_SMP0100129;PathBank_SMP0100130;PathBank_SMP0100131;PathBank_SMP0100132;PathBank_SMP0100133;PathBank_SMP0100134;PathBank_SMP0100135;PathBank_SMP0100136;PathBank_SMP0100137;PathBank_SMP0100138;PathBank_SMP0100139;PathBank_SMP0100140;PathBank_SMP0100141;PathBank_SMP0100142;PathBank_SMP0100143;PathBank_SMP0100144;PathBank_SMP0100145;PathBank_SMP0100146;PathBank_SMP0100147;PathBank_SMP0100148;PathBank_SMP0100149;PathBank_SMP0100150;PathBank_SMP0100151;PathBank_SMP0100152;PathBank_SMP0100153;PathBank_SMP0100154;PathBank_SMP0100155;PathBank_SMP0100156;PathBank_SMP0100157;PathBank_SMP0100158;PathBank_SMP0100159;PathBank_SMP0100160;PathBank_SMP0100161;PathBank_SMP0100162;PathBank_SMP0100163;PathBank_SMP0100164;PathBank_SMP0100165;PathBank_SMP0100166;PathBank_SMP0100167;PathBank_SMP0100168;PathBank_SMP0100169;PathBank_SMP0100170;PathBank_SMP0100171;PathBank_SMP0100172;PathBank_SMP0100173;PathBank_SMP0100174;PathBank_SMP0100175;PathBank_SMP0100176;PathBank_SMP0100177;PathBank_SMP0100178;PathBank_SMP0100179;PathBank_SMP0100180;PathBank_SMP0100181;PathBank_SMP0100182;PathBank_SMP0100183;PathBank_SMP0100184;PathBank_SMP0100185;PathBank_SMP0100186;PathBank_SMP0100187;PathBank_SMP0100188;PathBank_SMP0100189;PathBank_SMP0100190;PathBank_SMP0100191;PathBank_SMP0100192;PathBank_SMP0100193;PathBank_SMP0100194;PathBank_SMP0100195;PathBank_SMP0100196;PathBank_SMP0100197;PathBank_SMP0100198;PathBank_SMP0100199;PathBank_SMP0100200;PathBank_SMP0100201;PathBank_SMP0100202;PathBank_SMP0100203;PathBank_SMP0100204;PathBank_SMP0100205;PathBank_SMP0100206;PathBank_SMP0100207;PathBank_SMP0100208;PathBank_SMP0100209;PathBank_SMP0100210;PathBank_SMP0100211;PathBank_SMP0100212;PathBank_SMP0100213;PathBank_SMP0100214;PathBank_SMP0100215;PathBank_SMP0100216;PathBank_SMP0100217;PathBank_SMP0100218;PathBank_SMP0100219;PathBank_SMP0100220;PathBank_SMP0100221;PathBank_SMP0100222;PathBank_SMP0100223;PathBank_SMP0100224;PathBank_SMP0100225;PathBank_SMP0100226;PathBank_SMP0100227;PathBank_SMP0100228;PathBank_SMP0100229;PathBank_SMP0100230;PathBank_SMP0100231;PathBank_SMP0100232;PathBank_SMP0100233;PathBank_SMP0100234;PathBank_SMP0100235;PathBank_SMP0100236;PathBank_SMP0100237;PathBank_SMP0100238;PathBank_SMP0100239;PathBank_SMP0100240;PathBank_SMP0100241;PathBank_SMP0100242;PathBank_SMP0100243;PathBank_SMP0100244;PathBank_SMP0100245;PathBank_SMP0100246;PathBank_SMP0100247;PathBank_SMP0100248;PathBank_SMP0100249;PathBank_SMP0100250;PathBank_SMP0100251;PathBank_SMP0100252;PathBank_SMP0100253;PathBank_SMP0100254;PathBank_SMP0100255;PathBank_SMP0100256;PathBank_SMP0100257;PathBank_SMP0100258;PathBank_SMP0100259;PathBank_SMP0100260;PathBank_SMP0100261;PathBank_SMP0100262;PathBank_SMP0100263;PathBank_SMP0100264;PathBank_SMP0100265;PathBank_SMP0100266;PathBank_SMP0100267;PathBank_SMP0100268;PathBank_SMP0100269;PathBank_SMP0100270;PathBank_SMP0100271;PathBank_SMP0100272;PathBank_SMP0100273;PathBank_SMP0100274
Z0Z000,,,,,,2.0,PathBank_SMP0012047;PathBank_SMP0012048
