uniprot_accession,interaction_count,n_compounds,compounds,symbol,geneid,pathway_count,n_pathways,pathways,pathway_compounds,total_count,source,n_go_terms,go_ids,go_names,go_bp_ids,go_bp_names,go_mf_ids,go_mf_names,go_cc_ids,go_cc_names
O15439,2,2,Rosuvastatin;atorvastatin,ABCC4,10257,0,0,,,2,interaction_predominant,39,GO:0001409;GO:0002576;GO:0005515;GO:0005524;GO:0005886;GO:0006805;GO:0006855;GO:0008559;GO:0015132;GO:0015143;GO:0015216;GO:0015431;GO:0015432;GO:0015562;GO:0015721;GO:0015732;GO:0015747;GO:0016020;GO:0016323;GO:0016324;GO:0016404;GO:0016887;GO:0022857;GO:0031088;GO:0032310;GO:0034634;GO:0034775;GO:0042626;GO:0042910;GO:0055085;GO:0060271;GO:0070730;GO:0071716;GO:0098591;GO:0140115;GO:0140359;GO:0150104;GO:1903790;GO:1905948,"15-hydroxyprostaglandin dehydrogenase (NAD+) activity;ABC-type 3',5'-cyclic GMP transmembrane transporter activity;ABC-type bile acid transporter activity;ABC-type glutathione S-conjugate transporter activity;ABC-type transporter activity;ABC-type xenobiotic transporter activity;ATP binding;ATP hydrolysis activity;ATPase-coupled transmembrane transporter activity;apical plasma membrane;basolateral plasma membrane;bile acid and bile salt transport;cAMP transport;cilium assembly;efflux transmembrane transporter activity;export across plasma membrane;external side of apical plasma membrane;glutathione transmembrane transport;glutathione transmembrane transporter activity;guanine nucleotide transmembrane transport;guanine nucleotide transmembrane transporter activity;leukotriene transport;membrane;plasma membrane;platelet degranulation;platelet dense granule membrane;prostaglandin secretion;prostaglandin transmembrane transporter activity;prostaglandin transport;protein binding;purine nucleotide transmembrane transporter activity;transmembrane transport;transmembrane transporter activity;transport across blood-brain barrier;urate transmembrane transporter activity;urate transport;xenobiotic metabolic process;xenobiotic transmembrane transport;xenobiotic transmembrane transporter activity",GO:0002576;GO:0006805;GO:0006855;GO:0015721;GO:0015732;GO:0015747;GO:0032310;GO:0034775;GO:0055085;GO:0060271;GO:0070730;GO:0071716;GO:0140115;GO:0150104;GO:1903790,bile acid and bile salt transport;cAMP transport;cilium assembly;export across plasma membrane;glutathione transmembrane transport;guanine nucleotide transmembrane transport;leukotriene transport;platelet degranulation;prostaglandin secretion;prostaglandin transport;transmembrane transport;transport across blood-brain barrier;urate transport;xenobiotic metabolic process;xenobiotic transmembrane transport,GO:0001409;GO:0005515;GO:0005524;GO:0008559;GO:0015132;GO:0015143;GO:0015216;GO:0015431;GO:0015432;GO:0015562;GO:0016404;GO:0016887;GO:0022857;GO:0034634;GO:0042626;GO:0042910;GO:0140359;GO:1905948,"15-hydroxyprostaglandin dehydrogenase (NAD+) activity;ABC-type 3',5'-cyclic GMP transmembrane transporter activity;ABC-type bile acid transporter activity;ABC-type glutathione S-conjugate transporter activity;ABC-type transporter activity;ABC-type xenobiotic transporter activity;ATP binding;ATP hydrolysis activity;ATPase-coupled transmembrane transporter activity;efflux transmembrane transporter activity;glutathione transmembrane transporter activity;guanine nucleotide transmembrane transporter activity;prostaglandin transmembrane transporter activity;protein binding;purine nucleotide transmembrane transporter activity;transmembrane transporter activity;urate transmembrane transporter activity;xenobiotic transmembrane transporter activity",GO:0005886;GO:0016020;GO:0016323;GO:0016324;GO:0031088;GO:0098591,apical plasma membrane;basolateral plasma membrane;external side of apical plasma membrane;membrane;plasma membrane;platelet dense granule membrane
O94956,2,2,Rosuvastatin;atorvastatin,SLCO2B1,11309,0,0,,,2,interaction_predominant,15,GO:0005515;GO:0005886;GO:0006805;GO:0009925;GO:0015132;GO:0015291;GO:0015732;GO:0016020;GO:0016323;GO:0016324;GO:0022857;GO:0042167;GO:0043252;GO:0055085;GO:0150104,apical plasma membrane;basal plasma membrane;basolateral plasma membrane;heme catabolic process;membrane;plasma membrane;prostaglandin transmembrane transporter activity;prostaglandin transport;protein binding;secondary active transmembrane transporter activity;sodium-independent organic anion transport;transmembrane transport;transmembrane transporter activity;transport across blood-brain barrier;xenobiotic metabolic process,GO:0006805;GO:0015732;GO:0042167;GO:0043252;GO:0055085;GO:0150104,heme catabolic process;prostaglandin transport;sodium-independent organic anion transport;transmembrane transport;transport across blood-brain barrier;xenobiotic metabolic process,GO:0005515;GO:0015132;GO:0015291;GO:0022857,prostaglandin transmembrane transporter activity;protein binding;secondary active transmembrane transporter activity;transmembrane transporter activity,GO:0005886;GO:0009925;GO:0016020;GO:0016323;GO:0016324,apical plasma membrane;basal plasma membrane;basolateral plasma membrane;membrane;plasma membrane
O95342,2,2,Rosuvastatin;atorvastatin,ABCB11,8647,0,0,,,2,interaction_predominant,35,GO:0005515;GO:0005524;GO:0005768;GO:0005886;GO:0006631;GO:0006699;GO:0006805;GO:0006855;GO:0008206;GO:0008559;GO:0009986;GO:0015125;GO:0015126;GO:0015432;GO:0015721;GO:0015722;GO:0016020;GO:0016323;GO:0016324;GO:0016567;GO:0016887;GO:0031998;GO:0042632;GO:0045177;GO:0046581;GO:0046618;GO:0046691;GO:0055037;GO:0055038;GO:0055085;GO:0055088;GO:0055091;GO:0070062;GO:0120189;GO:0140359,ABC-type bile acid transporter activity;ABC-type transporter activity;ABC-type xenobiotic transporter activity;ATP binding;ATP hydrolysis activity;apical part of cell;apical plasma membrane;basolateral plasma membrane;bile acid and bile salt transport;bile acid biosynthetic process;bile acid metabolic process;bile acid transmembrane transporter activity;canalicular bile acid transmembrane transporter activity;canalicular bile acid transport;cell surface;cholesterol homeostasis;endosome;extracellular exosome;fatty acid metabolic process;intercellular canaliculus;intracellular canaliculus;lipid homeostasis;membrane;phospholipid homeostasis;plasma membrane;positive regulation of bile acid secretion;protein binding;protein ubiquitination;recycling endosome;recycling endosome membrane;regulation of fatty acid beta-oxidation;transmembrane transport;xenobiotic export from cell;xenobiotic metabolic process;xenobiotic transmembrane transport,GO:0006631;GO:0006699;GO:0006805;GO:0006855;GO:0008206;GO:0015721;GO:0015722;GO:0016567;GO:0031998;GO:0042632;GO:0046618;GO:0055085;GO:0055088;GO:0055091;GO:0120189,bile acid and bile salt transport;bile acid biosynthetic process;bile acid metabolic process;canalicular bile acid transport;cholesterol homeostasis;fatty acid metabolic process;lipid homeostasis;phospholipid homeostasis;positive regulation of bile acid secretion;protein ubiquitination;regulation of fatty acid beta-oxidation;transmembrane transport;xenobiotic export from cell;xenobiotic metabolic process;xenobiotic transmembrane transport,GO:0005515;GO:0005524;GO:0008559;GO:0015125;GO:0015126;GO:0015432;GO:0016887;GO:0140359,ABC-type bile acid transporter activity;ABC-type transporter activity;ABC-type xenobiotic transporter activity;ATP binding;ATP hydrolysis activity;bile acid transmembrane transporter activity;canalicular bile acid transmembrane transporter activity;protein binding,GO:0005768;GO:0005886;GO:0009986;GO:0016020;GO:0016323;GO:0016324;GO:0045177;GO:0046581;GO:0046691;GO:0055037;GO:0055038;GO:0070062,apical part of cell;apical plasma membrane;basolateral plasma membrane;cell surface;endosome;extracellular exosome;intercellular canaliculus;intracellular canaliculus;membrane;plasma membrane;recycling endosome;recycling endosome membrane
P02768,2,2,Rosuvastatin;atorvastatin,ALB,213,0,0,,,2,interaction_predominant,31,GO:0003677;GO:0005504;GO:0005507;GO:0005515;GO:0005576;GO:0005634;GO:0005737;GO:0005788;GO:0006783;GO:0009267;GO:0015643;GO:0015723;GO:0016209;GO:0019825;GO:0020037;GO:0030170;GO:0031093;GO:0031667;GO:0032991;GO:0034599;GO:0042167;GO:0042802;GO:0051087;GO:0051902;GO:0070062;GO:0072562;GO:0072732;GO:0098869;GO:0140104;GO:0140272;GO:1903981,DNA binding;antioxidant activity;bilirubin transport;blood microparticle;cellular oxidant detoxification;cellular response to calcium ion starvation;cellular response to oxidative stress;cellular response to starvation;copper ion binding;cytoplasm;endoplasmic reticulum lumen;enterobactin binding;exogenous protein binding;extracellular exosome;extracellular region;fatty acid binding;heme binding;heme biosynthetic process;heme catabolic process;identical protein binding;molecular carrier activity;negative regulation of mitochondrial depolarization;nucleus;oxygen binding;platelet alpha granule lumen;protein binding;protein-containing complex;protein-folding chaperone binding;pyridoxal phosphate binding;response to nutrient levels;toxic substance binding,GO:0006783;GO:0009267;GO:0015723;GO:0031667;GO:0034599;GO:0042167;GO:0051902;GO:0072732;GO:0098869,bilirubin transport;cellular oxidant detoxification;cellular response to calcium ion starvation;cellular response to oxidative stress;cellular response to starvation;heme biosynthetic process;heme catabolic process;negative regulation of mitochondrial depolarization;response to nutrient levels,GO:0003677;GO:0005504;GO:0005507;GO:0005515;GO:0015643;GO:0016209;GO:0019825;GO:0020037;GO:0030170;GO:0042802;GO:0051087;GO:0140104;GO:0140272;GO:1903981,DNA binding;antioxidant activity;copper ion binding;enterobactin binding;exogenous protein binding;fatty acid binding;heme binding;identical protein binding;molecular carrier activity;oxygen binding;protein binding;protein-folding chaperone binding;pyridoxal phosphate binding;toxic substance binding,GO:0005576;GO:0005634;GO:0005737;GO:0005788;GO:0031093;GO:0032991;GO:0070062;GO:0072562,blood microparticle;cytoplasm;endoplasmic reticulum lumen;extracellular exosome;extracellular region;nucleus;platelet alpha granule lumen;protein-containing complex
P46721,2,2,Rosuvastatin;atorvastatin,SLCO1A2,6579,0,0,,,2,interaction_predominant,13,GO:0005515;GO:0005886;GO:0006805;GO:0009925;GO:0015125;GO:0015291;GO:0015721;GO:0016020;GO:0016323;GO:0016324;GO:0022857;GO:0043252;GO:0055085,apical plasma membrane;basal plasma membrane;basolateral plasma membrane;bile acid and bile salt transport;bile acid transmembrane transporter activity;membrane;plasma membrane;protein binding;secondary active transmembrane transporter activity;sodium-independent organic anion transport;transmembrane transport;transmembrane transporter activity;xenobiotic metabolic process,GO:0006805;GO:0015721;GO:0043252;GO:0055085,bile acid and bile salt transport;sodium-independent organic anion transport;transmembrane transport;xenobiotic metabolic process,GO:0005515;GO:0015125;GO:0015291;GO:0022857,bile acid transmembrane transporter activity;protein binding;secondary active transmembrane transporter activity;transmembrane transporter activity,GO:0005886;GO:0009925;GO:0016020;GO:0016323;GO:0016324,apical plasma membrane;basal plasma membrane;basolateral plasma membrane;membrane;plasma membrane
P51639,2,2,Rosuvastatin;atorvastatin,HMGCR,25675,0,0,,,2,interaction_predominant,31,GO:0004420;GO:0005778;GO:0005783;GO:0005789;GO:0006743;GO:0007584;GO:0008284;GO:0008299;GO:0010664;GO:0010666;GO:0015936;GO:0016126;GO:0016616;GO:0031667;GO:0032874;GO:0042632;GO:0042802;GO:0043066;GO:0045445;GO:0045471;GO:0045907;GO:0048643;GO:0048661;GO:0050661;GO:0050709;GO:0051721;GO:0061179;GO:0070328;GO:0070372;GO:0070374;GO:0070723,"NADP binding;cholesterol homeostasis;coenzyme A metabolic process;endoplasmic reticulum;endoplasmic reticulum membrane;hydroxymethylglutaryl-CoA reductase (NADPH) activity;identical protein binding;isoprenoid biosynthetic process;myoblast differentiation;negative regulation of apoptotic process;negative regulation of insulin secretion involved in cellular response to glucose stimulus;negative regulation of protein secretion;negative regulation of striated muscle cell apoptotic process;oxidoreductase activity, acting on the CH-OH group of donors, NAD or NADP as acceptor;peroxisomal membrane;positive regulation of ERK1 and ERK2 cascade;positive regulation of cardiac muscle cell apoptotic process;positive regulation of cell population proliferation;positive regulation of skeletal muscle tissue development;positive regulation of smooth muscle cell proliferation;positive regulation of stress-activated MAPK cascade;positive regulation of vasoconstriction;protein phosphatase 2A binding;regulation of ERK1 and ERK2 cascade;response to cholesterol;response to ethanol;response to nutrient;response to nutrient levels;sterol biosynthetic process;triglyceride homeostasis;ubiquinone metabolic process",GO:0006743;GO:0007584;GO:0008284;GO:0008299;GO:0010664;GO:0010666;GO:0015936;GO:0016126;GO:0031667;GO:0032874;GO:0042632;GO:0043066;GO:0045445;GO:0045471;GO:0045907;GO:0048643;GO:0048661;GO:0050709;GO:0061179;GO:0070328;GO:0070372;GO:0070374;GO:0070723,cholesterol homeostasis;coenzyme A metabolic process;isoprenoid biosynthetic process;myoblast differentiation;negative regulation of apoptotic process;negative regulation of insulin secretion involved in cellular response to glucose stimulus;negative regulation of protein secretion;negative regulation of striated muscle cell apoptotic process;positive regulation of ERK1 and ERK2 cascade;positive regulation of cardiac muscle cell apoptotic process;positive regulation of cell population proliferation;positive regulation of skeletal muscle tissue development;positive regulation of smooth muscle cell proliferation;positive regulation of stress-activated MAPK cascade;positive regulation of vasoconstriction;regulation of ERK1 and ERK2 cascade;response to cholesterol;response to ethanol;response to nutrient;response to nutrient levels;sterol biosynthetic process;triglyceride homeostasis;ubiquinone metabolic process,GO:0004420;GO:0016616;GO:0042802;GO:0050661;GO:0051721,"NADP binding;hydroxymethylglutaryl-CoA reductase (NADPH) activity;identical protein binding;oxidoreductase activity, acting on the CH-OH group of donors, NAD or NADP as acceptor;protein phosphatase 2A binding",GO:0005778;GO:0005783;GO:0005789,endoplasmic reticulum;endoplasmic reticulum membrane;peroxisomal membrane
Q9UNQ0,2,2,Rosuvastatin;atorvastatin,ABCG2,9429,0,0,,,2,interaction_predominant,39,GO:0005515;GO:0005524;GO:0005886;GO:0006869;GO:0008559;GO:0015143;GO:0015225;GO:0015562;GO:0015747;GO:0015878;GO:0016020;GO:0016324;GO:0016887;GO:0022857;GO:0030148;GO:0031526;GO:0031966;GO:0032217;GO:0032218;GO:0042626;GO:0042802;GO:0042803;GO:0042908;GO:0042910;GO:0045121;GO:0046415;GO:0046983;GO:0055085;GO:0070633;GO:0097744;GO:0098591;GO:0098754;GO:0140115;GO:0140359;GO:0150104;GO:0160244;GO:1990748;GO:1990961;GO:1990962,ABC-type transporter activity;ABC-type xenobiotic transporter activity;ATP binding;ATP hydrolysis activity;ATPase-coupled transmembrane transporter activity;apical plasma membrane;biotin transmembrane transporter activity;biotin transport;brush border membrane;cellular detoxification;detoxification;efflux transmembrane transporter activity;export across plasma membrane;external side of apical plasma membrane;identical protein binding;lipid transport;membrane;membrane raft;mitochondrial membrane;plasma membrane;protein binding;protein dimerization activity;protein homodimerization activity;renal urate salt excretion;riboflavin transmembrane transporter activity;riboflavin transport;sphingolipid biosynthetic process;sulfite export across plasma membrane;transepithelial transport;transmembrane transport;transmembrane transporter activity;transport across blood-brain barrier;urate metabolic process;urate transmembrane transporter activity;urate transport;xenobiotic detoxification by transmembrane export across the plasma membrane;xenobiotic transmembrane transporter activity;xenobiotic transport;xenobiotic transport across blood-brain barrier,GO:0006869;GO:0015747;GO:0015878;GO:0030148;GO:0032218;GO:0042908;GO:0046415;GO:0055085;GO:0070633;GO:0097744;GO:0098754;GO:0140115;GO:0150104;GO:0160244;GO:1990748;GO:1990961;GO:1990962,biotin transport;cellular detoxification;detoxification;export across plasma membrane;lipid transport;renal urate salt excretion;riboflavin transport;sphingolipid biosynthetic process;sulfite export across plasma membrane;transepithelial transport;transmembrane transport;transport across blood-brain barrier;urate metabolic process;urate transport;xenobiotic detoxification by transmembrane export across the plasma membrane;xenobiotic transport;xenobiotic transport across blood-brain barrier,GO:0005515;GO:0005524;GO:0008559;GO:0015143;GO:0015225;GO:0015562;GO:0016887;GO:0022857;GO:0032217;GO:0042626;GO:0042802;GO:0042803;GO:0042910;GO:0046983;GO:0140359,ABC-type transporter activity;ABC-type xenobiotic transporter activity;ATP binding;ATP hydrolysis activity;ATPase-coupled transmembrane transporter activity;biotin transmembrane transporter activity;efflux transmembrane transporter activity;identical protein binding;protein binding;protein dimerization activity;protein homodimerization activity;riboflavin transmembrane transporter activity;transmembrane transporter activity;urate transmembrane transporter activity;xenobiotic transmembrane transporter activity,GO:0005886;GO:0016020;GO:0016324;GO:0031526;GO:0031966;GO:0045121;GO:0098591,apical plasma membrane;brush border membrane;external side of apical plasma membrane;membrane;membrane raft;mitochondrial membrane;plasma membrane
Q9Y6L6,2,2,Rosuvastatin;atorvastatin,SLCO1B1,10599,0,0,,,2,interaction_predominant,17,GO:0005515;GO:0005886;GO:0006805;GO:0009925;GO:0015125;GO:0015132;GO:0015291;GO:0015349;GO:0015721;GO:0015732;GO:0016020;GO:0016323;GO:0022857;GO:0042167;GO:0043252;GO:0055085;GO:0070327,basal plasma membrane;basolateral plasma membrane;bile acid and bile salt transport;bile acid transmembrane transporter activity;heme catabolic process;membrane;plasma membrane;prostaglandin transmembrane transporter activity;prostaglandin transport;protein binding;secondary active transmembrane transporter activity;sodium-independent organic anion transport;thyroid hormone transmembrane transporter activity;thyroid hormone transport;transmembrane transport;transmembrane transporter activity;xenobiotic metabolic process,GO:0006805;GO:0015721;GO:0015732;GO:0042167;GO:0043252;GO:0055085;GO:0070327,bile acid and bile salt transport;heme catabolic process;prostaglandin transport;sodium-independent organic anion transport;thyroid hormone transport;transmembrane transport;xenobiotic metabolic process,GO:0005515;GO:0015125;GO:0015132;GO:0015291;GO:0015349;GO:0022857,bile acid transmembrane transporter activity;prostaglandin transmembrane transporter activity;protein binding;secondary active transmembrane transporter activity;thyroid hormone transmembrane transporter activity;transmembrane transporter activity,GO:0005886;GO:0009925;GO:0016020;GO:0016323,basal plasma membrane;basolateral plasma membrane;membrane;plasma membrane
O15440,1,1,atorvastatin,ABCC5,10057,0,0,,,1,interaction_predominant,34,GO:0005524;GO:0005796;GO:0005886;GO:0006805;GO:0006855;GO:0008559;GO:0010008;GO:0015216;GO:0015232;GO:0015562;GO:0015865;GO:0016020;GO:0016323;GO:0016324;GO:0016887;GO:0022857;GO:0030213;GO:0034634;GO:0034775;GO:0035351;GO:0042626;GO:0042908;GO:0042910;GO:0055085;GO:0070730;GO:0070731;GO:0098838;GO:0140115;GO:0140359;GO:0150104;GO:1901264;GO:1903790;GO:1905948;GO:1990961,"ABC-type 3',5'-cyclic GMP transmembrane transporter activity;ABC-type transporter activity;ABC-type xenobiotic transporter activity;ATP binding;ATP hydrolysis activity;ATPase-coupled transmembrane transporter activity;Golgi lumen;apical plasma membrane;basolateral plasma membrane;cAMP transport;cGMP transport;carbohydrate derivative transport;efflux transmembrane transporter activity;endosome membrane;export across plasma membrane;folate transmembrane transport;glutathione transmembrane transport;glutathione transmembrane transporter activity;guanine nucleotide transmembrane transport;heme transmembrane transport;heme transmembrane transporter activity;hyaluronan biosynthetic process;membrane;plasma membrane;purine nucleotide transmembrane transporter activity;purine nucleotide transport;transmembrane transport;transmembrane transporter activity;transport across blood-brain barrier;xenobiotic detoxification by transmembrane export across the plasma membrane;xenobiotic metabolic process;xenobiotic transmembrane transport;xenobiotic transmembrane transporter activity;xenobiotic transport",GO:0006805;GO:0006855;GO:0015865;GO:0030213;GO:0034775;GO:0035351;GO:0042908;GO:0055085;GO:0070730;GO:0070731;GO:0098838;GO:0140115;GO:0150104;GO:1901264;GO:1903790;GO:1990961,cAMP transport;cGMP transport;carbohydrate derivative transport;export across plasma membrane;folate transmembrane transport;glutathione transmembrane transport;guanine nucleotide transmembrane transport;heme transmembrane transport;hyaluronan biosynthetic process;purine nucleotide transport;transmembrane transport;transport across blood-brain barrier;xenobiotic detoxification by transmembrane export across the plasma membrane;xenobiotic metabolic process;xenobiotic transmembrane transport;xenobiotic transport,GO:0005524;GO:0008559;GO:0015216;GO:0015232;GO:0015562;GO:0016887;GO:0022857;GO:0034634;GO:0042626;GO:0042910;GO:0140359;GO:1905948,"ABC-type 3',5'-cyclic GMP transmembrane transporter activity;ABC-type transporter activity;ABC-type xenobiotic transporter activity;ATP binding;ATP hydrolysis activity;ATPase-coupled transmembrane transporter activity;efflux transmembrane transporter activity;glutathione transmembrane transporter activity;heme transmembrane transporter activity;purine nucleotide transmembrane transporter activity;transmembrane transporter activity;xenobiotic transmembrane transporter activity",GO:0005796;GO:0005886;GO:0010008;GO:0016020;GO:0016323;GO:0016324,Golgi lumen;apical plasma membrane;basolateral plasma membrane;endosome membrane;membrane;plasma membrane
O43924,1,1,Rosuvastatin,PDE6D,5147,0,0,,,1,interaction_predominant,10,GO:0005095;GO:0005515;GO:0005737;GO:0005829;GO:0005929;GO:0007601;GO:0030659;GO:0031267;GO:0031410;GO:0050953,GTPase inhibitor activity;cilium;cytoplasm;cytoplasmic vesicle;cytoplasmic vesicle membrane;cytosol;protein binding;sensory perception of light stimulus;small GTPase binding;visual perception,GO:0007601;GO:0050953,sensory perception of light stimulus;visual perception,GO:0005095;GO:0005515;GO:0031267,GTPase inhibitor activity;protein binding;small GTPase binding,GO:0005737;GO:0005829;GO:0005929;GO:0030659;GO:0031410,cilium;cytoplasm;cytoplasmic vesicle;cytoplasmic vesicle membrane;cytosol
O75626,1,1,Rosuvastatin,PRDM1,639,0,0,,,1,interaction_predominant,20,GO:0000122;GO:0000976;GO:0000978;GO:0001227;GO:0003700;GO:0005515;GO:0005634;GO:0005654;GO:0005730;GO:0005737;GO:0006357;GO:0010467;GO:0032823;GO:0033082;GO:0045165;GO:0048869;GO:0051136;GO:1990226;GO:1990837;GO:1990841,"DNA-binding transcription factor activity;DNA-binding transcription repressor activity, RNA polymerase II-specific;RNA polymerase II cis-regulatory region sequence-specific DNA binding;cell fate commitment;cellular developmental process;cytoplasm;gene expression;histone methyltransferase binding;negative regulation of transcription by RNA polymerase II;nucleolus;nucleoplasm;nucleus;promoter-specific chromatin binding;protein binding;regulation of NK T cell differentiation;regulation of extrathymic T cell differentiation;regulation of natural killer cell differentiation;regulation of transcription by RNA polymerase II;sequence-specific double-stranded DNA binding;transcription cis-regulatory region binding",GO:0000122;GO:0006357;GO:0010467;GO:0032823;GO:0033082;GO:0045165;GO:0048869;GO:0051136,cell fate commitment;cellular developmental process;gene expression;negative regulation of transcription by RNA polymerase II;regulation of NK T cell differentiation;regulation of extrathymic T cell differentiation;regulation of natural killer cell differentiation;regulation of transcription by RNA polymerase II,GO:0000976;GO:0000978;GO:0001227;GO:0003700;GO:0005515;GO:1990226;GO:1990837;GO:1990841,"DNA-binding transcription factor activity;DNA-binding transcription repressor activity, RNA polymerase II-specific;RNA polymerase II cis-regulatory region sequence-specific DNA binding;histone methyltransferase binding;promoter-specific chromatin binding;protein binding;sequence-specific double-stranded DNA binding;transcription cis-regulatory region binding",GO:0005634;GO:0005654;GO:0005730;GO:0005737,cytoplasm;nucleolus;nucleoplasm;nucleus
O95477,1,1,Rosuvastatin,ABCA1,19,0,0,,,1,interaction_predominant,78,GO:0005102;GO:0005515;GO:0005524;GO:0005768;GO:0005789;GO:0005794;GO:0005886;GO:0007040;GO:0007186;GO:0007189;GO:0007584;GO:0008035;GO:0008203;GO:0008320;GO:0009306;GO:0009410;GO:0009897;GO:0009986;GO:0010745;GO:0010875;GO:0010887;GO:0015485;GO:0015850;GO:0015914;GO:0016020;GO:0016197;GO:0016323;GO:0016887;GO:0019905;GO:0023061;GO:0030139;GO:0030301;GO:0031210;GO:0031267;GO:0031667;GO:0032367;GO:0032489;GO:0033344;GO:0033552;GO:0033700;GO:0034185;GO:0034186;GO:0034188;GO:0034380;GO:0034616;GO:0038027;GO:0042158;GO:0042626;GO:0042632;GO:0043691;GO:0045121;GO:0045332;GO:0045335;GO:0046623;GO:0048471;GO:0051117;GO:0055085;GO:0055091;GO:0060155;GO:0071222;GO:0071300;GO:0071345;GO:0071397;GO:0071404;GO:0071466;GO:0071806;GO:0090107;GO:0090108;GO:0090554;GO:0090556;GO:0097708;GO:0099039;GO:0120014;GO:0120020;GO:0140115;GO:0140326;GO:0140328;GO:0140359,ABC-type transporter activity;ATP binding;ATP hydrolysis activity;ATPase binding;ATPase-coupled intramembrane lipid carrier activity;ATPase-coupled transmembrane transporter activity;G protein-coupled receptor signaling pathway;Golgi apparatus;adenylate cyclase-activating G protein-coupled receptor signaling pathway;apolipoprotein A-I binding;apolipoprotein A-I receptor activity;apolipoprotein A-I-mediated signaling pathway;apolipoprotein binding;basolateral plasma membrane;cell surface;cellular response to cholesterol;cellular response to cytokine stimulus;cellular response to lipopolysaccharide;cellular response to low-density lipoprotein particle stimulus;cellular response to retinoic acid;cellular response to xenobiotic stimulus;cholesterol binding;cholesterol efflux;cholesterol homeostasis;cholesterol metabolic process;cholesterol transfer activity;cholesterol transport;endocytic vesicle;endoplasmic reticulum membrane;endosomal transport;endosome;export across plasma membrane;external side of plasma membrane;floppase activity;high-density lipoprotein particle assembly;high-density lipoprotein particle binding;intracellular cholesterol transport;intracellular vesicle;lipoprotein biosynthetic process;lysosome organization;membrane;membrane raft;negative regulation of cholesterol storage;negative regulation of macrophage derived foam cell differentiation;organic hydroxy compound transport;perinuclear region of cytoplasm;phagocytic vesicle;phosphatidylcholine binding;phosphatidylcholine floppase activity;phosphatidylserine floppase activity;phospholipid efflux;phospholipid homeostasis;phospholipid transfer activity;phospholipid translocation;phospholipid transport;plasma membrane;platelet dense granule organization;positive regulation of cholesterol efflux;positive regulation of high-density lipoprotein particle assembly;protein binding;protein secretion;protein transmembrane transport;regulation of Cdc42 protein signal transduction;regulation of high-density lipoprotein particle assembly;response to laminar fluid shear stress;response to nutrient;response to nutrient levels;response to vitamin B3;response to xenobiotic stimulus;reverse cholesterol transport;signal release;signaling receptor binding;small GTPase binding;sphingolipid floppase activity;sphingolipid translocation;syntaxin binding;transmembrane protein transporter activity;transmembrane transport,GO:0007040;GO:0007186;GO:0007189;GO:0007584;GO:0008203;GO:0009306;GO:0009410;GO:0010745;GO:0010875;GO:0010887;GO:0015850;GO:0015914;GO:0016197;GO:0023061;GO:0030301;GO:0031667;GO:0032367;GO:0032489;GO:0033344;GO:0033552;GO:0033700;GO:0034380;GO:0034616;GO:0038027;GO:0042158;GO:0042632;GO:0043691;GO:0045332;GO:0055085;GO:0055091;GO:0060155;GO:0071222;GO:0071300;GO:0071345;GO:0071397;GO:0071404;GO:0071466;GO:0071806;GO:0090107;GO:0090108;GO:0099039;GO:0140115,G protein-coupled receptor signaling pathway;adenylate cyclase-activating G protein-coupled receptor signaling pathway;apolipoprotein A-I-mediated signaling pathway;cellular response to cholesterol;cellular response to cytokine stimulus;cellular response to lipopolysaccharide;cellular response to low-density lipoprotein particle stimulus;cellular response to retinoic acid;cellular response to xenobiotic stimulus;cholesterol efflux;cholesterol homeostasis;cholesterol metabolic process;cholesterol transport;endosomal transport;export across plasma membrane;high-density lipoprotein particle assembly;intracellular cholesterol transport;lipoprotein biosynthetic process;lysosome organization;negative regulation of cholesterol storage;negative regulation of macrophage derived foam cell differentiation;organic hydroxy compound transport;phospholipid efflux;phospholipid homeostasis;phospholipid translocation;phospholipid transport;platelet dense granule organization;positive regulation of cholesterol efflux;positive regulation of high-density lipoprotein particle assembly;protein secretion;protein transmembrane transport;regulation of Cdc42 protein signal transduction;regulation of high-density lipoprotein particle assembly;response to laminar fluid shear stress;response to nutrient;response to nutrient levels;response to vitamin B3;response to xenobiotic stimulus;reverse cholesterol transport;signal release;sphingolipid translocation;transmembrane transport,GO:0005102;GO:0005515;GO:0005524;GO:0008035;GO:0008320;GO:0015485;GO:0016887;GO:0019905;GO:0031210;GO:0031267;GO:0034185;GO:0034186;GO:0034188;GO:0042626;GO:0046623;GO:0051117;GO:0090554;GO:0090556;GO:0120014;GO:0120020;GO:0140326;GO:0140328;GO:0140359,ABC-type transporter activity;ATP binding;ATP hydrolysis activity;ATPase binding;ATPase-coupled intramembrane lipid carrier activity;ATPase-coupled transmembrane transporter activity;apolipoprotein A-I binding;apolipoprotein A-I receptor activity;apolipoprotein binding;cholesterol binding;cholesterol transfer activity;floppase activity;high-density lipoprotein particle binding;phosphatidylcholine binding;phosphatidylcholine floppase activity;phosphatidylserine floppase activity;phospholipid transfer activity;protein binding;signaling receptor binding;small GTPase binding;sphingolipid floppase activity;syntaxin binding;transmembrane protein transporter activity,GO:0005768;GO:0005789;GO:0005794;GO:0005886;GO:0009897;GO:0009986;GO:0016020;GO:0016323;GO:0030139;GO:0045121;GO:0045335;GO:0048471;GO:0097708,Golgi apparatus;basolateral plasma membrane;cell surface;endocytic vesicle;endoplasmic reticulum membrane;endosome;external side of plasma membrane;intracellular vesicle;membrane;membrane raft;perinuclear region of cytoplasm;phagocytic vesicle;plasma membrane
P01130,1,1,Rosuvastatin,LDLR,3949,0,0,,,1,interaction_predominant,66,GO:0001523;GO:0001540;GO:0001920;GO:0002020;GO:0005041;GO:0005509;GO:0005515;GO:0005764;GO:0005768;GO:0005769;GO:0005770;GO:0005794;GO:0005886;GO:0005905;GO:0006629;GO:0006897;GO:0006898;GO:0006909;GO:0007616;GO:0009897;GO:0009986;GO:0010008;GO:0010628;GO:0010629;GO:0010867;GO:0010899;GO:0010989;GO:0015914;GO:0016020;GO:0016323;GO:0030169;GO:0030229;GO:0030299;GO:0030301;GO:0030669;GO:0032050;GO:0034381;GO:0034383;GO:0034384;GO:0036020;GO:0036477;GO:0042632;GO:0042802;GO:0043235;GO:0045177;GO:0048844;GO:0050729;GO:0051241;GO:0051246;GO:0051248;GO:0060090;GO:0061771;GO:0061889;GO:0070508;GO:0071398;GO:0071404;GO:0071813;GO:0090118;GO:0090181;GO:0097242;GO:0097443;GO:0150094;GO:1903979;GO:1905167;GO:1905907;GO:1990666,Golgi apparatus;PCSK9-LDLR complex;amyloid-beta binding;amyloid-beta clearance;amyloid-beta clearance by cellular catabolic process;apical part of cell;artery morphogenesis;basolateral plasma membrane;calcium ion binding;cell surface;cellular response to fatty acid;cellular response to low-density lipoprotein particle stimulus;cholesterol homeostasis;cholesterol import;cholesterol transport;clathrin heavy chain binding;clathrin-coated endocytic vesicle membrane;clathrin-coated pit;early endosome;endocytosis;endolysosome membrane;endosome;endosome membrane;external side of plasma membrane;high-density lipoprotein particle clearance;identical protein binding;intestinal cholesterol absorption;late endosome;lipid metabolic process;lipoprotein particle binding;long-term memory;low-density lipoprotein particle binding;low-density lipoprotein particle clearance;low-density lipoprotein particle receptor activity;lysosome;membrane;molecular adaptor activity;negative regulation of amyloid fibril formation;negative regulation of astrocyte activation;negative regulation of gene expression;negative regulation of low-density lipoprotein particle clearance;negative regulation of microglial cell activation;negative regulation of multicellular organismal process;negative regulation of protein metabolic process;negative regulation of receptor recycling;phagocytosis;phospholipid transport;plasma lipoprotein particle clearance;plasma membrane;positive regulation of gene expression;positive regulation of inflammatory response;positive regulation of lysosomal protein catabolic process;positive regulation of triglyceride biosynthetic process;protease binding;protein binding;receptor-mediated endocytosis;receptor-mediated endocytosis involved in cholesterol transport;regulation of cholesterol metabolic process;regulation of phosphatidylcholine catabolic process;regulation of protein metabolic process;response to caloric restriction;retinoid metabolic process;signaling receptor complex;somatodendritic compartment;sorting endosome;very-low-density lipoprotein particle receptor activity,GO:0001523;GO:0001920;GO:0006629;GO:0006897;GO:0006898;GO:0006909;GO:0007616;GO:0010628;GO:0010629;GO:0010867;GO:0010899;GO:0010989;GO:0015914;GO:0030299;GO:0030301;GO:0034381;GO:0034383;GO:0034384;GO:0042632;GO:0048844;GO:0050729;GO:0051241;GO:0051246;GO:0051248;GO:0061771;GO:0061889;GO:0070508;GO:0071398;GO:0071404;GO:0090118;GO:0090181;GO:0097242;GO:0150094;GO:1903979;GO:1905167;GO:1905907,amyloid-beta clearance;amyloid-beta clearance by cellular catabolic process;artery morphogenesis;cellular response to fatty acid;cellular response to low-density lipoprotein particle stimulus;cholesterol homeostasis;cholesterol import;cholesterol transport;endocytosis;high-density lipoprotein particle clearance;intestinal cholesterol absorption;lipid metabolic process;long-term memory;low-density lipoprotein particle clearance;negative regulation of amyloid fibril formation;negative regulation of astrocyte activation;negative regulation of gene expression;negative regulation of low-density lipoprotein particle clearance;negative regulation of microglial cell activation;negative regulation of multicellular organismal process;negative regulation of protein metabolic process;negative regulation of receptor recycling;phagocytosis;phospholipid transport;plasma lipoprotein particle clearance;positive regulation of gene expression;positive regulation of inflammatory response;positive regulation of lysosomal protein catabolic process;positive regulation of triglyceride biosynthetic process;receptor-mediated endocytosis;receptor-mediated endocytosis involved in cholesterol transport;regulation of cholesterol metabolic process;regulation of phosphatidylcholine catabolic process;regulation of protein metabolic process;response to caloric restriction;retinoid metabolic process,GO:0001540;GO:0002020;GO:0005041;GO:0005509;GO:0005515;GO:0030169;GO:0030229;GO:0032050;GO:0042802;GO:0060090;GO:0071813,amyloid-beta binding;calcium ion binding;clathrin heavy chain binding;identical protein binding;lipoprotein particle binding;low-density lipoprotein particle binding;low-density lipoprotein particle receptor activity;molecular adaptor activity;protease binding;protein binding;very-low-density lipoprotein particle receptor activity,GO:0005764;GO:0005768;GO:0005769;GO:0005770;GO:0005794;GO:0005886;GO:0005905;GO:0009897;GO:0009986;GO:0010008;GO:0016020;GO:0016323;GO:0030669;GO:0036020;GO:0036477;GO:0043235;GO:0045177;GO:0097443;GO:1990666,Golgi apparatus;PCSK9-LDLR complex;apical part of cell;basolateral plasma membrane;cell surface;clathrin-coated endocytic vesicle membrane;clathrin-coated pit;early endosome;endolysosome membrane;endosome;endosome membrane;external side of plasma membrane;late endosome;lysosome;membrane;plasma membrane;signaling receptor complex;somatodendritic compartment;sorting endosome
P01911,1,1,Rosuvastatin,HLA-DRB1,3123,0,0,,,1,interaction_predominant,58,GO:0000139;GO:0001772;GO:0001916;GO:0002437;GO:0002469;GO:0002491;GO:0002503;GO:0002842;GO:0002862;GO:0005200;GO:0005515;GO:0005576;GO:0005765;GO:0005789;GO:0005882;GO:0005886;GO:0006955;GO:0006959;GO:0007010;GO:0007165;GO:0008544;GO:0009897;GO:0009986;GO:0012507;GO:0016020;GO:0016045;GO:0019882;GO:0019886;GO:0023026;GO:0030225;GO:0030247;GO:0030658;GO:0030666;GO:0030669;GO:0031902;GO:0032588;GO:0032653;GO:0032673;GO:0032689;GO:0032831;GO:0035774;GO:0042088;GO:0042130;GO:0042605;GO:0042608;GO:0042609;GO:0042613;GO:0043382;GO:0045622;GO:0045657;GO:0050778;GO:0050852;GO:0050870;GO:0051262;GO:0070062;GO:0098553;GO:0120281;GO:2000516,"CD4 receptor binding;ER to Golgi transport vesicle membrane;Golgi membrane;MHC class II protein complex;MHC class II protein complex binding;T cell receptor binding;T cell receptor signaling pathway;T-helper 1 type immune response;antigen processing and presentation;antigen processing and presentation of endogenous peptide antigen via MHC class II;antigen processing and presentation of exogenous peptide antigen via MHC class II;autolysosome membrane;cell surface;clathrin-coated endocytic vesicle membrane;cytoskeleton organization;detection of bacterium;endocytic vesicle membrane;endoplasmic reticulum membrane;epidermis development;external side of plasma membrane;extracellular exosome;extracellular region;humoral immune response;immune response;immunological synapse;inflammatory response to antigenic stimulus;intermediate filament;late endosome membrane;lumenal side of endoplasmic reticulum membrane;lysosomal membrane;macrophage differentiation;membrane;myeloid dendritic cell antigen processing and presentation;negative regulation of T cell proliferation;negative regulation of inflammatory response to antigenic stimulus;negative regulation of type II interferon production;peptide antigen assembly with MHC class II protein complex;peptide antigen binding;plasma membrane;polysaccharide binding;positive regulation of CD4-positive, CD25-positive, alpha-beta regulatory T cell differentiation;positive regulation of CD4-positive, alpha-beta T cell activation;positive regulation of T cell activation;positive regulation of T cell mediated cytotoxicity;positive regulation of T cell mediated immune response to tumor cell;positive regulation of immune response;positive regulation of insulin secretion involved in cellular response to glucose stimulus;positive regulation of memory T cell differentiation;positive regulation of monocyte differentiation;protein binding;protein tetramerization;regulation of T-helper cell differentiation;regulation of interleukin-10 production;regulation of interleukin-4 production;signal transduction;structural constituent of cytoskeleton;trans-Golgi network membrane;transport vesicle membrane",GO:0001916;GO:0002437;GO:0002469;GO:0002491;GO:0002503;GO:0002842;GO:0002862;GO:0006955;GO:0006959;GO:0007010;GO:0007165;GO:0008544;GO:0016045;GO:0019882;GO:0019886;GO:0030225;GO:0032653;GO:0032673;GO:0032689;GO:0032831;GO:0035774;GO:0042088;GO:0042130;GO:0043382;GO:0045622;GO:0045657;GO:0050778;GO:0050852;GO:0050870;GO:0051262;GO:2000516,"T cell receptor signaling pathway;T-helper 1 type immune response;antigen processing and presentation;antigen processing and presentation of endogenous peptide antigen via MHC class II;antigen processing and presentation of exogenous peptide antigen via MHC class II;cytoskeleton organization;detection of bacterium;epidermis development;humoral immune response;immune response;inflammatory response to antigenic stimulus;macrophage differentiation;myeloid dendritic cell antigen processing and presentation;negative regulation of T cell proliferation;negative regulation of inflammatory response to antigenic stimulus;negative regulation of type II interferon production;peptide antigen assembly with MHC class II protein complex;positive regulation of CD4-positive, CD25-positive, alpha-beta regulatory T cell differentiation;positive regulation of CD4-positive, alpha-beta T cell activation;positive regulation of T cell activation;positive regulation of T cell mediated cytotoxicity;positive regulation of T cell mediated immune response to tumor cell;positive regulation of immune response;positive regulation of insulin secretion involved in cellular response to glucose stimulus;positive regulation of memory T cell differentiation;positive regulation of monocyte differentiation;protein tetramerization;regulation of T-helper cell differentiation;regulation of interleukin-10 production;regulation of interleukin-4 production;signal transduction",GO:0005200;GO:0005515;GO:0023026;GO:0030247;GO:0042605;GO:0042608;GO:0042609,CD4 receptor binding;MHC class II protein complex binding;T cell receptor binding;peptide antigen binding;polysaccharide binding;protein binding;structural constituent of cytoskeleton,GO:0000139;GO:0001772;GO:0005576;GO:0005765;GO:0005789;GO:0005882;GO:0005886;GO:0009897;GO:0009986;GO:0012507;GO:0016020;GO:0030658;GO:0030666;GO:0030669;GO:0031902;GO:0032588;GO:0042613;GO:0070062;GO:0098553;GO:0120281,ER to Golgi transport vesicle membrane;Golgi membrane;MHC class II protein complex;autolysosome membrane;cell surface;clathrin-coated endocytic vesicle membrane;endocytic vesicle membrane;endoplasmic reticulum membrane;external side of plasma membrane;extracellular exosome;extracellular region;immunological synapse;intermediate filament;late endosome membrane;lumenal side of endoplasmic reticulum membrane;lysosomal membrane;membrane;plasma membrane;trans-Golgi network membrane;transport vesicle membrane
P02741,1,1,Rosuvastatin,CRP,1401,0,0,,,1,interaction_predominant,21,GO:0001849;GO:0005509;GO:0005515;GO:0005576;GO:0006953;GO:0006954;GO:0008228;GO:0010628;GO:0010745;GO:0010888;GO:0030169;GO:0032677;GO:0032930;GO:0032945;GO:0033265;GO:0042310;GO:0042802;GO:0045087;GO:0046790;GO:0050750;GO:0050830,acute-phase response;calcium ion binding;choline binding;complement component C1q complex binding;defense response to Gram-positive bacterium;extracellular region;identical protein binding;inflammatory response;innate immune response;low-density lipoprotein particle binding;low-density lipoprotein particle receptor binding;negative regulation of lipid storage;negative regulation of macrophage derived foam cell differentiation;negative regulation of mononuclear cell proliferation;opsonization;positive regulation of gene expression;positive regulation of superoxide anion generation;protein binding;regulation of interleukin-8 production;vasoconstriction;virion binding,GO:0006953;GO:0006954;GO:0008228;GO:0010628;GO:0010745;GO:0010888;GO:0032677;GO:0032930;GO:0032945;GO:0042310;GO:0045087;GO:0050830,acute-phase response;defense response to Gram-positive bacterium;inflammatory response;innate immune response;negative regulation of lipid storage;negative regulation of macrophage derived foam cell differentiation;negative regulation of mononuclear cell proliferation;opsonization;positive regulation of gene expression;positive regulation of superoxide anion generation;regulation of interleukin-8 production;vasoconstriction,GO:0001849;GO:0005509;GO:0005515;GO:0030169;GO:0033265;GO:0042802;GO:0046790;GO:0050750,calcium ion binding;choline binding;complement component C1q complex binding;identical protein binding;low-density lipoprotein particle binding;low-density lipoprotein particle receptor binding;protein binding;virion binding,GO:0005576,extracellular region
P08183,1,1,atorvastatin,ABCB1,5243,0,0,,,1,interaction_predominant,39,GO:0000086;GO:0005515;GO:0005524;GO:0005737;GO:0005886;GO:0006805;GO:0008559;GO:0009410;GO:0009986;GO:0015562;GO:0016020;GO:0016324;GO:0016887;GO:0022857;GO:0031625;GO:0042626;GO:0042910;GO:0045332;GO:0046865;GO:0046943;GO:0055085;GO:0070062;GO:0070633;GO:0072089;GO:0090554;GO:0090555;GO:0098591;GO:0099038;GO:0099040;GO:0140115;GO:0140326;GO:0140328;GO:0140341;GO:0140359;GO:0150104;GO:1905039;GO:1990961;GO:1990962;GO:2001225,ABC-type transporter activity;ABC-type xenobiotic transporter activity;ATP binding;ATP hydrolysis activity;ATPase-coupled intramembrane lipid carrier activity;ATPase-coupled transmembrane transporter activity;G2/M transition of mitotic cell cycle;apical plasma membrane;carboxylic acid transmembrane transport;carboxylic acid transmembrane transporter activity;cell surface;ceramide floppase activity;ceramide translocation;cytoplasm;efflux transmembrane transporter activity;export across plasma membrane;external side of apical plasma membrane;extracellular exosome;floppase activity;membrane;phosphatidylcholine floppase activity;phosphatidylethanolamine flippase activity;phosphatidylethanolamine floppase activity;phospholipid translocation;plasma membrane;protein binding;regulation of chloride transport;response to xenobiotic stimulus;stem cell proliferation;terpenoid transport;transepithelial transport;transmembrane transport;transmembrane transporter activity;transport across blood-brain barrier;ubiquitin protein ligase binding;xenobiotic detoxification by transmembrane export across the plasma membrane;xenobiotic metabolic process;xenobiotic transmembrane transporter activity;xenobiotic transport across blood-brain barrier,GO:0000086;GO:0006805;GO:0009410;GO:0045332;GO:0046865;GO:0055085;GO:0070633;GO:0072089;GO:0099040;GO:0140115;GO:0150104;GO:1905039;GO:1990961;GO:1990962;GO:2001225,G2/M transition of mitotic cell cycle;carboxylic acid transmembrane transport;ceramide translocation;export across plasma membrane;phospholipid translocation;regulation of chloride transport;response to xenobiotic stimulus;stem cell proliferation;terpenoid transport;transepithelial transport;transmembrane transport;transport across blood-brain barrier;xenobiotic detoxification by transmembrane export across the plasma membrane;xenobiotic metabolic process;xenobiotic transport across blood-brain barrier,GO:0005515;GO:0005524;GO:0008559;GO:0015562;GO:0016887;GO:0022857;GO:0031625;GO:0042626;GO:0042910;GO:0046943;GO:0090554;GO:0090555;GO:0099038;GO:0140326;GO:0140328;GO:0140341;GO:0140359,ABC-type transporter activity;ABC-type xenobiotic transporter activity;ATP binding;ATP hydrolysis activity;ATPase-coupled intramembrane lipid carrier activity;ATPase-coupled transmembrane transporter activity;carboxylic acid transmembrane transporter activity;ceramide floppase activity;efflux transmembrane transporter activity;floppase activity;phosphatidylcholine floppase activity;phosphatidylethanolamine flippase activity;phosphatidylethanolamine floppase activity;protein binding;transmembrane transporter activity;ubiquitin protein ligase binding;xenobiotic transmembrane transporter activity,GO:0005737;GO:0005886;GO:0009986;GO:0016020;GO:0016324;GO:0070062;GO:0098591,apical plasma membrane;cell surface;cytoplasm;external side of apical plasma membrane;extracellular exosome;membrane;plasma membrane
P08519,1,1,Rosuvastatin,LPA,4018,0,0,,,1,interaction_predominant,11,GO:0001968;GO:0004252;GO:0004866;GO:0005515;GO:0005576;GO:0006508;GO:0006629;GO:0008015;GO:0008201;GO:0034185;GO:0034358,apolipoprotein binding;blood circulation;endopeptidase inhibitor activity;extracellular region;fibronectin binding;heparin binding;lipid metabolic process;plasma lipoprotein particle;protein binding;proteolysis;serine-type endopeptidase activity,GO:0006508;GO:0006629;GO:0008015,blood circulation;lipid metabolic process;proteolysis,GO:0001968;GO:0004252;GO:0004866;GO:0005515;GO:0008201;GO:0034185,apolipoprotein binding;endopeptidase inhibitor activity;fibronectin binding;heparin binding;protein binding;serine-type endopeptidase activity,GO:0005576;GO:0034358,extracellular region;plasma lipoprotein particle
P10635,1,1,atorvastatin,CYP2D6,1565,0,0,,,1,interaction_predominant,32,GO:0004497;GO:0005506;GO:0005737;GO:0005739;GO:0005783;GO:0005789;GO:0006631;GO:0006805;GO:0008202;GO:0008203;GO:0008210;GO:0008404;GO:0008405;GO:0009804;GO:0009820;GO:0009822;GO:0016098;GO:0016491;GO:0016705;GO:0016712;GO:0019369;GO:0020037;GO:0033076;GO:0042178;GO:0042572;GO:0042759;GO:0062187;GO:0062188;GO:0062189;GO:0070989;GO:0090350;GO:0106302,"alkaloid catabolic process;alkaloid metabolic process;anandamide 11,12 epoxidase activity;anandamide 14,15 epoxidase activity;anandamide 8,9 epoxidase activity;arachidonate 11,12-epoxygenase activity;arachidonate 14,15-epoxygenase activity;arachidonate 8,9-epoxygenase activity;arachidonate metabolic process;cholesterol metabolic process;coumarin metabolic process;cytoplasm;endoplasmic reticulum;endoplasmic reticulum membrane;estrogen metabolic process;fatty acid metabolic process;heme binding;iron ion binding;isoquinoline alkaloid metabolic process;long-chain fatty acid biosynthetic process;mitochondrion;monooxygenase activity;monoterpenoid metabolic process;negative regulation of organofluorine metabolic process;oxidative demethylation;oxidoreductase activity;oxidoreductase activity, acting on paired donors, with incorporation or reduction of molecular oxygen;oxidoreductase activity, acting on paired donors, with incorporation or reduction of molecular oxygen, reduced flavin or flavoprotein as one donor, and incorporation of one atom of oxygen;retinol metabolic process;steroid metabolic process;xenobiotic catabolic process;xenobiotic metabolic process",GO:0006631;GO:0006805;GO:0008202;GO:0008203;GO:0008210;GO:0009804;GO:0009820;GO:0009822;GO:0016098;GO:0019369;GO:0033076;GO:0042178;GO:0042572;GO:0042759;GO:0070989;GO:0090350,alkaloid catabolic process;alkaloid metabolic process;arachidonate metabolic process;cholesterol metabolic process;coumarin metabolic process;estrogen metabolic process;fatty acid metabolic process;isoquinoline alkaloid metabolic process;long-chain fatty acid biosynthetic process;monoterpenoid metabolic process;negative regulation of organofluorine metabolic process;oxidative demethylation;retinol metabolic process;steroid metabolic process;xenobiotic catabolic process;xenobiotic metabolic process,GO:0004497;GO:0005506;GO:0008404;GO:0008405;GO:0016491;GO:0016705;GO:0016712;GO:0020037;GO:0062187;GO:0062188;GO:0062189;GO:0106302,"anandamide 11,12 epoxidase activity;anandamide 14,15 epoxidase activity;anandamide 8,9 epoxidase activity;arachidonate 11,12-epoxygenase activity;arachidonate 14,15-epoxygenase activity;arachidonate 8,9-epoxygenase activity;heme binding;iron ion binding;monooxygenase activity;oxidoreductase activity;oxidoreductase activity, acting on paired donors, with incorporation or reduction of molecular oxygen;oxidoreductase activity, acting on paired donors, with incorporation or reduction of molecular oxygen, reduced flavin or flavoprotein as one donor, and incorporation of one atom of oxygen",GO:0005737;GO:0005739;GO:0005783;GO:0005789,cytoplasm;endoplasmic reticulum;endoplasmic reticulum membrane;mitochondrion
P11597,1,1,Rosuvastatin,CETP,1071,0,0,,,1,interaction_predominant,29,GO:0005576;GO:0006641;GO:0006869;GO:0008203;GO:0008289;GO:0010745;GO:0010874;GO:0015485;GO:0015914;GO:0017129;GO:0030301;GO:0031210;GO:0031982;GO:0032376;GO:0034197;GO:0034364;GO:0034372;GO:0034374;GO:0034375;GO:0042632;GO:0043691;GO:0046470;GO:0055088;GO:0055091;GO:0070062;GO:0070328;GO:0120014;GO:0120020;GO:2001140,cholesterol binding;cholesterol homeostasis;cholesterol metabolic process;cholesterol transfer activity;cholesterol transport;extracellular exosome;extracellular region;high-density lipoprotein particle;high-density lipoprotein particle remodeling;lipid binding;lipid homeostasis;lipid transport;low-density lipoprotein particle remodeling;negative regulation of macrophage derived foam cell differentiation;phosphatidylcholine binding;phosphatidylcholine metabolic process;phospholipid homeostasis;phospholipid transfer activity;phospholipid transport;positive regulation of cholesterol transport;positive regulation of phospholipid transport;regulation of cholesterol efflux;reverse cholesterol transport;triglyceride binding;triglyceride homeostasis;triglyceride metabolic process;triglyceride transport;very-low-density lipoprotein particle remodeling;vesicle,GO:0006641;GO:0006869;GO:0008203;GO:0010745;GO:0010874;GO:0015914;GO:0030301;GO:0032376;GO:0034197;GO:0034372;GO:0034374;GO:0034375;GO:0042632;GO:0043691;GO:0046470;GO:0055088;GO:0055091;GO:0070328;GO:2001140,cholesterol homeostasis;cholesterol metabolic process;cholesterol transport;high-density lipoprotein particle remodeling;lipid homeostasis;lipid transport;low-density lipoprotein particle remodeling;negative regulation of macrophage derived foam cell differentiation;phosphatidylcholine metabolic process;phospholipid homeostasis;phospholipid transport;positive regulation of cholesterol transport;positive regulation of phospholipid transport;regulation of cholesterol efflux;reverse cholesterol transport;triglyceride homeostasis;triglyceride metabolic process;triglyceride transport;very-low-density lipoprotein particle remodeling,GO:0008289;GO:0015485;GO:0017129;GO:0031210;GO:0120014;GO:0120020,cholesterol binding;cholesterol transfer activity;lipid binding;phosphatidylcholine binding;phospholipid transfer activity;triglyceride binding,GO:0005576;GO:0031982;GO:0034364;GO:0070062,extracellular exosome;extracellular region;high-density lipoprotein particle;vesicle
P19793,1,1,Rosuvastatin,RXRA,6256,0,0,,,1,interaction_predominant,59,GO:0000122;GO:0000785;GO:0000976;GO:0000977;GO:0000978;GO:0000981;GO:0001162;GO:0001221;GO:0001223;GO:0001972;GO:0002157;GO:0003677;GO:0003690;GO:0003700;GO:0003707;GO:0003712;GO:0004879;GO:0005515;GO:0005634;GO:0005654;GO:0005737;GO:0005739;GO:0005829;GO:0006355;GO:0007399;GO:0008270;GO:0009755;GO:0010467;GO:0010875;GO:0015721;GO:0019216;GO:0019899;GO:0030154;GO:0030224;GO:0030501;GO:0030518;GO:0031490;GO:0032526;GO:0035357;GO:0042277;GO:0042789;GO:0042802;GO:0042809;GO:0043235;GO:0043565;GO:0044323;GO:0045834;GO:0045893;GO:0045944;GO:0048384;GO:0048469;GO:0050692;GO:0050693;GO:0070564;GO:0070644;GO:0071404;GO:0090575;GO:0140077;GO:1990837,"DNA binding;DNA binding domain binding;DNA-binding transcription factor activity;DNA-binding transcription factor activity, RNA polymerase II-specific;LBD domain binding;RNA polymerase II cis-regulatory region sequence-specific DNA binding;RNA polymerase II intronic transcription regulatory region sequence-specific DNA binding;RNA polymerase II transcription regulator complex;RNA polymerase II transcription regulatory region sequence-specific DNA binding;bile acid and bile salt transport;cell differentiation;cell maturation;cellular response to low-density lipoprotein particle stimulus;chromatin;chromatin DNA binding;cytoplasm;cytosol;double-stranded DNA binding;enzyme binding;gene expression;hormone-mediated signaling pathway;identical protein binding;mRNA transcription by RNA polymerase II;mitochondrion;monocyte differentiation;negative regulation of transcription by RNA polymerase II;nervous system development;nuclear receptor activity;nuclear receptor-mediated steroid hormone signaling pathway;nuclear steroid receptor activity;nuclear vitamin D receptor binding;nucleoplasm;nucleus;peptide binding;peroxisome proliferator activated receptor signaling pathway;positive regulation of DNA-templated transcription;positive regulation of bone mineralization;positive regulation of cholesterol efflux;positive regulation of lipid metabolic process;positive regulation of lipoprotein transport;positive regulation of thyroid hormone receptor signaling pathway;positive regulation of transcription by RNA polymerase II;positive regulation of vitamin D receptor signaling pathway;protein binding;regulation of DNA-templated transcription;regulation of lipid metabolic process;response to retinoic acid;retinoic acid binding;retinoic acid receptor signaling pathway;retinoic acid-responsive element binding;sequence-specific DNA binding;sequence-specific double-stranded DNA binding;signaling receptor complex;transcription cis-regulatory region binding;transcription coactivator binding;transcription coregulator activity;transcription coregulator binding;vitamin D response element binding;zinc ion binding",GO:0000122;GO:0002157;GO:0006355;GO:0007399;GO:0009755;GO:0010467;GO:0010875;GO:0015721;GO:0019216;GO:0030154;GO:0030224;GO:0030501;GO:0030518;GO:0032526;GO:0035357;GO:0042789;GO:0045834;GO:0045893;GO:0045944;GO:0048384;GO:0048469;GO:0070564;GO:0071404;GO:0140077,bile acid and bile salt transport;cell differentiation;cell maturation;cellular response to low-density lipoprotein particle stimulus;gene expression;hormone-mediated signaling pathway;mRNA transcription by RNA polymerase II;monocyte differentiation;negative regulation of transcription by RNA polymerase II;nervous system development;nuclear receptor-mediated steroid hormone signaling pathway;peroxisome proliferator activated receptor signaling pathway;positive regulation of DNA-templated transcription;positive regulation of bone mineralization;positive regulation of cholesterol efflux;positive regulation of lipid metabolic process;positive regulation of lipoprotein transport;positive regulation of thyroid hormone receptor signaling pathway;positive regulation of transcription by RNA polymerase II;positive regulation of vitamin D receptor signaling pathway;regulation of DNA-templated transcription;regulation of lipid metabolic process;response to retinoic acid;retinoic acid receptor signaling pathway,GO:0000976;GO:0000977;GO:0000978;GO:0000981;GO:0001162;GO:0001221;GO:0001223;GO:0001972;GO:0003677;GO:0003690;GO:0003700;GO:0003707;GO:0003712;GO:0004879;GO:0005515;GO:0008270;GO:0019899;GO:0031490;GO:0042277;GO:0042802;GO:0042809;GO:0043565;GO:0044323;GO:0050692;GO:0050693;GO:0070644;GO:1990837,"DNA binding;DNA binding domain binding;DNA-binding transcription factor activity;DNA-binding transcription factor activity, RNA polymerase II-specific;LBD domain binding;RNA polymerase II cis-regulatory region sequence-specific DNA binding;RNA polymerase II intronic transcription regulatory region sequence-specific DNA binding;RNA polymerase II transcription regulatory region sequence-specific DNA binding;chromatin DNA binding;double-stranded DNA binding;enzyme binding;identical protein binding;nuclear receptor activity;nuclear steroid receptor activity;nuclear vitamin D receptor binding;peptide binding;protein binding;retinoic acid binding;retinoic acid-responsive element binding;sequence-specific DNA binding;sequence-specific double-stranded DNA binding;transcription cis-regulatory region binding;transcription coactivator binding;transcription coregulator activity;transcription coregulator binding;vitamin D response element binding;zinc ion binding",GO:0000785;GO:0005634;GO:0005654;GO:0005737;GO:0005739;GO:0005829;GO:0043235;GO:0090575,RNA polymerase II transcription regulator complex;chromatin;cytoplasm;cytosol;mitochondrion;nucleoplasm;nucleus;signaling receptor complex
P20701,1,1,Rosuvastatin,ITGAL,3683,0,0,,,1,interaction_predominant,33,GO:0001772;GO:0002291;GO:0004895;GO:0005515;GO:0005886;GO:0005911;GO:0006954;GO:0007155;GO:0007157;GO:0007158;GO:0007159;GO:0007160;GO:0007165;GO:0007229;GO:0008305;GO:0009897;GO:0009986;GO:0016020;GO:0030369;GO:0030667;GO:0033627;GO:0033631;GO:0034687;GO:0035579;GO:0035683;GO:0038023;GO:0042110;GO:0043113;GO:0044877;GO:0045121;GO:0050839;GO:0070062;GO:0098609,ICAM-3 receptor activity;T cell activation;T cell activation via T cell receptor contact with antigen bound to MHC molecule on antigen presenting cell;cell adhesion;cell adhesion mediated by integrin;cell adhesion molecule binding;cell adhesion receptor activity;cell surface;cell-cell adhesion;cell-cell adhesion mediated by integrin;cell-cell junction;cell-matrix adhesion;external side of plasma membrane;extracellular exosome;heterophilic cell-cell adhesion;immunological synapse;inflammatory response;integrin alphaL-beta2 complex;integrin complex;integrin-mediated signaling pathway;leukocyte cell-cell adhesion;membrane;membrane raft;memory T cell extravasation;neuron cell-cell adhesion;plasma membrane;protein binding;protein-containing complex binding;receptor clustering;secretory granule membrane;signal transduction;signaling receptor activity;specific granule membrane,GO:0002291;GO:0006954;GO:0007155;GO:0007157;GO:0007158;GO:0007159;GO:0007160;GO:0007165;GO:0007229;GO:0033627;GO:0033631;GO:0035683;GO:0042110;GO:0043113;GO:0098609,T cell activation;T cell activation via T cell receptor contact with antigen bound to MHC molecule on antigen presenting cell;cell adhesion;cell adhesion mediated by integrin;cell-cell adhesion;cell-cell adhesion mediated by integrin;cell-matrix adhesion;heterophilic cell-cell adhesion;inflammatory response;integrin-mediated signaling pathway;leukocyte cell-cell adhesion;memory T cell extravasation;neuron cell-cell adhesion;receptor clustering;signal transduction,GO:0004895;GO:0005515;GO:0030369;GO:0038023;GO:0044877;GO:0050839,ICAM-3 receptor activity;cell adhesion molecule binding;cell adhesion receptor activity;protein binding;protein-containing complex binding;signaling receptor activity,GO:0001772;GO:0005886;GO:0005911;GO:0008305;GO:0009897;GO:0009986;GO:0016020;GO:0030667;GO:0034687;GO:0035579;GO:0045121;GO:0070062,cell surface;cell-cell junction;external side of plasma membrane;extracellular exosome;immunological synapse;integrin alphaL-beta2 complex;integrin complex;membrane;membrane raft;plasma membrane;secretory granule membrane;specific granule membrane
P20813,1,1,atorvastatin,CYP2B6,1555,0,0,,,1,interaction_predominant,19,GO:0004497;GO:0005506;GO:0005737;GO:0005789;GO:0006805;GO:0008202;GO:0008390;GO:0008392;GO:0016705;GO:0016712;GO:0019373;GO:0020037;GO:0042178;GO:0042180;GO:0062184;GO:0062187;GO:0062188;GO:0062189;GO:0101021,"anandamide 11,12 epoxidase activity;anandamide 14,15 epoxidase activity;anandamide 8,9 epoxidase activity;arachidonate epoxygenase activity;cytoplasm;endoplasmic reticulum membrane;epoxygenase P450 pathway;estrogen 2-hydroxylase activity;heme binding;iron ion binding;ketone metabolic process;monooxygenase activity;oxidoreductase activity, acting on paired donors, with incorporation or reduction of molecular oxygen;oxidoreductase activity, acting on paired donors, with incorporation or reduction of molecular oxygen, reduced flavin or flavoprotein as one donor, and incorporation of one atom of oxygen;steroid metabolic process;testosterone 16-alpha-hydroxylase activity;testosterone 16-beta-hydroxylase activity;xenobiotic catabolic process;xenobiotic metabolic process",GO:0006805;GO:0008202;GO:0019373;GO:0042178;GO:0042180,epoxygenase P450 pathway;ketone metabolic process;steroid metabolic process;xenobiotic catabolic process;xenobiotic metabolic process,GO:0004497;GO:0005506;GO:0008390;GO:0008392;GO:0016705;GO:0016712;GO:0020037;GO:0062184;GO:0062187;GO:0062188;GO:0062189;GO:0101021,"anandamide 11,12 epoxidase activity;anandamide 14,15 epoxidase activity;anandamide 8,9 epoxidase activity;arachidonate epoxygenase activity;estrogen 2-hydroxylase activity;heme binding;iron ion binding;monooxygenase activity;oxidoreductase activity, acting on paired donors, with incorporation or reduction of molecular oxygen;oxidoreductase activity, acting on paired donors, with incorporation or reduction of molecular oxygen, reduced flavin or flavoprotein as one donor, and incorporation of one atom of oxygen;testosterone 16-alpha-hydroxylase activity;testosterone 16-beta-hydroxylase activity",GO:0005737;GO:0005789,cytoplasm;endoplasmic reticulum membrane
P20823,1,1,Rosuvastatin,HNF1A,6927,0,0,,,1,interaction_predominant,46,GO:0000122;GO:0000785;GO:0000976;GO:0000978;GO:0000981;GO:0001221;GO:0001223;GO:0001228;GO:0001750;GO:0001889;GO:0003677;GO:0003682;GO:0003690;GO:0003700;GO:0005515;GO:0005634;GO:0005667;GO:0005737;GO:0006357;GO:0006366;GO:0010628;GO:0010918;GO:0030073;GO:0030262;GO:0031016;GO:0032024;GO:0032991;GO:0035565;GO:0035623;GO:0042593;GO:0042802;GO:0043066;GO:0043565;GO:0045120;GO:0045893;GO:0045944;GO:0046983;GO:0051897;GO:0060261;GO:0071233;GO:0071333;GO:0072752;GO:0098708;GO:1902031;GO:1903799;GO:2001171,"D-glucose import across plasma membrane;DNA binding;DNA-binding transcription activator activity, RNA polymerase II-specific;DNA-binding transcription factor activity;DNA-binding transcription factor activity, RNA polymerase II-specific;RNA polymerase II cis-regulatory region sequence-specific DNA binding;apoptotic nuclear changes;cellular response to L-leucine;cellular response to glucose stimulus;cellular response to rapamycin;chromatin;chromatin binding;cytoplasm;double-stranded DNA binding;glucose homeostasis;identical protein binding;insulin secretion;liver development;negative regulation of apoptotic process;negative regulation of miRNA processing;negative regulation of transcription by RNA polymerase II;nucleus;pancreas development;photoreceptor outer segment;positive regulation of ATP biosynthetic process;positive regulation of DNA-templated transcription;positive regulation of gene expression;positive regulation of insulin secretion;positive regulation of mitochondrial membrane potential;positive regulation of phosphatidylinositol 3-kinase/protein kinase B signal transduction;positive regulation of transcription by RNA polymerase II;positive regulation of transcription initiation by RNA polymerase II;pronucleus;protein binding;protein dimerization activity;protein-containing complex;regulation of NADP metabolic process;regulation of pronephros size;regulation of transcription by RNA polymerase II;renal D-glucose absorption;sequence-specific DNA binding;transcription by RNA polymerase II;transcription cis-regulatory region binding;transcription coactivator binding;transcription coregulator binding;transcription regulator complex",GO:0000122;GO:0001889;GO:0006357;GO:0006366;GO:0010628;GO:0010918;GO:0030073;GO:0030262;GO:0031016;GO:0032024;GO:0035565;GO:0035623;GO:0042593;GO:0043066;GO:0045893;GO:0045944;GO:0051897;GO:0060261;GO:0071233;GO:0071333;GO:0072752;GO:0098708;GO:1902031;GO:1903799;GO:2001171,D-glucose import across plasma membrane;apoptotic nuclear changes;cellular response to L-leucine;cellular response to glucose stimulus;cellular response to rapamycin;glucose homeostasis;insulin secretion;liver development;negative regulation of apoptotic process;negative regulation of miRNA processing;negative regulation of transcription by RNA polymerase II;pancreas development;positive regulation of ATP biosynthetic process;positive regulation of DNA-templated transcription;positive regulation of gene expression;positive regulation of insulin secretion;positive regulation of mitochondrial membrane potential;positive regulation of phosphatidylinositol 3-kinase/protein kinase B signal transduction;positive regulation of transcription by RNA polymerase II;positive regulation of transcription initiation by RNA polymerase II;regulation of NADP metabolic process;regulation of pronephros size;regulation of transcription by RNA polymerase II;renal D-glucose absorption;transcription by RNA polymerase II,GO:0000976;GO:0000978;GO:0000981;GO:0001221;GO:0001223;GO:0001228;GO:0003677;GO:0003682;GO:0003690;GO:0003700;GO:0005515;GO:0042802;GO:0043565;GO:0046983,"DNA binding;DNA-binding transcription activator activity, RNA polymerase II-specific;DNA-binding transcription factor activity;DNA-binding transcription factor activity, RNA polymerase II-specific;RNA polymerase II cis-regulatory region sequence-specific DNA binding;chromatin binding;double-stranded DNA binding;identical protein binding;protein binding;protein dimerization activity;sequence-specific DNA binding;transcription cis-regulatory region binding;transcription coactivator binding;transcription coregulator binding",GO:0000785;GO:0001750;GO:0005634;GO:0005667;GO:0005737;GO:0032991;GO:0045120,chromatin;cytoplasm;nucleus;photoreceptor outer segment;pronucleus;protein-containing complex;transcription regulator complex
P24462,1,1,atorvastatin,CYP3A7,1551,0,0,,,1,interaction_predominant,20,GO:0002933;GO:0004497;GO:0005506;GO:0005789;GO:0006805;GO:0008202;GO:0008210;GO:0008395;GO:0008401;GO:0016705;GO:0016712;GO:0019825;GO:0020037;GO:0042572;GO:0042573;GO:0050649;GO:0062183;GO:0070989;GO:0101020;GO:0101021,"all-trans retinoic acid 18-hydroxylase activity;endoplasmic reticulum membrane;estrogen 16-alpha-hydroxylase activity;estrogen 2-hydroxylase activity;estrogen metabolic process;heme binding;iron ion binding;lipid hydroxylation;monooxygenase activity;oxidative demethylation;oxidoreductase activity, acting on paired donors, with incorporation or reduction of molecular oxygen;oxidoreductase activity, acting on paired donors, with incorporation or reduction of molecular oxygen, reduced flavin or flavoprotein as one donor, and incorporation of one atom of oxygen;oxygen binding;retinoic acid 4-hydroxylase activity;retinoic acid metabolic process;retinol metabolic process;steroid hydroxylase activity;steroid metabolic process;testosterone 6-beta-hydroxylase activity;xenobiotic metabolic process",GO:0002933;GO:0006805;GO:0008202;GO:0008210;GO:0042572;GO:0042573;GO:0070989,estrogen metabolic process;lipid hydroxylation;oxidative demethylation;retinoic acid metabolic process;retinol metabolic process;steroid metabolic process;xenobiotic metabolic process,GO:0004497;GO:0005506;GO:0008395;GO:0008401;GO:0016705;GO:0016712;GO:0019825;GO:0020037;GO:0050649;GO:0062183;GO:0101020;GO:0101021,"all-trans retinoic acid 18-hydroxylase activity;estrogen 16-alpha-hydroxylase activity;estrogen 2-hydroxylase activity;heme binding;iron ion binding;monooxygenase activity;oxidoreductase activity, acting on paired donors, with incorporation or reduction of molecular oxygen;oxidoreductase activity, acting on paired donors, with incorporation or reduction of molecular oxygen, reduced flavin or flavoprotein as one donor, and incorporation of one atom of oxygen;oxygen binding;retinoic acid 4-hydroxylase activity;steroid hydroxylase activity;testosterone 6-beta-hydroxylase activity",GO:0005789,endoplasmic reticulum membrane
P27487,1,1,atorvastatin,DPP4,1803,0,0,,,1,interaction_predominant,41,GO:0001618;GO:0001666;GO:0002020;GO:0004252;GO:0005102;GO:0005515;GO:0005576;GO:0005765;GO:0005886;GO:0005925;GO:0006508;GO:0008236;GO:0008239;GO:0008240;GO:0008284;GO:0009986;GO:0010716;GO:0016020;GO:0016324;GO:0016486;GO:0019065;GO:0030027;GO:0030139;GO:0031258;GO:0031295;GO:0033632;GO:0042110;GO:0042802;GO:0042803;GO:0043542;GO:0045121;GO:0045499;GO:0046581;GO:0046718;GO:0046813;GO:0050919;GO:0061025;GO:0070062;GO:0070161;GO:0090024;GO:0120116,T cell activation;T cell costimulation;anchoring junction;apical plasma membrane;cell surface;chemorepellent activity;dipeptidyl-peptidase activity;endocytic vesicle;endothelial cell migration;extracellular exosome;extracellular region;focal adhesion;glucagon processing;identical protein binding;intercellular canaliculus;lamellipodium;lamellipodium membrane;lysosomal membrane;membrane;membrane fusion;membrane raft;negative chemotaxis;negative regulation of extracellular matrix disassembly;negative regulation of neutrophil chemotaxis;peptide hormone processing;plasma membrane;positive regulation of cell population proliferation;protease binding;protein binding;protein homodimerization activity;proteolysis;receptor-mediated endocytosis of virus by host cell;receptor-mediated virion attachment to host cell;regulation of cell-cell adhesion mediated by integrin;response to hypoxia;serine-type endopeptidase activity;serine-type peptidase activity;signaling receptor binding;symbiont entry into host cell;tripeptidyl-peptidase activity;virus receptor activity,GO:0001666;GO:0006508;GO:0008284;GO:0010716;GO:0016486;GO:0019065;GO:0031295;GO:0033632;GO:0042110;GO:0043542;GO:0046718;GO:0046813;GO:0050919;GO:0061025;GO:0090024;GO:0120116,T cell activation;T cell costimulation;endothelial cell migration;glucagon processing;membrane fusion;negative chemotaxis;negative regulation of extracellular matrix disassembly;negative regulation of neutrophil chemotaxis;peptide hormone processing;positive regulation of cell population proliferation;proteolysis;receptor-mediated endocytosis of virus by host cell;receptor-mediated virion attachment to host cell;regulation of cell-cell adhesion mediated by integrin;response to hypoxia;symbiont entry into host cell,GO:0001618;GO:0002020;GO:0004252;GO:0005102;GO:0005515;GO:0008236;GO:0008239;GO:0008240;GO:0042802;GO:0042803;GO:0045499,chemorepellent activity;dipeptidyl-peptidase activity;identical protein binding;protease binding;protein binding;protein homodimerization activity;serine-type endopeptidase activity;serine-type peptidase activity;signaling receptor binding;tripeptidyl-peptidase activity;virus receptor activity,GO:0005576;GO:0005765;GO:0005886;GO:0005925;GO:0009986;GO:0016020;GO:0016324;GO:0030027;GO:0030139;GO:0031258;GO:0045121;GO:0046581;GO:0070062;GO:0070161,anchoring junction;apical plasma membrane;cell surface;endocytic vesicle;extracellular exosome;extracellular region;focal adhesion;intercellular canaliculus;lamellipodium;lamellipodium membrane;lysosomal membrane;membrane;membrane raft;plasma membrane
P29474,1,1,Rosuvastatin,NOS3,4846,0,0,,,1,interaction_predominant,58,GO:0000139;GO:0001974;GO:0003100;GO:0003180;GO:0003184;GO:0003203;GO:0003785;GO:0004517;GO:0005515;GO:0005516;GO:0005634;GO:0005737;GO:0005794;GO:0005829;GO:0005856;GO:0005886;GO:0005901;GO:0006527;GO:0006809;GO:0007005;GO:0008015;GO:0008217;GO:0008285;GO:0009408;GO:0009725;GO:0010181;GO:0010544;GO:0010628;GO:0014740;GO:0014806;GO:0016175;GO:0016491;GO:0019430;GO:0020037;GO:0030666;GO:0031644;GO:0032496;GO:0034405;GO:0034617;GO:0034618;GO:0042311;GO:0043536;GO:0043542;GO:0045454;GO:0045747;GO:0045766;GO:0045776;GO:0046146;GO:0046209;GO:0046870;GO:0048873;GO:0050660;GO:0050661;GO:0060412;GO:0070168;GO:0097110;GO:0097746;GO:1902042,FMN binding;Golgi apparatus;Golgi membrane;L-arginine catabolic process;NADP binding;actin monomer binding;aortic valve morphogenesis;arginine binding;blood circulation;blood vessel diameter maintenance;blood vessel remodeling;cadmium ion binding;calmodulin binding;caveola;cell redox homeostasis;cytoplasm;cytoskeleton;cytosol;endocardial cushion morphogenesis;endocytic vesicle membrane;endothelial cell migration;flavin adenine dinucleotide binding;heme binding;homeostasis of number of cells within a tissue;mitochondrion organization;negative regulation of biomineral tissue development;negative regulation of blood pressure;negative regulation of cell population proliferation;negative regulation of extrinsic apoptotic signaling pathway via death domain receptors;negative regulation of muscle hyperplasia;negative regulation of platelet activation;nitric oxide biosynthetic process;nitric oxide metabolic process;nitric-oxide synthase activity;nucleus;oxidoreductase activity;plasma membrane;positive regulation of Notch signaling pathway;positive regulation of angiogenesis;positive regulation of blood vessel endothelial cell migration;positive regulation of gene expression;protein binding;pulmonary valve morphogenesis;regulation of blood pressure;regulation of nervous system process;regulation of systemic arterial blood pressure by endothelin;removal of superoxide radicals;response to fluid shear stress;response to heat;response to hormone;response to lipopolysaccharide;scaffold protein binding;smooth muscle hyperplasia;superoxide-generating NAD(P)H oxidase activity;tetrahydrobiopterin binding;tetrahydrobiopterin metabolic process;vasodilation;ventricular septum morphogenesis,GO:0001974;GO:0003100;GO:0003180;GO:0003184;GO:0003203;GO:0006527;GO:0006809;GO:0007005;GO:0008015;GO:0008217;GO:0008285;GO:0009408;GO:0009725;GO:0010544;GO:0010628;GO:0014740;GO:0014806;GO:0019430;GO:0031644;GO:0032496;GO:0034405;GO:0042311;GO:0043536;GO:0043542;GO:0045454;GO:0045747;GO:0045766;GO:0045776;GO:0046146;GO:0046209;GO:0048873;GO:0060412;GO:0070168;GO:0097746;GO:1902042,L-arginine catabolic process;aortic valve morphogenesis;blood circulation;blood vessel diameter maintenance;blood vessel remodeling;cell redox homeostasis;endocardial cushion morphogenesis;endothelial cell migration;homeostasis of number of cells within a tissue;mitochondrion organization;negative regulation of biomineral tissue development;negative regulation of blood pressure;negative regulation of cell population proliferation;negative regulation of extrinsic apoptotic signaling pathway via death domain receptors;negative regulation of muscle hyperplasia;negative regulation of platelet activation;nitric oxide biosynthetic process;nitric oxide metabolic process;positive regulation of Notch signaling pathway;positive regulation of angiogenesis;positive regulation of blood vessel endothelial cell migration;positive regulation of gene expression;pulmonary valve morphogenesis;regulation of blood pressure;regulation of nervous system process;regulation of systemic arterial blood pressure by endothelin;removal of superoxide radicals;response to fluid shear stress;response to heat;response to hormone;response to lipopolysaccharide;smooth muscle hyperplasia;tetrahydrobiopterin metabolic process;vasodilation;ventricular septum morphogenesis,GO:0003785;GO:0004517;GO:0005515;GO:0005516;GO:0010181;GO:0016175;GO:0016491;GO:0020037;GO:0034617;GO:0034618;GO:0046870;GO:0050660;GO:0050661;GO:0097110,FMN binding;NADP binding;actin monomer binding;arginine binding;cadmium ion binding;calmodulin binding;flavin adenine dinucleotide binding;heme binding;nitric-oxide synthase activity;oxidoreductase activity;protein binding;scaffold protein binding;superoxide-generating NAD(P)H oxidase activity;tetrahydrobiopterin binding,GO:0000139;GO:0005634;GO:0005737;GO:0005794;GO:0005829;GO:0005856;GO:0005886;GO:0005901;GO:0030666,Golgi apparatus;Golgi membrane;caveola;cytoplasm;cytoskeleton;cytosol;endocytic vesicle membrane;nucleus;plasma membrane
P31513,1,1,Rosuvastatin,FMO3,2328,0,0,,,1,interaction_predominant,10,GO:0004499;GO:0005515;GO:0005789;GO:0016709;GO:0034899;GO:0042412;GO:0047638;GO:0047822;GO:0050660;GO:0050661,"N,N-dimethylaniline monooxygenase activity;NADP binding;albendazole monooxygenase activity;endoplasmic reticulum membrane;flavin adenine dinucleotide binding;hypotaurine monooxygenase activity;oxidoreductase activity, acting on paired donors, with incorporation or reduction of molecular oxygen, NAD(P)H as one donor, and incorporation of one atom of oxygen;protein binding;taurine biosynthetic process;trimethylamine monooxygenase activity",GO:0042412,taurine biosynthetic process,GO:0004499;GO:0005515;GO:0016709;GO:0034899;GO:0047638;GO:0047822;GO:0050660;GO:0050661,"N,N-dimethylaniline monooxygenase activity;NADP binding;albendazole monooxygenase activity;flavin adenine dinucleotide binding;hypotaurine monooxygenase activity;oxidoreductase activity, acting on paired donors, with incorporation or reduction of molecular oxygen, NAD(P)H as one donor, and incorporation of one atom of oxygen;protein binding;trimethylamine monooxygenase activity",GO:0005789,endoplasmic reticulum membrane
P33527,1,1,atorvastatin,ABCC1,4363,0,0,,,1,interaction_predominant,45,GO:0005524;GO:0005886;GO:0006691;GO:0006805;GO:0006869;GO:0008559;GO:0009410;GO:0009925;GO:0015420;GO:0015431;GO:0015562;GO:0015889;GO:0016020;GO:0016323;GO:0016324;GO:0016328;GO:0016887;GO:0022857;GO:0030054;GO:0030148;GO:0034040;GO:0034599;GO:0034634;GO:0034775;GO:0042167;GO:0042626;GO:0042908;GO:0042910;GO:0045332;GO:0046942;GO:0046943;GO:0050729;GO:0055085;GO:0060326;GO:0070062;GO:0070633;GO:0070729;GO:0071716;GO:0099039;GO:0140115;GO:0140359;GO:0150104;GO:1904646;GO:1905039;GO:1990962,ABC-type glutathione S-conjugate transporter activity;ABC-type transporter activity;ABC-type vitamin B12 transporter activity;ABC-type xenobiotic transporter activity;ATP binding;ATP hydrolysis activity;ATPase-coupled lipid transmembrane transporter activity;ATPase-coupled transmembrane transporter activity;apical plasma membrane;basal plasma membrane;basolateral plasma membrane;carboxylic acid transmembrane transport;carboxylic acid transmembrane transporter activity;carboxylic acid transport;cell chemotaxis;cell junction;cellular response to amyloid-beta;cellular response to oxidative stress;cobalamin transport;cyclic nucleotide transport;efflux transmembrane transporter activity;export across plasma membrane;extracellular exosome;glutathione transmembrane transport;glutathione transmembrane transporter activity;heme catabolic process;lateral plasma membrane;leukotriene metabolic process;leukotriene transport;lipid transport;membrane;phospholipid translocation;plasma membrane;positive regulation of inflammatory response;response to xenobiotic stimulus;sphingolipid biosynthetic process;sphingolipid translocation;transepithelial transport;transmembrane transport;transmembrane transporter activity;transport across blood-brain barrier;xenobiotic metabolic process;xenobiotic transmembrane transporter activity;xenobiotic transport;xenobiotic transport across blood-brain barrier,GO:0006691;GO:0006805;GO:0006869;GO:0009410;GO:0015889;GO:0030148;GO:0034599;GO:0034775;GO:0042167;GO:0042908;GO:0045332;GO:0046942;GO:0050729;GO:0055085;GO:0060326;GO:0070633;GO:0070729;GO:0071716;GO:0099039;GO:0140115;GO:0150104;GO:1904646;GO:1905039;GO:1990962,carboxylic acid transmembrane transport;carboxylic acid transport;cell chemotaxis;cellular response to amyloid-beta;cellular response to oxidative stress;cobalamin transport;cyclic nucleotide transport;export across plasma membrane;glutathione transmembrane transport;heme catabolic process;leukotriene metabolic process;leukotriene transport;lipid transport;phospholipid translocation;positive regulation of inflammatory response;response to xenobiotic stimulus;sphingolipid biosynthetic process;sphingolipid translocation;transepithelial transport;transmembrane transport;transport across blood-brain barrier;xenobiotic metabolic process;xenobiotic transport;xenobiotic transport across blood-brain barrier,GO:0005524;GO:0008559;GO:0015420;GO:0015431;GO:0015562;GO:0016887;GO:0022857;GO:0034040;GO:0034634;GO:0042626;GO:0042910;GO:0046943;GO:0140359,ABC-type glutathione S-conjugate transporter activity;ABC-type transporter activity;ABC-type vitamin B12 transporter activity;ABC-type xenobiotic transporter activity;ATP binding;ATP hydrolysis activity;ATPase-coupled lipid transmembrane transporter activity;ATPase-coupled transmembrane transporter activity;carboxylic acid transmembrane transporter activity;efflux transmembrane transporter activity;glutathione transmembrane transporter activity;transmembrane transporter activity;xenobiotic transmembrane transporter activity,GO:0005886;GO:0009925;GO:0016020;GO:0016323;GO:0016324;GO:0016328;GO:0030054;GO:0070062,apical plasma membrane;basal plasma membrane;basolateral plasma membrane;cell junction;extracellular exosome;lateral plasma membrane;membrane;plasma membrane
P35869,1,1,atorvastatin,AHR,196,0,0,,,1,interaction_predominant,49,GO:0000785;GO:0000976;GO:0000981;GO:0000987;GO:0001094;GO:0001223;GO:0001568;GO:0002819;GO:0002841;GO:0003677;GO:0003700;GO:0004879;GO:0005515;GO:0005634;GO:0005654;GO:0005667;GO:0005737;GO:0005829;GO:0006355;GO:0006357;GO:0006805;GO:0006915;GO:0009410;GO:0009636;GO:0010468;GO:0017025;GO:0030522;GO:0030888;GO:0032922;GO:0032991;GO:0034751;GO:0034752;GO:0034753;GO:0042803;GO:0045892;GO:0045893;GO:0045944;GO:0046982;GO:0046983;GO:0050728;GO:0051239;GO:0051879;GO:0061629;GO:0070888;GO:0071219;GO:0071320;GO:1904322;GO:1904613;GO:1990837,"DNA binding;DNA-binding transcription factor activity;DNA-binding transcription factor activity, RNA polymerase II-specific;E-box binding;Hsp90 protein binding;RNA polymerase II-specific DNA-binding transcription factor binding;TBP-class protein binding;TFIID-class transcription factor complex binding;apoptotic process;aryl hydrocarbon receptor complex;blood vessel development;cellular response to 2,3,7,8-tetrachlorodibenzodioxine;cellular response to cAMP;cellular response to forskolin;cellular response to molecule of bacterial origin;chromatin;circadian regulation of gene expression;cis-regulatory region sequence-specific DNA binding;cytoplasm;cytosol;cytosolic aryl hydrocarbon receptor complex;intracellular receptor signaling pathway;negative regulation of DNA-templated transcription;negative regulation of T cell mediated immune response to tumor cell;negative regulation of inflammatory response;nuclear aryl hydrocarbon receptor complex;nuclear receptor activity;nucleoplasm;nucleus;positive regulation of DNA-templated transcription;positive regulation of transcription by RNA polymerase II;protein binding;protein dimerization activity;protein heterodimerization activity;protein homodimerization activity;protein-containing complex;regulation of B cell proliferation;regulation of DNA-templated transcription;regulation of adaptive immune response;regulation of gene expression;regulation of multicellular organismal process;regulation of transcription by RNA polymerase II;response to toxic substance;response to xenobiotic stimulus;sequence-specific double-stranded DNA binding;transcription cis-regulatory region binding;transcription coactivator binding;transcription regulator complex;xenobiotic metabolic process",GO:0001568;GO:0002819;GO:0002841;GO:0006355;GO:0006357;GO:0006805;GO:0006915;GO:0009410;GO:0009636;GO:0010468;GO:0030522;GO:0030888;GO:0032922;GO:0045892;GO:0045893;GO:0045944;GO:0050728;GO:0051239;GO:0071219;GO:0071320;GO:1904322;GO:1904613,"apoptotic process;blood vessel development;cellular response to 2,3,7,8-tetrachlorodibenzodioxine;cellular response to cAMP;cellular response to forskolin;cellular response to molecule of bacterial origin;circadian regulation of gene expression;intracellular receptor signaling pathway;negative regulation of DNA-templated transcription;negative regulation of T cell mediated immune response to tumor cell;negative regulation of inflammatory response;positive regulation of DNA-templated transcription;positive regulation of transcription by RNA polymerase II;regulation of B cell proliferation;regulation of DNA-templated transcription;regulation of adaptive immune response;regulation of gene expression;regulation of multicellular organismal process;regulation of transcription by RNA polymerase II;response to toxic substance;response to xenobiotic stimulus;xenobiotic metabolic process",GO:0000976;GO:0000981;GO:0000987;GO:0001094;GO:0001223;GO:0003677;GO:0003700;GO:0004879;GO:0005515;GO:0017025;GO:0042803;GO:0046982;GO:0046983;GO:0051879;GO:0061629;GO:0070888;GO:1990837,"DNA binding;DNA-binding transcription factor activity;DNA-binding transcription factor activity, RNA polymerase II-specific;E-box binding;Hsp90 protein binding;RNA polymerase II-specific DNA-binding transcription factor binding;TBP-class protein binding;TFIID-class transcription factor complex binding;cis-regulatory region sequence-specific DNA binding;nuclear receptor activity;protein binding;protein dimerization activity;protein heterodimerization activity;protein homodimerization activity;sequence-specific double-stranded DNA binding;transcription cis-regulatory region binding;transcription coactivator binding",GO:0000785;GO:0005634;GO:0005654;GO:0005667;GO:0005737;GO:0005829;GO:0032991;GO:0034751;GO:0034752;GO:0034753,aryl hydrocarbon receptor complex;chromatin;cytoplasm;cytosol;cytosolic aryl hydrocarbon receptor complex;nuclear aryl hydrocarbon receptor complex;nucleoplasm;nucleus;protein-containing complex;transcription regulator complex
P41235,1,1,Rosuvastatin,HNF4A,3172,0,0,,,1,interaction_predominant,41,GO:0000785;GO:0000976;GO:0000978;GO:0000981;GO:0001228;GO:0003677;GO:0003682;GO:0003700;GO:0004879;GO:0005102;GO:0005504;GO:0005515;GO:0005634;GO:0005654;GO:0005737;GO:0006355;GO:0006357;GO:0006805;GO:0007596;GO:0008270;GO:0008285;GO:0009749;GO:0019216;GO:0030154;GO:0030308;GO:0030522;GO:0042593;GO:0042632;GO:0042752;GO:0042803;GO:0043565;GO:0045892;GO:0045893;GO:0045944;GO:0050796;GO:0055088;GO:0055091;GO:0061629;GO:0070328;GO:1903268;GO:1990837,"DNA binding;DNA-binding transcription activator activity, RNA polymerase II-specific;DNA-binding transcription factor activity;DNA-binding transcription factor activity, RNA polymerase II-specific;RNA polymerase II cis-regulatory region sequence-specific DNA binding;RNA polymerase II-specific DNA-binding transcription factor binding;blood coagulation;cell differentiation;cholesterol homeostasis;chromatin;chromatin binding;cytoplasm;fatty acid binding;glucose homeostasis;intracellular receptor signaling pathway;lipid homeostasis;negative regulation of DNA-templated transcription;negative regulation of cell growth;negative regulation of cell population proliferation;nuclear receptor activity;nucleoplasm;nucleus;phospholipid homeostasis;positive regulation of DNA-templated transcription;positive regulation of ornithine catabolic process;positive regulation of transcription by RNA polymerase II;protein binding;protein homodimerization activity;regulation of DNA-templated transcription;regulation of circadian rhythm;regulation of insulin secretion;regulation of lipid metabolic process;regulation of transcription by RNA polymerase II;response to glucose;sequence-specific DNA binding;sequence-specific double-stranded DNA binding;signaling receptor binding;transcription cis-regulatory region binding;triglyceride homeostasis;xenobiotic metabolic process;zinc ion binding",GO:0006355;GO:0006357;GO:0006805;GO:0007596;GO:0008285;GO:0009749;GO:0019216;GO:0030154;GO:0030308;GO:0030522;GO:0042593;GO:0042632;GO:0042752;GO:0045892;GO:0045893;GO:0045944;GO:0050796;GO:0055088;GO:0055091;GO:0070328;GO:1903268,blood coagulation;cell differentiation;cholesterol homeostasis;glucose homeostasis;intracellular receptor signaling pathway;lipid homeostasis;negative regulation of DNA-templated transcription;negative regulation of cell growth;negative regulation of cell population proliferation;phospholipid homeostasis;positive regulation of DNA-templated transcription;positive regulation of ornithine catabolic process;positive regulation of transcription by RNA polymerase II;regulation of DNA-templated transcription;regulation of circadian rhythm;regulation of insulin secretion;regulation of lipid metabolic process;regulation of transcription by RNA polymerase II;response to glucose;triglyceride homeostasis;xenobiotic metabolic process,GO:0000976;GO:0000978;GO:0000981;GO:0001228;GO:0003677;GO:0003682;GO:0003700;GO:0004879;GO:0005102;GO:0005504;GO:0005515;GO:0008270;GO:0042803;GO:0043565;GO:0061629;GO:1990837,"DNA binding;DNA-binding transcription activator activity, RNA polymerase II-specific;DNA-binding transcription factor activity;DNA-binding transcription factor activity, RNA polymerase II-specific;RNA polymerase II cis-regulatory region sequence-specific DNA binding;RNA polymerase II-specific DNA-binding transcription factor binding;chromatin binding;fatty acid binding;nuclear receptor activity;protein binding;protein homodimerization activity;sequence-specific DNA binding;sequence-specific double-stranded DNA binding;signaling receptor binding;transcription cis-regulatory region binding;zinc ion binding",GO:0000785;GO:0005634;GO:0005654;GO:0005737,chromatin;cytoplasm;nucleoplasm;nucleus
P55318,1,1,Rosuvastatin,FOXA3,3171,0,0,,,1,interaction_predominant,19,GO:0000785;GO:0000976;GO:0000978;GO:0000981;GO:0001678;GO:0003677;GO:0003700;GO:0005515;GO:0005634;GO:0005654;GO:0006355;GO:0006357;GO:0007283;GO:0009653;GO:0019904;GO:0030154;GO:0043565;GO:0045944;GO:1990837,"DNA binding;DNA-binding transcription factor activity;DNA-binding transcription factor activity, RNA polymerase II-specific;RNA polymerase II cis-regulatory region sequence-specific DNA binding;anatomical structure morphogenesis;cell differentiation;chromatin;intracellular glucose homeostasis;nucleoplasm;nucleus;positive regulation of transcription by RNA polymerase II;protein binding;protein domain specific binding;regulation of DNA-templated transcription;regulation of transcription by RNA polymerase II;sequence-specific DNA binding;sequence-specific double-stranded DNA binding;spermatogenesis;transcription cis-regulatory region binding",GO:0001678;GO:0006355;GO:0006357;GO:0007283;GO:0009653;GO:0030154;GO:0045944,anatomical structure morphogenesis;cell differentiation;intracellular glucose homeostasis;positive regulation of transcription by RNA polymerase II;regulation of DNA-templated transcription;regulation of transcription by RNA polymerase II;spermatogenesis,GO:0000976;GO:0000978;GO:0000981;GO:0003677;GO:0003700;GO:0005515;GO:0019904;GO:0043565;GO:1990837,"DNA binding;DNA-binding transcription factor activity;DNA-binding transcription factor activity, RNA polymerase II-specific;RNA polymerase II cis-regulatory region sequence-specific DNA binding;protein binding;protein domain specific binding;sequence-specific DNA binding;sequence-specific double-stranded DNA binding;transcription cis-regulatory region binding",GO:0000785;GO:0005634;GO:0005654,chromatin;nucleoplasm;nucleus
Q12770,1,1,Rosuvastatin,SCAP,22937,0,0,,,1,interaction_predominant,19,GO:0000139;GO:0005515;GO:0005783;GO:0005789;GO:0005794;GO:0006357;GO:0008203;GO:0012507;GO:0016020;GO:0032933;GO:0032934;GO:0032936;GO:0032991;GO:0033552;GO:0044877;GO:0045540;GO:0045541;GO:0045542;GO:0090110,COPII-coated vesicle cargo loading;ER to Golgi transport vesicle membrane;Golgi apparatus;Golgi membrane;SREBP signaling pathway;SREBP-SCAP complex;cholesterol metabolic process;endoplasmic reticulum;endoplasmic reticulum membrane;membrane;negative regulation of cholesterol biosynthetic process;positive regulation of cholesterol biosynthetic process;protein binding;protein-containing complex;protein-containing complex binding;regulation of cholesterol biosynthetic process;regulation of transcription by RNA polymerase II;response to vitamin B3;sterol binding,GO:0006357;GO:0008203;GO:0032933;GO:0033552;GO:0045540;GO:0045541;GO:0045542;GO:0090110,COPII-coated vesicle cargo loading;SREBP signaling pathway;cholesterol metabolic process;negative regulation of cholesterol biosynthetic process;positive regulation of cholesterol biosynthetic process;regulation of cholesterol biosynthetic process;regulation of transcription by RNA polymerase II;response to vitamin B3,GO:0005515;GO:0032934;GO:0044877,protein binding;protein-containing complex binding;sterol binding,GO:0000139;GO:0005783;GO:0005789;GO:0005794;GO:0012507;GO:0016020;GO:0032936;GO:0032991,ER to Golgi transport vesicle membrane;Golgi apparatus;Golgi membrane;SREBP-SCAP complex;endoplasmic reticulum;endoplasmic reticulum membrane;membrane;protein-containing complex
Q13547,1,1,atorvastatin,HDAC1,3065,0,0,,,1,interaction_predominant,76,GO:0000118;GO:0000122;GO:0000785;GO:0000792;GO:0000976;GO:0000978;GO:0000979;GO:0001046;GO:0001222;GO:0002039;GO:0003677;GO:0003682;GO:0003714;GO:0004407;GO:0005515;GO:0005634;GO:0005654;GO:0005667;GO:0005737;GO:0005829;GO:0006325;GO:0006338;GO:0006346;GO:0006357;GO:0007623;GO:0008284;GO:0009913;GO:0010628;GO:0010629;GO:0010832;GO:0016581;GO:0016811;GO:0017053;GO:0019899;GO:0030336;GO:0030512;GO:0031492;GO:0031507;GO:0032922;GO:0032991;GO:0033148;GO:0033558;GO:0035851;GO:0036120;GO:0042475;GO:0042659;GO:0042733;GO:0042826;GO:0043025;GO:0043066;GO:0043922;GO:0045814;GO:0045892;GO:0045893;GO:0045944;GO:0045995;GO:0048661;GO:0051059;GO:0060766;GO:0060789;GO:0061029;GO:0061198;GO:0061629;GO:0070822;GO:0070888;GO:0090090;GO:0140297;GO:0141221;GO:0160008;GO:0160009;GO:0160216;GO:1902455;GO:1902459;GO:1990841;GO:1990904;GO:2000736,"DNA binding;DNA methylation-dependent constitutive heterochromatin formation;DNA-binding transcription factor binding;E-box binding;Krueppel-associated box domain binding;NF-kappaB binding;NuRD complex;RNA polymerase II cis-regulatory region sequence-specific DNA binding;RNA polymerase II core promoter sequence-specific DNA binding;RNA polymerase II-specific DNA-binding transcription factor binding;Sin3-type complex;cellular response to platelet-derived growth factor stimulus;chromatin;chromatin binding;chromatin organization;chromatin remodeling;circadian regulation of gene expression;circadian rhythm;core promoter sequence-specific DNA binding;cytoplasm;cytosol;embryonic digit morphogenesis;enzyme binding;epidermal cell differentiation;eyelid development in camera-type eye;fungiform papilla formation;hair follicle placode formation;heterochromatin;heterochromatin formation;histone deacetylase activity;histone deacetylase activity, hydrolytic mechanism;histone deacetylase binding;histone deacetylase complex;histone decrotonylase activity;host-mediated suppression of viral transcription;hydrolase activity, acting on carbon-nitrogen (but not peptide) bonds, in linear amides;negative regulation of DNA-templated transcription;negative regulation of androgen receptor signaling pathway;negative regulation of apoptotic process;negative regulation of canonical Wnt signaling pathway;negative regulation of cell migration;negative regulation of gene expression;negative regulation of gene expression, epigenetic;negative regulation of myotube differentiation;negative regulation of stem cell population maintenance;negative regulation of transcription by RNA polymerase II;negative regulation of transforming growth factor beta receptor signaling pathway;neuronal cell body;nucleoplasm;nucleosomal DNA binding;nucleus;odontogenesis of dentin-containing tooth;p53 binding;positive regulation of DNA-templated transcription;positive regulation of cell population proliferation;positive regulation of gene expression;positive regulation of intracellular estrogen receptor signaling pathway;positive regulation of smooth muscle cell proliferation;positive regulation of stem cell population maintenance;positive regulation of transcription by RNA polymerase II;promoter-specific chromatin binding;protein binding;protein decrotonylase activity;protein lysine deacetylase activity;protein lysine delactylase activity;protein-containing complex;regulation of cell fate specification;regulation of embryonic development;regulation of stem cell differentiation;regulation of transcription by RNA polymerase II;ribonucleoprotein complex;transcription cis-regulatory region binding;transcription corepressor activity;transcription corepressor binding;transcription regulator complex;transcription repressor complex",GO:0000122;GO:0006325;GO:0006338;GO:0006346;GO:0006357;GO:0007623;GO:0008284;GO:0009913;GO:0010628;GO:0010629;GO:0010832;GO:0030336;GO:0030512;GO:0031507;GO:0032922;GO:0033148;GO:0036120;GO:0042475;GO:0042659;GO:0042733;GO:0043066;GO:0043922;GO:0045814;GO:0045892;GO:0045893;GO:0045944;GO:0045995;GO:0048661;GO:0060766;GO:0060789;GO:0061029;GO:0061198;GO:0090090;GO:1902455;GO:1902459;GO:2000736,"DNA methylation-dependent constitutive heterochromatin formation;cellular response to platelet-derived growth factor stimulus;chromatin organization;chromatin remodeling;circadian regulation of gene expression;circadian rhythm;embryonic digit morphogenesis;epidermal cell differentiation;eyelid development in camera-type eye;fungiform papilla formation;hair follicle placode formation;heterochromatin formation;host-mediated suppression of viral transcription;negative regulation of DNA-templated transcription;negative regulation of androgen receptor signaling pathway;negative regulation of apoptotic process;negative regulation of canonical Wnt signaling pathway;negative regulation of cell migration;negative regulation of gene expression;negative regulation of gene expression, epigenetic;negative regulation of myotube differentiation;negative regulation of stem cell population maintenance;negative regulation of transcription by RNA polymerase II;negative regulation of transforming growth factor beta receptor signaling pathway;odontogenesis of dentin-containing tooth;positive regulation of DNA-templated transcription;positive regulation of cell population proliferation;positive regulation of gene expression;positive regulation of intracellular estrogen receptor signaling pathway;positive regulation of smooth muscle cell proliferation;positive regulation of stem cell population maintenance;positive regulation of transcription by RNA polymerase II;regulation of cell fate specification;regulation of embryonic development;regulation of stem cell differentiation;regulation of transcription by RNA polymerase II",GO:0000976;GO:0000978;GO:0000979;GO:0001046;GO:0001222;GO:0002039;GO:0003677;GO:0003682;GO:0003714;GO:0004407;GO:0005515;GO:0016811;GO:0019899;GO:0031492;GO:0033558;GO:0035851;GO:0042826;GO:0051059;GO:0061629;GO:0070888;GO:0140297;GO:0141221;GO:0160008;GO:0160009;GO:0160216;GO:1990841,"DNA binding;DNA-binding transcription factor binding;E-box binding;Krueppel-associated box domain binding;NF-kappaB binding;RNA polymerase II cis-regulatory region sequence-specific DNA binding;RNA polymerase II core promoter sequence-specific DNA binding;RNA polymerase II-specific DNA-binding transcription factor binding;chromatin binding;core promoter sequence-specific DNA binding;enzyme binding;histone deacetylase activity;histone deacetylase activity, hydrolytic mechanism;histone deacetylase binding;histone decrotonylase activity;hydrolase activity, acting on carbon-nitrogen (but not peptide) bonds, in linear amides;nucleosomal DNA binding;p53 binding;promoter-specific chromatin binding;protein binding;protein decrotonylase activity;protein lysine deacetylase activity;protein lysine delactylase activity;transcription cis-regulatory region binding;transcription corepressor activity;transcription corepressor binding",GO:0000118;GO:0000785;GO:0000792;GO:0005634;GO:0005654;GO:0005667;GO:0005737;GO:0005829;GO:0016581;GO:0017053;GO:0032991;GO:0043025;GO:0070822;GO:1990904,NuRD complex;Sin3-type complex;chromatin;cytoplasm;cytosol;heterochromatin;histone deacetylase complex;neuronal cell body;nucleoplasm;nucleus;protein-containing complex;ribonucleoprotein complex;transcription regulator complex;transcription repressor complex
Q13698,1,1,Rosuvastatin,CACNA1S,779,0,0,,,1,interaction_predominant,22,GO:0005216;GO:0005245;GO:0005515;GO:0005737;GO:0005886;GO:0005891;GO:0006811;GO:0006816;GO:0006936;GO:0008331;GO:0016020;GO:0030315;GO:0031674;GO:0036094;GO:0045933;GO:0051209;GO:0055085;GO:0070588;GO:0071313;GO:0098703;GO:0140677;GO:1990454,I band;L-type voltage-gated calcium channel complex;T-tubule;calcium ion import across plasma membrane;calcium ion transmembrane transport;calcium ion transport;cellular response to caffeine;cytoplasm;high voltage-gated calcium channel activity;membrane;molecular function activator activity;monoatomic ion channel activity;monoatomic ion transport;muscle contraction;plasma membrane;positive regulation of muscle contraction;protein binding;release of sequestered calcium ion into cytosol;small molecule binding;transmembrane transport;voltage-gated calcium channel activity;voltage-gated calcium channel complex,GO:0006811;GO:0006816;GO:0006936;GO:0045933;GO:0051209;GO:0055085;GO:0070588;GO:0071313;GO:0098703,calcium ion import across plasma membrane;calcium ion transmembrane transport;calcium ion transport;cellular response to caffeine;monoatomic ion transport;muscle contraction;positive regulation of muscle contraction;release of sequestered calcium ion into cytosol;transmembrane transport,GO:0005216;GO:0005245;GO:0005515;GO:0008331;GO:0036094;GO:0140677,high voltage-gated calcium channel activity;molecular function activator activity;monoatomic ion channel activity;protein binding;small molecule binding;voltage-gated calcium channel activity,GO:0005737;GO:0005886;GO:0005891;GO:0016020;GO:0030315;GO:0031674;GO:1990454,I band;L-type voltage-gated calcium channel complex;T-tubule;cytoplasm;membrane;plasma membrane;voltage-gated calcium channel complex
Q14973,1,1,Rosuvastatin,SLC10A1,6554,0,0,,,1,interaction_predominant,11,GO:0005515;GO:0005886;GO:0008508;GO:0015125;GO:0015721;GO:0016020;GO:0016323;GO:0031667;GO:0043627;GO:0045471;GO:0071466,basolateral plasma membrane;bile acid and bile salt transport;bile acid transmembrane transporter activity;bile acid:sodium symporter activity;cellular response to xenobiotic stimulus;membrane;plasma membrane;protein binding;response to estrogen;response to ethanol;response to nutrient levels,GO:0015721;GO:0031667;GO:0043627;GO:0045471;GO:0071466,bile acid and bile salt transport;cellular response to xenobiotic stimulus;response to estrogen;response to ethanol;response to nutrient levels,GO:0005515;GO:0008508;GO:0015125,bile acid transmembrane transporter activity;bile acid:sodium symporter activity;protein binding,GO:0005886;GO:0016020;GO:0016323,basolateral plasma membrane;membrane;plasma membrane
Q14994,1,1,atorvastatin,NR1I3,9970,0,0,,,1,interaction_predominant,23,GO:0000122;GO:0000785;GO:0000977;GO:0000978;GO:0000981;GO:0001228;GO:0001649;GO:0003677;GO:0003700;GO:0004879;GO:0005515;GO:0005634;GO:0005654;GO:0005737;GO:0005856;GO:0006355;GO:0007165;GO:0008270;GO:0030154;GO:0030522;GO:0043565;GO:0045944;GO:1990837,"DNA binding;DNA-binding transcription activator activity, RNA polymerase II-specific;DNA-binding transcription factor activity;DNA-binding transcription factor activity, RNA polymerase II-specific;RNA polymerase II cis-regulatory region sequence-specific DNA binding;RNA polymerase II transcription regulatory region sequence-specific DNA binding;cell differentiation;chromatin;cytoplasm;cytoskeleton;intracellular receptor signaling pathway;negative regulation of transcription by RNA polymerase II;nuclear receptor activity;nucleoplasm;nucleus;osteoblast differentiation;positive regulation of transcription by RNA polymerase II;protein binding;regulation of DNA-templated transcription;sequence-specific DNA binding;sequence-specific double-stranded DNA binding;signal transduction;zinc ion binding",GO:0000122;GO:0001649;GO:0006355;GO:0007165;GO:0030154;GO:0030522;GO:0045944,cell differentiation;intracellular receptor signaling pathway;negative regulation of transcription by RNA polymerase II;osteoblast differentiation;positive regulation of transcription by RNA polymerase II;regulation of DNA-templated transcription;signal transduction,GO:0000977;GO:0000978;GO:0000981;GO:0001228;GO:0003677;GO:0003700;GO:0004879;GO:0005515;GO:0008270;GO:0043565;GO:1990837,"DNA binding;DNA-binding transcription activator activity, RNA polymerase II-specific;DNA-binding transcription factor activity;DNA-binding transcription factor activity, RNA polymerase II-specific;RNA polymerase II cis-regulatory region sequence-specific DNA binding;RNA polymerase II transcription regulatory region sequence-specific DNA binding;nuclear receptor activity;protein binding;sequence-specific DNA binding;sequence-specific double-stranded DNA binding;zinc ion binding",GO:0000785;GO:0005634;GO:0005654;GO:0005737;GO:0005856,chromatin;cytoplasm;cytoskeleton;nucleoplasm;nucleus
Q1W675,1,1,atorvastatin,HMGCR,100144446,0,0,,,1,interaction_predominant,9,GO:0004420;GO:0005778;GO:0005783;GO:0005789;GO:0008299;GO:0015936;GO:0016126;GO:0016616;GO:0050661,"NADP binding;coenzyme A metabolic process;endoplasmic reticulum;endoplasmic reticulum membrane;hydroxymethylglutaryl-CoA reductase (NADPH) activity;isoprenoid biosynthetic process;oxidoreductase activity, acting on the CH-OH group of donors, NAD or NADP as acceptor;peroxisomal membrane;sterol biosynthetic process",GO:0008299;GO:0015936;GO:0016126,coenzyme A metabolic process;isoprenoid biosynthetic process;sterol biosynthetic process,GO:0004420;GO:0016616;GO:0050661,"NADP binding;hydroxymethylglutaryl-CoA reductase (NADPH) activity;oxidoreductase activity, acting on the CH-OH group of donors, NAD or NADP as acceptor",GO:0005778;GO:0005783;GO:0005789,endoplasmic reticulum;endoplasmic reticulum membrane;peroxisomal membrane
Q6Q788,1,1,Rosuvastatin,APOA5,116519,0,0,,,1,interaction_predominant,40,GO:0005515;GO:0005543;GO:0005576;GO:0005769;GO:0005770;GO:0005788;GO:0005794;GO:0006641;GO:0006869;GO:0008201;GO:0008203;GO:0008289;GO:0010898;GO:0010902;GO:0019433;GO:0019899;GO:0031210;GO:0033344;GO:0033700;GO:0034361;GO:0034362;GO:0034364;GO:0034447;GO:0035473;GO:0042157;GO:0042246;GO:0042627;GO:0042632;GO:0045723;GO:0048260;GO:0050750;GO:0050996;GO:0055090;GO:0060228;GO:0060229;GO:0060230;GO:0070325;GO:0070328;GO:0120020;GO:1903561,Golgi apparatus;acylglycerol homeostasis;cholesterol efflux;cholesterol homeostasis;cholesterol metabolic process;cholesterol transfer activity;chylomicron;early endosome;endoplasmic reticulum lumen;enzyme binding;extracellular region;extracellular vesicle;heparin binding;high-density lipoprotein particle;late endosome;lipase activator activity;lipase binding;lipid binding;lipid transport;lipoprotein lipase activator activity;lipoprotein metabolic process;lipoprotein particle receptor binding;low-density lipoprotein particle;low-density lipoprotein particle receptor binding;phosphatidylcholine binding;phosphatidylcholine-sterol O-acyltransferase activator activity;phospholipid binding;phospholipid efflux;positive regulation of fatty acid biosynthetic process;positive regulation of lipid catabolic process;positive regulation of receptor-mediated endocytosis;positive regulation of triglyceride catabolic process;positive regulation of very-low-density lipoprotein particle remodeling;protein binding;tissue regeneration;triglyceride catabolic process;triglyceride homeostasis;triglyceride metabolic process;very-low-density lipoprotein particle;very-low-density lipoprotein particle clearance,GO:0006641;GO:0006869;GO:0008203;GO:0010898;GO:0010902;GO:0019433;GO:0033344;GO:0033700;GO:0034447;GO:0042157;GO:0042246;GO:0042632;GO:0045723;GO:0048260;GO:0050996;GO:0055090;GO:0070328,acylglycerol homeostasis;cholesterol efflux;cholesterol homeostasis;cholesterol metabolic process;lipid transport;lipoprotein metabolic process;phospholipid efflux;positive regulation of fatty acid biosynthetic process;positive regulation of lipid catabolic process;positive regulation of receptor-mediated endocytosis;positive regulation of triglyceride catabolic process;positive regulation of very-low-density lipoprotein particle remodeling;tissue regeneration;triglyceride catabolic process;triglyceride homeostasis;triglyceride metabolic process;very-low-density lipoprotein particle clearance,GO:0005515;GO:0005543;GO:0008201;GO:0008289;GO:0019899;GO:0031210;GO:0035473;GO:0050750;GO:0060228;GO:0060229;GO:0060230;GO:0070325;GO:0120020,cholesterol transfer activity;enzyme binding;heparin binding;lipase activator activity;lipase binding;lipid binding;lipoprotein lipase activator activity;lipoprotein particle receptor binding;low-density lipoprotein particle receptor binding;phosphatidylcholine binding;phosphatidylcholine-sterol O-acyltransferase activator activity;phospholipid binding;protein binding,GO:0005576;GO:0005769;GO:0005770;GO:0005788;GO:0005794;GO:0034361;GO:0034362;GO:0034364;GO:0042627;GO:1903561,Golgi apparatus;chylomicron;early endosome;endoplasmic reticulum lumen;extracellular region;extracellular vesicle;high-density lipoprotein particle;late endosome;low-density lipoprotein particle;very-low-density lipoprotein particle
Q6ZMV9,1,1,Rosuvastatin,KIF6,221458,0,0,,,1,interaction_predominant,10,GO:0003777;GO:0005515;GO:0005524;GO:0005737;GO:0005856;GO:0005871;GO:0005874;GO:0007018;GO:0008017;GO:0016887,ATP binding;ATP hydrolysis activity;cytoplasm;cytoskeleton;kinesin complex;microtubule;microtubule binding;microtubule motor activity;microtubule-based movement;protein binding,GO:0007018,microtubule-based movement,GO:0003777;GO:0005515;GO:0005524;GO:0008017;GO:0016887,ATP binding;ATP hydrolysis activity;microtubule binding;microtubule motor activity;protein binding,GO:0005737;GO:0005856;GO:0005871;GO:0005874,cytoplasm;cytoskeleton;kinesin complex;microtubule
Q8TCC7,1,1,Rosuvastatin,SLC22A8,9376,0,0,,,1,interaction_predominant,15,GO:0005452;GO:0005886;GO:0009925;GO:0015132;GO:0015297;GO:0015732;GO:0016020;GO:0016323;GO:0016324;GO:0022857;GO:0042908;GO:0042910;GO:0055085;GO:0070062;GO:0150104,antiporter activity;apical plasma membrane;basal plasma membrane;basolateral plasma membrane;extracellular exosome;membrane;plasma membrane;prostaglandin transmembrane transporter activity;prostaglandin transport;solute:inorganic anion antiporter activity;transmembrane transport;transmembrane transporter activity;transport across blood-brain barrier;xenobiotic transmembrane transporter activity;xenobiotic transport,GO:0015732;GO:0042908;GO:0055085;GO:0150104,prostaglandin transport;transmembrane transport;transport across blood-brain barrier;xenobiotic transport,GO:0005452;GO:0015132;GO:0015297;GO:0022857;GO:0042910,antiporter activity;prostaglandin transmembrane transporter activity;solute:inorganic anion antiporter activity;transmembrane transporter activity;xenobiotic transmembrane transporter activity,GO:0005886;GO:0009925;GO:0016020;GO:0016323;GO:0016324;GO:0070062,apical plasma membrane;basal plasma membrane;basolateral plasma membrane;extracellular exosome;membrane;plasma membrane
Q92769,1,1,atorvastatin,HDAC2,3066,0,0,,,1,interaction_predominant,55,GO:0000118;GO:0000122;GO:0000781;GO:0000785;GO:0001221;GO:0003682;GO:0003723;GO:0004407;GO:0005515;GO:0005634;GO:0005654;GO:0005737;GO:0006338;GO:0008284;GO:0009913;GO:0010977;GO:0016358;GO:0016581;GO:0016811;GO:0019899;GO:0030336;GO:0030512;GO:0031492;GO:0031507;GO:0032922;GO:0032991;GO:0033148;GO:0033558;GO:0035098;GO:0042393;GO:0042475;GO:0042659;GO:0042733;GO:0042826;GO:0043066;GO:0045862;GO:0045892;GO:0045893;GO:0045944;GO:0045995;GO:0050847;GO:0051059;GO:0060789;GO:0061029;GO:0061198;GO:0061629;GO:0070822;GO:0141221;GO:0160008;GO:0160009;GO:0160010;GO:0160216;GO:1902455;GO:1902459;GO:2000736,"ESC/E(Z) complex;NF-kappaB binding;NuRD complex;RNA binding;RNA polymerase II-specific DNA-binding transcription factor binding;Sin3-type complex;chromatin;chromatin binding;chromatin remodeling;chromosome, telomeric region;circadian regulation of gene expression;cytoplasm;dendrite development;embryonic digit morphogenesis;enzyme binding;epidermal cell differentiation;eyelid development in camera-type eye;fungiform papilla formation;hair follicle placode formation;heterochromatin formation;histone binding;histone deacetylase activity;histone deacetylase activity, hydrolytic mechanism;histone deacetylase binding;histone deacetylase complex;histone decrotonylase activity;hydrolase activity, acting on carbon-nitrogen (but not peptide) bonds, in linear amides;negative regulation of DNA-templated transcription;negative regulation of apoptotic process;negative regulation of cell migration;negative regulation of neuron projection development;negative regulation of stem cell population maintenance;negative regulation of transcription by RNA polymerase II;negative regulation of transforming growth factor beta receptor signaling pathway;nucleoplasm;nucleosomal DNA binding;nucleus;odontogenesis of dentin-containing tooth;positive regulation of DNA-templated transcription;positive regulation of cell population proliferation;positive regulation of intracellular estrogen receptor signaling pathway;positive regulation of proteolysis;positive regulation of stem cell population maintenance;positive regulation of transcription by RNA polymerase II;progesterone receptor signaling pathway;protein binding;protein de-2-hydroxyisobutyrylase activity;protein decrotonylase activity;protein lysine deacetylase activity;protein lysine delactylase activity;protein-containing complex;regulation of cell fate specification;regulation of embryonic development;regulation of stem cell differentiation;transcription coregulator binding",GO:0000122;GO:0006338;GO:0008284;GO:0009913;GO:0010977;GO:0016358;GO:0030336;GO:0030512;GO:0031507;GO:0032922;GO:0033148;GO:0042475;GO:0042659;GO:0042733;GO:0043066;GO:0045862;GO:0045892;GO:0045893;GO:0045944;GO:0045995;GO:0050847;GO:0060789;GO:0061029;GO:0061198;GO:1902455;GO:1902459;GO:2000736,chromatin remodeling;circadian regulation of gene expression;dendrite development;embryonic digit morphogenesis;epidermal cell differentiation;eyelid development in camera-type eye;fungiform papilla formation;hair follicle placode formation;heterochromatin formation;negative regulation of DNA-templated transcription;negative regulation of apoptotic process;negative regulation of cell migration;negative regulation of neuron projection development;negative regulation of stem cell population maintenance;negative regulation of transcription by RNA polymerase II;negative regulation of transforming growth factor beta receptor signaling pathway;odontogenesis of dentin-containing tooth;positive regulation of DNA-templated transcription;positive regulation of cell population proliferation;positive regulation of intracellular estrogen receptor signaling pathway;positive regulation of proteolysis;positive regulation of stem cell population maintenance;positive regulation of transcription by RNA polymerase II;progesterone receptor signaling pathway;regulation of cell fate specification;regulation of embryonic development;regulation of stem cell differentiation,GO:0001221;GO:0003682;GO:0003723;GO:0004407;GO:0005515;GO:0016811;GO:0019899;GO:0031492;GO:0033558;GO:0042393;GO:0042826;GO:0051059;GO:0061629;GO:0141221;GO:0160008;GO:0160009;GO:0160010;GO:0160216,"NF-kappaB binding;RNA binding;RNA polymerase II-specific DNA-binding transcription factor binding;chromatin binding;enzyme binding;histone binding;histone deacetylase activity;histone deacetylase activity, hydrolytic mechanism;histone deacetylase binding;histone decrotonylase activity;hydrolase activity, acting on carbon-nitrogen (but not peptide) bonds, in linear amides;nucleosomal DNA binding;protein binding;protein de-2-hydroxyisobutyrylase activity;protein decrotonylase activity;protein lysine deacetylase activity;protein lysine delactylase activity;transcription coregulator binding",GO:0000118;GO:0000781;GO:0000785;GO:0005634;GO:0005654;GO:0005737;GO:0016581;GO:0032991;GO:0035098;GO:0070822,"ESC/E(Z) complex;NuRD complex;Sin3-type complex;chromatin;chromosome, telomeric region;cytoplasm;histone deacetylase complex;nucleoplasm;nucleus;protein-containing complex"
Q9UBN7,1,1,atorvastatin,HDAC6,10013,0,0,,,1,interaction_predominant,95,GO:0000118;GO:0000153;GO:0000978;GO:0001222;GO:0004407;GO:0005515;GO:0005634;GO:0005737;GO:0005771;GO:0005813;GO:0005829;GO:0005856;GO:0005874;GO:0005875;GO:0005901;GO:0005929;GO:0006476;GO:0006515;GO:0006886;GO:0006950;GO:0007173;GO:0008013;GO:0008017;GO:0008270;GO:0010506;GO:0010634;GO:0010727;GO:0015630;GO:0016234;GO:0016235;GO:0016236;GO:0016241;GO:0016567;GO:0019213;GO:0019896;GO:0019899;GO:0030424;GO:0030425;GO:0031252;GO:0031333;GO:0031593;GO:0031625;GO:0031647;GO:0031648;GO:0032418;GO:0032461;GO:0032886;GO:0032991;GO:0033148;GO:0033558;GO:0034605;GO:0035967;GO:0036064;GO:0036479;GO:0042030;GO:0042826;GO:0042903;GO:0043005;GO:0043014;GO:0043130;GO:0043204;GO:0043242;GO:0044297;GO:0045814;GO:0045861;GO:0045892;GO:0047611;GO:0048156;GO:0048471;GO:0048487;GO:0051129;GO:0051130;GO:0051646;GO:0051787;GO:0051788;GO:0051879;GO:0060271;GO:0060632;GO:0060765;GO:0061523;GO:0061630;GO:0061734;GO:0070301;GO:0070840;GO:0070842;GO:0070845;GO:0090042;GO:0098732;GO:0106047;GO:0106048;GO:0120025;GO:1903146;GO:1904115;GO:1905091;GO:1905336,"ATPase inhibitor activity;Hsp90 protein binding;RNA polymerase II cis-regulatory region sequence-specific DNA binding;acetylspermidine deacetylase activity;aggresome;aggresome assembly;alpha-tubulin binding;axon;axon cytoplasm;axonal transport of mitochondrion;beta-catenin binding;beta-tubulin binding;caveola;cell body;cell leading edge;cellular response to heat;cellular response to hydrogen peroxide;cellular response to topologically incorrect protein;centrosome;ciliary basal body;cilium;cilium assembly;cilium disassembly;cytoplasm;cytoplasmic ubiquitin ligase complex;cytoskeleton;cytosol;deacetylase activity;dendrite;dynein complex binding;enzyme binding;epidermal growth factor receptor signaling pathway;histone deacetylase activity;histone deacetylase binding;histone deacetylase complex;inclusion body;intracellular protein transport;lysosome localization;macroautophagy;macromolecule deacylation;microtubule;microtubule associated complex;microtubule binding;microtubule cytoskeleton;misfolded protein binding;mitochondrion localization;multivesicular body;negative regulation of DNA-templated transcription;negative regulation of aggrephagy;negative regulation of cellular component organization;negative regulation of gene expression, epigenetic;negative regulation of hydrogen peroxide metabolic process;negative regulation of protein-containing complex assembly;negative regulation of protein-containing complex disassembly;negative regulation of proteolysis;neuron projection;nucleus;obsolete polyamine deacetylation;obsolete spermidine deacetylation;perikaryon;perinuclear region of cytoplasm;peroxidase inhibitor activity;plasma membrane bounded cell projection;polyubiquitin modification-dependent protein binding;polyubiquitinated misfolded protein transport;positive regulation of cellular component organization;positive regulation of epithelial cell migration;positive regulation of intracellular estrogen receptor signaling pathway;positive regulation of protein oligomerization;positive regulation of type 2 mitophagy;protein binding;protein deacetylation;protein destabilization;protein lysine deacetylase activity;protein quality control for misfolded or incompletely synthesized proteins;protein ubiquitination;protein-containing complex;regulation of androgen receptor signaling pathway;regulation of autophagy;regulation of autophagy of mitochondrion;regulation of macroautophagy;regulation of microtubule-based movement;regulation of microtubule-based process;regulation of protein stability;response to misfolded protein;response to stress;tau protein binding;transcription corepressor binding;tubulin deacetylase activity;tubulin deacetylation;type 2 mitophagy;ubiquitin binding;ubiquitin protein ligase activity;ubiquitin protein ligase binding;zinc ion binding",GO:0006476;GO:0006515;GO:0006886;GO:0006950;GO:0007173;GO:0010506;GO:0010634;GO:0010727;GO:0016236;GO:0016241;GO:0016567;GO:0019896;GO:0031333;GO:0031647;GO:0031648;GO:0032418;GO:0032461;GO:0032886;GO:0033148;GO:0034605;GO:0035967;GO:0043242;GO:0045814;GO:0045861;GO:0045892;GO:0051129;GO:0051130;GO:0051646;GO:0051788;GO:0060271;GO:0060632;GO:0060765;GO:0061523;GO:0061734;GO:0070301;GO:0070842;GO:0070845;GO:0090042;GO:0098732;GO:0106047;GO:0106048;GO:1903146;GO:1905091;GO:1905336,"aggresome assembly;axonal transport of mitochondrion;cellular response to heat;cellular response to hydrogen peroxide;cellular response to topologically incorrect protein;cilium assembly;cilium disassembly;epidermal growth factor receptor signaling pathway;intracellular protein transport;lysosome localization;macroautophagy;macromolecule deacylation;mitochondrion localization;negative regulation of DNA-templated transcription;negative regulation of aggrephagy;negative regulation of cellular component organization;negative regulation of gene expression, epigenetic;negative regulation of hydrogen peroxide metabolic process;negative regulation of protein-containing complex assembly;negative regulation of protein-containing complex disassembly;negative regulation of proteolysis;obsolete polyamine deacetylation;obsolete spermidine deacetylation;polyubiquitinated misfolded protein transport;positive regulation of cellular component organization;positive regulation of epithelial cell migration;positive regulation of intracellular estrogen receptor signaling pathway;positive regulation of protein oligomerization;positive regulation of type 2 mitophagy;protein deacetylation;protein destabilization;protein quality control for misfolded or incompletely synthesized proteins;protein ubiquitination;regulation of androgen receptor signaling pathway;regulation of autophagy;regulation of autophagy of mitochondrion;regulation of macroautophagy;regulation of microtubule-based movement;regulation of microtubule-based process;regulation of protein stability;response to misfolded protein;response to stress;tubulin deacetylation;type 2 mitophagy",GO:0000978;GO:0001222;GO:0004407;GO:0005515;GO:0008013;GO:0008017;GO:0008270;GO:0019213;GO:0019899;GO:0031593;GO:0031625;GO:0033558;GO:0036479;GO:0042030;GO:0042826;GO:0042903;GO:0043014;GO:0043130;GO:0047611;GO:0048156;GO:0048487;GO:0051787;GO:0051879;GO:0061630;GO:0070840,ATPase inhibitor activity;Hsp90 protein binding;RNA polymerase II cis-regulatory region sequence-specific DNA binding;acetylspermidine deacetylase activity;alpha-tubulin binding;beta-catenin binding;beta-tubulin binding;deacetylase activity;dynein complex binding;enzyme binding;histone deacetylase activity;histone deacetylase binding;microtubule binding;misfolded protein binding;peroxidase inhibitor activity;polyubiquitin modification-dependent protein binding;protein binding;protein lysine deacetylase activity;tau protein binding;transcription corepressor binding;tubulin deacetylase activity;ubiquitin binding;ubiquitin protein ligase activity;ubiquitin protein ligase binding;zinc ion binding,GO:0000118;GO:0000153;GO:0005634;GO:0005737;GO:0005771;GO:0005813;GO:0005829;GO:0005856;GO:0005874;GO:0005875;GO:0005901;GO:0005929;GO:0015630;GO:0016234;GO:0016235;GO:0030424;GO:0030425;GO:0031252;GO:0032991;GO:0036064;GO:0043005;GO:0043204;GO:0044297;GO:0048471;GO:0120025;GO:1904115,aggresome;axon;axon cytoplasm;caveola;cell body;cell leading edge;centrosome;ciliary basal body;cilium;cytoplasm;cytoplasmic ubiquitin ligase complex;cytoskeleton;cytosol;dendrite;histone deacetylase complex;inclusion body;microtubule;microtubule associated complex;microtubule cytoskeleton;multivesicular body;neuron projection;nucleus;perikaryon;perinuclear region of cytoplasm;plasma membrane bounded cell projection;protein-containing complex
Q9UPU5,1,1,Rosuvastatin,USP24,23358,0,0,,,1,interaction_predominant,7,GO:0004843;GO:0005515;GO:0005634;GO:0005654;GO:0005829;GO:0016579;GO:0031647,cysteine-type deubiquitinase activity;cytosol;nucleoplasm;nucleus;protein binding;protein deubiquitination;regulation of protein stability,GO:0016579;GO:0031647,protein deubiquitination;regulation of protein stability,GO:0004843;GO:0005515,cysteine-type deubiquitinase activity;protein binding,GO:0005634;GO:0005654;GO:0005829,cytosol;nucleoplasm;nucleus
Q9UPY5,1,1,Rosuvastatin,SLC7A11,23657,0,0,,,1,interaction_predominant,26,GO:0003333;GO:0005515;GO:0005765;GO:0005886;GO:0006865;GO:0009636;GO:0009986;GO:0015252;GO:0015327;GO:0015811;GO:0015813;GO:0016020;GO:0022840;GO:0022857;GO:0031526;GO:0031528;GO:0035752;GO:0043067;GO:0045177;GO:0055085;GO:0089718;GO:0097449;GO:0110076;GO:0140924;GO:0140926;GO:1902600,L-cystine transport;L-glutamate transmembrane transport;L-kynurenine transmembrane transport;L-kynurenine transmembrane transporter activity;amino acid import across plasma membrane;amino acid transmembrane transport;amino acid transport;apical part of cell;astrocyte projection;brush border membrane;cell surface;cystine:glutamate antiporter activity;leak channel activity;lysosomal lumen pH elevation;lysosomal membrane;membrane;microvillus membrane;negative regulation of ferroptosis;plasma membrane;protein binding;proton channel activity;proton transmembrane transport;regulation of programmed cell death;response to toxic substance;transmembrane transport;transmembrane transporter activity,GO:0003333;GO:0006865;GO:0009636;GO:0015811;GO:0015813;GO:0035752;GO:0043067;GO:0055085;GO:0089718;GO:0110076;GO:0140924;GO:1902600,L-cystine transport;L-glutamate transmembrane transport;L-kynurenine transmembrane transport;amino acid import across plasma membrane;amino acid transmembrane transport;amino acid transport;lysosomal lumen pH elevation;negative regulation of ferroptosis;proton transmembrane transport;regulation of programmed cell death;response to toxic substance;transmembrane transport,GO:0005515;GO:0015252;GO:0015327;GO:0022840;GO:0022857;GO:0140926,L-kynurenine transmembrane transporter activity;cystine:glutamate antiporter activity;leak channel activity;protein binding;proton channel activity;transmembrane transporter activity,GO:0005765;GO:0005886;GO:0009986;GO:0016020;GO:0031526;GO:0031528;GO:0045177;GO:0097449,apical part of cell;astrocyte projection;brush border membrane;cell surface;lysosomal membrane;membrane;microvillus membrane;plasma membrane
P04035,2,2,Rosuvastatin;atorvastatin,HMGCR,3156,2,2,PathBank:SMP0000092;PathBank:SMP0000131,Rosuvastatin;atorvastatin,4,interaction_and_pathway,24,GO:0004420;GO:0005515;GO:0005778;GO:0005783;GO:0005789;GO:0006695;GO:0008299;GO:0010142;GO:0015936;GO:0016126;GO:0016616;GO:0019287;GO:0030695;GO:0033386;GO:0033489;GO:0033490;GO:0036197;GO:0042177;GO:0050661;GO:0050709;GO:0070402;GO:0098554;GO:0120225;GO:1900222,"GTPase regulator activity;NADP binding;NADPH binding;cholesterol biosynthetic process;cholesterol biosynthetic process via desmosterol;cholesterol biosynthetic process via lathosterol;coenzyme A binding;coenzyme A metabolic process;cytoplasmic side of endoplasmic reticulum membrane;endoplasmic reticulum;endoplasmic reticulum membrane;farnesyl diphosphate biosynthetic process, mevalonate pathway;geranylgeranyl diphosphate biosynthetic process;hydroxymethylglutaryl-CoA reductase (NADPH) activity;isopentenyl diphosphate biosynthetic process, mevalonate pathway;isoprenoid biosynthetic process;negative regulation of amyloid-beta clearance;negative regulation of protein catabolic process;negative regulation of protein secretion;oxidoreductase activity, acting on the CH-OH group of donors, NAD or NADP as acceptor;peroxisomal membrane;protein binding;sterol biosynthetic process;zymosterol biosynthetic process",GO:0006695;GO:0008299;GO:0010142;GO:0015936;GO:0016126;GO:0019287;GO:0033386;GO:0033489;GO:0033490;GO:0036197;GO:0042177;GO:0050709;GO:1900222,"cholesterol biosynthetic process;cholesterol biosynthetic process via desmosterol;cholesterol biosynthetic process via lathosterol;coenzyme A metabolic process;farnesyl diphosphate biosynthetic process, mevalonate pathway;geranylgeranyl diphosphate biosynthetic process;isopentenyl diphosphate biosynthetic process, mevalonate pathway;isoprenoid biosynthetic process;negative regulation of amyloid-beta clearance;negative regulation of protein catabolic process;negative regulation of protein secretion;sterol biosynthetic process;zymosterol biosynthetic process",GO:0004420;GO:0005515;GO:0016616;GO:0030695;GO:0050661;GO:0070402;GO:0120225,"GTPase regulator activity;NADP binding;NADPH binding;coenzyme A binding;hydroxymethylglutaryl-CoA reductase (NADPH) activity;oxidoreductase activity, acting on the CH-OH group of donors, NAD or NADP as acceptor;protein binding",GO:0005778;GO:0005783;GO:0005789;GO:0098554,cytoplasmic side of endoplasmic reticulum membrane;endoplasmic reticulum;endoplasmic reticulum membrane;peroxisomal membrane
P08684,2,2,Rosuvastatin;atorvastatin,CYP3A4,1576,1,1,PharmGKB:PA145011109,atorvastatin,3,interaction_and_pathway,48,GO:0002933;GO:0004497;GO:0005496;GO:0005506;GO:0005515;GO:0005737;GO:0005789;GO:0006629;GO:0006631;GO:0006706;GO:0006805;GO:0008202;GO:0008203;GO:0008209;GO:0008210;GO:0008395;GO:0008401;GO:0008404;GO:0009822;GO:0016098;GO:0016491;GO:0016705;GO:0016712;GO:0019825;GO:0019899;GO:0020037;GO:0030343;GO:0034875;GO:0036378;GO:0042178;GO:0042359;GO:0042369;GO:0042572;GO:0042573;GO:0042759;GO:0043231;GO:0046222;GO:0050591;GO:0050649;GO:0062181;GO:0062187;GO:0062188;GO:0062189;GO:0070576;GO:0070989;GO:0101020;GO:0101021;GO:0102320,"1,8-cineole 2-exo-monooxygenase activity;1-alpha,25-dihydroxyvitamin D3 23-hydroxylase activity;aflatoxin metabolic process;alkaloid catabolic process;anandamide 11,12 epoxidase activity;anandamide 14,15 epoxidase activity;anandamide 8,9 epoxidase activity;androgen metabolic process;arachidonate 14,15-epoxygenase activity;caffeine oxidase activity;calcitriol biosynthetic process from calciol;cholesterol metabolic process;cytoplasm;endoplasmic reticulum membrane;enzyme binding;estrogen 16-alpha-hydroxylase activity;estrogen 2-hydroxylase activity;estrogen metabolic process;fatty acid metabolic process;heme binding;intracellular membrane-bounded organelle;iron ion binding;lipid hydroxylation;lipid metabolic process;long-chain fatty acid biosynthetic process;monooxygenase activity;monoterpenoid metabolic process;oxidative demethylation;oxidoreductase activity;oxidoreductase activity, acting on paired donors, with incorporation or reduction of molecular oxygen;oxidoreductase activity, acting on paired donors, with incorporation or reduction of molecular oxygen, reduced flavin or flavoprotein as one donor, and incorporation of one atom of oxygen;oxygen binding;protein binding;quinine 3-monooxygenase activity;retinoic acid 4-hydroxylase activity;retinoic acid metabolic process;retinol metabolic process;steroid binding;steroid catabolic process;steroid hydroxylase activity;steroid metabolic process;testosterone 6-beta-hydroxylase activity;vitamin D 24-hydroxylase activity;vitamin D catabolic process;vitamin D metabolic process;vitamin D3 25-hydroxylase activity;xenobiotic catabolic process;xenobiotic metabolic process",GO:0002933;GO:0006629;GO:0006631;GO:0006706;GO:0006805;GO:0008202;GO:0008203;GO:0008209;GO:0008210;GO:0009822;GO:0016098;GO:0036378;GO:0042178;GO:0042359;GO:0042369;GO:0042572;GO:0042573;GO:0042759;GO:0046222;GO:0070989,aflatoxin metabolic process;alkaloid catabolic process;androgen metabolic process;calcitriol biosynthetic process from calciol;cholesterol metabolic process;estrogen metabolic process;fatty acid metabolic process;lipid hydroxylation;lipid metabolic process;long-chain fatty acid biosynthetic process;monoterpenoid metabolic process;oxidative demethylation;retinoic acid metabolic process;retinol metabolic process;steroid catabolic process;steroid metabolic process;vitamin D catabolic process;vitamin D metabolic process;xenobiotic catabolic process;xenobiotic metabolic process,GO:0004497;GO:0005496;GO:0005506;GO:0005515;GO:0008395;GO:0008401;GO:0008404;GO:0016491;GO:0016705;GO:0016712;GO:0019825;GO:0019899;GO:0020037;GO:0030343;GO:0034875;GO:0050591;GO:0050649;GO:0062181;GO:0062187;GO:0062188;GO:0062189;GO:0070576;GO:0101020;GO:0101021;GO:0102320,"1,8-cineole 2-exo-monooxygenase activity;1-alpha,25-dihydroxyvitamin D3 23-hydroxylase activity;anandamide 11,12 epoxidase activity;anandamide 14,15 epoxidase activity;anandamide 8,9 epoxidase activity;arachidonate 14,15-epoxygenase activity;caffeine oxidase activity;enzyme binding;estrogen 16-alpha-hydroxylase activity;estrogen 2-hydroxylase activity;heme binding;iron ion binding;monooxygenase activity;oxidoreductase activity;oxidoreductase activity, acting on paired donors, with incorporation or reduction of molecular oxygen;oxidoreductase activity, acting on paired donors, with incorporation or reduction of molecular oxygen, reduced flavin or flavoprotein as one donor, and incorporation of one atom of oxygen;oxygen binding;protein binding;quinine 3-monooxygenase activity;retinoic acid 4-hydroxylase activity;steroid binding;steroid hydroxylase activity;testosterone 6-beta-hydroxylase activity;vitamin D 24-hydroxylase activity;vitamin D3 25-hydroxylase activity",GO:0005737;GO:0005789;GO:0043231,cytoplasm;endoplasmic reticulum membrane;intracellular membrane-bounded organelle
P11712,2,2,Rosuvastatin;atorvastatin,CYP2C9,1559,1,1,PharmGKB:PA145011109,atorvastatin,3,interaction_and_pathway,36,GO:0004497;GO:0005506;GO:0005737;GO:0005789;GO:0006721;GO:0006805;GO:0008202;GO:0008203;GO:0008210;GO:0008392;GO:0008395;GO:0008404;GO:0008405;GO:0016098;GO:0016491;GO:0016705;GO:0016712;GO:0018675;GO:0018676;GO:0019369;GO:0019373;GO:0019627;GO:0020037;GO:0032787;GO:0034875;GO:0042178;GO:0042759;GO:0043231;GO:0046456;GO:0052741;GO:0070989;GO:0090346;GO:0097267;GO:0101021;GO:0106302;GO:0120502,"(R)-limonene 6-monooxygenase activity;(S)-limonene 6-monooxygenase activity;(S)-limonene 7-monooxygenase activity;arachidonate 11,12-epoxygenase activity;arachidonate 14,15-epoxygenase activity;arachidonate 8,9-epoxygenase activity;arachidonate epoxygenase activity;arachidonate metabolic process;caffeine oxidase activity;cholesterol metabolic process;cytoplasm;endoplasmic reticulum membrane;epoxygenase P450 pathway;estrogen 2-hydroxylase activity;estrogen metabolic process;fatty acid omega-1 hydroxylase activity;heme binding;icosanoid biosynthetic process;intracellular membrane-bounded organelle;iron ion binding;long-chain fatty acid biosynthetic process;monocarboxylic acid metabolic process;monooxygenase activity;monoterpenoid metabolic process;omega-hydroxylase P450 pathway;organofluorine metabolic process;oxidative demethylation;oxidoreductase activity;oxidoreductase activity, acting on paired donors, with incorporation or reduction of molecular oxygen;oxidoreductase activity, acting on paired donors, with incorporation or reduction of molecular oxygen, reduced flavin or flavoprotein as one donor, and incorporation of one atom of oxygen;steroid hydroxylase activity;steroid metabolic process;terpenoid metabolic process;urea metabolic process;xenobiotic catabolic process;xenobiotic metabolic process",GO:0006721;GO:0006805;GO:0008202;GO:0008203;GO:0008210;GO:0016098;GO:0019369;GO:0019373;GO:0019627;GO:0032787;GO:0042178;GO:0042759;GO:0046456;GO:0070989;GO:0090346;GO:0097267,arachidonate metabolic process;cholesterol metabolic process;epoxygenase P450 pathway;estrogen metabolic process;icosanoid biosynthetic process;long-chain fatty acid biosynthetic process;monocarboxylic acid metabolic process;monoterpenoid metabolic process;omega-hydroxylase P450 pathway;organofluorine metabolic process;oxidative demethylation;steroid metabolic process;terpenoid metabolic process;urea metabolic process;xenobiotic catabolic process;xenobiotic metabolic process,GO:0004497;GO:0005506;GO:0008392;GO:0008395;GO:0008404;GO:0008405;GO:0016491;GO:0016705;GO:0016712;GO:0018675;GO:0018676;GO:0020037;GO:0034875;GO:0052741;GO:0101021;GO:0106302;GO:0120502,"(R)-limonene 6-monooxygenase activity;(S)-limonene 6-monooxygenase activity;(S)-limonene 7-monooxygenase activity;arachidonate 11,12-epoxygenase activity;arachidonate 14,15-epoxygenase activity;arachidonate 8,9-epoxygenase activity;arachidonate epoxygenase activity;caffeine oxidase activity;estrogen 2-hydroxylase activity;fatty acid omega-1 hydroxylase activity;heme binding;iron ion binding;monooxygenase activity;oxidoreductase activity;oxidoreductase activity, acting on paired donors, with incorporation or reduction of molecular oxygen;oxidoreductase activity, acting on paired donors, with incorporation or reduction of molecular oxygen, reduced flavin or flavoprotein as one donor, and incorporation of one atom of oxygen;steroid hydroxylase activity",GO:0005737;GO:0005789;GO:0043231,cytoplasm;endoplasmic reticulum membrane;intracellular membrane-bounded organelle
Q92887,2,2,Rosuvastatin;atorvastatin,ABCC2,1244,1,1,PharmGKB:PA145011109,atorvastatin,3,interaction_and_pathway,31,GO:0005515;GO:0005524;GO:0005886;GO:0006805;GO:0006855;GO:0006869;GO:0008559;GO:0009986;GO:0010629;GO:0015127;GO:0015431;GO:0015721;GO:0015723;GO:0016020;GO:0016324;GO:0016887;GO:0019534;GO:0022857;GO:0031982;GO:0042167;GO:0042626;GO:0042910;GO:0046581;GO:0046618;GO:0046942;GO:0055085;GO:0070633;GO:0071716;GO:0140359;GO:0150104;GO:1990962,ABC-type glutathione S-conjugate transporter activity;ABC-type transporter activity;ABC-type xenobiotic transporter activity;ATP binding;ATP hydrolysis activity;ATPase-coupled transmembrane transporter activity;apical plasma membrane;bile acid and bile salt transport;bilirubin transmembrane transporter activity;bilirubin transport;carboxylic acid transport;cell surface;heme catabolic process;intercellular canaliculus;leukotriene transport;lipid transport;membrane;negative regulation of gene expression;plasma membrane;protein binding;toxin transmembrane transporter activity;transepithelial transport;transmembrane transport;transmembrane transporter activity;transport across blood-brain barrier;vesicle;xenobiotic export from cell;xenobiotic metabolic process;xenobiotic transmembrane transport;xenobiotic transmembrane transporter activity;xenobiotic transport across blood-brain barrier,GO:0006805;GO:0006855;GO:0006869;GO:0010629;GO:0015721;GO:0015723;GO:0042167;GO:0046618;GO:0046942;GO:0055085;GO:0070633;GO:0071716;GO:0150104;GO:1990962,bile acid and bile salt transport;bilirubin transport;carboxylic acid transport;heme catabolic process;leukotriene transport;lipid transport;negative regulation of gene expression;transepithelial transport;transmembrane transport;transport across blood-brain barrier;xenobiotic export from cell;xenobiotic metabolic process;xenobiotic transmembrane transport;xenobiotic transport across blood-brain barrier,GO:0005515;GO:0005524;GO:0008559;GO:0015127;GO:0015431;GO:0016887;GO:0019534;GO:0022857;GO:0042626;GO:0042910;GO:0140359,ABC-type glutathione S-conjugate transporter activity;ABC-type transporter activity;ABC-type xenobiotic transporter activity;ATP binding;ATP hydrolysis activity;ATPase-coupled transmembrane transporter activity;bilirubin transmembrane transporter activity;protein binding;toxin transmembrane transporter activity;transmembrane transporter activity;xenobiotic transmembrane transporter activity,GO:0005886;GO:0009986;GO:0016020;GO:0016324;GO:0031982;GO:0046581,apical plasma membrane;cell surface;intercellular canaliculus;membrane;plasma membrane;vesicle
Q9NPD5,2,2,Rosuvastatin;atorvastatin,SLCO1B3,28234,1,1,PharmGKB:PA145011109,atorvastatin,3,interaction_and_pathway,12,GO:0005886;GO:0006805;GO:0009925;GO:0015125;GO:0015291;GO:0015721;GO:0016020;GO:0016323;GO:0022857;GO:0042167;GO:0043252;GO:0055085,basal plasma membrane;basolateral plasma membrane;bile acid and bile salt transport;bile acid transmembrane transporter activity;heme catabolic process;membrane;plasma membrane;secondary active transmembrane transporter activity;sodium-independent organic anion transport;transmembrane transport;transmembrane transporter activity;xenobiotic metabolic process,GO:0006805;GO:0015721;GO:0042167;GO:0043252;GO:0055085,bile acid and bile salt transport;heme catabolic process;sodium-independent organic anion transport;transmembrane transport;xenobiotic metabolic process,GO:0015125;GO:0015291;GO:0022857,bile acid transmembrane transporter activity;secondary active transmembrane transporter activity;transmembrane transporter activity,GO:0005886;GO:0009925;GO:0016020;GO:0016323,basal plasma membrane;basolateral plasma membrane;membrane;plasma membrane
P10632,1,1,atorvastatin,CYP2C8,1558,1,1,PharmGKB:PA145011109,atorvastatin,2,interaction_and_pathway,30,GO:0002933;GO:0004497;GO:0005506;GO:0005515;GO:0005737;GO:0005789;GO:0006082;GO:0006721;GO:0006805;GO:0008202;GO:0008210;GO:0008392;GO:0008401;GO:0008404;GO:0008405;GO:0016705;GO:0016712;GO:0019369;GO:0019373;GO:0020037;GO:0032787;GO:0034875;GO:0042178;GO:0042572;GO:0042573;GO:0042759;GO:0046456;GO:0070989;GO:0097267;GO:0101020,"arachidonate 11,12-epoxygenase activity;arachidonate 14,15-epoxygenase activity;arachidonate epoxygenase activity;arachidonate metabolic process;caffeine oxidase activity;cytoplasm;endoplasmic reticulum membrane;epoxygenase P450 pathway;estrogen 16-alpha-hydroxylase activity;estrogen metabolic process;heme binding;icosanoid biosynthetic process;iron ion binding;lipid hydroxylation;long-chain fatty acid biosynthetic process;monocarboxylic acid metabolic process;monooxygenase activity;obsolete organic acid metabolic process;omega-hydroxylase P450 pathway;oxidative demethylation;oxidoreductase activity, acting on paired donors, with incorporation or reduction of molecular oxygen;oxidoreductase activity, acting on paired donors, with incorporation or reduction of molecular oxygen, reduced flavin or flavoprotein as one donor, and incorporation of one atom of oxygen;protein binding;retinoic acid 4-hydroxylase activity;retinoic acid metabolic process;retinol metabolic process;steroid metabolic process;terpenoid metabolic process;xenobiotic catabolic process;xenobiotic metabolic process",GO:0002933;GO:0006082;GO:0006721;GO:0006805;GO:0008202;GO:0008210;GO:0019369;GO:0019373;GO:0032787;GO:0042178;GO:0042572;GO:0042573;GO:0042759;GO:0046456;GO:0070989;GO:0097267,arachidonate metabolic process;epoxygenase P450 pathway;estrogen metabolic process;icosanoid biosynthetic process;lipid hydroxylation;long-chain fatty acid biosynthetic process;monocarboxylic acid metabolic process;obsolete organic acid metabolic process;omega-hydroxylase P450 pathway;oxidative demethylation;retinoic acid metabolic process;retinol metabolic process;steroid metabolic process;terpenoid metabolic process;xenobiotic catabolic process;xenobiotic metabolic process,GO:0004497;GO:0005506;GO:0005515;GO:0008392;GO:0008401;GO:0008404;GO:0008405;GO:0016705;GO:0016712;GO:0020037;GO:0034875;GO:0101020,"arachidonate 11,12-epoxygenase activity;arachidonate 14,15-epoxygenase activity;arachidonate epoxygenase activity;caffeine oxidase activity;estrogen 16-alpha-hydroxylase activity;heme binding;iron ion binding;monooxygenase activity;oxidoreductase activity, acting on paired donors, with incorporation or reduction of molecular oxygen;oxidoreductase activity, acting on paired donors, with incorporation or reduction of molecular oxygen, reduced flavin or flavoprotein as one donor, and incorporation of one atom of oxygen;protein binding;retinoic acid 4-hydroxylase activity",GO:0005737;GO:0005789,cytoplasm;endoplasmic reticulum membrane
P20815,1,1,atorvastatin,CYP3A5,1577,1,1,PharmGKB:PA145011109,atorvastatin,2,interaction_and_pathway,24,GO:0002933;GO:0004497;GO:0005506;GO:0005515;GO:0005789;GO:0006805;GO:0008202;GO:0008210;GO:0008401;GO:0009822;GO:0016491;GO:0016705;GO:0016712;GO:0019825;GO:0020037;GO:0042178;GO:0042572;GO:0042573;GO:0043231;GO:0046222;GO:0050649;GO:0070989;GO:0101020;GO:0101021,"aflatoxin metabolic process;alkaloid catabolic process;endoplasmic reticulum membrane;estrogen 16-alpha-hydroxylase activity;estrogen 2-hydroxylase activity;estrogen metabolic process;heme binding;intracellular membrane-bounded organelle;iron ion binding;lipid hydroxylation;monooxygenase activity;oxidative demethylation;oxidoreductase activity;oxidoreductase activity, acting on paired donors, with incorporation or reduction of molecular oxygen;oxidoreductase activity, acting on paired donors, with incorporation or reduction of molecular oxygen, reduced flavin or flavoprotein as one donor, and incorporation of one atom of oxygen;oxygen binding;protein binding;retinoic acid 4-hydroxylase activity;retinoic acid metabolic process;retinol metabolic process;steroid metabolic process;testosterone 6-beta-hydroxylase activity;xenobiotic catabolic process;xenobiotic metabolic process",GO:0002933;GO:0006805;GO:0008202;GO:0008210;GO:0009822;GO:0042178;GO:0042572;GO:0042573;GO:0046222;GO:0070989,aflatoxin metabolic process;alkaloid catabolic process;estrogen metabolic process;lipid hydroxylation;oxidative demethylation;retinoic acid metabolic process;retinol metabolic process;steroid metabolic process;xenobiotic catabolic process;xenobiotic metabolic process,GO:0004497;GO:0005506;GO:0005515;GO:0008401;GO:0016491;GO:0016705;GO:0016712;GO:0019825;GO:0020037;GO:0050649;GO:0101020;GO:0101021,"estrogen 16-alpha-hydroxylase activity;estrogen 2-hydroxylase activity;heme binding;iron ion binding;monooxygenase activity;oxidoreductase activity;oxidoreductase activity, acting on paired donors, with incorporation or reduction of molecular oxygen;oxidoreductase activity, acting on paired donors, with incorporation or reduction of molecular oxygen, reduced flavin or flavoprotein as one donor, and incorporation of one atom of oxygen;oxygen binding;protein binding;retinoic acid 4-hydroxylase activity;testosterone 6-beta-hydroxylase activity",GO:0005789;GO:0043231,endoplasmic reticulum membrane;intracellular membrane-bounded organelle
P22309,1,1,atorvastatin,UGT1A1,54658,1,1,PharmGKB:PA145011109,atorvastatin,2,interaction_and_pathway,29,GO:0001889;GO:0001972;GO:0004857;GO:0005496;GO:0005515;GO:0005783;GO:0005788;GO:0005789;GO:0005886;GO:0006789;GO:0006805;GO:0008194;GO:0008202;GO:0008210;GO:0009812;GO:0015020;GO:0016125;GO:0019585;GO:0019899;GO:0032787;GO:0034663;GO:0042167;GO:0042573;GO:0042803;GO:0045939;GO:0046982;GO:0048471;GO:0051552;GO:0071385,UDP-glycosyltransferase activity;bilirubin conjugation;cellular response to glucocorticoid stimulus;endoplasmic reticulum;endoplasmic reticulum chaperone complex;endoplasmic reticulum lumen;endoplasmic reticulum membrane;enzyme binding;enzyme inhibitor activity;estrogen metabolic process;flavone metabolic process;flavonoid metabolic process;glucuronate metabolic process;glucuronosyltransferase activity;heme catabolic process;liver development;monocarboxylic acid metabolic process;negative regulation of steroid metabolic process;perinuclear region of cytoplasm;plasma membrane;protein binding;protein heterodimerization activity;protein homodimerization activity;retinoic acid binding;retinoic acid metabolic process;steroid binding;steroid metabolic process;sterol metabolic process;xenobiotic metabolic process,GO:0001889;GO:0006789;GO:0006805;GO:0008202;GO:0008210;GO:0009812;GO:0016125;GO:0019585;GO:0032787;GO:0042167;GO:0042573;GO:0045939;GO:0051552;GO:0071385,bilirubin conjugation;cellular response to glucocorticoid stimulus;estrogen metabolic process;flavone metabolic process;flavonoid metabolic process;glucuronate metabolic process;heme catabolic process;liver development;monocarboxylic acid metabolic process;negative regulation of steroid metabolic process;retinoic acid metabolic process;steroid metabolic process;sterol metabolic process;xenobiotic metabolic process,GO:0001972;GO:0004857;GO:0005496;GO:0005515;GO:0008194;GO:0015020;GO:0019899;GO:0042803;GO:0046982,UDP-glycosyltransferase activity;enzyme binding;enzyme inhibitor activity;glucuronosyltransferase activity;protein binding;protein heterodimerization activity;protein homodimerization activity;retinoic acid binding;steroid binding,GO:0005783;GO:0005788;GO:0005789;GO:0005886;GO:0034663;GO:0048471,endoplasmic reticulum;endoplasmic reticulum chaperone complex;endoplasmic reticulum lumen;endoplasmic reticulum membrane;perinuclear region of cytoplasm;plasma membrane
P33261,1,1,atorvastatin,CYP2C19,1557,1,1,PharmGKB:PA145011109,atorvastatin,2,interaction_and_pathway,30,GO:0001676;GO:0004497;GO:0005506;GO:0005737;GO:0005789;GO:0006631;GO:0006721;GO:0006805;GO:0008202;GO:0008395;GO:0008404;GO:0008405;GO:0016098;GO:0016491;GO:0016705;GO:0016712;GO:0018675;GO:0018676;GO:0019373;GO:0019825;GO:0019899;GO:0020037;GO:0032787;GO:0042178;GO:0043231;GO:0052741;GO:0097267;GO:0106302;GO:0120319;GO:0120502,"(R)-limonene 6-monooxygenase activity;(S)-limonene 6-monooxygenase activity;(S)-limonene 7-monooxygenase activity;arachidonate 11,12-epoxygenase activity;arachidonate 14,15-epoxygenase activity;arachidonate 8,9-epoxygenase activity;cytoplasm;endoplasmic reticulum membrane;enzyme binding;epoxygenase P450 pathway;fatty acid metabolic process;fatty acid omega-1 hydroxylase activity;heme binding;intracellular membrane-bounded organelle;iron ion binding;long-chain fatty acid metabolic process;long-chain fatty acid omega-1 hydroxylase activity;monocarboxylic acid metabolic process;monooxygenase activity;monoterpenoid metabolic process;omega-hydroxylase P450 pathway;oxidoreductase activity;oxidoreductase activity, acting on paired donors, with incorporation or reduction of molecular oxygen;oxidoreductase activity, acting on paired donors, with incorporation or reduction of molecular oxygen, reduced flavin or flavoprotein as one donor, and incorporation of one atom of oxygen;oxygen binding;steroid hydroxylase activity;steroid metabolic process;terpenoid metabolic process;xenobiotic catabolic process;xenobiotic metabolic process",GO:0001676;GO:0006631;GO:0006721;GO:0006805;GO:0008202;GO:0016098;GO:0019373;GO:0032787;GO:0042178;GO:0097267,epoxygenase P450 pathway;fatty acid metabolic process;long-chain fatty acid metabolic process;monocarboxylic acid metabolic process;monoterpenoid metabolic process;omega-hydroxylase P450 pathway;steroid metabolic process;terpenoid metabolic process;xenobiotic catabolic process;xenobiotic metabolic process,GO:0004497;GO:0005506;GO:0008395;GO:0008404;GO:0008405;GO:0016491;GO:0016705;GO:0016712;GO:0018675;GO:0018676;GO:0019825;GO:0019899;GO:0020037;GO:0052741;GO:0106302;GO:0120319;GO:0120502,"(R)-limonene 6-monooxygenase activity;(S)-limonene 6-monooxygenase activity;(S)-limonene 7-monooxygenase activity;arachidonate 11,12-epoxygenase activity;arachidonate 14,15-epoxygenase activity;arachidonate 8,9-epoxygenase activity;enzyme binding;fatty acid omega-1 hydroxylase activity;heme binding;iron ion binding;long-chain fatty acid omega-1 hydroxylase activity;monooxygenase activity;oxidoreductase activity;oxidoreductase activity, acting on paired donors, with incorporation or reduction of molecular oxygen;oxidoreductase activity, acting on paired donors, with incorporation or reduction of molecular oxygen, reduced flavin or flavoprotein as one donor, and incorporation of one atom of oxygen;oxygen binding;steroid hydroxylase activity",GO:0005737;GO:0005789;GO:0043231,cytoplasm;endoplasmic reticulum membrane;intracellular membrane-bounded organelle
P35503,1,1,atorvastatin,UGT1A3,54659,1,1,PharmGKB:PA145011109,atorvastatin,2,interaction_and_pathway,21,GO:0001889;GO:0001972;GO:0004857;GO:0005783;GO:0005789;GO:0006805;GO:0008194;GO:0008202;GO:0008210;GO:0009812;GO:0015020;GO:0016125;GO:0019899;GO:0032782;GO:0032787;GO:0042573;GO:0042803;GO:0046982;GO:0051552;GO:0070640;GO:0071385,UDP-glycosyltransferase activity;bile acid secretion;cellular response to glucocorticoid stimulus;endoplasmic reticulum;endoplasmic reticulum membrane;enzyme binding;enzyme inhibitor activity;estrogen metabolic process;flavone metabolic process;flavonoid metabolic process;glucuronosyltransferase activity;liver development;monocarboxylic acid metabolic process;protein heterodimerization activity;protein homodimerization activity;retinoic acid binding;retinoic acid metabolic process;steroid metabolic process;sterol metabolic process;vitamin D3 metabolic process;xenobiotic metabolic process,GO:0001889;GO:0006805;GO:0008202;GO:0008210;GO:0009812;GO:0016125;GO:0032782;GO:0032787;GO:0042573;GO:0051552;GO:0070640;GO:0071385,bile acid secretion;cellular response to glucocorticoid stimulus;estrogen metabolic process;flavone metabolic process;flavonoid metabolic process;liver development;monocarboxylic acid metabolic process;retinoic acid metabolic process;steroid metabolic process;sterol metabolic process;vitamin D3 metabolic process;xenobiotic metabolic process,GO:0001972;GO:0004857;GO:0008194;GO:0015020;GO:0019899;GO:0042803;GO:0046982,UDP-glycosyltransferase activity;enzyme binding;enzyme inhibitor activity;glucuronosyltransferase activity;protein heterodimerization activity;protein homodimerization activity;retinoic acid binding,GO:0005783;GO:0005789,endoplasmic reticulum;endoplasmic reticulum membrane
O75845,0,2,Rosuvastatin;atorvastatin,SC5D,,2,2,PathBank:SMP0000092;PathBank:SMP0000131,Rosuvastatin;atorvastatin,2,pathway_predominant,10,GO:0000248;GO:0005506;GO:0005789;GO:0006695;GO:0008610;GO:0033489;GO:0033490;GO:0050046;GO:0070704;GO:0110076,C-5 sterol desaturase activity;cholesterol biosynthetic process;cholesterol biosynthetic process via desmosterol;cholesterol biosynthetic process via lathosterol;delta7-sterol 5(6)-desaturase activity;endoplasmic reticulum membrane;iron ion binding;lipid biosynthetic process;negative regulation of ferroptosis;sterol desaturase activity,GO:0006695;GO:0008610;GO:0033489;GO:0033490;GO:0110076,cholesterol biosynthetic process;cholesterol biosynthetic process via desmosterol;cholesterol biosynthetic process via lathosterol;lipid biosynthetic process;negative regulation of ferroptosis,GO:0000248;GO:0005506;GO:0050046;GO:0070704,C-5 sterol desaturase activity;delta7-sterol 5(6)-desaturase activity;iron ion binding;sterol desaturase activity,GO:0005789,endoplasmic reticulum membrane
O76062,0,2,Rosuvastatin;atorvastatin,TM7SF2,,2,2,PathBank:SMP0000092;PathBank:SMP0000131,Rosuvastatin;atorvastatin,2,pathway_predominant,13,GO:0005515;GO:0005637;GO:0005783;GO:0005789;GO:0005886;GO:0006695;GO:0016020;GO:0016126;GO:0016628;GO:0033490;GO:0043235;GO:0050613;GO:0050661,"Delta14-sterol reductase activity;NADP binding;cholesterol biosynthetic process;cholesterol biosynthetic process via lathosterol;endoplasmic reticulum;endoplasmic reticulum membrane;membrane;nuclear inner membrane;oxidoreductase activity, acting on the CH-CH group of donors, NAD or NADP as acceptor;plasma membrane;protein binding;signaling receptor complex;sterol biosynthetic process",GO:0006695;GO:0016126;GO:0033490,cholesterol biosynthetic process;cholesterol biosynthetic process via lathosterol;sterol biosynthetic process,GO:0005515;GO:0016628;GO:0050613;GO:0050661,"Delta14-sterol reductase activity;NADP binding;oxidoreductase activity, acting on the CH-CH group of donors, NAD or NADP as acceptor;protein binding",GO:0005637;GO:0005783;GO:0005789;GO:0005886;GO:0016020;GO:0043235,endoplasmic reticulum;endoplasmic reticulum membrane;membrane;nuclear inner membrane;plasma membrane;signaling receptor complex
O95749,0,2,Rosuvastatin;atorvastatin,GGPS1,,2,2,PathBank:SMP0000092;PathBank:SMP0000131,Rosuvastatin;atorvastatin,2,pathway_predominant,16,GO:0004161;GO:0004311;GO:0004337;GO:0004659;GO:0005515;GO:0005737;GO:0005829;GO:0006720;GO:0008299;GO:0030018;GO:0033384;GO:0033386;GO:0042802;GO:0045337;GO:0048471;GO:0120531,"(2E,6E)-farnesyl diphosphate synthase activity;Z disc;cytoplasm;cytosol;dimethylallyltranstransferase activity;farnesyl diphosphate biosynthetic process;geranyl diphosphate biosynthetic process;geranylgeranyl diphosphate biosynthetic process;geranylgeranyl diphosphate synthase activity;identical protein binding;isoprenoid biosynthetic process;isoprenoid metabolic process;perinuclear region of cytoplasm;prenyl diphosphate synthase activity;prenyltransferase activity;protein binding",GO:0006720;GO:0008299;GO:0033384;GO:0033386;GO:0045337,farnesyl diphosphate biosynthetic process;geranyl diphosphate biosynthetic process;geranylgeranyl diphosphate biosynthetic process;isoprenoid biosynthetic process;isoprenoid metabolic process,GO:0004161;GO:0004311;GO:0004337;GO:0004659;GO:0005515;GO:0042802;GO:0120531,"(2E,6E)-farnesyl diphosphate synthase activity;dimethylallyltranstransferase activity;geranylgeranyl diphosphate synthase activity;identical protein binding;prenyl diphosphate synthase activity;prenyltransferase activity;protein binding",GO:0005737;GO:0005829;GO:0030018;GO:0048471,Z disc;cytoplasm;cytosol;perinuclear region of cytoplasm
P14324,0,2,Rosuvastatin;atorvastatin,FDPS,,2,2,PathBank:SMP0000092;PathBank:SMP0000131,Rosuvastatin;atorvastatin,2,pathway_predominant,17,GO:0003723;GO:0004161;GO:0004337;GO:0004659;GO:0005515;GO:0005737;GO:0005829;GO:0006695;GO:0008299;GO:0010142;GO:0016765;GO:0033384;GO:0033386;GO:0033489;GO:0033490;GO:0036197;GO:0045337,"(2E,6E)-farnesyl diphosphate synthase activity;RNA binding;cholesterol biosynthetic process;cholesterol biosynthetic process via desmosterol;cholesterol biosynthetic process via lathosterol;cytoplasm;cytosol;dimethylallyltranstransferase activity;farnesyl diphosphate biosynthetic process;farnesyl diphosphate biosynthetic process, mevalonate pathway;geranyl diphosphate biosynthetic process;geranylgeranyl diphosphate biosynthetic process;isoprenoid biosynthetic process;prenyltransferase activity;protein binding;transferase activity, transferring alkyl or aryl (other than methyl) groups;zymosterol biosynthetic process",GO:0006695;GO:0008299;GO:0010142;GO:0033384;GO:0033386;GO:0033489;GO:0033490;GO:0036197;GO:0045337,"cholesterol biosynthetic process;cholesterol biosynthetic process via desmosterol;cholesterol biosynthetic process via lathosterol;farnesyl diphosphate biosynthetic process;farnesyl diphosphate biosynthetic process, mevalonate pathway;geranyl diphosphate biosynthetic process;geranylgeranyl diphosphate biosynthetic process;isoprenoid biosynthetic process;zymosterol biosynthetic process",GO:0003723;GO:0004161;GO:0004337;GO:0004659;GO:0005515;GO:0016765,"(2E,6E)-farnesyl diphosphate synthase activity;RNA binding;dimethylallyltranstransferase activity;prenyltransferase activity;protein binding;transferase activity, transferring alkyl or aryl (other than methyl) groups",GO:0005737;GO:0005829,cytoplasm;cytosol
P35610,0,2,Rosuvastatin;atorvastatin,SOAT1,,2,2,PathBank:SMP0000092;PathBank:SMP0000131,Rosuvastatin;atorvastatin,2,pathway_predominant,17,GO:0000062;GO:0004772;GO:0005515;GO:0005783;GO:0005789;GO:0008203;GO:0008374;GO:0010742;GO:0010878;GO:0015485;GO:0016020;GO:0033344;GO:0034379;GO:0034383;GO:0034736;GO:0042632;GO:0042986,cholesterol O-acyltransferase activity;cholesterol binding;cholesterol efflux;cholesterol homeostasis;cholesterol metabolic process;cholesterol storage;endoplasmic reticulum;endoplasmic reticulum membrane;fatty-acyl-CoA binding;low-density lipoprotein particle clearance;macrophage derived foam cell differentiation;membrane;obsolete O-acyltransferase activity;positive regulation of amyloid precursor protein biosynthetic process;protein binding;sterol O-acyltransferase activity;very-low-density lipoprotein particle assembly,GO:0008203;GO:0010742;GO:0010878;GO:0033344;GO:0034379;GO:0034383;GO:0042632;GO:0042986,cholesterol efflux;cholesterol homeostasis;cholesterol metabolic process;cholesterol storage;low-density lipoprotein particle clearance;macrophage derived foam cell differentiation;positive regulation of amyloid precursor protein biosynthetic process;very-low-density lipoprotein particle assembly,GO:0000062;GO:0004772;GO:0005515;GO:0008374;GO:0015485;GO:0034736,cholesterol O-acyltransferase activity;cholesterol binding;fatty-acyl-CoA binding;obsolete O-acyltransferase activity;protein binding;sterol O-acyltransferase activity,GO:0005783;GO:0005789;GO:0016020,endoplasmic reticulum;endoplasmic reticulum membrane;membrane
P37268,0,2,Rosuvastatin;atorvastatin,FDFT1,,2,2,PathBank:SMP0000092;PathBank:SMP0000131,Rosuvastatin;atorvastatin,2,pathway_predominant,14,GO:0005515;GO:0005783;GO:0005789;GO:0006694;GO:0006695;GO:0008610;GO:0016020;GO:0016765;GO:0033489;GO:0033490;GO:0036197;GO:0045338;GO:0051996;GO:0098554,"cholesterol biosynthetic process;cholesterol biosynthetic process via desmosterol;cholesterol biosynthetic process via lathosterol;cytoplasmic side of endoplasmic reticulum membrane;endoplasmic reticulum;endoplasmic reticulum membrane;farnesyl diphosphate metabolic process;lipid biosynthetic process;membrane;protein binding;squalene synthase [NAD(P)H] activity;steroid biosynthetic process;transferase activity, transferring alkyl or aryl (other than methyl) groups;zymosterol biosynthetic process",GO:0006694;GO:0006695;GO:0008610;GO:0033489;GO:0033490;GO:0036197;GO:0045338,cholesterol biosynthetic process;cholesterol biosynthetic process via desmosterol;cholesterol biosynthetic process via lathosterol;farnesyl diphosphate metabolic process;lipid biosynthetic process;steroid biosynthetic process;zymosterol biosynthetic process,GO:0005515;GO:0016765;GO:0051996,"protein binding;squalene synthase [NAD(P)H] activity;transferase activity, transferring alkyl or aryl (other than methyl) groups",GO:0005783;GO:0005789;GO:0016020;GO:0098554,cytoplasmic side of endoplasmic reticulum membrane;endoplasmic reticulum;endoplasmic reticulum membrane;membrane
P38571,0,2,Rosuvastatin;atorvastatin,LIPA,,2,2,PathBank:SMP0000092;PathBank:SMP0000131,Rosuvastatin;atorvastatin,2,pathway_predominant,10,GO:0004771;GO:0004806;GO:0005764;GO:0016125;GO:0016298;GO:0016788;GO:0034383;GO:0043202;GO:0052689;GO:0120516,"carboxylic ester hydrolase activity;diacylglycerol lipase activity;hydrolase activity, acting on ester bonds;lipase activity;low-density lipoprotein particle clearance;lysosomal lumen;lysosome;sterol ester esterase activity;sterol metabolic process;triacylglycerol lipase activity",GO:0016125;GO:0034383,low-density lipoprotein particle clearance;sterol metabolic process,GO:0004771;GO:0004806;GO:0016298;GO:0016788;GO:0052689;GO:0120516,"carboxylic ester hydrolase activity;diacylglycerol lipase activity;hydrolase activity, acting on ester bonds;lipase activity;sterol ester esterase activity;triacylglycerol lipase activity",GO:0005764;GO:0043202,lysosomal lumen;lysosome
P48449,0,2,Rosuvastatin;atorvastatin,LSS,,2,2,PathBank:SMP0000092;PathBank:SMP0000131,Rosuvastatin;atorvastatin,2,pathway_predominant,14,GO:0000250;GO:0005515;GO:0005789;GO:0005811;GO:0006694;GO:0006695;GO:0016020;GO:0016104;GO:0016866;GO:0031647;GO:0033489;GO:0033490;GO:0036197;GO:0098554,cholesterol biosynthetic process;cholesterol biosynthetic process via desmosterol;cholesterol biosynthetic process via lathosterol;cytoplasmic side of endoplasmic reticulum membrane;endoplasmic reticulum membrane;intramolecular transferase activity;lanosterol synthase activity;lipid droplet;membrane;protein binding;regulation of protein stability;steroid biosynthetic process;triterpenoid biosynthetic process;zymosterol biosynthetic process,GO:0006694;GO:0006695;GO:0016104;GO:0031647;GO:0033489;GO:0033490;GO:0036197,cholesterol biosynthetic process;cholesterol biosynthetic process via desmosterol;cholesterol biosynthetic process via lathosterol;regulation of protein stability;steroid biosynthetic process;triterpenoid biosynthetic process;zymosterol biosynthetic process,GO:0000250;GO:0005515;GO:0016866,intramolecular transferase activity;lanosterol synthase activity;protein binding,GO:0005789;GO:0005811;GO:0016020;GO:0098554,cytoplasmic side of endoplasmic reticulum membrane;endoplasmic reticulum membrane;lipid droplet;membrane
P53602,0,2,Rosuvastatin;atorvastatin,MVD,,2,2,PathBank:SMP0000092;PathBank:SMP0000131,Rosuvastatin;atorvastatin,2,pathway_predominant,16,GO:0004163;GO:0005737;GO:0005777;GO:0005829;GO:0006695;GO:0008284;GO:0008299;GO:0010142;GO:0016831;GO:0019287;GO:0030544;GO:0033386;GO:0033489;GO:0033490;GO:0036197;GO:0042803,"Hsp70 protein binding;carboxy-lyase activity;cholesterol biosynthetic process;cholesterol biosynthetic process via desmosterol;cholesterol biosynthetic process via lathosterol;cytoplasm;cytosol;diphosphomevalonate decarboxylase activity;farnesyl diphosphate biosynthetic process, mevalonate pathway;geranylgeranyl diphosphate biosynthetic process;isopentenyl diphosphate biosynthetic process, mevalonate pathway;isoprenoid biosynthetic process;peroxisome;positive regulation of cell population proliferation;protein homodimerization activity;zymosterol biosynthetic process",GO:0006695;GO:0008284;GO:0008299;GO:0010142;GO:0019287;GO:0033386;GO:0033489;GO:0033490;GO:0036197,"cholesterol biosynthetic process;cholesterol biosynthetic process via desmosterol;cholesterol biosynthetic process via lathosterol;farnesyl diphosphate biosynthetic process, mevalonate pathway;geranylgeranyl diphosphate biosynthetic process;isopentenyl diphosphate biosynthetic process, mevalonate pathway;isoprenoid biosynthetic process;positive regulation of cell population proliferation;zymosterol biosynthetic process",GO:0004163;GO:0016831;GO:0030544;GO:0042803,Hsp70 protein binding;carboxy-lyase activity;diphosphomevalonate decarboxylase activity;protein homodimerization activity,GO:0005737;GO:0005777;GO:0005829,cytoplasm;cytosol;peroxisome
P56937,0,2,Rosuvastatin;atorvastatin,HSD17B7,,2,2,PathBank:SMP0000092;PathBank:SMP0000131,Rosuvastatin;atorvastatin,2,pathway_predominant,15,GO:0000253;GO:0004303;GO:0005739;GO:0005783;GO:0005789;GO:0006694;GO:0006695;GO:0006703;GO:0007420;GO:0008209;GO:0033489;GO:0033490;GO:0036197;GO:0047024;GO:0048568,"3-beta-hydroxysteroid 3-dehydrogenase (NADP+) activity;5-alpha-androstane-3-beta,17-beta-diol dehydrogenase (NADP+) activity;androgen metabolic process;brain development;cholesterol biosynthetic process;cholesterol biosynthetic process via desmosterol;cholesterol biosynthetic process via lathosterol;embryonic organ development;endoplasmic reticulum;endoplasmic reticulum membrane;estradiol 17-beta-dehydrogenase [NAD(P)+] activity;estrogen biosynthetic process;mitochondrion;steroid biosynthetic process;zymosterol biosynthetic process",GO:0006694;GO:0006695;GO:0006703;GO:0007420;GO:0008209;GO:0033489;GO:0033490;GO:0036197;GO:0048568,androgen metabolic process;brain development;cholesterol biosynthetic process;cholesterol biosynthetic process via desmosterol;cholesterol biosynthetic process via lathosterol;embryonic organ development;estrogen biosynthetic process;steroid biosynthetic process;zymosterol biosynthetic process,GO:0000253;GO:0004303;GO:0047024,"3-beta-hydroxysteroid 3-dehydrogenase (NADP+) activity;5-alpha-androstane-3-beta,17-beta-diol dehydrogenase (NADP+) activity;estradiol 17-beta-dehydrogenase [NAD(P)+] activity",GO:0005739;GO:0005783;GO:0005789,endoplasmic reticulum;endoplasmic reticulum membrane;mitochondrion
Q03426,0,2,Rosuvastatin;atorvastatin,MVK,,2,2,PathBank:SMP0000092;PathBank:SMP0000131,Rosuvastatin;atorvastatin,2,pathway_predominant,18,GO:0000287;GO:0004496;GO:0005515;GO:0005524;GO:0005737;GO:0005777;GO:0005829;GO:0006695;GO:0008299;GO:0010142;GO:0016125;GO:0019287;GO:0033386;GO:0033489;GO:0033490;GO:0036197;GO:0042802;GO:0050728,"ATP binding;cholesterol biosynthetic process;cholesterol biosynthetic process via desmosterol;cholesterol biosynthetic process via lathosterol;cytoplasm;cytosol;farnesyl diphosphate biosynthetic process, mevalonate pathway;geranylgeranyl diphosphate biosynthetic process;identical protein binding;isopentenyl diphosphate biosynthetic process, mevalonate pathway;isoprenoid biosynthetic process;magnesium ion binding;mevalonate kinase activity;negative regulation of inflammatory response;peroxisome;protein binding;sterol metabolic process;zymosterol biosynthetic process",GO:0006695;GO:0008299;GO:0010142;GO:0016125;GO:0019287;GO:0033386;GO:0033489;GO:0033490;GO:0036197;GO:0050728,"cholesterol biosynthetic process;cholesterol biosynthetic process via desmosterol;cholesterol biosynthetic process via lathosterol;farnesyl diphosphate biosynthetic process, mevalonate pathway;geranylgeranyl diphosphate biosynthetic process;isopentenyl diphosphate biosynthetic process, mevalonate pathway;isoprenoid biosynthetic process;negative regulation of inflammatory response;sterol metabolic process;zymosterol biosynthetic process",GO:0000287;GO:0004496;GO:0005515;GO:0005524;GO:0042802,ATP binding;identical protein binding;magnesium ion binding;mevalonate kinase activity;protein binding,GO:0005737;GO:0005777;GO:0005829,cytoplasm;cytosol;peroxisome
Q13907,0,2,Rosuvastatin;atorvastatin,IDI1,,2,2,PathBank:SMP0000092;PathBank:SMP0000131,Rosuvastatin;atorvastatin,2,pathway_predominant,14,GO:0004452;GO:0005777;GO:0005829;GO:0006695;GO:0008299;GO:0009240;GO:0010142;GO:0016860;GO:0033386;GO:0033489;GO:0033490;GO:0035634;GO:0036197;GO:0050992,"cholesterol biosynthetic process;cholesterol biosynthetic process via desmosterol;cholesterol biosynthetic process via lathosterol;cytosol;dimethylallyl diphosphate biosynthetic process;farnesyl diphosphate biosynthetic process, mevalonate pathway;geranylgeranyl diphosphate biosynthetic process;intramolecular oxidoreductase activity;isopentenyl diphosphate biosynthetic process;isopentenyl-diphosphate delta-isomerase activity;isoprenoid biosynthetic process;peroxisome;response to stilbenoid;zymosterol biosynthetic process",GO:0006695;GO:0008299;GO:0009240;GO:0010142;GO:0033386;GO:0033489;GO:0033490;GO:0035634;GO:0036197;GO:0050992,"cholesterol biosynthetic process;cholesterol biosynthetic process via desmosterol;cholesterol biosynthetic process via lathosterol;dimethylallyl diphosphate biosynthetic process;farnesyl diphosphate biosynthetic process, mevalonate pathway;geranylgeranyl diphosphate biosynthetic process;isopentenyl diphosphate biosynthetic process;isoprenoid biosynthetic process;response to stilbenoid;zymosterol biosynthetic process",GO:0004452;GO:0016860,intramolecular oxidoreductase activity;isopentenyl-diphosphate delta-isomerase activity,GO:0005777;GO:0005829,cytosol;peroxisome
Q14534,0,2,Rosuvastatin;atorvastatin,SQLE,,2,2,PathBank:SMP0000092;PathBank:SMP0000131,Rosuvastatin;atorvastatin,2,pathway_predominant,18,GO:0004506;GO:0005515;GO:0005783;GO:0005789;GO:0006695;GO:0008203;GO:0016020;GO:0016126;GO:0033489;GO:0033490;GO:0036197;GO:0042127;GO:0043231;GO:0050660;GO:0071949;GO:0098554;GO:0140042;GO:1904614,FAD binding;cholesterol biosynthetic process;cholesterol biosynthetic process via desmosterol;cholesterol biosynthetic process via lathosterol;cholesterol metabolic process;cytoplasmic side of endoplasmic reticulum membrane;endoplasmic reticulum;endoplasmic reticulum membrane;flavin adenine dinucleotide binding;intracellular membrane-bounded organelle;lipid droplet formation;membrane;protein binding;regulation of cell population proliferation;response to biphenyl;squalene monooxygenase activity;sterol biosynthetic process;zymosterol biosynthetic process,GO:0006695;GO:0008203;GO:0016126;GO:0033489;GO:0033490;GO:0036197;GO:0042127;GO:0140042;GO:1904614,cholesterol biosynthetic process;cholesterol biosynthetic process via desmosterol;cholesterol biosynthetic process via lathosterol;cholesterol metabolic process;lipid droplet formation;regulation of cell population proliferation;response to biphenyl;sterol biosynthetic process;zymosterol biosynthetic process,GO:0004506;GO:0005515;GO:0050660;GO:0071949,FAD binding;flavin adenine dinucleotide binding;protein binding;squalene monooxygenase activity,GO:0005783;GO:0005789;GO:0016020;GO:0043231;GO:0098554,cytoplasmic side of endoplasmic reticulum membrane;endoplasmic reticulum;endoplasmic reticulum membrane;intracellular membrane-bounded organelle;membrane
Q15125,0,2,Rosuvastatin;atorvastatin,EBP,,2,2,PathBank:SMP0000092;PathBank:SMP0000131,Rosuvastatin;atorvastatin,2,pathway_predominant,19,GO:0000247;GO:0004769;GO:0005515;GO:0005635;GO:0005783;GO:0005789;GO:0006695;GO:0008203;GO:0016020;GO:0016125;GO:0016863;GO:0031410;GO:0031965;GO:0033489;GO:0033490;GO:0033963;GO:0042802;GO:0043931;GO:0047750,"C-8 sterol isomerase activity;cholestenol delta-isomerase activity;cholesterol biosynthetic process;cholesterol biosynthetic process via desmosterol;cholesterol biosynthetic process via lathosterol;cholesterol metabolic process;cholesterol-5,6-oxide hydrolase activity;cytoplasmic vesicle;endoplasmic reticulum;endoplasmic reticulum membrane;identical protein binding;intramolecular oxidoreductase activity, transposing C=C bonds;membrane;nuclear envelope;nuclear membrane;ossification involved in bone maturation;protein binding;steroid Delta-isomerase activity;sterol metabolic process",GO:0006695;GO:0008203;GO:0016125;GO:0033489;GO:0033490;GO:0043931,cholesterol biosynthetic process;cholesterol biosynthetic process via desmosterol;cholesterol biosynthetic process via lathosterol;cholesterol metabolic process;ossification involved in bone maturation;sterol metabolic process,GO:0000247;GO:0004769;GO:0005515;GO:0016863;GO:0033963;GO:0042802;GO:0047750,"C-8 sterol isomerase activity;cholestenol delta-isomerase activity;cholesterol-5,6-oxide hydrolase activity;identical protein binding;intramolecular oxidoreductase activity, transposing C=C bonds;protein binding;steroid Delta-isomerase activity",GO:0005635;GO:0005783;GO:0005789;GO:0016020;GO:0031410;GO:0031965,cytoplasmic vesicle;endoplasmic reticulum;endoplasmic reticulum membrane;membrane;nuclear envelope;nuclear membrane
Q15126,0,2,Rosuvastatin;atorvastatin,PMVK,,2,2,PathBank:SMP0000092;PathBank:SMP0000131,Rosuvastatin;atorvastatin,2,pathway_predominant,17,GO:0004631;GO:0005515;GO:0005524;GO:0005737;GO:0005777;GO:0005829;GO:0006695;GO:0010142;GO:0016020;GO:0016126;GO:0019287;GO:0033386;GO:0033489;GO:0033490;GO:0036197;GO:0070062;GO:0070723,"ATP binding;cholesterol biosynthetic process;cholesterol biosynthetic process via desmosterol;cholesterol biosynthetic process via lathosterol;cytoplasm;cytosol;extracellular exosome;farnesyl diphosphate biosynthetic process, mevalonate pathway;geranylgeranyl diphosphate biosynthetic process;isopentenyl diphosphate biosynthetic process, mevalonate pathway;membrane;peroxisome;phosphomevalonate kinase activity;protein binding;response to cholesterol;sterol biosynthetic process;zymosterol biosynthetic process",GO:0006695;GO:0010142;GO:0016126;GO:0019287;GO:0033386;GO:0033489;GO:0033490;GO:0036197;GO:0070723,"cholesterol biosynthetic process;cholesterol biosynthetic process via desmosterol;cholesterol biosynthetic process via lathosterol;farnesyl diphosphate biosynthetic process, mevalonate pathway;geranylgeranyl diphosphate biosynthetic process;isopentenyl diphosphate biosynthetic process, mevalonate pathway;response to cholesterol;sterol biosynthetic process;zymosterol biosynthetic process",GO:0004631;GO:0005515;GO:0005524,ATP binding;phosphomevalonate kinase activity;protein binding,GO:0005737;GO:0005777;GO:0005829;GO:0016020;GO:0070062,cytoplasm;cytosol;extracellular exosome;membrane;peroxisome
Q15392,0,2,Rosuvastatin;atorvastatin,DHCR24,,2,2,PathBank:SMP0000092;PathBank:SMP0000131,Rosuvastatin;atorvastatin,2,pathway_predominant,22,GO:0000139;GO:0000246;GO:0005515;GO:0005634;GO:0005783;GO:0005789;GO:0006695;GO:0007265;GO:0008202;GO:0008285;GO:0009725;GO:0009888;GO:0016020;GO:0016628;GO:0019899;GO:0033489;GO:0033490;GO:0042605;GO:0043588;GO:0050614;GO:0050660;GO:0071949,"Delta24(24-1) sterol reductase activity;Delta24-sterol reductase activity;FAD binding;Golgi membrane;Ras protein signal transduction;cholesterol biosynthetic process;cholesterol biosynthetic process via desmosterol;cholesterol biosynthetic process via lathosterol;endoplasmic reticulum;endoplasmic reticulum membrane;enzyme binding;flavin adenine dinucleotide binding;membrane;negative regulation of cell population proliferation;nucleus;oxidoreductase activity, acting on the CH-CH group of donors, NAD or NADP as acceptor;peptide antigen binding;protein binding;response to hormone;skin development;steroid metabolic process;tissue development",GO:0006695;GO:0007265;GO:0008202;GO:0008285;GO:0009725;GO:0009888;GO:0033489;GO:0033490;GO:0043588,Ras protein signal transduction;cholesterol biosynthetic process;cholesterol biosynthetic process via desmosterol;cholesterol biosynthetic process via lathosterol;negative regulation of cell population proliferation;response to hormone;skin development;steroid metabolic process;tissue development,GO:0000246;GO:0005515;GO:0016628;GO:0019899;GO:0042605;GO:0050614;GO:0050660;GO:0071949,"Delta24(24-1) sterol reductase activity;Delta24-sterol reductase activity;FAD binding;enzyme binding;flavin adenine dinucleotide binding;oxidoreductase activity, acting on the CH-CH group of donors, NAD or NADP as acceptor;peptide antigen binding;protein binding",GO:0000139;GO:0005634;GO:0005783;GO:0005789;GO:0016020,Golgi membrane;endoplasmic reticulum;endoplasmic reticulum membrane;membrane;nucleus
Q15738,0,2,Rosuvastatin;atorvastatin,NSDHL,,2,2,PathBank:SMP0000092;PathBank:SMP0000131,Rosuvastatin;atorvastatin,2,pathway_predominant,14,GO:0000252;GO:0003854;GO:0005515;GO:0005783;GO:0005789;GO:0005811;GO:0006694;GO:0006695;GO:0008203;GO:0016616;GO:0033489;GO:0033490;GO:0036197;GO:0102175,"3-beta-hydroxy-Delta5-steroid dehydrogenase (NAD+) activity;3-beta-hydroxysteroid dehydrogenase (NAD+)/C4-decarboxylase activity;3-beta-hydroxysteroid dehydrogenase [NAD(P)+]/C4-decarboxylase activity;cholesterol biosynthetic process;cholesterol biosynthetic process via desmosterol;cholesterol biosynthetic process via lathosterol;cholesterol metabolic process;endoplasmic reticulum;endoplasmic reticulum membrane;lipid droplet;oxidoreductase activity, acting on the CH-OH group of donors, NAD or NADP as acceptor;protein binding;steroid biosynthetic process;zymosterol biosynthetic process",GO:0006694;GO:0006695;GO:0008203;GO:0033489;GO:0033490;GO:0036197,cholesterol biosynthetic process;cholesterol biosynthetic process via desmosterol;cholesterol biosynthetic process via lathosterol;cholesterol metabolic process;steroid biosynthetic process;zymosterol biosynthetic process,GO:0000252;GO:0003854;GO:0005515;GO:0016616;GO:0102175,"3-beta-hydroxy-Delta5-steroid dehydrogenase (NAD+) activity;3-beta-hydroxysteroid dehydrogenase (NAD+)/C4-decarboxylase activity;3-beta-hydroxysteroid dehydrogenase [NAD(P)+]/C4-decarboxylase activity;oxidoreductase activity, acting on the CH-OH group of donors, NAD or NADP as acceptor;protein binding",GO:0005783;GO:0005789;GO:0005811,endoplasmic reticulum;endoplasmic reticulum membrane;lipid droplet
Q15800,0,2,Rosuvastatin;atorvastatin,MSMO1,,2,2,PathBank:SMP0000092;PathBank:SMP0000131,Rosuvastatin;atorvastatin,2,pathway_predominant,13,GO:0000254;GO:0005506;GO:0005515;GO:0005783;GO:0005789;GO:0005886;GO:0006631;GO:0006695;GO:0008202;GO:0008610;GO:0016020;GO:0033489;GO:0036197,C-4 methylsterol oxidase activity;cholesterol biosynthetic process;cholesterol biosynthetic process via desmosterol;endoplasmic reticulum;endoplasmic reticulum membrane;fatty acid metabolic process;iron ion binding;lipid biosynthetic process;membrane;plasma membrane;protein binding;steroid metabolic process;zymosterol biosynthetic process,GO:0006631;GO:0006695;GO:0008202;GO:0008610;GO:0033489;GO:0036197,cholesterol biosynthetic process;cholesterol biosynthetic process via desmosterol;fatty acid metabolic process;lipid biosynthetic process;steroid metabolic process;zymosterol biosynthetic process,GO:0000254;GO:0005506;GO:0005515,C-4 methylsterol oxidase activity;iron ion binding;protein binding,GO:0005783;GO:0005789;GO:0005886;GO:0016020,endoplasmic reticulum;endoplasmic reticulum membrane;membrane;plasma membrane
Q16850,0,2,Rosuvastatin;atorvastatin,CYP51A1,,2,2,PathBank:SMP0000092;PathBank:SMP0000131,Rosuvastatin;atorvastatin,2,pathway_predominant,19,GO:0004497;GO:0005506;GO:0005789;GO:0006694;GO:0006695;GO:0008398;GO:0016020;GO:0016125;GO:0016491;GO:0016705;GO:0016712;GO:0020037;GO:0033488;GO:0033489;GO:0033490;GO:0036197;GO:0042177;GO:0050709;GO:1900222,"cholesterol biosynthetic process;cholesterol biosynthetic process via 24,25-dihydrolanosterol;cholesterol biosynthetic process via desmosterol;cholesterol biosynthetic process via lathosterol;endoplasmic reticulum membrane;heme binding;iron ion binding;membrane;monooxygenase activity;negative regulation of amyloid-beta clearance;negative regulation of protein catabolic process;negative regulation of protein secretion;oxidoreductase activity;oxidoreductase activity, acting on paired donors, with incorporation or reduction of molecular oxygen;oxidoreductase activity, acting on paired donors, with incorporation or reduction of molecular oxygen, reduced flavin or flavoprotein as one donor, and incorporation of one atom of oxygen;steroid biosynthetic process;sterol 14-demethylase activity;sterol metabolic process;zymosterol biosynthetic process",GO:0006694;GO:0006695;GO:0016125;GO:0033488;GO:0033489;GO:0033490;GO:0036197;GO:0042177;GO:0050709;GO:1900222,"cholesterol biosynthetic process;cholesterol biosynthetic process via 24,25-dihydrolanosterol;cholesterol biosynthetic process via desmosterol;cholesterol biosynthetic process via lathosterol;negative regulation of amyloid-beta clearance;negative regulation of protein catabolic process;negative regulation of protein secretion;steroid biosynthetic process;sterol metabolic process;zymosterol biosynthetic process",GO:0004497;GO:0005506;GO:0008398;GO:0016491;GO:0016705;GO:0016712;GO:0020037,"heme binding;iron ion binding;monooxygenase activity;oxidoreductase activity;oxidoreductase activity, acting on paired donors, with incorporation or reduction of molecular oxygen;oxidoreductase activity, acting on paired donors, with incorporation or reduction of molecular oxygen, reduced flavin or flavoprotein as one donor, and incorporation of one atom of oxygen;sterol 14-demethylase activity",GO:0005789;GO:0016020,endoplasmic reticulum membrane;membrane
Q9BWD1,0,2,Rosuvastatin;atorvastatin,ACAT2,,2,2,PathBank:SMP0000092;PathBank:SMP0000131,Rosuvastatin;atorvastatin,2,pathway_predominant,10,GO:0003985;GO:0005515;GO:0005737;GO:0005829;GO:0006629;GO:0006631;GO:0010142;GO:0016746;GO:0016747;GO:0070062,"acetyl-CoA C-acetyltransferase activity;acyltransferase activity;acyltransferase activity, transferring groups other than amino-acyl groups;cytoplasm;cytosol;extracellular exosome;farnesyl diphosphate biosynthetic process, mevalonate pathway;fatty acid metabolic process;lipid metabolic process;protein binding",GO:0006629;GO:0006631;GO:0010142,"farnesyl diphosphate biosynthetic process, mevalonate pathway;fatty acid metabolic process;lipid metabolic process",GO:0003985;GO:0005515;GO:0016746;GO:0016747,"acetyl-CoA C-acetyltransferase activity;acyltransferase activity;acyltransferase activity, transferring groups other than amino-acyl groups;protein binding",GO:0005737;GO:0005829;GO:0070062,cytoplasm;cytosol;extracellular exosome
A4D1D2,0,1,atorvastatin,ABCB1,,1,1,PharmGKB:PA145011109,atorvastatin,1,pathway_predominant,8,GO:0005524;GO:0005886;GO:0016020;GO:0016887;GO:0045332;GO:0055085;GO:0090554;GO:0140359,ABC-type transporter activity;ATP binding;ATP hydrolysis activity;membrane;phosphatidylcholine floppase activity;phospholipid translocation;plasma membrane;transmembrane transport,GO:0045332;GO:0055085,phospholipid translocation;transmembrane transport,GO:0005524;GO:0016887;GO:0090554;GO:0140359,ABC-type transporter activity;ATP binding;ATP hydrolysis activity;phosphatidylcholine floppase activity,GO:0005886;GO:0016020,membrane;plasma membrane
B4DGA9,0,1,atorvastatin,,,1,1,PharmGKB:PA145011109,atorvastatin,1,pathway_predominant,0,,,,,,,,
P16662,0,1,atorvastatin,UGT2B7,,1,1,PharmGKB:PA145011109,atorvastatin,1,pathway_predominant,9,GO:0001972;GO:0005789;GO:0006629;GO:0006805;GO:0008194;GO:0008209;GO:0008210;GO:0015020;GO:0016020,UDP-glycosyltransferase activity;androgen metabolic process;endoplasmic reticulum membrane;estrogen metabolic process;glucuronosyltransferase activity;lipid metabolic process;membrane;retinoic acid binding;xenobiotic metabolic process,GO:0006629;GO:0006805;GO:0008209;GO:0008210,androgen metabolic process;estrogen metabolic process;lipid metabolic process;xenobiotic metabolic process,GO:0001972;GO:0008194;GO:0015020,UDP-glycosyltransferase activity;glucuronosyltransferase activity;retinoic acid binding,GO:0005789;GO:0016020,endoplasmic reticulum membrane;membrane
Q05CV5,0,1,atorvastatin,SLCO1B1,,1,1,PharmGKB:PA145011109,atorvastatin,1,pathway_predominant,4,GO:0005886;GO:0016020;GO:0022857;GO:0055085,membrane;plasma membrane;transmembrane transport;transmembrane transporter activity,GO:0055085,transmembrane transport,GO:0022857,transmembrane transporter activity,GO:0005886;GO:0016020,membrane;plasma membrane
Q6NWU0,0,1,atorvastatin,CYP2D6,,1,1,PharmGKB:PA145011109,atorvastatin,1,pathway_predominant,7,GO:0004497;GO:0005506;GO:0005789;GO:0016020;GO:0016705;GO:0016712;GO:0020037,"endoplasmic reticulum membrane;heme binding;iron ion binding;membrane;monooxygenase activity;oxidoreductase activity, acting on paired donors, with incorporation or reduction of molecular oxygen;oxidoreductase activity, acting on paired donors, with incorporation or reduction of molecular oxygen, reduced flavin or flavoprotein as one donor, and incorporation of one atom of oxygen",,,GO:0004497;GO:0005506;GO:0016705;GO:0016712;GO:0020037,"heme binding;iron ion binding;monooxygenase activity;oxidoreductase activity, acting on paired donors, with incorporation or reduction of molecular oxygen;oxidoreductase activity, acting on paired donors, with incorporation or reduction of molecular oxygen, reduced flavin or flavoprotein as one donor, and incorporation of one atom of oxygen",GO:0005789;GO:0016020,endoplasmic reticulum membrane;membrane
