uniprot_accession,total_count,n_compounds,compounds,symbol,geneid
P05177,48,2,caffeine;maprotiline,CYP1A2,1544
P29274,42,1,caffeine,ADORA2A,135
P30542,40,1,caffeine,ADORA1,134
Q13315,34,1,caffeine,ATM,472
P42574,31,2,Ginsenoside rb1;caffeine,CASP3,836
P31749,19,2,Ginsenoside rb1;caffeine,AKT1,207
P04637,16,1,caffeine,TP53,7157
P38936,16,1,caffeine,CDKN1A,1026
P16104,14,1,caffeine,H2AX,3014
P09874,14,1,caffeine,PARP1,142
P11229,14,3,bethanechol;maprotiline;pilocarpine,CHRM1,1128
O14757,14,1,caffeine,CHEK1,1111
Q13535,14,1,caffeine,ATR,545
P05019,13,2,Ginsenoside rb1;caffeine,IGF1,3479
P20309,13,4,bethanechol;carbachol;maprotiline;pilocarpine,CHRM3,1131
P29275,12,1,caffeine,ADORA2B,136
P08912,11,3,bethanechol;maprotiline;pilocarpine,CHRM5,1133
P08172,11,3,bethanechol;maprotiline;pilocarpine,CHRM2,1129
P08173,11,3,bethanechol;maprotiline;pilocarpine,CHRM4,1132
P14416,11,2,caffeine;maprotiline,DRD2,1813
P14635,10,1,caffeine,CCNB1,891
P22303,10,1,caffeine,ACHE,43
P06493,10,1,caffeine,CDK1,983
P04035,10,1,caffeine,HMGCR,3156
P08684,9,3,caffeine;maprotiline;pilocarpine,CYP3A4,1576
P04114,9,2,Ethanolamine;caffeine,APOB,338
P0DMS8,9,1,caffeine,ADORA3,140
P55211,8,1,caffeine,CASP9,842
P16220,8,1,caffeine,CREB1,1385
P04040,8,1,caffeine,CAT,847
O96017,8,1,caffeine,CHEK2,11200
P11245,8,1,caffeine,NAT2,10
Q8WTV0,8,1,caffeine,SCARB1,949
Q07812,8,1,caffeine,BAX,581
Q01581,8,1,caffeine,HMGCS1,3157
P10635,7,2,caffeine;maprotiline,CYP2D6,1565
P21817,7,1,caffeine,RYR1,6261
Q13501,7,2,Ginsenoside rb1;caffeine,SQSTM1,8878
P42345,7,1,caffeine,MTOR,2475
P04792,6,1,caffeine,HSPB1,3315
P05231,6,2,Ginsenoside rb1;caffeine,IL6,3569
P25445,6,1,caffeine,FAS,355
Q9NRZ9,6,1,caffeine,HELLS,3070
P24941,6,1,caffeine,CDK2,1017
P49327,6,1,caffeine,FASN,2194
P61978,6,1,caffeine,HNRNPK,3190
P49715,6,1,caffeine,CEBPA,1050
P04150,6,1,caffeine,NR3C1,2908
P08069,6,1,caffeine,IGF1R,3480
P01375,6,2,Ginsenoside rb1;caffeine,TNF,7124
P14136,6,1,caffeine,GFAP,2670
P15559,6,1,caffeine,NQO1,1728
P30307,6,1,caffeine,CDC25C,995
P14060,6,1,caffeine,HSD3B1,3283
P24298,6,1,caffeine,GPT,2875
P23975,6,1,maprotiline,SLC6A2,6530
Q14643,6,1,caffeine,ITPR1,3708
P37268,6,1,caffeine,FDFT1,2222
P11509,6,2,caffeine;pilocarpine,CYP2A6,1548
P09429,6,1,caffeine,HMGB1,3146
P35222,6,1,caffeine,CTNNB1,1499
O95622,5,2,caffeine;forskolin,ADCY5,111
P07858,5,2,Ginsenoside rb1;caffeine,CTSB,1508
P11712,5,1,caffeine,CYP2C9,1559
P01584,5,2,Ginsenoside rb1;caffeine,IL1B,3553
Q14573,5,1,caffeine,ITPR3,3710
P04798,5,1,caffeine,CYP1A1,1543
P16112,4,1,caffeine,ACAN,176
P17676,4,1,caffeine,CEBPB,1051
P18146,4,1,caffeine,EGR1,1958
Q9Y6K1,4,1,caffeine,DNMT3A,1788
P26358,4,1,caffeine,DNMT1,1786
P27708,4,1,caffeine,CAD,790
P17302,4,1,caffeine,GJA1,2697
P17096,4,1,caffeine,HMGA1,3159
P30305,4,1,caffeine,CDC25B,994
P35348,4,1,maprotiline,ADRA1A,148
P10412,4,1,caffeine,H1-4,3008
P34932,4,1,caffeine,HSPA4,3308
P12830,4,1,caffeine,CDH1,999
P31943,4,1,caffeine,HNRNPH1,3187
P02654,4,1,caffeine,APOC1,341
P05362,4,1,caffeine,ICAM1,3383
P04075,4,1,caffeine,ALDOA,226
P06730,4,1,caffeine,EIF4E,1977
P07900,4,1,caffeine,HSP90AA1,3320
P06744,4,1,caffeine,GPI,2821
P06733,4,1,caffeine,ENO1,2023
P07910,4,1,caffeine,HNRNPC,3183
P09651,4,1,caffeine,HNRNPA1,3178
P10145,4,1,caffeine,CXCL8,3576
P0DP23,4,1,caffeine,CALM1,801
Q92887,4,1,caffeine,ABCC2,1244
P08482,4,2,bethanechol;pilocarpine,CHRM1,25229
P40126,4,1,caffeine,DCT,1638
P09525,4,1,caffeine,ANXA4,307
P10275,4,2,caffeine;forskolin,AR,367
P13639,4,1,caffeine,EEF2,1938
P11802,4,1,caffeine,CDK4,1019
P30543,4,1,caffeine,ADORA2A,25369
P31689,4,1,caffeine,DNAJA1,3301
P16949,4,1,caffeine,STMN1,3925
P16401,4,1,caffeine,H1-5,3009
P29692,4,1,caffeine,EEF1D,1936
P00352,4,1,caffeine,ALDH1A1,216
P02647,4,1,caffeine,APOA1,335
P02452,4,1,caffeine,COL1A1,1277
P02768,4,1,caffeine,ALB,213
P02655,4,1,caffeine,APOC2,344
Q16236,4,2,Ginsenoside rb1;caffeine,NFE2L2,4780
P42575,4,1,caffeine,CASP2,835
P04406,4,1,caffeine,GAPDH,2597
P02652,4,1,caffeine,APOA2,336
P52597,4,1,caffeine,HNRNPF,3185
P53396,4,1,caffeine,ACLY,47
P51959,4,1,caffeine,CCNG1,900
P50416,4,1,caffeine,CPT1A,1374
P49840,4,1,caffeine,GSK3A,2931
P49841,4,1,caffeine,GSK3B,2932
P50052,4,1,caffeine,AGTR2,186
P49675,4,1,caffeine,STAR,6770
P48506,4,1,caffeine,GCLC,2729
P00338,4,2,Ginsenoside rb1;caffeine,LDHA,3939
P00813,4,1,caffeine,ADA,100
P80365,4,1,caffeine,HSD11B2,3291
P68104,4,1,caffeine,EEF1A1,1915
P63092,4,2,caffeine;forskolin,GNAS,2778
P55010,4,1,caffeine,EIF5,1983
P60709,4,1,caffeine,ACTB,60
Q07343,4,1,caffeine,PDE4B,5142
Q08334,4,1,caffeine,IL10RB,3588
Q01959,4,2,caffeine;maprotiline,SLC6A3,6531
Q00341,4,1,caffeine,HDLBP,3069
P80404,4,1,caffeine,ABAT,18
O60488,4,1,caffeine,ACSL4,2182
Q13541,4,1,caffeine,EIF4EBP1,1978
Q08462,4,1,forskolin,ADCY2,108
Q13085,4,1,caffeine,ACACA,31
Q12983,4,1,caffeine,BNIP3,664
Q13255,4,1,caffeine,GRM1,2911
Q13231,4,1,caffeine,CHIT1,1118
O43683,4,1,caffeine,BUB1,699
O43852,4,1,caffeine,CALU,813
P23560,4,1,caffeine,BDNF,627
Q9UBC3,4,1,caffeine,DNMT3B,1789
P25099,3,1,caffeine,ADORA1,29290
P48357,3,1,caffeine,LEPR,3953
Q16678,3,1,caffeine,CYP1B1,1545
Q14534,3,1,caffeine,SQLE,6713
Q15413,3,1,caffeine,RYR3,6263
P49588,3,2,bethanechol;caffeine,AARS1,16
O76074,3,1,caffeine,PDE5A,8654
P01137,3,2,Ginsenoside rb1;caffeine,TGFB1,7040
Q06278,3,2,caffeine;maprotiline,AOX1,316
O60503,3,2,caffeine;forskolin,ADCY9,115
P01100,3,2,Ginsenoside rb1;caffeine,FOS,2353
Q13177,3,1,caffeine,PAK2,5062
P02340,3,1,caffeine,TRP53,22059
P01130,3,1,caffeine,LDLR,3949
Q12809,3,2,Ginsenoside rb1;caffeine,KCNH2,3757
P51828,3,2,caffeine;forskolin,ADCY7,113
P23246,3,1,caffeine,SFPQ,6421
Q14571,3,1,caffeine,ITPR2,3709
P48436,3,1,caffeine,SOX9,6662
P02649,3,2,Ethanolamine;caffeine,APOE,348
P06213,3,1,caffeine,INSR,3643
P05181,3,1,caffeine,CYP2E1,1571
P07339,3,2,Ginsenoside rb1;caffeine,CTSD,1509
P08913,3,1,maprotiline,ADRA2A,150
P41159,3,1,caffeine,LEP,3952
Q8WUI4,3,2,caffeine;forskolin,HDAC7,51564
Q92793,3,2,caffeine;forskolin,CREBBP,1387
P35367,3,1,maprotiline,HRH1,3269
P11215,3,2,Ginsenoside rb1;caffeine,ITGAM,3684
P11511,3,2,caffeine;forskolin,CYP19A1,1588
Q96EB6,3,1,caffeine,SIRT1,23411
P15692,3,1,caffeine,VEGFA,7422
P28482,3,2,caffeine;forskolin,MAPK1,5594
P28335,3,1,maprotiline,HTR2C,3358
P28223,3,1,maprotiline,HTR2A,3356
P18825,3,1,maprotiline,ADRA2C,152
P18089,3,1,maprotiline,ADRA2B,151
P21281,3,2,Ginsenoside rb1;caffeine,ATP6V1B2,526
P25100,3,1,maprotiline,ADRA1D,146
O43293,2,1,caffeine,DAPK3,1613
O43903,2,1,caffeine,GAS2,2620
O43822,2,1,caffeine,CFAP410,755
O43707,2,1,caffeine,ACTN4,81
Q13370,2,1,caffeine,PDE3B,5140
Q13322,2,1,caffeine,GRB10,2887
Q13557,2,1,caffeine,CAMK2D,817
P24385,2,1,caffeine,CCND1,595
P23769,2,1,caffeine,GATA2,2624
P23588,2,1,caffeine,EIF4B,1975
P23528,2,1,caffeine,CFL1,1072
P23526,2,1,caffeine,AHCY,191
P21333,2,1,caffeine,FLNA,2316
P23327,2,1,caffeine,HRC,3270
O43491,2,1,caffeine,EPB41L2,2037
O60443,2,1,caffeine,GSDME,1687
O60331,2,1,caffeine,PIP5K1C,23396
O60238,2,1,caffeine,BNIP3L,665
Q13017,2,1,caffeine,ARHGAP5,394
Q13286,2,1,caffeine,CLN3,1201
Q13285,2,1,caffeine,NR5A1,2516
Q13263,2,1,caffeine,TRIM28,10155
Q13224,2,1,caffeine,GRIN2B,2904
Q13206,2,1,caffeine,DDX10,1662
Q13202,2,1,caffeine,DUSP8,1850
Q13191,2,1,caffeine,CBLB,868
Q13459,2,1,caffeine,MYO9B,4650
Q13451,2,1,caffeine,FKBP5,2289
Q13439,2,1,caffeine,GOLGA4,2803
Q12959,2,1,caffeine,DLG1,1739
Q12929,2,1,caffeine,EPS8,2059
Q12906,2,1,caffeine,ILF3,3609
Q12879,2,1,caffeine,GRIN2A,2903
Q12873,2,1,caffeine,CHD3,1107
O60220,2,1,caffeine,TIMM8A,1678
O60716,2,1,caffeine,CTNND1,1500
O60658,2,1,caffeine,PDE8A,5151
O60610,2,1,caffeine,DIAPH1,1729
O60583,2,1,caffeine,CCNT2,905
O60566,2,1,caffeine,BUB1B,701
O60500,2,1,caffeine,NPHS1,4868
Q13153,2,1,caffeine,PAK1,5058
Q13098,2,1,caffeine,GPS1,2873
O43524,2,1,caffeine,FOXO3,2309
O60832,2,1,caffeine,DKC1,1736
Q12996,2,1,caffeine,CSTF3,1479
Q13555,2,1,caffeine,CAMK2G,818
Q13554,2,1,caffeine,CAMK2B,816
Q13547,2,1,caffeine,HDAC1,3065
Q13542,2,1,caffeine,EIF4EBP2,1979
Q13490,2,1,caffeine,BIRC2,329
Q13480,2,1,caffeine,GAB1,2549
Q13796,2,1,caffeine,SHROOM2,357
Q13642,2,1,caffeine,FHL1,2273
Q13627,2,1,caffeine,DYRK1A,1859
O43424,2,1,caffeine,GRID2,2895
O43405,2,1,caffeine,COCH,1690
Q13586,2,1,caffeine,STIM1,6786
Q14103,2,1,caffeine,HNRNPD,3184
Q12982,2,1,caffeine,BNIP2,663
Q07817,2,1,caffeine,BCL2L1,598
Q07687,2,1,caffeine,DLX2,1746
O75128,2,1,caffeine,COBL,23242
Q07352,2,1,caffeine,ZFP36L1,677
Q0IIM8,2,1,caffeine,TBC1D8B,54885
Q09472,2,1,caffeine,EP300,2033
Q09019,2,1,caffeine,DMWD,1762
Q08495,2,1,caffeine,DMTN,2039
Q08426,2,1,caffeine,EHHADH,1962
Q08379,2,1,caffeine,GOLGA2,2801
Q08378,2,1,caffeine,GOLGA3,2802
Q12834,2,1,caffeine,CDC20,991
Q12830,2,1,caffeine,BPTF,2186
Q12789,2,1,caffeine,GTF3C1,2975
Q12772,2,1,caffeine,SREBF2,6721
Q03001,2,1,caffeine,DST,667
Q02535,2,1,caffeine,ID3,3399
O75369,2,1,caffeine,FLNB,2317
Q02487,2,1,caffeine,DSC2,1824
Q07021,2,1,caffeine,C1QBP,708
Q06546,2,1,caffeine,GABPA,2551
Q06520,2,1,caffeine,SULT2A1,6822
Q06481,2,1,caffeine,APLP2,334
Q05586,2,1,caffeine,GRIN1,2902
Q05048,2,1,caffeine,CSTF1,1477
Q04637,2,1,caffeine,EIF4G1,1981
Q08345,2,1,caffeine,DDR1,780
Q08050,2,1,caffeine,FOXM1,2305
Q07960,2,1,caffeine,ARHGAP1,392
Q07912,2,1,caffeine,TNK2,10188
Q01130,2,1,caffeine,SRSF2,6427
Q01094,2,1,caffeine,E2F1,1869
Q00839,2,1,caffeine,HNRNPU,3192
Q00688,2,1,caffeine,FKBP3,2287
O75581,2,1,caffeine,LRP6,4040
O75469,2,1,forskolin,NR1I2,8856
Q00613,2,1,caffeine,HSF1,3297
Q00610,2,1,caffeine,CLTC,1213
Q02363,2,1,caffeine,ID2,3398
Q02224,2,1,caffeine,CENPE,1062
Q02127,2,1,caffeine,DHODH,1723
Q01850,2,1,caffeine,CDR2,1039
Q01658,2,1,caffeine,DR1,1810
Q03188,2,1,caffeine,CENPC,1060
Q03135,2,1,caffeine,CAV1,857
Q03060,2,1,caffeine,CREM,1390
P63241,2,1,caffeine,EIF5A,1984
P84077,2,1,caffeine,ARF1,375
P84022,2,1,caffeine,SMAD3,4088
P78563,2,1,caffeine,ADARB1,104
O75460,2,1,caffeine,ERN1,2081
P78527,2,1,caffeine,PRKDC,5591
Q00534,2,1,caffeine,CDK6,1021
Q00403,2,1,caffeine,GTF2B,2959
P98174,2,1,caffeine,FGD1,2245
P98160,2,1,caffeine,HSPG2,3339
P98095,2,1,caffeine,FBLN2,2199
P98082,2,1,caffeine,DAB2,1601
P86791,2,1,caffeine,CCZ1,51622
Q01484,2,1,caffeine,ANK2,287
Q01433,2,1,caffeine,AMPD2,271
Q01167,2,1,caffeine,FOXK2,3607
O75976,2,1,caffeine,CPD,1362
P55789,2,1,caffeine,GFER,2671
P61604,2,1,caffeine,HSPE1,3336
P60983,2,1,caffeine,GMFB,2764
P58107,2,1,caffeine,EPPK1,83481
P63218,2,1,caffeine,GNG5,2787
P63096,2,1,caffeine,GNAI1,2770
P62873,2,1,caffeine,GNB1,2782
P62861,2,1,caffeine,FAU,2197
P62736,2,1,caffeine,ACTA2,59
P62258,2,1,caffeine,YWHAE,7531
P61981,2,1,caffeine,YWHAG,7532
P61803,2,1,caffeine,DAD1,1603
P78347,2,1,caffeine,GTF2I,2969
P78310,2,1,caffeine,CXADR,1525
P55884,2,1,caffeine,EIF3B,8662
P55795,2,1,caffeine,HNRNPH2,3188
Q13950,2,2,Ginsenoside rb1;caffeine,RUNX2,860
Q13907,2,1,caffeine,IDI1,3422
Q14451,2,1,caffeine,GRB7,2886
Q14444,2,1,caffeine,CAPRIN1,4076
Q14432,2,1,caffeine,PDE3A,5139
Q14376,2,1,caffeine,GALE,2582
Q14254,2,1,caffeine,FLOT2,2319
Q14247,2,1,caffeine,CTTN,2017
Q14204,2,1,caffeine,DYNC1H1,1778
Q14186,2,1,caffeine,TFDP1,7027
Q14185,2,1,caffeine,DOCK1,1793
O43237,2,1,caffeine,DYNC1LI2,1783
O15551,2,1,caffeine,CLDN3,1365
Q14596,2,1,caffeine,NBR1,4077
P54105,2,1,caffeine,CLNS1A,1207
P53674,2,1,caffeine,CRYBB1,1414
O95081,2,1,caffeine,AGFG2,3268
O95069,2,1,caffeine,KCNK2,3776
P53673,2,1,caffeine,CRYBA4,1413
P55317,2,1,caffeine,FOXA1,3169
P55287,2,1,caffeine,CDH11,1009
P55265,2,1,caffeine,ADAR,103
P55199,2,1,caffeine,ELL,8178
P55107,2,1,caffeine,GDF10,2662
P55072,2,1,caffeine,VCP,7415
P54886,2,1,caffeine,ALDH18A1,5832
P54760,2,1,caffeine,EPHB4,2050
P56539,2,1,caffeine,CAV3,859
P56537,2,1,caffeine,EIF6,3692
P55957,2,1,caffeine,BID,637
P52594,2,1,caffeine,AGFG1,3267
P52565,2,1,caffeine,ARHGDIA,396
P51946,2,1,caffeine,CCNH,902
P51858,2,1,caffeine,HDGF,3068
O95573,2,1,caffeine,ACSL3,2181
O95477,2,1,caffeine,ABCA1,19
P51826,2,1,caffeine,AFF3,3899
P53621,2,1,caffeine,COPA,1314
P52943,2,1,caffeine,CRIP2,1397
P52926,2,1,caffeine,HMGA2,8091
P52824,2,1,caffeine,DGKQ,1609
P52701,2,1,caffeine,MSH6,2956
P54709,2,1,caffeine,ATP1B3,483
P54259,2,1,caffeine,ATN1,1822
P54132,2,1,caffeine,BLM,641
P49773,2,1,caffeine,HINT1,3094
P49761,2,1,caffeine,CLK3,1198
P49760,2,1,caffeine,CLK2,1196
P50895,2,1,caffeine,BCAM,4059
P50747,2,1,caffeine,HLCS,3141
P50613,2,1,caffeine,CDK7,1022
P50570,2,1,caffeine,DNM2,1785
P50548,2,1,caffeine,ERF,2077
P50443,2,1,caffeine,SLC26A2,1836
P50402,2,1,caffeine,EMD,2010
P50395,2,1,caffeine,GDI2,2665
P51654,2,1,caffeine,GPC3,2719
P51648,2,1,caffeine,ALDH3A2,224
P51610,2,1,caffeine,HCFC1,3054
P51587,2,1,caffeine,BRCA2,675
P50995,2,1,caffeine,ANXA11,311
O14979,2,1,caffeine,HNRNPDL,9987
P00489,2,1,caffeine,PYGM,100008972
P00441,2,1,caffeine,SOD1,6647
P00390,2,1,caffeine,GSR,2936
P00367,2,1,caffeine,GLUD1,2746
O96019,2,1,caffeine,ACTL6A,86
P48444,2,1,caffeine,ARCN1,372
P49703,2,1,caffeine,ARL4D,379
P49674,2,1,caffeine,CSNK1E,1454
P49589,2,1,caffeine,CARS1,833
P49454,2,1,caffeine,CENPF,1063
P49407,2,1,caffeine,ARRB1,408
P50148,2,1,caffeine,GNAQ,2776
P00492,2,1,caffeine,HPRT1,3251
Q14562,2,1,caffeine,DHX8,1659
Q14517,2,1,caffeine,FAT1,2195
Q14790,2,1,caffeine,CASP8,841
Q14789,2,1,caffeine,GOLGB1,2804
Q14839,2,1,caffeine,CHD4,1108
Q15067,2,1,caffeine,ACOX1,51
Q15417,2,1,caffeine,CNN3,1266
Q15392,2,1,caffeine,DHCR24,1718
Q15389,2,1,caffeine,ANGPT1,284
Q15723,2,1,caffeine,ELF2,1998
Q15717,2,1,caffeine,ELAVL1,1994
Q15714,2,1,caffeine,TSC22D1,8848
P01241,2,1,caffeine,GH1,2688
P46100,2,1,caffeine,ATRX,546
P46098,2,1,caffeine,HTR3A,3359
P49189,2,1,caffeine,ALDH9A1,223
P48775,2,1,caffeine,TDO2,6999
P48730,2,1,caffeine,CSNK1D,1453
P48551,2,1,caffeine,IFNAR2,3455
P48542,2,1,maprotiline,KCNJ6,16522
P01112,2,1,caffeine,HRAS,3265
P01106,2,1,caffeine,MYC,4609
P01034,2,1,caffeine,CST3,1471
P01019,2,1,caffeine,AGT,183
P00746,2,1,caffeine,CFD,1675
P00736,2,1,caffeine,C1R,715
P01160,2,1,caffeine,NPPA,4878
P03950,2,1,caffeine,ANG,283
P03940,2,1,caffeine,CYP21A1,13079
P03372,2,2,Ethanolamine;forskolin,ESR1,2099
P02818,2,1,caffeine,BGLAP,632
P02786,2,1,caffeine,TFRC,7037
P02763,2,2,caffeine;maprotiline,ORM1,5004
P02656,2,1,caffeine,APOC3,345
P00519,2,1,caffeine,ABL1,25
P00505,2,1,caffeine,GOT2,2806
P02458,2,1,caffeine,COL2A1,1280
P01589,2,1,caffeine,IL2RA,3559
P01350,2,1,caffeine,GAST,2520
P01344,2,1,caffeine,IGF2,3481
Q15768,2,1,caffeine,EFNB3,1949
Q16610,2,1,caffeine,ECM1,1893
Q16555,2,1,caffeine,DPYSL2,1808
Q16254,2,1,caffeine,E2F4,1874
Q16181,2,1,caffeine,SEPTIN7,989
Q16881,2,1,caffeine,TXNRD1,7296
Q16665,2,1,caffeine,HIF1A,3091
Q16643,2,1,caffeine,DBN1,1627
Q2M3V2,2,1,caffeine,SOWAHA,134548
Q53ET0,2,1,caffeine,CRTC2,200186
O14647,2,1,caffeine,CHD2,1106
O14646,2,1,caffeine,CHD1,1105
P47989,2,1,caffeine,XDH,7498
P47974,2,1,caffeine,ZFP36L2,678
P46108,2,1,caffeine,CRK,1398
P05113,2,1,caffeine,IL5,3567
P05108,2,1,caffeine,CYP11A1,1583
P41212,2,1,caffeine,ETV6,2120
P43268,2,1,caffeine,ETV4,2118
P43250,2,1,caffeine,GRK6,2870
P42858,2,1,caffeine,HTT,3064
P42685,2,1,caffeine,FRK,2444
Q9Y4J8,2,1,caffeine,DTNA,1837
P04899,2,1,caffeine,GNAI2,2771
P04626,2,1,caffeine,ERBB2,2064
P04439,2,1,caffeine,HLA-A,3105
P04233,2,1,caffeine,CD74,972
P04179,2,1,caffeine,SOD2,6648
P42684,2,1,caffeine,ABL2,27
O15182,2,1,caffeine,CETN3,1070
Q15911,2,1,caffeine,ZFHX3,463
O14867,2,1,caffeine,BACH1,571
P42566,2,1,caffeine,EPS15,2060
P42338,2,1,caffeine,PIK3CB,5291
P42126,2,1,caffeine,ECI1,1632
P41567,2,1,caffeine,EIF1,10209
P41240,2,1,caffeine,CSK,1445
P05093,2,1,caffeine,CYP17A1,1586
P05023,2,1,caffeine,ATP1A1,476
P06401,2,2,Ginsenoside rb1;caffeine,PGR,5241
P06241,2,1,caffeine,FYN,2534
Q9Y485,2,1,caffeine,DMXL1,1657
P05783,2,1,caffeine,KRT18,3875
P05305,2,1,caffeine,EDN1,1906
P05186,2,1,caffeine,ALPL,249
Q9Y2T3,2,1,caffeine,GDA,9615
P05114,2,1,caffeine,HMGN1,3150
P39880,2,1,caffeine,CUX1,1523
P39019,2,1,caffeine,RPS19,6223
O15123,2,1,caffeine,ANGPT2,285
Q60614,2,1,caffeine,ADORA2B,11541
Q6P1M3,2,1,caffeine,LLGL2,3993
Q86UP2,2,1,caffeine,KTN1,3895
Q86VP6,2,1,caffeine,CAND1,55832
Q86YS7,2,1,caffeine,C2CD5,9847
Q8IWU9,2,1,caffeine,TPH2,121278
Q8N6C5,2,1,caffeine,IGSF1,3547
Q8NBP7,2,1,caffeine,PCSK9,255738
Q8NDI1,2,1,caffeine,EHBP1,23301
Q8NE71,2,1,caffeine,ABCF1,23
Q8TCU4,2,1,caffeine,ALMS1,7840
O00571,2,1,caffeine,DDX3X,1654
O14920,2,1,caffeine,IKBKB,3551
P07199,2,1,caffeine,CENPB,1059
P07101,2,1,caffeine,TH,7054
P06858,2,1,caffeine,LPL,4023
P08243,2,1,caffeine,ASNS,440
P08238,2,1,caffeine,HSP90AB1,3326
P08185,2,1,caffeine,SERPINA6,866
P05423,2,1,caffeine,POLR3D,661
P05412,2,1,caffeine,JUN,3725
P07814,2,1,caffeine,EPRS1,2058
P07711,2,1,caffeine,CTSL,1514
P07384,2,1,caffeine,CAPN1,823
P07355,2,1,caffeine,ANXA2,302
P25098,2,1,caffeine,GRK2,156
P07332,2,1,caffeine,FES,2242
P07307,2,1,caffeine,ASGR2,433
P07203,2,1,caffeine,GPX1,2876
P09016,2,1,caffeine,HOXD4,3233
Q9Y679,2,1,caffeine,AUP1,550
P08833,2,1,caffeine,IGFBP1,3484
P08700,2,1,caffeine,IL3,3562
P08686,2,1,caffeine,CYP21A2,1589
P37058,2,1,caffeine,HSD17B3,3293
P36969,2,1,caffeine,GPX4,2879
P36956,2,1,caffeine,SREBF1,6720
P41182,2,1,caffeine,BCL6,604
P41162,2,1,caffeine,ETV3,2117
P41161,2,1,caffeine,ETV5,2119
Q9BYC5,2,1,caffeine,FUT8,2530
P41002,2,1,caffeine,CCNF,899
P40939,2,1,caffeine,HADHA,3030
P40227,2,1,caffeine,CCT6A,908
P40189,2,1,caffeine,IL6ST,3572
P08574,2,1,caffeine,CYC1,1537
P09972,2,1,caffeine,ALDOC,230
P09871,2,1,caffeine,C1S,716
P09629,2,1,caffeine,HOXB7,3217
P09601,2,1,Ginsenoside rb1,HMOX1,3162
P09543,2,1,caffeine,CNP,1267
P35637,2,1,caffeine,FUS,2521
P35613,2,1,caffeine,BSG,682
P35611,2,1,caffeine,ADD1,118
P38646,2,1,caffeine,HSPA9,3313
P38405,2,1,caffeine,GNAL,2774
P38398,2,1,caffeine,BRCA1,672
P37288,2,1,caffeine,AVPR1A,552
P09211,2,1,caffeine,GSTP1,2950
P09104,2,1,caffeine,ENO2,2026
P09038,2,1,caffeine,FGF2,2247
P0DP91,2,1,caffeine,ERCC6,2074
P0DMV8,2,1,caffeine,HSPA1B,3304
Q8TEB1,2,1,caffeine,DCAF11,80344
Q9BZC7,2,1,caffeine,ABCA2,20
Q8WUA4,2,1,caffeine,GTF3C2,2976
Q8WVM8,2,1,caffeine,SCFD1,23256
Q9GZQ8,2,2,Ginsenoside rb1;caffeine,MAP1LC3B,81631
Q92769,2,1,caffeine,HDAC2,3066
Q92889,2,1,caffeine,ERCC4,2072
Q92835,2,1,caffeine,INPP5D,3635
O00299,2,1,caffeine,CLIC1,1192
O00291,2,1,caffeine,HIP1,3092
O00273,2,1,caffeine,DFFA,1676
O14641,2,1,caffeine,DVL2,1856
O14639,2,1,caffeine,ABLIM1,3983
O14627,2,1,caffeine,CDX4,1046
P10809,2,1,caffeine,HSPD1,3329
P10768,2,1,caffeine,ESD,2098
P10632,2,1,caffeine,CYP2C8,1558
P10588,2,1,caffeine,NR2F6,2063
P35221,2,1,caffeine,CTNNA1,1495
P34969,2,1,maprotiline,HTR7,3363
P36915,2,1,caffeine,GNL1,2794
P36894,2,1,caffeine,BMPR1A,657
P36382,2,1,caffeine,GJA5,2702
P35913,2,1,caffeine,PDE6B,5158
P35869,2,2,Ethanolamine;forskolin,AHR,196
P35754,2,1,caffeine,GLRX,2745
P10398,2,1,caffeine,ARAF,369
P10109,2,1,caffeine,FDX1,2230
P10074,2,1,caffeine,ZBTB48,3104
P10071,2,1,caffeine,GLI3,2737
P11474,2,1,caffeine,ESRRA,2101
P11473,2,2,caffeine;forskolin,VDR,7421
P11413,2,1,caffeine,G6PD,2539
P11387,2,1,caffeine,TOP1,7150
P11274,2,1,caffeine,BCR,613
P31942,2,1,caffeine,HNRNPH3,3189
P31939,2,1,caffeine,ATIC,471
P35520,2,1,caffeine,CBS,875
P35368,2,1,maprotiline,ADRA1B,147
Q9H2J7,2,1,caffeine,SLC6A15,55117
P35232,2,1,caffeine,PHB1,5245
P35228,2,1,caffeine,NOS2,4843
Q9H4G0,2,1,caffeine,EPB41L1,2036
P11171,2,1,caffeine,EPB41,2035
P11169,2,1,caffeine,SLC2A3,6515
P10980,2,1,pilocarpine,CHRM2,81645
O00512,2,1,caffeine,BCL9,607
O00458,2,1,caffeine,IFRD1,3475
P32929,2,1,caffeine,CTH,1491
P32754,2,1,caffeine,HPD,3242
P32519,2,1,caffeine,ELF1,1997
P32121,2,1,caffeine,ARRB2,409
P12821,2,1,caffeine,ACE,1636
P12814,2,1,caffeine,ACTN1,87
P12429,2,1,Ethanolamine,ANXA3,306
P12277,2,1,caffeine,CKB,1152
P12268,2,1,caffeine,IMPDH2,3615
P10451,2,1,caffeine,SPP1,6696
P10415,2,1,caffeine,BCL2,596
P11717,2,1,caffeine,IGF2R,3482
P11532,2,1,caffeine,DMD,1756
Q9H8V3,2,1,caffeine,ECT2,1894
P33240,2,1,caffeine,CSTF2,1478
P33151,2,1,caffeine,CDH5,1003
O00763,2,1,caffeine,ACACB,32
Q92805,2,1,caffeine,GOLGA1,2800
Q93088,2,1,caffeine,BHMT,635
Q92997,2,1,caffeine,DVL3,1857
Q92994,2,1,caffeine,BRF1,2972
Q9HB96,2,1,caffeine,FANCE,2178
Q96CW1,2,1,caffeine,AP2M1,1173
Q96CT7,2,1,caffeine,CCDC124,115098
Q96QE3,2,2,caffeine;forskolin,ATAD5,79915
Q96PG8,2,1,caffeine,BBC3,27113
Q99259,2,1,caffeine,GAD1,2571
Q99607,2,1,caffeine,ELF4,2000
Q99502,2,1,caffeine,EYA1,2138
O00148,2,1,caffeine,DDX39A,10212
P14625,2,1,caffeine,HSP90B1,7184
P13987,2,1,caffeine,CD59,966
P13984,2,1,caffeine,GTF2F2,2963
P29459,2,1,caffeine,IL12A,3592
P31751,2,1,caffeine,AKT2,208
P31645,2,1,maprotiline,SLC6A4,6532
P31629,2,1,caffeine,HIVEP2,3097
P30740,2,1,caffeine,SERPINB1,1992
P30566,2,1,caffeine,ADSL,158
P30550,2,1,caffeine,GRPR,2925
P13688,2,1,caffeine,CEACAM1,634
P13637,2,1,caffeine,ATP1A3,478
P13611,2,1,caffeine,VCAN,1462
P13584,2,1,caffeine,CYP4B1,1580
P13498,2,1,caffeine,CYBA,1535
P34947,2,1,caffeine,GRK5,2869
P30101,2,1,caffeine,PDIA3,2923
P29966,2,1,caffeine,MARCKS,4082
P29754,2,1,caffeine,AGTR1A,11607
P29460,2,1,caffeine,IL12B,3593
P13807,2,1,caffeine,GYS1,2997
P13804,2,1,caffeine,ETFA,2108
P13798,2,1,caffeine,APEH,327
P15924,2,1,caffeine,DSP,1832
P15822,2,1,caffeine,HIVEP1,3096
Q9HCR9,2,1,caffeine,PDE11A,50940
P15538,2,1,caffeine,CYP11B1,1584
P15311,2,1,caffeine,EZR,7430
P15260,2,1,caffeine,IFNGR1,3459
P13010,2,1,caffeine,XRCC5,7520
P12956,2,1,caffeine,XRCC6,2547
P14866,2,1,caffeine,HNRNPL,3191
Q99459,2,1,caffeine,CDC5L,988
Q99439,2,1,caffeine,CNN2,1265
Q99426,2,1,caffeine,TBCB,1155
Q99741,2,1,caffeine,CDC6,990
Q99729,2,1,caffeine,HNRNPAB,3182
Q99728,2,1,caffeine,BARD1,580
Q99704,2,1,caffeine,DOK1,1796
Q99645,2,1,caffeine,EPYC,1833
Q9BQ67,2,1,caffeine,GRWD1,83743
Q99956,2,1,caffeine,DUSP9,1852
Q99856,2,1,caffeine,ARID3A,1820
Q99808,2,1,caffeine,SLC29A1,2030
Q9BWD1,2,1,caffeine,ACAT2,39
O00230,2,1,caffeine,CORT,1325
O00192,2,1,caffeine,ARVCF,421
P30260,2,1,caffeine,CDC27,996
P26641,2,1,caffeine,EEF1G,1937
P29317,2,1,caffeine,EPHA2,1969
P29276,2,1,caffeine,ADORA2B,29316
P29083,2,1,caffeine,GTF2E1,2960
P28845,2,1,caffeine,HSD11B1,3290
P28715,2,1,caffeine,ERCC5,2073
Q9HCF6,2,1,maprotiline,TRPM3,80036
P15090,2,1,caffeine,FABP4,2167
P15056,2,1,caffeine,BRAF,673
P16671,2,1,caffeine,CD36,948
P16615,2,1,caffeine,ATP2A2,488
P16591,2,1,caffeine,FER,2241
P16382,2,1,caffeine,IL4RA,16190
Q9NPD5,2,1,Ginsenoside rb1,SLCO1B3,28234
Q9NRY4,2,1,caffeine,ARHGAP35,2909
O00329,2,1,caffeine,PIK3CD,5293
P27815,2,1,caffeine,PDE4A,5141
P27797,2,1,caffeine,CALR,811
P27707,2,1,caffeine,DCK,1633
P27695,2,1,caffeine,APEX1,328
P27487,2,1,caffeine,DPP4,1803
P27449,2,1,caffeine,ATP6V0C,527
P27361,2,2,caffeine;forskolin,MAPK3,5595
P27338,2,2,caffeine;maprotiline,MAOB,4129
P19484,2,1,Ginsenoside rb1,TFEB,7942
P19338,2,1,caffeine,NCL,4691
P19099,2,1,caffeine,CYP11B2,1585
Q9NRA2,2,1,caffeine,SLC17A5,26503
P15954,2,1,caffeine,COX7C,1350
P17812,2,1,caffeine,CTPS1,1503
P17655,2,1,caffeine,CAPN2,824
P17275,2,1,caffeine,JUNB,3726
P25054,2,1,caffeine,APC,324
Q9UBM7,2,1,caffeine,DHCR7,1717
P17987,2,1,caffeine,TCP1,6950
P17844,2,1,caffeine,DDX5,1655
Q9UBK8,2,1,caffeine,MTRR,4552
P21127,2,1,caffeine,CDK11B,984
P20827,2,1,caffeine,EFNA1,1942
P20810,2,1,caffeine,CAST,831
P20749,2,1,caffeine,BCL3,602
P20700,2,1,caffeine,LMNB1,4001
P20290,2,1,caffeine,BTF3,689
P20020,2,1,caffeine,ATP2B1,490
P19838,2,1,caffeine,NFKB1,4790
P24864,2,1,caffeine,CCNE1,898
P24534,2,1,caffeine,EEF1B2,1933
P27824,2,1,caffeine,CANX,821
P22626,2,1,caffeine,HNRNPA2B1,3181
A0FGR8,2,1,caffeine,ESYT2,57488
Q9Y6M4,2,1,caffeine,CSNK1G3,1456
P22314,2,1,caffeine,UBA1,7317
P19823,2,1,caffeine,ITIH2,3698
P19784,2,1,caffeine,CSNK2A2,1459
P22301,2,1,caffeine,IL10,3586
P21964,2,1,caffeine,COMT,1312
P21926,2,1,caffeine,CD9,928
P21860,2,1,caffeine,ERBB3,2065
P21815,2,1,caffeine,IBSP,3381
P21709,2,1,caffeine,EPHA1,2041
P21589,2,1,caffeine,NT5E,4907
P26232,2,1,caffeine,CTNNA2,1496
Q13409,2,1,caffeine,DYNC1I2,1781
Q9Y285,2,1,caffeine,FARSA,2193
O00167,2,1,caffeine,EYA2,2139
P22607,2,1,caffeine,FGFR3,2261
P22492,2,1,caffeine,H1-6,3010
P22455,2,1,caffeine,FGFR4,2264
P22352,2,1,caffeine,GPX3,2878
Q9UER7,2,1,caffeine,DAXX,1616
Q9UEY8,2,1,caffeine,ADD3,120
Q9UJ14,2,1,caffeine,GGT7,2686
Q9UKV5,2,1,caffeine,AMFR,267
Q9UKV3,2,1,caffeine,ACIN1,22985
Q9UKK3,2,1,caffeine,PARP4,143
Q9Y281,2,1,caffeine,CFL2,1073
Q9Y261,2,1,caffeine,FOXA2,3170
Q9Y2I1,2,1,caffeine,NISCH,11188
Q9Y2G1,2,1,caffeine,MYRF,745
Q9Y4D2,2,1,caffeine,DAGLA,747
A0A8M9PU70,1,1,caffeine,SLCO1D1,326845
Q9Y6Y8,1,1,caffeine,SEC23IP,11196
A0A2R8RK22,1,1,caffeine,ATP2A1L,494489
A0A804HJX8,1,1,caffeine,HECTD4,283450
Q9Y6G9,1,1,caffeine,DYNC1LI1,51143
Q9Y6E2,1,1,caffeine,BZW2,28969
Q9Y6D6,1,1,caffeine,ARFGEF1,10565
Q9Y6D5,1,1,caffeine,ARFGEF2,10564
Q9Y6A5,1,1,caffeine,TACC3,10460
Q9Y691,1,1,forskolin,KCNMB2,10242
Q9Y678,1,1,caffeine,COPG1,22820
Q9Y675,1,1,caffeine,SNURF,8926
Q9Y624,1,1,caffeine,F11R,50848
Q9Y618,1,1,caffeine,NCOR2,9612
Q9Y5J1,1,1,caffeine,UTP18,51096
A6NCI4,1,1,caffeine,VWA3A,146177
A6NCS6,1,1,caffeine,C2ORF72,257407
A6ND36,1,1,caffeine,SACK1G,644815
A6NDB9,1,1,caffeine,PALM3,342979
A6NFI3,1,1,caffeine,ZNF316,100131017
A6NGG8,1,1,caffeine,PCARE,388939
A6NHL2,1,1,caffeine,TUBAL3,79861
A6NJT0,1,1,caffeine,UNCX,340260
A6NKD9,1,1,caffeine,CCDC85C,317762
A7E2K5,1,1,caffeine,CRYBB1L2,560055
A7KAX9,1,1,caffeine,ARHGAP32,9743
A7XYQ1,1,1,caffeine,SOBP,55084
A8MTL9,1,1,caffeine,HMSD,284293
Q9Y5Y0,1,1,caffeine,FLVCR1,28982
Q9Y5Z4,1,1,caffeine,HEBP2,23593
P22059,1,1,caffeine,OSBP,5007
P19652,1,1,caffeine,ORM2,5005
P22392,1,1,caffeine,NME2,4831
P22413,1,1,caffeine,ENPP1,5167
P22695,1,1,caffeine,UQCRC2,7385
P22760,1,1,bethanechol,AADAC,13
P23193,1,1,caffeine,TCEA1,6917
P21359,1,1,caffeine,NF1,4763
P21439,1,1,caffeine,ABCB4,5244
P23508,1,1,caffeine,MCC,4163
P23510,1,1,caffeine,TNFSF4,7292
P23511,1,1,caffeine,NFYA,4800
P23527,1,1,caffeine,H2BC17,8348
P23677,1,1,caffeine,ITPKA,3706
P22307,1,1,caffeine,SCP2,6342
P22309,1,1,caffeine,UGT1A1,54658
P20042,1,1,caffeine,EIF2S2,8894
P20823,1,1,caffeine,HNF1A,6927
P20929,1,1,caffeine,NEB,4703
P25021,1,1,maprotiline,HRH2,3274
P25440,1,1,caffeine,BRD2,6046
P25963,1,1,caffeine,NFKBIA,4792
P26368,1,1,caffeine,U2AF2,11338
P26373,1,1,caffeine,RPL13,6137
P26639,1,1,caffeine,TARS1,6897
P23396,1,1,caffeine,RPS3,6188
P23443,1,1,caffeine,RPS6KB1,6198
P23497,1,1,caffeine,SP100,6672
P21580,1,1,caffeine,TNFAIP3,7128
P21728,1,1,maprotiline,DRD1,1812
P21796,1,1,caffeine,VDAC1,7416
P21918,1,1,maprotiline,DRD5,1816
P17600,1,1,caffeine,SYN1,6853
P17612,1,1,caffeine,PRKACA,5566
P18206,1,1,caffeine,VCL,7414
P18583,1,1,caffeine,SON,6651
P18615,1,1,caffeine,NELFE,7936
P18858,1,1,caffeine,LIG1,3978
P18887,1,1,caffeine,XRCC1,7515
P19532,1,1,caffeine,TFE3,7030
P19544,1,1,caffeine,WT1,7490
P19623,1,1,caffeine,SRM,6723
P16989,1,1,caffeine,YBX3,8531
P17028,1,1,caffeine,ZNF24,7572
P17029,1,1,caffeine,ZKSCAN1,7586
P27169,1,1,pilocarpine,PON1,5444
P27348,1,1,caffeine,YWHAQ,10971
P27448,1,1,caffeine,MARK3,4140
P16395,1,1,pilocarpine,MACHR-A,37892
P16499,1,1,caffeine,PDE6A,5145
P16860,1,1,caffeine,NPPB,4879
P14923,1,1,caffeine,JUP,3728
P28336,1,1,caffeine,NMBR,4829
P28370,1,1,caffeine,SMARCA1,6594
P28647,1,1,caffeine,ADORA3,100911796
P28702,1,1,forskolin,RXRB,6257
P29144,1,1,caffeine,TPP2,7174
P26640,1,1,caffeine,VARS1,7407
P26651,1,1,caffeine,ZFP36,7538
P17032,1,1,caffeine,ZNF37A,7587
P17098,1,1,caffeine,ZNF8,7554
P17535,1,1,caffeine,JUND,3727
P17544,1,1,caffeine,ATF7,11016
P17561,1,1,caffeine,EPD,30199
P12931,1,1,caffeine,SRC,6714
P15382,1,1,Ginsenoside rb1,KCNE1,3753
P15392,1,1,caffeine,CYP2A4,13086
P15407,1,1,caffeine,FOSL1,8061
P15622,1,1,caffeine,ZNF250,58500
P15923,1,1,caffeine,TCF3,6929
P15927,1,1,caffeine,RPA2,6118
P29466,1,1,Ginsenoside rb1,CASP1,834
P29474,1,1,caffeine,NOS3,4846
P30038,1,1,caffeine,ALDH4A1,8659
P30086,1,1,caffeine,PEBP1,5037
P30275,1,1,caffeine,CKMT1,12716
P28190,1,1,caffeine,ADORA1,282133
P16144,1,1,caffeine,ITGB4,3691
P16333,1,1,caffeine,NCK1,4690
P16383,1,1,caffeine,GCFC2,6936
P13640,1,1,caffeine,MT1G,4495
P13667,1,1,caffeine,PDIA4,9601
P13797,1,1,caffeine,PLS3,5358
P11831,1,1,caffeine,SRF,6722
P12004,1,1,caffeine,PCNA,5111
P30622,1,1,caffeine,CLIP1,6249
P31152,1,1,forskolin,MAPK4,5596
P31321,1,1,caffeine,PRKAR1B,5575
P31930,1,1,caffeine,UQCRC1,7384
P29374,1,1,caffeine,ARID4A,5926
P29401,1,1,caffeine,TKT,7086
P13994,1,1,caffeine,YJU2B,81576
P14209,1,1,caffeine,CD99,4267
P14314,1,1,caffeine,PRKCSH,5589
P14550,1,1,caffeine,AKR1A1,10327
P14649,1,1,caffeine,MYL6B,140465
P12657,1,1,pilocarpine,CHRM1,12669
P12755,1,1,caffeine,SKI,6497
P12757,1,1,caffeine,SKIL,6498
P12883,1,1,caffeine,MYH7,4625
P11217,1,1,caffeine,PYGM,5837
P31946,1,1,caffeine,YWHAB,7529
P31948,1,1,caffeine,STIP1,10963
P33261,1,1,caffeine,CYP2C19,1557
P33270,1,1,caffeine,CYP6A2,35587
P33527,1,1,caffeine,ABCC1,4363
P30414,1,1,caffeine,NKTR,4820
P30419,1,1,caffeine,NMT1,4836
P13051,1,1,caffeine,UNG,7374
P13516,1,1,caffeine,SCD1,20249
P13569,1,1,forskolin,CFTR,1080
P13612,1,1,caffeine,ITGA4,3676
P11166,1,1,caffeine,SLC2A1,6513
P0DJD0,1,1,caffeine,RGPD1,400966
P0DMM9,1,1,caffeine,SULT1A4,445329
P35250,1,1,caffeine,RFC2,5982
P35270,1,1,caffeine,SPR,6697
P35462,1,1,maprotiline,DRD3,1814
P35568,1,1,caffeine,IRS1,3667
P35579,1,1,caffeine,MYH9,4627
P35580,1,1,caffeine,MYH10,4628
P35606,1,1,caffeine,COPB2,9276
P11279,1,1,Ginsenoside rb1,LAMP1,3916
P11388,1,1,caffeine,TOP2A,7153
P11441,1,1,caffeine,UBL4A,8266
P12036,1,1,caffeine,NEFH,4744
P12270,1,1,caffeine,TPR,7175
P12643,1,1,Ginsenoside rb1,BMP2,650
P08651,1,1,caffeine,NFIC,4782
P0DN37,1,1,caffeine,PPIAL4G,644591
P0DPD6,1,1,caffeine,ECE2,9718
P10147,1,1,caffeine,CCL3,6348
P10244,1,1,caffeine,MYBL2,4605
P09327,1,1,caffeine,VIL1,7429
P35659,1,1,caffeine,DEK,7913
P35711,1,1,caffeine,SOX5,6660
P35968,1,1,caffeine,KDR,3791
P36383,1,1,caffeine,GJC1,10052
P36578,1,1,caffeine,RPL4,6124
P36871,1,1,caffeine,PGM1,5236
P36897,1,1,caffeine,TGFBR1,7046
P10746,1,1,caffeine,UROS,7390
P10922,1,1,caffeine,H1F0,14958
P11137,1,1,Ginsenoside rb1,MAP2,4133
P07942,1,1,caffeine,LAMB1,3912
P07947,1,1,caffeine,YES1,7525
P08047,1,1,caffeine,SP1,6667
P37173,1,1,caffeine,TGFBR2,7048
P37198,1,1,caffeine,NUP62,23636
P37231,1,1,forskolin,PPARG,5468
P37275,1,1,caffeine,ZEB1,6935
P38432,1,1,caffeine,COIL,8161
P38606,1,1,Ginsenoside rb1,ATP6V1A,523
P38919,1,1,caffeine,EIF4A3,9775
P09661,1,1,caffeine,SNRPA1,6627
P09936,1,1,caffeine,UCHL1,7345
P0C1Z6,1,1,caffeine,TFPT,29844
P0C7T5,1,1,caffeine,ATXN1L,342371
P0CG47,1,1,caffeine,UBB,7314
P0CG48,1,1,caffeine,UBC,7316
P07737,1,1,caffeine,PFN1,5216
P05387,1,1,caffeine,RPLP2,6181
P08048,1,1,caffeine,ZFY,7544
P08183,1,1,forskolin,ABCB1,5243
P08235,1,1,caffeine,NR3C2,4306
P08237,1,1,caffeine,PFKM,5213
P08483,1,1,pilocarpine,CHRM3,24260
P08485,1,1,pilocarpine,CHRM4,25111
P40145,1,1,forskolin,ADCY8,114
P40222,1,1,caffeine,TXLNA,200081
P40763,1,1,caffeine,STAT3,6774
P40818,1,1,caffeine,USP8,9101
P08910,1,1,caffeine,ABHD2,11057
P08911,1,1,pilocarpine,CHRM5,53949
P09234,1,1,caffeine,SNRPC,6631
P09237,1,1,caffeine,MMP7,4316
P05162,1,1,caffeine,LGALS2,3957
P05230,1,1,Ethanolamine,FGF1,2246
P05455,1,1,caffeine,SSB,6741
P05556,1,1,caffeine,ITGB1,3688
P06239,1,1,caffeine,LCK,3932
P06748,1,1,caffeine,NPM1,4869
P06753,1,1,caffeine,TPM3,7170
P41236,1,1,caffeine,PPP1R2,5504
P41595,1,1,maprotiline,HTR2B,3357
P42166,1,1,caffeine,TMPO,7112
P42224,1,1,caffeine,STAT1,6772
P42226,1,1,caffeine,STAT6,6778
P42336,1,1,caffeine,PIK3CA,5290
P42356,1,1,caffeine,PI4KA,5297
P39023,1,1,caffeine,RPL3,6122
P07205,1,1,caffeine,PGK2,5232
P04818,1,1,caffeine,TYMS,7298
P04844,1,1,caffeine,RPN2,6185
P04920,1,1,caffeine,SLC4A2,6522
P42694,1,1,caffeine,HELZ,9931
P42695,1,1,caffeine,NCAPD3,23310
P43005,1,1,caffeine,SLC1A1,6505
P43140,1,1,maprotiline,ADRA1A,29412
P43220,1,1,forskolin,GLP1R,2740
P45973,1,1,caffeine,CBX5,23468
P45974,1,1,caffeine,USP5,8078
P45984,1,1,caffeine,MAPK9,5601
P46013,1,1,caffeine,MKI67,4288
P41227,1,1,caffeine,NAA10,8260
P41235,1,1,forskolin,HNF4A,3172
P05107,1,1,Ginsenoside rb1,ITGB2,3689
P05121,1,1,forskolin,SERPINE1,5054
P02545,1,1,caffeine,LMNA,4000
P00558,1,1,caffeine,PGK1,5230
P02798,1,1,caffeine,MT2,17750
P04004,1,1,caffeine,VTN,7448
P01133,1,1,Ethanolamine,EGF,1950
P46379,1,1,caffeine,BAG6,7917
P46459,1,1,caffeine,NSF,4905
P46531,1,1,caffeine,NOTCH1,4851
P46616,1,1,caffeine,ADORA2A,100135473
P46937,1,1,caffeine,YAP1,10413
P46939,1,1,caffeine,UTRN,7402
P47745,1,1,caffeine,ADORA1,100135472
P48029,1,1,caffeine,SLC6A8,6535
P48061,1,1,caffeine,CXCL12,6387
P48200,1,1,caffeine,IREB2,3658
P04264,1,1,caffeine,KRT1,3848
P00915,1,1,caffeine,CA1,759
P00918,1,1,caffeine,CA2,760
P01009,1,1,caffeine,SERPINA1,5265
O95817,1,1,caffeine,BAG3,9531
O95870,1,1,caffeine,ABHD16A,7920
O95905,1,1,caffeine,ECD,11319
P48449,1,1,caffeine,LSS,4047
P48545,1,1,maprotiline,KCNJ5,16521
P48552,1,1,caffeine,NRIP1,8204
P48643,1,1,caffeine,CCT5,22948
P48681,1,1,caffeine,NES,10763
P48995,1,1,caffeine,TRPC1,7220
P49116,1,1,caffeine,NR2C2,7182
P46087,1,1,caffeine,NOP2,4839
P01308,1,1,caffeine,INS,3630
P01325,1,1,caffeine,INS1,16333
P49915,1,1,caffeine,GMPS,8833
P49916,1,1,caffeine,LIG3,3980
P49321,1,1,caffeine,NASP,4678
P49368,1,1,caffeine,CCT3,7203
P49458,1,1,caffeine,SRP9,6726
P49585,1,1,caffeine,PCYT1A,5130
P49593,1,1,caffeine,PPM1F,9647
P49711,1,1,caffeine,CTCF,10664
P49736,1,1,caffeine,MCM2,4171
O96018,1,1,caffeine,APBA3,9546
O96028,1,1,caffeine,NSD2,7468
P00439,1,1,caffeine,PAH,5053
P00491,1,1,caffeine,PNP,4860
O95625,1,1,caffeine,ZBTB11,27107
O95639,1,1,caffeine,CPSF4,10898
P00797,1,1,caffeine,REN,5972
O95714,1,1,caffeine,HERC2,8924
O95747,1,1,caffeine,OXSR1,9943
O95757,1,1,caffeine,HSPA4L,22824
O95759,1,1,caffeine,TBC1D8,11138
O95772,1,1,caffeine,STARD3NL,83930
O95785,1,1,caffeine,WIZ,58525
O95793,1,1,caffeine,STAU1,6780
O95801,1,1,caffeine,TTC4,7268
O95810,1,1,caffeine,CAVIN2,8436
O95295,1,1,caffeine,SNAPIN,23557
O95352,1,1,caffeine,ATG7,10533
O95359,1,1,caffeine,TACC2,10579
P49763,1,1,caffeine,PGF,5228
P49795,1,1,caffeine,RGS19,10287
P49815,1,1,caffeine,TSC2,7249
P49848,1,1,caffeine,TAF6,6878
P51692,1,1,caffeine,STAT5B,6777
P51798,1,1,Ginsenoside rb1,CLCN7,1186
P50225,1,1,caffeine,SULT1A1,6817
P50406,1,1,maprotiline,HTR6,3362
P50502,1,1,caffeine,ST13,6767
P50552,1,1,caffeine,VASP,7408
P50748,1,1,caffeine,KNTC1,9735
P50851,1,1,caffeine,LRBA,987
P50990,1,1,caffeine,CCT8,10694
P49750,1,1,caffeine,YLPM1,56252
P49754,1,1,caffeine,VPS41,27072
P49757,1,1,caffeine,NUMB,8650
O95644,1,1,Ginsenoside rb1,NFATC1,4772
O95671,1,1,caffeine,ASMTL,8623
O95684,1,1,caffeine,CEP43,11116
O95696,1,1,caffeine,BRD1,23774
P51843,1,1,forskolin,NR0B1,190
P51956,1,1,caffeine,NEK3,4752
P51957,1,1,caffeine,NEK4,6787
P51991,1,1,caffeine,HNRNPA3,220988
P52272,1,1,caffeine,HNRNPM,4670
P52292,1,1,caffeine,KPNA2,3838
P52333,1,1,caffeine,JAK3,3718
P50991,1,1,caffeine,CCT4,10575
P51003,1,1,caffeine,PAPOLA,10914
P51114,1,1,caffeine,FXR1,8087
P51116,1,1,caffeine,FXR2,9513
P51160,1,1,caffeine,PDE6C,5146
P51449,1,1,Ethanolamine,RORC,6097
P51531,1,1,caffeine,SMARCA2,6595
P51532,1,1,caffeine,SMARCA4,6597
P51617,1,1,caffeine,IRAK1,3654
P51812,1,1,caffeine,RPS6KA3,6197
P51825,1,1,caffeine,AFF1,4299
O95365,1,1,caffeine,ZBTB7A,51341
O95400,1,1,caffeine,CD2BP2,10421
O95425,1,1,caffeine,SVIL,6840
O95429,1,1,caffeine,BAG4,9530
O95445,1,1,caffeine,APOM,55937
O95478,1,1,caffeine,NSA2,10412
O95490,1,1,caffeine,ADGRL2,23266
O95503,1,1,caffeine,CBX6,23466
O95528,1,1,caffeine,SLC2A10,81031
O95544,1,1,caffeine,NADK,65220
O95551,1,1,caffeine,TDP2,51567
O94983,1,1,caffeine,CAMTA2,23125
O94985,1,1,caffeine,CLSTN1,22883
O95049,1,1,caffeine,TJP3,27134
P53814,1,1,caffeine,SMTN,6525
P53985,1,1,caffeine,SLC16A1,6566
P53999,1,1,caffeine,SUB1,10923
P54198,1,1,caffeine,HIRA,7290
P54253,1,1,caffeine,ATXN1,6310
P54317,1,1,Ethanolamine,PNLIPRP2,5408
P54646,1,1,caffeine,PRKAA2,5563
P52735,1,1,caffeine,VAV2,7410
P52746,1,1,caffeine,ZNF142,7701
P52948,1,1,caffeine,NUP98,4928
P53007,1,1,caffeine,SLC25A1,6576
P53350,1,1,caffeine,PLK1,5347
P53365,1,1,caffeine,ARFIP2,23647
P53367,1,1,caffeine,ARFIP1,27236
P53384,1,1,caffeine,NUBP1,4682
P53602,1,1,caffeine,MVD,4597
P53671,1,1,caffeine,LIMK2,3985
O95071,1,1,caffeine,UBR5,51366
O95149,1,1,caffeine,SNUPN,10073
O95155,1,1,caffeine,UBE4B,10277
O95163,1,1,caffeine,ELP1,8518
O95201,1,1,caffeine,ZNF205,7755
O95210,1,1,caffeine,STBD1,8987
O95218,1,1,caffeine,ZRANB2,9406
O95235,1,1,caffeine,KIF20A,10112
O95249,1,1,caffeine,GOSR1,9527
O95260,1,1,caffeine,ATE1,11101
O95263,1,1,caffeine,PDE8B,8622
O94864,1,1,caffeine,SUPT7L,9913
O94868,1,1,caffeine,FCHSD2,9873
O94875,1,1,caffeine,SORBS2,8470
P53801,1,1,caffeine,PTTG1IP,754
O76024,1,1,caffeine,WFS1,7466
P56134,1,1,caffeine,ATP5MF,9551
P56524,1,1,caffeine,HDAC4,9759
P56705,1,1,caffeine,WNT4,54361
P56747,1,1,caffeine,CLDN6,9074
P56749,1,1,caffeine,CLDN12,9069
P56937,1,1,caffeine,HSD17B7,51478
P56945,1,1,caffeine,BCAR1,9564
P56962,1,1,caffeine,STX17,55014
P54750,1,1,caffeine,PDE1A,5136
P55011,1,1,caffeine,SLC12A2,6558
P55055,1,1,forskolin,NR1H2,7376
P55196,1,1,caffeine,AFDN,4301
P55201,1,1,caffeine,BRPF1,7862
P55209,1,1,caffeine,NAP1L1,4673
P53667,1,1,caffeine,LIMK1,3984
P55327,1,1,caffeine,TPD52,7163
P55735,1,1,caffeine,SEC13,6396
O94876,1,1,caffeine,TMCC1,23023
O94880,1,1,caffeine,PHF14,9678
O94885,1,1,caffeine,SASH1,23328
O94887,1,1,caffeine,FARP2,9855
O94888,1,1,caffeine,UBXN7,26043
O94910,1,1,caffeine,ADGRL1,22859
O94913,1,1,caffeine,PCF11,51585
O94915,1,1,caffeine,FRYL,285527
O94916,1,1,caffeine,NFAT5,10725
O94919,1,1,caffeine,ENDOD1,23052
O94964,1,1,caffeine,MTCL2,140710
O94972,1,1,caffeine,TRIM37,4591
O94979,1,1,caffeine,SEC31A,22872
O76013,1,1,caffeine,KRT36,8689
P62837,1,1,caffeine,UBE2D2,7322
P62854,1,1,caffeine,RPS26,6231
P62995,1,1,caffeine,TRA2B,6434
P63104,1,1,caffeine,YWHAZ,7534
P57060,1,1,caffeine,RWDD2B,10069
P57086,1,1,caffeine,SCAND1,51282
P57678,1,1,caffeine,GEMIN4,50628
P57764,1,1,Ginsenoside rb1,GSDMD,79792
P58317,1,1,caffeine,ZNF121,7675
P58753,1,1,caffeine,TIRAP,114609
P59910,1,1,caffeine,DNAJB13,374407
P60174,1,1,caffeine,TPI1,7167
P60468,1,1,caffeine,SEC61B,10952
P60880,1,1,caffeine,SNAP25,6616
P60903,1,1,caffeine,S100A10,6281
P61163,1,1,caffeine,ACTR1A,10121
O76064,1,1,caffeine,RNF8,9025
O76080,1,1,caffeine,ZFAND5,7763
O76083,1,1,caffeine,PDE9A,5152
O76094,1,1,caffeine,SRP72,6731
O94763,1,1,caffeine,URI1,8725
O94768,1,1,caffeine,STK17B,9262
O94782,1,1,caffeine,USP1,7398
O94804,1,1,caffeine,STK10,6793
O94805,1,1,caffeine,ACTL6B,51412
O94826,1,1,caffeine,TOMM70,9868
O94842,1,1,caffeine,TOX4,9878
O75643,1,1,caffeine,SNRNP200,23020
O75665,1,1,caffeine,OFD1,8481
O75683,1,1,caffeine,SURF6,6838
P62280,1,1,caffeine,RPS11,6205
P62805,1,1,caffeine,H4C9,8294
P83731,1,1,caffeine,RPL24,6152
P83916,1,1,caffeine,CBX1,10951
P84157,1,1,caffeine,MXRA7,439921
P67809,1,1,caffeine,YBX1,4904
P68363,1,1,caffeine,TUBA1B,10376
P69849,1,1,caffeine,NOMO3,408050
P70452,1,1,caffeine,STX4A,20909
P78312,1,1,caffeine,FAM193A,8603
P78362,1,1,caffeine,SRPK2,6733
P78371,1,1,caffeine,CCT2,10576
P78415,1,1,caffeine,IRX3,79191
P78417,1,1,caffeine,GSTO1,9446
P78423,1,1,caffeine,CX3CL1,6376
P78504,1,1,caffeine,JAG1,182
P78505,1,1,caffeine,PDE4C,5143
O76061,1,1,caffeine,STC2,8614
O75821,1,1,caffeine,EIF3G,8666
O75822,1,1,caffeine,EIF3J,8669
O75845,1,1,caffeine,SC5D,6309
O75881,1,1,caffeine,CYP7B1,9420
O75882,1,1,caffeine,ATRN,8455
O75907,1,1,caffeine,DGAT1,8694
O75909,1,1,caffeine,CCNK,8812
O75940,1,1,caffeine,SMNDC1,10285
O75962,1,1,caffeine,TRIO,7204
O75439,1,1,caffeine,PMPCB,9512
O75449,1,1,caffeine,KATNA1,11104
P80723,1,1,caffeine,BASP1,10409
P82094,1,1,caffeine,TMF1,7110
P82712,1,1,caffeine,CYP12D1-P,246648
P82909,1,1,caffeine,KGD4,92259
P83436,1,1,caffeine,COG7,91949
Q01196,1,1,caffeine,RUNX1,861
Q01629,1,1,caffeine,IFITM2,10581
P85037,1,1,caffeine,FOXK1,221937
P86452,1,1,caffeine,ZBED6,100381270
P99999,1,1,caffeine,CYCS,54205
Q00059,1,1,caffeine,TFAM,7019
Q00168,1,1,Ginsenoside rb1,CAMKII,43828
Q00536,1,1,caffeine,CDK16,5127
Q00537,1,1,caffeine,CDK17,5128
Q00587,1,1,caffeine,CDC42EP1,11135
P78524,1,1,caffeine,DENND2B,6764
P78562,1,1,caffeine,PHEX,5251
O75717,1,1,caffeine,WDHD1,11169
O75764,1,1,caffeine,TCEA3,6920
O75808,1,1,caffeine,CAPN15,6650
O75815,1,1,caffeine,BCAR3,8412
O75496,1,1,caffeine,GMNN,51053
O75508,1,1,caffeine,CLDN11,5010
O75509,1,1,caffeine,TNFRSF21,27242
O75521,1,1,caffeine,ECI2,10455
O75531,1,1,caffeine,BANF1,8815
O75533,1,1,caffeine,SF3B1,23451
O75554,1,1,caffeine,WBP4,11193
O75564,1,1,caffeine,JRK,8629
O75569,1,1,caffeine,PRKRA,8575
O75592,1,1,caffeine,MYCBP2,23077
O75190,1,1,caffeine,DNAJB6,10049
O75192,1,1,Ethanolamine,PEX11A,8800
O75319,1,1,caffeine,DUSP11,8446
Q00975,1,1,maprotiline,CACNA1B,774
Q01064,1,1,caffeine,PDE1B,5153
Q01082,1,1,caffeine,SPTBN1,6711
Q03181,1,1,forskolin,PPARD,5467
Q03426,1,1,caffeine,MVK,4598
Q03989,1,1,caffeine,ARID5A,10865
Q04206,1,1,Ginsenoside rb1,RELA,5970
Q01638,1,1,caffeine,IL1RL1,9173
Q01664,1,1,caffeine,TFAP4,7023
Q01804,1,1,caffeine,OTUD4,54726
Q01813,1,1,caffeine,PFKP,5214
Q01831,1,1,caffeine,XPC,7508
Q01970,1,1,caffeine,PLCB3,5331
Q01995,1,1,caffeine,TAGLN,6876
Q02040,1,1,caffeine,AKAP17A,8227
Q02086,1,1,caffeine,SP2,6668
Q02252,1,1,caffeine,ALDH6A1,4329
Q00653,1,1,caffeine,NFKB2,4791
O75473,1,1,caffeine,LGR5,8549
O75385,1,1,caffeine,ULK1,8408
O75387,1,1,caffeine,SLC43A1,8501
O75391,1,1,caffeine,SPAG7,9552
O75396,1,1,caffeine,SEC22B,9554
O75398,1,1,caffeine,DEAF1,10522
O75410,1,1,caffeine,TACC1,6867
O75420,1,1,caffeine,GIGYF1,64599
O75427,1,1,caffeine,LRCH4,4034
O75436,1,1,caffeine,VPS26A,9559
O75052,1,1,caffeine,NOS1AP,9722
O75069,1,1,caffeine,TMCC2,9911
O75096,1,1,caffeine,LRP4,4038
Q02817,1,1,forskolin,MUC2,4583
Q02818,1,1,caffeine,NUCB1,4924
Q02880,1,1,caffeine,TOP2B,7155
Q02952,1,1,caffeine,AKAP12,9590
Q07955,1,1,caffeine,SRSF1,6426
Q08170,1,1,caffeine,SRSF4,6429
Q08357,1,1,caffeine,SLC20A2,6575
Q04725,1,1,caffeine,TLE2,7089
Q04726,1,1,caffeine,TLE3,7090
Q05519,1,1,caffeine,SRSF11,9295
Q06418,1,1,caffeine,TYRO3,7301
Q06730,1,1,caffeine,ZNF33A,7581
Q06945,1,1,caffeine,SOX4,6659
Q07002,1,1,caffeine,CDK18,5129
Q07157,1,1,caffeine,TJP1,7082
Q02446,1,1,caffeine,SP4,6671
Q02447,1,1,caffeine,SP3,6670
O75362,1,1,caffeine,ZNF217,7764
O75376,1,1,caffeine,NCOR1,9611
O75381,1,1,caffeine,PEX14,5195
O75122,1,1,caffeine,CLASP2,23122
O75123,1,1,caffeine,ZNF623,9831
O75132,1,1,caffeine,ZBED4,9889
O75140,1,1,caffeine,DEPDC5,9681
O75151,1,1,caffeine,PHF2,5253
O75152,1,1,caffeine,ZC3H11A,9877
O75153,1,1,caffeine,CLUH,23277
O75161,1,1,caffeine,NPHP4,261734
O75164,1,1,caffeine,KDM4A,9682
O75167,1,1,caffeine,PHACTR2,9749
O75179,1,1,caffeine,ANKRD17,26057
O60729,1,1,caffeine,CDC14B,8555
O60739,1,1,caffeine,EIF1B,10289
O60749,1,1,caffeine,SNX2,6643
Q07869,1,1,caffeine,PPARA,5465
Q07889,1,1,caffeine,SOS1,6654
Q12791,1,1,forskolin,KCNMA1,3778
Q12792,1,1,caffeine,TWF1,5756
Q12802,1,1,caffeine,AKAP13,11214
Q12815,1,1,caffeine,TROAP,10024
Q12846,1,1,caffeine,STX4,6810
Q12851,1,1,caffeine,MAP4K2,5871
Q08499,1,1,caffeine,PDE4D,5144
Q08828,1,1,forskolin,ADCY1,107
Q08AD1,1,1,caffeine,CAMSAP2,23271
Q08AE8,1,1,caffeine,SPIRE1,56907
Q08J23,1,1,caffeine,NSUN2,54888
Q09666,1,1,caffeine,AHNAK,79026
Q0JRZ9,1,1,caffeine,FCHO2,115548
Q0VDD7,1,1,caffeine,BRME1,79173
Q07617,1,1,caffeine,SPAG1,6674
O75113,1,1,caffeine,N4BP1,9683
O60762,1,1,caffeine,DPM1,8813
O60763,1,1,caffeine,USO1,8615
O60779,1,1,caffeine,SLC19A2,10560
O60784,1,1,caffeine,TOM1,10043
O60825,1,1,caffeine,PFKFB2,5208
O60841,1,1,caffeine,EIF5B,9669
O60870,1,1,caffeine,KIN,22944
O60885,1,1,caffeine,BRD4,23476
O60907,1,1,caffeine,TBL1X,6907
O60934,1,1,caffeine,NBN,4683
O60936,1,1,caffeine,NOL3,8996
O75044,1,1,caffeine,SRGAP2,23380
O60493,1,1,caffeine,SNX3,8724
O60499,1,1,caffeine,STX10,8677
Q12770,1,1,caffeine,SCAP,22937
Q12774,1,1,caffeine,ARHGEF5,7984
O60502,1,1,caffeine,OGA,10724
O60504,1,1,caffeine,SORBS3,10174
O60506,1,1,caffeine,SYNCRIP,10492
O60524,1,1,caffeine,NEMF,9147
O60645,1,1,caffeine,EXOC3,11336
O60701,1,1,caffeine,UGDH,7358
O46051,1,1,caffeine,CYP4D14,45706
O46054,1,1,caffeine,CYP4AE1,31193
Q12874,1,1,caffeine,SF3A3,10946
Q12888,1,1,caffeine,TP53BP1,7158
Q12965,1,1,caffeine,MYO1E,4643
Q12968,1,1,caffeine,NFATC3,4775
Q12986,1,1,caffeine,NFX1,4799
Q0VF96,1,1,caffeine,CGNL1,84952
Q10570,1,1,caffeine,CPSF1,29894
Q12767,1,1,caffeine,TMEM94,9772
O60346,1,1,caffeine,PHLPP1,23239
O60353,1,1,caffeine,FZD6,8323
O43493,1,1,caffeine,TGOLN2,10618
Q13033,1,1,caffeine,STRN3,29966
Q13042,1,1,caffeine,CDC16,8881
Q13049,1,1,caffeine,TRIM32,22954
Q13107,1,1,caffeine,USP4,7375
Q13111,1,1,caffeine,CHAF1A,10036
Q13112,1,1,caffeine,CHAF1B,8208
Q13127,1,1,caffeine,REST,5978
Q13133,1,1,caffeine,NR1H3,10062
Q13148,1,1,caffeine,TARDBP,23435
Q13158,1,1,caffeine,FADD,8772
Q12857,1,1,caffeine,NFIA,4774
Q12870,1,1,caffeine,TCF15,6939
Q12872,1,1,caffeine,SFSWAP,6433
Q13469,1,1,caffeine,NFATC2,4773
Q13164,1,1,forskolin,MAPK7,5598
Q13188,1,1,caffeine,STK3,6788
Q13207,1,1,caffeine,TBX2,6909
Q13233,1,1,caffeine,MAP3K1,4214
Q13283,1,1,caffeine,G3BP1,10146
Q13009,1,1,caffeine,TIAM1,7074
Q13029,1,1,caffeine,PRDM2,7799
O60231,1,1,caffeine,DHX16,8449
O60258,1,1,caffeine,FGF17,8822
O60264,1,1,caffeine,SMARCA5,8467
O60266,1,1,forskolin,ADCY3,109
O60271,1,1,caffeine,SPAG9,9043
O60292,1,1,caffeine,SIPA1L3,23094
O60293,1,1,caffeine,ZFC3H1,196441
O60343,1,1,caffeine,TBC1D4,9882
O43674,1,1,caffeine,NDUFB5,4711
O43719,1,1,caffeine,HTATSF1,27336
O43752,1,1,caffeine,STX6,10228
O43815,1,1,caffeine,STRN,6801
O43889,1,1,forskolin,CREB3,10488
O43933,1,1,caffeine,PEX1,5189
O43255,1,1,caffeine,SIAH2,6478
O43294,1,1,caffeine,TGFB1I1,7041
Q13402,1,1,caffeine,MYO7A,4647
Q13415,1,1,caffeine,ORC1,4998
Q13424,1,1,caffeine,SNTA1,6640
Q13425,1,1,caffeine,SNTB2,6645
Q13426,1,1,caffeine,XRCC4,7518
Q13428,1,1,caffeine,TCOF1,6949
Q13442,1,1,caffeine,PDAP1,11333
Q13467,1,1,caffeine,FZD5,7855
Q13619,1,1,caffeine,CUL4A,8451
Q13620,1,1,caffeine,CUL4B,8450
Q13625,1,1,caffeine,TP53BP2,7159
Q13671,1,1,caffeine,RIN1,9610
Q13685,1,1,bethanechol,AAMP,14
Q13698,1,1,caffeine,CACNA1S,779
Q13769,1,1,caffeine,THOC5,8563
Q13505,1,1,caffeine,MTX1,4580
Q13506,1,1,caffeine,NAB1,4664
Q13507,1,1,caffeine,TRPC3,7222
Q13530,1,1,caffeine,SERINC3,10955
Q13561,1,1,caffeine,DCTN2,10540
Q13573,1,1,caffeine,SNW1,22938
Q13330,1,1,caffeine,MTA1,9112
O43572,1,1,caffeine,AKAP10,11216
O43609,1,1,caffeine,SPRY1,10252
O43312,1,1,caffeine,MTSS1,9788
O43353,1,1,caffeine,RIPK2,8767
O43379,1,1,caffeine,WDR62,284403
O43390,1,1,caffeine,HNRNPR,10236
O43399,1,1,caffeine,TPD52L2,7165
O43426,1,1,caffeine,SYNJ1,8867
O43463,1,1,caffeine,SUV39H1,6839
O43474,1,1,caffeine,KLF4,9314
O43482,1,1,caffeine,OIP5,11339
O43490,1,1,caffeine,PROM1,8842
O15439,1,1,caffeine,ABCC4,10257
O15503,1,1,caffeine,INSIG1,3638
O15516,1,1,caffeine,CLOCK,9575
Q13613,1,1,caffeine,MTMR1,8776
Q13614,1,1,caffeine,MTMR2,8898
Q13615,1,1,caffeine,MTMR3,8897
Q13813,1,1,caffeine,SPTAN1,6709
Q13838,1,1,caffeine,DDX39B,7919
Q13884,1,1,caffeine,SNTB1,6641
Q13946,1,1,caffeine,PDE7A,5150
Q14004,1,1,caffeine,CDK13,8621
Q14116,1,1,Ginsenoside rb1,IL18,3606
Q14123,1,1,caffeine,PDE1C,5137
Q14135,1,1,caffeine,VGLL4,9686
Q14137,1,1,caffeine,BOP1,23246
Q14151,1,1,caffeine,SAFB2,9667
Q14152,1,1,caffeine,EIF3A,8661
Q14153,1,1,caffeine,FAM53B,9679
Q14156,1,1,caffeine,EFR3A,23167
Q13574,1,1,caffeine,DGKZ,8525
Q13596,1,1,caffeine,SNX1,6642
O43306,1,1,forskolin,ADCY6,112
O15554,1,1,forskolin,KCNN4,3783
O35660,1,1,caffeine,GSTM6,14867
O43149,1,1,caffeine,ZZEF1,23140
O43150,1,1,caffeine,ASAP2,8853
O43164,1,1,caffeine,PJA2,9867
O43166,1,1,caffeine,SIPA1L1,26037
O43169,1,1,caffeine,CYB5B,80777
O43181,1,1,caffeine,NDUFS4,4724
O43189,1,1,caffeine,PHF1,5252
O15145,1,1,caffeine,ARPC3,10094
O15164,1,1,caffeine,TRIM24,8805
O15173,1,1,caffeine,PGRMC2,10424
Q14191,1,1,caffeine,WRN,7486
Q14202,1,1,caffeine,ZMYM3,9203
Q14241,1,1,caffeine,ELOA,6924
Q14258,1,1,caffeine,TRIM25,7706
Q14802,1,1,caffeine,FXYD3,5349
Q14807,1,1,caffeine,KIF22,3835
Q14457,1,1,caffeine,BECN1,8678
Q14511,1,1,caffeine,NEDD9,4739
Q14527,1,1,caffeine,HLTF,6596
Q14586,1,1,caffeine,ZNF267,10308
Q14667,1,1,caffeine,BLTP2,9703
Q14669,1,1,caffeine,TRIP12,9320
Q14674,1,1,caffeine,ESPL1,9700
Q14677,1,1,caffeine,CLINT1,9685
Q14678,1,1,caffeine,KANK1,23189
Q14157,1,1,caffeine,UBAP2L,9898
Q14160,1,1,caffeine,SCRIB,23513
Q14161,1,1,caffeine,GIT2,9815
O15527,1,1,caffeine,OGG1,4968
O15530,1,1,caffeine,PDPK1,5170
Q14CZ7,1,1,caffeine,FASTKD3,79072
Q14CZ8,1,1,caffeine,HEPACAM,220296
Q15003,1,1,caffeine,NCAPH,23397
Q15018,1,1,caffeine,ABRAXAS2,23172
Q14679,1,1,caffeine,TTLL4,9654
Q14683,1,1,caffeine,SMC1A,8243
Q14687,1,1,caffeine,GSE1,23199
Q14689,1,1,caffeine,DIP2A,23181
Q14690,1,1,caffeine,PDCD11,22984
Q14692,1,1,caffeine,BMS1,9790
Q14693,1,1,caffeine,LPIN1,23175
Q14694,1,1,caffeine,USP10,9100
Q14697,1,1,caffeine,GANAB,23193
Q14738,1,1,caffeine,PPP2R5D,5528
Q14739,1,1,caffeine,LBR,3930
Q147X3,1,1,caffeine,NAA30,122830
Q15052,1,1,caffeine,ARHGEF6,9459
Q15056,1,1,caffeine,EIF4H,7458
Q15059,1,1,caffeine,BRD3,8019
Q15061,1,1,caffeine,WDR43,23160
Q15075,1,1,caffeine,EEA1,8411
Q14847,1,1,caffeine,LASP1,3927
Q14896,1,1,caffeine,MYBPC3,4607
Q14938,1,1,caffeine,NFIX,4784
Q14966,1,1,caffeine,ZNF638,27332
Q14974,1,1,caffeine,KPNB1,3837
Q14978,1,1,caffeine,NOLC1,9221
Q14980,1,1,caffeine,NUMA1,4926
Q14BN4,1,1,caffeine,SLMAP,7871
Q14C86,1,1,caffeine,GAPVD1,26130
Q14CS0,1,1,caffeine,UBXN2B,137886
Q14CW9,1,1,caffeine,ATXN7L3,56970
Q15366,1,1,caffeine,PCBP2,5094
Q15388,1,1,caffeine,TOMM20,9804
Q15398,1,1,caffeine,DLGAP5,9787
Q15424,1,1,caffeine,SAFB,6294
Q15435,1,1,caffeine,PPP1R7,5510
Q15436,1,1,caffeine,SEC23A,10484
Q15020,1,1,caffeine,SART3,9733
Q15021,1,1,caffeine,NCAPD2,9918
Q15022,1,1,caffeine,SUZ12,23512
Q15025,1,1,caffeine,TNIP1,10318
Q15029,1,1,caffeine,EFTUD2,9343
Q15036,1,1,caffeine,SNX17,9784
Q15041,1,1,caffeine,ARL6IP1,23204
Q15046,1,1,caffeine,KARS1,3735
Q15047,1,1,caffeine,SETDB1,9869
Q15050,1,1,caffeine,RRS1,23212
Q15477,1,1,caffeine,SKIC2,6499
Q15545,1,1,caffeine,TAF7,6879
Q15555,1,1,caffeine,MAPRE2,10982
Q15572,1,1,caffeine,TAF1C,9013
Q15596,1,1,caffeine,NCOA2,10499
Q15599,1,1,caffeine,NHERF2,9351
Q15633,1,1,caffeine,TARBP2,6895
Q15642,1,1,caffeine,TRIP10,9322
Q15643,1,1,caffeine,TRIP11,9321
Q15697,1,1,caffeine,ZNF174,7727
Q15121,1,1,caffeine,PEA15,8682
Q15125,1,1,caffeine,EBP,10682
Q15149,1,1,caffeine,PLEC,5339
Q15154,1,1,caffeine,PCM1,5108
Q15233,1,1,caffeine,NONO,4841
Q15365,1,1,caffeine,PCBP1,5093
Q15464,1,1,caffeine,SHB,6461
Q15465,1,1,caffeine,SHH,6469
O15198,1,1,caffeine,SMAD9,4093
O15226,1,1,caffeine,NKRF,55922
O15228,1,1,caffeine,GNPAT,8443
O15234,1,1,caffeine,CASC3,22794
O15265,1,1,caffeine,ATXN7,6314
O15321,1,1,caffeine,TM9SF1,10548
O15357,1,1,caffeine,INPPL1,3636
O15372,1,1,caffeine,EIF3H,8667
O15400,1,1,caffeine,STX7,8417
O15403,1,1,caffeine,SLC16A6,9120
O15417,1,1,caffeine,TNRC18,84629
O15438,1,1,caffeine,ABCC3,8714
O14964,1,1,caffeine,HGS,9146
O14980,1,1,caffeine,XPO1,7514
Q16637,1,1,caffeine,SMN1,6606
Q15742,1,1,caffeine,NAB2,4665
Q15746,1,1,caffeine,MYLK,4638
Q15750,1,1,caffeine,TAB1,10454
Q15751,1,1,caffeine,HERC1,8925
Q15758,1,1,caffeine,SLC1A5,6510
Q15776,1,1,caffeine,ZKSCAN8,7745
Q15796,1,1,caffeine,SMAD2,4087
Q15797,1,1,caffeine,SMAD1,4086
Q15800,1,1,caffeine,MSMO1,6307
Q15822,1,1,carbachol,CHRNA2,1135
Q15836,1,1,caffeine,VAMP3,9341
Q15858,1,1,caffeine,SCN9A,6335
Q15916,1,1,caffeine,ZBTB6,10773
Q15942,1,1,caffeine,ZYX,7791
Q15459,1,1,caffeine,SF3A1,10291
Q1KMD3,1,1,caffeine,HNRNPUL2,221092
Q1L960,1,1,caffeine,LIM2.4,436680
Q1MSJ5,1,1,caffeine,CSPP1,79848
Q1W6H9,1,1,caffeine,FAM110C,642273
Q24JP5,1,1,caffeine,TMEM132A,54972
Q27593,1,1,caffeine,CYP6A8,36666
Q16186,1,1,caffeine,ADRM1,11047
Q16204,1,1,caffeine,CCDC6,8030
Q16512,1,1,caffeine,PKN1,5585
Q16558,1,1,forskolin,KCNMB1,3779
Q16594,1,1,caffeine,TAF9,6880
Q16613,1,1,bethanechol,AANAT,15
Q16620,1,1,caffeine,NTRK2,4915
Q16625,1,1,caffeine,OCLN,100506658
Q16629,1,1,caffeine,SRSF7,6432
Q16630,1,1,caffeine,CPSF6,11052
Q2M389,1,1,caffeine,WASHC4,23325
Q2M3C7,1,1,caffeine,SPHKAP,80309
Q2M3G4,1,1,caffeine,SHROOM1,134549
Q2NKX8,1,1,caffeine,ERCC6L,54821
Q2Q1W2,1,1,caffeine,TRIM71,131405
Q2TAZ0,1,1,caffeine,ATG2A,23130
Q2TB10,1,1,caffeine,ZNF800,168850
Q2TBE0,1,1,caffeine,CWF19L2,143884
Q2VPK5,1,1,caffeine,CTU2,348180
Q32P44,1,1,caffeine,EML3,256364
Q16656,1,1,caffeine,NRF1,4899
Q16659,1,1,forskolin,MAPK6,5597
Q16822,1,1,caffeine,PCK2,5106
Q16875,1,1,caffeine,PFKFB3,5209
Q17R98,1,1,caffeine,ZNF827,152485
Q17RY0,1,1,caffeine,CPEB4,80315
Q3YBR2,1,1,caffeine,TBRG1,84897
Q3ZCM7,1,1,caffeine,TUBB8,347688
Q49A26,1,1,caffeine,GLYR1,84656
Q49AH0,1,1,caffeine,CDNF,441549
Q49AR2,1,1,caffeine,C5ORF22,55322
Q4G0F5,1,1,caffeine,VPS26B,112936
Q4G0N4,1,1,caffeine,NADK2,133686
Q4KMP7,1,1,caffeine,TBC1D10B,26000
Q4KMQ1,1,1,caffeine,TPRN,286262
Q4L180,1,1,caffeine,FILIP1L,11259
Q4LE39,1,1,caffeine,ARID4B,51742
Q27606,1,1,caffeine,CYP4E2,35822
Q2KHR2,1,1,caffeine,RFX7,64864
Q2KHT3,1,1,caffeine,CLEC16A,23274
Q2LD37,1,1,caffeine,BLTP1,84162
Q2M2I8,1,1,caffeine,AAK1,22848
Q504Q3,1,1,caffeine,PAN2,9924
Q52LR7,1,1,caffeine,EPC2,26122
Q52LW3,1,1,caffeine,ARHGAP29,9411
Q53EL6,1,1,caffeine,PDCD4,27250
Q53EP0,1,1,caffeine,FNDC3B,64778
Q53F19,1,1,caffeine,NCBP3,55421
Q53GT1,1,1,caffeine,KLHL22,84861
Q53H80,1,1,caffeine,AKIRIN2,55122
Q53HC9,1,1,caffeine,EIPR1,7260
Q53SF7,1,1,caffeine,COBLL1,22837
Q53T59,1,1,caffeine,HS1BP3,64342
Q3B726,1,1,caffeine,POLR1F,221830
Q3SXY8,1,1,caffeine,ARL13B,200894
Q3T8J9,1,1,caffeine,GON4L,54856
Q3US17,1,1,caffeine,ZFP553,233887
Q3V6T2,1,1,caffeine,CCDC88A,55704
Q58A45,1,1,caffeine,PAN3,255967
Q58WW2,1,1,caffeine,DCAF6,55827
Q5BIV9,1,1,caffeine,SPRN,503542
Q5BJD5,1,1,caffeine,TMEM41B,440026
Q5BJF2,1,1,caffeine,TMEM97,27346
Q5BKX5,1,1,caffeine,ACTMAP,284325
Q5BKZ1,1,1,caffeine,ZNF326,284695
Q5D0E6,1,1,caffeine,DALRD3,55152
Q5FWF4,1,1,caffeine,ZRANB3,84083
Q5FWF5,1,1,caffeine,ESCO1,114799
Q5H8A4,1,1,caffeine,PIGG,54872
Q5H9F3,1,1,caffeine,BCORL1,63035
Q4V328,1,1,caffeine,GRIPAP1,56850
Q4VC44,1,1,caffeine,FLYWCH1,84256
Q4ZG55,1,1,caffeine,GREB1,9687
Q4ZJI3,1,1,caffeine,MIPB,553420
Q5JSP0,1,1,caffeine,FGD3,89846
Q5JTC6,1,1,caffeine,AMER1,139285
Q5JTD0,1,1,caffeine,TJAP1,93643
Q5JTH9,1,1,caffeine,RRP12,23223
Q5JTV8,1,1,caffeine,TOR1AIP1,26092
Q5JTW2,1,1,caffeine,CEP78,84131
Q5JV73,1,1,caffeine,FRMPD3,84443
Q5JVS0,1,1,caffeine,HABP4,22927
Q5JWR5,1,1,caffeine,DOP1A,23033
Q5KSL6,1,1,caffeine,DGKK,139189
Q5M775,1,1,caffeine,SPECC1,92521
Q5PR37,1,1,caffeine,EFEMP2A,494044
Q562R1,1,1,caffeine,ACTBL2,345651
Q564A4,1,1,caffeine,BCL2A,570772
Q569K4,1,1,caffeine,ZNF385B,151126
Q56NI9,1,1,caffeine,ESCO2,157570
Q5SRE5,1,1,caffeine,NUP188,23511
Q5SSJ5,1,1,caffeine,HP1BP3,50809
Q5SW79,1,1,caffeine,CEP170,9859
Q5SWH9,1,1,caffeine,TMEM69,51249
Q5SXM2,1,1,caffeine,SNAPC4,6621
Q5SYE7,1,1,caffeine,NHSL1,57224
Q5T011,1,1,caffeine,SZT2,23334
Q5T0B9,1,1,caffeine,ZNF362,149076
Q5T0N5,1,1,caffeine,FNBP1L,54874
Q5T1M5,1,1,caffeine,FKBP15,23307
Q5T1V6,1,1,caffeine,DDX59,83479
Q5T200,1,1,caffeine,ZC3H13,23091
Q5HYJ3,1,1,caffeine,FAM76B,143684
Q5J8M3,1,1,caffeine,EMC4,51234
Q5JPI9,1,1,caffeine,EEF1AKMT2,399818
Q5JSH3,1,1,caffeine,WDR44,54521
Q5T5X7,1,1,caffeine,BEND3,57673
Q5T5Y3,1,1,caffeine,CAMSAP1,157922
Q5T6F0,1,1,caffeine,DCAF12,25853
Q5T6F2,1,1,caffeine,UBAP2,55833
Q5T890,1,1,caffeine,ERCC6L2,375748
Q5T8D3,1,1,caffeine,ACBD5,91452
Q5T9C2,1,1,caffeine,EEIG1,399665
Q5TBA9,1,1,caffeine,FRY,10129
Q5TC12,1,1,caffeine,ATPAF1,64756
Q5TCY1,1,1,caffeine,TTBK1,84630
Q5TDH0,1,1,caffeine,DDI2,84301
Q5TF39,1,1,caffeine,SLC60A2,91749
Q5PRF9,1,1,caffeine,SAMD4B,55095
Q5QJE6,1,1,caffeine,DNTTIP2,30836
Q5QP82,1,1,caffeine,DCAF10,79269
Q5SNT2,1,1,caffeine,TMEM201,199953
Q5VIR6,1,1,caffeine,VPS53,55275
Q5VSL9,1,1,caffeine,STRIP1,85369
Q5VT06,1,1,caffeine,CEP350,9857
Q5VT25,1,1,caffeine,CDC42BPA,8476
Q5VUA4,1,1,caffeine,ZNF318,24149
Q5VUB5,1,1,caffeine,FAM171A1,221061
Q5VV41,1,1,caffeine,ARHGEF16,27237
Q5VV52,1,1,caffeine,ZNF691,51058
Q5VV67,1,1,caffeine,PPRC1,23082
Q5VVW2,1,1,caffeine,GARNL3,84253
Q5VWG9,1,1,caffeine,TAF3,83860
Q5VWJ9,1,1,caffeine,SNX30,401548
Q5T4S7,1,1,caffeine,UBR4,23352
Q5T5C0,1,1,caffeine,STXBP5,134957
Q5T5P2,1,1,caffeine,KIAA1217,56243
Q5T5U3,1,1,caffeine,ARHGAP21,57584
Q5TH69,1,1,caffeine,ARFGEF3,57221
Q5THJ4,1,1,caffeine,VPS13D,55187
O14981,1,1,caffeine,BTAF1,9044
O15014,1,1,caffeine,ZNF609,23060
O15027,1,1,caffeine,SEC16A,9919
O15042,1,1,caffeine,U2SURP,23350
O15047,1,1,caffeine,SETD1A,9739
O15056,1,1,caffeine,SYNJ2,8871
O15063,1,1,caffeine,GARRE1,9710
O15066,1,1,caffeine,KIF3B,9371
O15085,1,1,caffeine,ARHGEF11,9826
O15119,1,1,caffeine,TBX3,6926
O15126,1,1,caffeine,SCAMP1,9522
O15143,1,1,caffeine,ARPC1B,10095
O14662,1,1,caffeine,STX16,8675
Q5U5Z8,1,1,caffeine,AGBL2,79841
Q5VWN6,1,1,caffeine,TASOR2,54906
Q5VWQ8,1,1,caffeine,DAB2IP,153090
Q5VZ89,1,1,caffeine,DENND4C,55667
Q5VZK9,1,1,caffeine,CARMIL1,55604
Q5VZL5,1,1,caffeine,ZMYM4,9202
Q5W0B1,1,1,caffeine,OBI1,79596
Q5XKK7,1,1,caffeine,FAM219B,57184
Q5XTN0,1,1,caffeine,CRYGMX,335789
Q63HQ0,1,1,caffeine,AP1AR,55435
Q63HR2,1,1,caffeine,TNS2,23371
Q658Y4,1,1,caffeine,FAM91A1,157769
Q659A1,1,1,caffeine,ICE2,79664
Q66I73,1,1,caffeine,MYLPFB,447930
Q66K14,1,1,caffeine,TBC1D9B,23061
Q66K64,1,1,caffeine,DCAF15,90379
Q5TGY3,1,1,caffeine,AHDC1,27245
Q66PJ3,1,1,caffeine,ARL6IP4,51329
Q68CP9,1,1,caffeine,ARID2,196528
Q68CQ7,1,1,caffeine,GLT8D1,55830
Q68CZ2,1,1,caffeine,TNS3,64759
Q68D85,1,1,caffeine,NCR3LG1,374383
Q68DK2,1,1,caffeine,ZFYVE26,23503
Q68DQ2,1,1,caffeine,CRYBG3,131544
Q68EM7,1,1,caffeine,ARHGAP17,55114
Q69YH5,1,1,caffeine,CDCA2,157313
Q69YN4,1,1,caffeine,VIRMA,25962
Q69YQ0,1,1,caffeine,SPECC1L,23384
Q6AHZ1,1,1,caffeine,ZNF518A,9849
Q6AI08,1,1,caffeine,HEATR6,63897
Q6AI14,1,1,caffeine,SLC9A4,389015
Q6AI39,1,1,caffeine,BICRAL,23506
Q6BDS2,1,1,caffeine,BLTP3A,54887
Q6BEB4,1,1,caffeine,SP5,389058
Q6DCA0,1,1,caffeine,AMMECR1L,83607
Q6DN12,1,1,caffeine,MCTP2,55784
Q6DT37,1,1,caffeine,CDC42BPG,55561
Q6F5E8,1,1,caffeine,CARMIL2,146206
Q6FI81,1,1,caffeine,CIAPIN1,57019
Q6GQQ9,1,1,caffeine,OTUD7B,56957
Q6IA17,1,1,caffeine,SIGIRR,59307
Q6IN85,1,1,caffeine,PPP4R3A,55671
Q6IPR3,1,1,caffeine,TYW3,127253
Q6IQ23,1,1,caffeine,PLEKHA7,144100
Q6IQU2,1,1,caffeine,CRYBA2A,415139
Q6IQV5,1,1,caffeine,GCH2,64263
Q6J4K2,1,1,caffeine,SLC8B1,80024
Q6KC79,1,1,caffeine,NIPBL,25836
Q6MZP7,1,1,caffeine,LIN54,132660
Q6PJP8,1,1,caffeine,DCLRE1A,9937
Q6N021,1,1,caffeine,TET2,54790
Q6NTF7,1,1,caffeine,APOBEC3H,164668
Q6NUK4,1,1,caffeine,REEP3,221035
Q6NUQ4,1,1,caffeine,TMEM214,54867
Q6NXT1,1,1,caffeine,ANKRD54,129138
Q6NXT6,1,1,caffeine,TAPT1,202018
Q6NZ36,1,1,caffeine,FAAP20,199990
Q6NZI2,1,1,caffeine,CAVIN1,284119
Q6NZY4,1,1,caffeine,ZCCHC8,55596
Q6P0N0,1,1,caffeine,MIS18BP1,55320
Q6P1L5,1,1,caffeine,FAM117B,150864
Q6P1X5,1,1,caffeine,TAF2,6873
Q6P2E9,1,1,caffeine,EDC4,23644
Q6P444,1,1,caffeine,MTFR2,113115
Q6P4A7,1,1,caffeine,SFXN4,119559
Q6UWZ7,1,1,caffeine,ABRAXAS1,84142
Q6P4E1,1,1,caffeine,GOLM2,113201
Q6P4F7,1,1,caffeine,ARHGAP11A,9824
Q6P4R8,1,1,caffeine,NFRKB,4798
Q6P6C2,1,1,caffeine,ALKBH5,54890
Q6P996,1,1,caffeine,PDXDC1,23042
Q6P9G9,1,1,caffeine,ZNF449,203523
Q6P9H4,1,1,caffeine,CNKSR3,154043
Q6PCT2,1,1,caffeine,FBXL19,54620
Q6PFW1,1,1,caffeine,PPIP5K1,9677
Q6PGQ7,1,1,caffeine,BORA,79866
Q6PH56,1,1,caffeine,HSP70.3,30671
Q6PHR2,1,1,caffeine,ULK3,25989
Q6PII3,1,1,caffeine,CCDC174,51244
Q6PIJ6,1,1,caffeine,FBXO38,81545
Q6PJI9,1,1,caffeine,WDR59,79726
Q6ZRS2,1,1,caffeine,SRCAP,10847
Q6PJT7,1,1,caffeine,ZC3H14,79882
Q6PKG0,1,1,caffeine,LARP1,23367
Q6PL18,1,1,caffeine,ATAD2,29028
Q6PL24,1,1,caffeine,TMED8,283578
Q6Q0C0,1,1,caffeine,TRAF7,84231
Q6SPF0,1,1,caffeine,SAMD1,90378
Q6UB35,1,1,caffeine,MTHFD1L,25902
Q6UB98,1,1,caffeine,ANKRD12,23253
Q6UB99,1,1,caffeine,ANKRD11,29123
Q6ULP2,1,1,caffeine,AFTPH,54812
Q6UN15,1,1,caffeine,FIP1L1,81608
Q6UUV7,1,1,caffeine,CRTC3,64784
Q6UUV9,1,1,caffeine,CRTC1,23373
Q6UWH4,1,1,caffeine,GASK1B,51313
Q6UWX4,1,1,caffeine,HHIPL2,79802
Q70EL4,1,1,caffeine,USP43,124739
Q6UX68,1,1,caffeine,XKR5,389610
Q6UXD5,1,1,caffeine,SEZ6L2,26470
Q6UXV4,1,1,caffeine,APOOL,139322
Q6UXY1,1,1,caffeine,BAIAP2L2,80115
Q6VMQ6,1,1,caffeine,ATF7IP,55729
Q6VY07,1,1,caffeine,PACS1,55690
Q6W2J9,1,1,caffeine,BCOR,54880
Q6XYQ8,1,1,caffeine,SYT10,341359
Q6XZF7,1,1,caffeine,DNMBP,23268
Q6Y7W6,1,1,caffeine,GIGYF2,26058
Q6ZMQ8,1,1,caffeine,AATK,9625
Q6ZN18,1,1,caffeine,AEBP2,121536
Q6ZNJ1,1,1,caffeine,NBEAL2,23218
Q6ZQN7,1,1,caffeine,SLCO4C1,353189
Q6ZRI6,1,1,caffeine,C15ORF39,56905
Q7KZ85,1,1,caffeine,SUPT6H,6830
Q6ZRV2,1,1,caffeine,SACK1H,286077
Q6ZS30,1,1,caffeine,NBEAL1,65065
Q6ZSB9,1,1,caffeine,ZBTB49,166793
Q6ZSZ5,1,1,caffeine,ARHGEF18,23370
Q6ZU80,1,1,caffeine,CEP128,145508
Q6ZUT9,1,1,caffeine,DENND5B,160518
Q6ZV73,1,1,caffeine,FGD6,55785
Q6ZV89,1,1,caffeine,SH2D5,400745
Q6ZVD7,1,1,caffeine,STOX1,219736
Q6ZVM7,1,1,caffeine,TOM1L2,146691
Q6ZWJ1,1,1,caffeine,STXBP4,252983
Q709C8,1,1,caffeine,VPS13C,54832
Q70CQ2,1,1,caffeine,USP34,9736
Q70CQ4,1,1,caffeine,USP31,57478
Q70EL1,1,1,caffeine,USP54,159195
Q7Z3C6,1,1,caffeine,ATG9A,79065
Q70SY1,1,1,caffeine,CREB3L2,64764
Q70Z53,1,1,caffeine,FRA10AC1,118924
Q71DI3,1,1,caffeine,H3C15,333932
Q71F23,1,1,caffeine,CENPU,79682
Q71RG4,1,1,caffeine,TMUB2,79089
Q765P7,1,1,caffeine,MTSS2,92154
Q76FK4,1,1,caffeine,NOL8,55035
Q76I76,1,1,caffeine,SSH2,85464
Q76L83,1,1,caffeine,ASXL2,55252
Q76N32,1,1,caffeine,CEP68,23177
Q7JRC3,1,1,caffeine,JHEH1,251984
Q7JVG2,1,1,caffeine,APS,39226
Q7KK90,1,1,caffeine,GSTE1,37106
Q7KR10,1,1,caffeine,CYP12D1-D,2768720
Q7KTX7,1,1,Ginsenoside rb1,PARK,40336
Q7Z4W1,1,1,caffeine,DCXR,51181
Q7KZF4,1,1,caffeine,SND1,27044
Q7KZI7,1,1,caffeine,MARK2,2011
Q7L014,1,1,caffeine,DDX46,9879
Q7L2E3,1,1,caffeine,DHX30,22907
Q7L2H7,1,1,caffeine,EIF3M,10480
Q7L3B6,1,1,caffeine,CDC37L1,55664
Q7L576,1,1,caffeine,CYFIP1,23191
Q7L7X3,1,1,caffeine,TAOK1,57551
Q7L9B9,1,1,caffeine,EEPD1,80820
Q7RTU3,1,1,caffeine,OLIG3,167826
Q7Z2T5,1,1,caffeine,TRMT1L,81627
Q7Z2W4,1,1,caffeine,ZC3HAV1,56829
Q7Z2Z1,1,1,caffeine,TICRR,90381
Q7Z309,1,1,caffeine,PABIR2,159090
Q7Z333,1,1,caffeine,SETX,23064
Q86SQ4,1,1,caffeine,ADGRG6,57211
Q7Z3D4,1,1,caffeine,LYSMD3,116068
Q7Z3T8,1,1,caffeine,ZFYVE16,9765
Q7Z3U7,1,1,caffeine,MON2,23041
Q7Z3V4,1,1,caffeine,UBE3B,89910
Q7Z401,1,1,caffeine,DENND4A,10260
Q7Z402,1,1,caffeine,TMC7,79905
Q7Z403,1,1,caffeine,TMC6,11322
Q7Z417,1,1,caffeine,NUFIP2,57532
Q7Z422,1,1,caffeine,SZRD1,26099
Q7Z460,1,1,caffeine,CLASP1,23332
Q7Z478,1,1,caffeine,DHX29,54505
Q7Z4H3,1,1,caffeine,HDDC2,51020
Q7Z4H7,1,1,caffeine,HAUS6,54801
Q7Z4Q2,1,1,caffeine,HEATR3,55027
Q7Z4V5,1,1,caffeine,HDGFL2,84717
Q86V24,1,1,caffeine,ADIPOR2,79602
Q7Z569,1,1,caffeine,BRAP,8315
Q7Z589,1,1,caffeine,EMSY,56946
Q7Z591,1,1,caffeine,AKNA,80709
Q7Z5K2,1,1,caffeine,WAPL,23063
Q7Z5Q1,1,1,caffeine,CPEB2,132864
Q7Z698,1,1,caffeine,SPRED2,200734
Q7Z699,1,1,caffeine,SPRED1,161742
Q7Z6B7,1,1,caffeine,SRGAP1,57522
Q7Z6J9,1,1,caffeine,TSEN54,283989
Q7Z6Z7,1,1,caffeine,HUWE1,10075
Q7Z713,1,1,caffeine,ANKRD37,353322
Q7Z7G8,1,1,caffeine,VPS13B,157680
Q7Z7J9,1,1,caffeine,CAMK2N1,55450
Q7Z7K6,1,1,caffeine,CENPV,201161
Q86SE8,1,1,caffeine,NPM2,10361
Q86W92,1,1,caffeine,PPFIBP1,8496
Q86WB0,1,1,caffeine,ZC3HC1,51530
Q86T82,1,1,caffeine,USP37,57695
Q86TI2,1,1,caffeine,DPP9,91039
Q86TU7,1,1,caffeine,SETD3,84193
Q86TX2,1,1,caffeine,ACOT1,641371
Q86U86,1,1,caffeine,PBRM1,55193
Q86U90,1,1,caffeine,YRDC,79693
Q86UD5,1,1,caffeine,SLC9B2,133308
Q86UE4,1,1,caffeine,MTDH,92140
Q86UE8,1,1,caffeine,TLK2,11011
Q86UK7,1,1,caffeine,ZNF598,90850
Q86UQ4,1,1,caffeine,ABCA13,154664
Q86UU0,1,1,caffeine,BCL9L,283149
Q86UW2,1,1,caffeine,SLC51B,123264
Q86UX6,1,1,caffeine,STK32C,282974
Q86YH2,1,1,caffeine,ZNF280B,140883
Q86YM7,1,1,caffeine,HOMER1,9456
Q86YP4,1,1,caffeine,GATAD2A,54815
Q86V81,1,1,caffeine,ALYREF,10189
Q86V87,1,1,caffeine,FHIP2B,64760
Q86VI3,1,1,caffeine,IQGAP3,128239
Q86VL8,1,1,caffeine,SLC47A2,146802
Q86VM9,1,1,caffeine,ZC3H18,124245
Q86VP3,1,1,caffeine,PACS2,23241
Q86VQ1,1,1,caffeine,GLCCI1,113263
Q86VS8,1,1,caffeine,HOOK3,84376
Q86VZ1,1,1,caffeine,P2RY8,286530
Q86W33,1,1,caffeine,TPRA1,131601
Q86W42,1,1,caffeine,THOC6,79228
Q86W47,1,1,forskolin,KCNMB4,27345
Q86W56,1,1,caffeine,PARG,8505
Q8IWB7,1,1,caffeine,WDFY1,57590
Q8IWB9,1,1,caffeine,TEX2,55852
Q8IWD4,1,1,caffeine,CCDC117,150275
Q8IWF6,1,1,caffeine,DENND6A,201627
Q86WC4,1,1,caffeine,OSTM1,28962
Q86WJ1,1,1,caffeine,CHD1L,9557
Q86WP2,1,1,caffeine,GPBP1,65056
Q86X29,1,1,caffeine,LSR,51599
Q86XK2,1,1,caffeine,FBXO11,80204
Q86XL3,1,1,caffeine,ANKLE2,23141
Q86XP3,1,1,caffeine,DDX42,11325
Q86XX4,1,1,caffeine,FRAS1,80144
Q86Y13,1,1,caffeine,DZIP3,9666
Q86Y82,1,1,caffeine,STX12,23673
Q86YA3,1,1,caffeine,ZGRF1,55345
Q86YC2,1,1,caffeine,PALB2,79728
Q8IX12,1,1,caffeine,CCAR1,55749
Q8IX21,1,1,caffeine,SLF2,55719
Q8IXJ6,1,1,Ethanolamine,SIRT2,22933
Q8IXJ9,1,1,caffeine,ASXL1,171023
Q8CE64,1,1,caffeine,ZFP276,57247
Q8IU81,1,1,caffeine,IRF2BP1,26145
Q8IUD2,1,1,caffeine,ERC1,23085
Q8IUD6,1,1,caffeine,RNF135,84282
Q8IUW5,1,1,caffeine,RELL1,768211
Q8IV31,1,1,caffeine,TMEM139,135932
Q8IV63,1,1,caffeine,VRK3,51231
Q8IVH2,1,1,caffeine,FOXP4,116113
Q8IVL1,1,1,caffeine,NAV2,89797
Q8IVL6,1,1,caffeine,P3H3,10536
Q8IVM0,1,1,caffeine,CCDC50,152137
Q8IVW6,1,1,caffeine,ARID3B,10620
Q8IYI0,1,1,caffeine,SHLD1,149840
Q8IYJ3,1,1,caffeine,SYTL1,84958
Q8IYL3,1,1,caffeine,C1ORF174,339448
Q8IYP9,1,1,caffeine,ZDHHC23,254887
Q8IYU2,1,1,caffeine,HACE1,57531
Q8IWR0,1,1,caffeine,ZC3H7A,29066
Q8IWU2,1,1,caffeine,LMTK2,22853
Q8IWV7,1,1,caffeine,UBR1,197131
Q8IWV8,1,1,caffeine,UBR2,23304
Q8IWW6,1,1,caffeine,ARHGAP12,94134
Q8IWX8,1,1,caffeine,CHERP,10523
Q8IWY9,1,1,caffeine,CDAN1,146059
Q8IWZ3,1,1,caffeine,ANKHD1,54882
Q8IX01,1,1,caffeine,SUGP2,10147
Q8IX03,1,1,caffeine,WWC1,23286
Q8IX07,1,1,caffeine,ZFPM1,161882
Q8N163,1,1,caffeine,CCAR2,57805
Q8N1F7,1,1,caffeine,NUP93,9688
Q8N1F8,1,1,caffeine,STK11IP,114790
Q8N1G0,1,1,caffeine,ZNF687,57592
Q8N1G1,1,1,caffeine,REXO1,57455
Q8IXS8,1,1,caffeine,HYCC2,285172
Q8IXZ2,1,1,caffeine,ZC3H3,23144
Q8IY18,1,1,caffeine,SMC5,23137
Q8IY22,1,1,caffeine,CMIP,80790
Q8IY42,1,1,caffeine,PGCKA1,55286
Q8IY57,1,1,caffeine,YAF2,10138
Q8IY81,1,1,caffeine,FTSJ3,117246
Q8IY92,1,1,caffeine,SLX4,84464
Q8IYB3,1,1,caffeine,SRRM1,10250
Q8IYB7,1,1,caffeine,DIS3L2,129563
Q8IYD8,1,1,caffeine,FANCM,57697
Q8N392,1,1,caffeine,ARHGAP18,93663
Q8N3D4,1,1,caffeine,EHBP1L1,254102
Q8N3U4,1,1,caffeine,STAG2,10735
Q8N3V7,1,1,caffeine,SYNPO,11346
Q8N3X1,1,1,caffeine,FNBP4,23360
Q8IZ07,1,1,caffeine,ANKRD13A,88455
Q8IZ21,1,1,caffeine,PHACTR4,65979
Q8IZD4,1,1,caffeine,DCP1B,196513
Q8IZL2,1,1,caffeine,MAML2,84441
Q8IZP0,1,1,caffeine,ABI1,10006
Q8IZR5,1,1,caffeine,CMTM4,146223
Q8IZT6,1,1,caffeine,ASPM,259266
Q8N0W3,1,1,caffeine,FCSK,197258
Q8N0X7,1,1,caffeine,SPART,23111
Q8N0Z3,1,1,caffeine,SPICE1,152185
Q8N128,1,1,caffeine,FAM177A1,283635
Q8N6P7,1,1,caffeine,IL22RA1,58985
Q8N6Q1,1,1,caffeine,TMCO5A,145942
Q8N6S5,1,1,caffeine,ARL6IP6,151188
Q8N6T3,1,1,caffeine,ARFGAP1,55738
Q8N720,1,1,caffeine,ZNF655,79027
Q8N1G2,1,1,caffeine,CMTR1,23070
Q8N1I0,1,1,caffeine,DOCK4,9732
Q8N1S5,1,1,caffeine,SLC39A11,201266
Q8N1W1,1,1,caffeine,ARHGEF28,64283
Q8N2C7,1,1,caffeine,UNC80,285175
Q8N300,1,1,caffeine,SVBP,374969
Q8N302,1,1,caffeine,AGGF1,55109
Q8N328,1,1,caffeine,PGBD3,267004
Q8N350,1,1,caffeine,CBARP,255057
Q8N357,1,1,caffeine,SLC35F6,54978
Q8N370,1,1,caffeine,SLC43A2,124935
Q8NAF0,1,1,caffeine,ZNF579,163033
Q8NAP3,1,1,caffeine,ZBTB38,253461
Q8NB25,1,1,caffeine,FAM184A,79632
Q8NB66,1,1,caffeine,UNC13C,440279
Q8NBD8,1,1,caffeine,TMEM229B,161145
Q8NBU5,1,1,caffeine,ATAD1,84896
Q8N4C6,1,1,caffeine,NIN,51199
Q8N4S9,1,1,caffeine,MARVELD2,153562
Q8N4V1,1,1,caffeine,MMGT1,93380
Q8N5A5,1,1,caffeine,ZGPAT,84619
Q8N5C6,1,1,caffeine,SRBD1,55133
Q8N612,1,1,caffeine,FHIP1B,84067
Q8N680,1,1,caffeine,ZBTB2,57621
Q8N684,1,1,caffeine,CPSF7,79869
Q8N695,1,1,caffeine,SLC5A8,160728
Q8N6H7,1,1,caffeine,ARFGAP2,84364
Q8NCG7,1,1,caffeine,DAGLB,221955
Q8NCJ5,1,1,caffeine,SPRYD3,84926
Q8NCP5,1,1,caffeine,ZBTB44,29068
Q8ND04,1,1,caffeine,SMG8,55181
Q8ND76,1,1,caffeine,CCNY,219771
Q8ND82,1,1,caffeine,ZNF280C,55609
Q8NDV7,1,1,caffeine,TNRC6A,27327
Q8N7R7,1,1,caffeine,CCNYL1,151195
Q8N806,1,1,caffeine,UBR7,55148
Q8N8A6,1,1,caffeine,DDX51,317781
Q8N8E2,1,1,caffeine,ZNF513,130557
Q8N8Z6,1,1,caffeine,DCBLD1,285761
Q8N961,1,1,caffeine,ABTB2,25841
Q8N9M1,1,1,caffeine,C19ORF47,126526
Q8N9M5,1,1,caffeine,TMEM102,284114
Q8N9Q2,1,1,caffeine,SREK1IP1,285672
Q8NEN9,1,1,caffeine,PDZD8,118987
Q8NEQ6,1,1,caffeine,SRARP,149563
Q8NET4,1,1,caffeine,RTL9,57529
Q8NEW0,1,1,caffeine,SLC30A7,148867
Q8NF91,1,1,caffeine,SYNE1,23345
Q8NFA0,1,1,caffeine,USP32,84669
Q8NFC6,1,1,caffeine,BOD1L1,259282
Q8NFD5,1,1,caffeine,ARID1B,57492
Q8NBV4,1,1,caffeine,PLPP7,84814
Q8NBX0,1,1,caffeine,SCCPDH,51097
Q8NC51,1,1,caffeine,SERBP1,26135
Q8NCA9,1,1,caffeine,ZNF784,147808
Q8NCD3,1,1,caffeine,HJURP,55355
Q8NCE0,1,1,caffeine,TSEN2,80746
Q8NCE2,1,1,caffeine,MTMR14,64419
Q8NCF5,1,1,caffeine,NFATC2IP,84901
Q8NG11,1,1,caffeine,TSPAN14,81619
Q8NHG8,1,1,caffeine,ZNRF2,223082
Q8NHH9,1,1,caffeine,ATL2,64225
Q8NHQ9,1,1,caffeine,DDX55,57696
Q8NHU6,1,1,caffeine,TDRD7,23424
Q8NHV4,1,1,caffeine,NEDD1,121441
Q8NHZ8,1,1,caffeine,CDC26,246184
Q8NI08,1,1,caffeine,NCOA7,135112
Q8NI27,1,1,caffeine,THOC2,57187
Q8NDX5,1,1,caffeine,PHC3,80012
Q8NE01,1,1,caffeine,CNNM3,26505
Q8NEE6,1,1,caffeine,FBXL13,222235
Q8NEF9,1,1,caffeine,SRFBP1,153443
Q8NEJ9,1,1,caffeine,NGDN,25983
Q8NEL9,1,1,caffeine,DDHD1,80821
Q8NEM7,1,1,caffeine,SUPT20H,55578
Q8TAQ2,1,1,caffeine,SMARCC2,6601
Q8TAV0,1,1,caffeine,FAM76A,199870
Q8TBE7,1,1,caffeine,SLC35G2,80723
Q8TBF4,1,1,caffeine,ZCRB1,85437
Q8TBK6,1,1,caffeine,ZCCHC10,54819
Q8TBP0,1,1,caffeine,TBC1D16,125058
Q8TBZ3,1,1,caffeine,WDR20,91833
Q8TBZ5,1,1,caffeine,ZNF502,91392
Q8TC71,1,1,caffeine,SPATA18,132671
Q8NFG4,1,1,caffeine,FLCN,201163
Q8NFH5,1,1,caffeine,NUP35,129401
Q8NFM4,1,1,forskolin,ADCY4,196883
Q8NFQ8,1,1,caffeine,TOR1AIP2,163590
Q8NFZ0,1,1,caffeine,FBH1,84893
Q8NFZ5,1,1,caffeine,TNIP2,79155
Q8NG08,1,1,caffeine,HELB,92797
Q8TD55,1,1,caffeine,PLEKHO2,80301
Q8TDB6,1,1,caffeine,DTX3L,151636
Q8TDD1,1,1,caffeine,DDX54,79039
Q8TDJ6,1,1,caffeine,DMXL2,23312
Q8TDM6,1,1,caffeine,DLG5,9231
Q8TDN4,1,1,caffeine,CABLES1,91768
Q8TDY4,1,1,caffeine,ASAP3,55616
Q8TE67,1,1,caffeine,EPS8L3,79574
Q8TEA8,1,1,caffeine,DTD1,92675
Q8NI35,1,1,caffeine,PATJ,10207
Q8NI60,1,1,caffeine,COQ8A,56997
Q8TAA9,1,1,caffeine,VANGL1,81839
Q8TAD8,1,1,caffeine,SNIP1,79753
Q8TAF3,1,1,caffeine,WDR48,57599
Q8TAI7,1,1,caffeine,RHEBL1,121268
Q8TAP9,1,1,caffeine,MPLKIP,136647
Q8TER5,1,1,caffeine,ARHGEF40,55701
Q8TEV9,1,1,caffeine,SMCR8,140775
Q8TEW0,1,1,caffeine,PARD3,56288
Q8TEW6,1,1,caffeine,DOK4,55715
Q8TF30,1,1,caffeine,WHAMM,123720
Q8TF40,1,1,caffeine,FNIP1,96459
Q8TF65,1,1,caffeine,GIPC2,54810
Q8UW07,1,1,caffeine,CYP1A,140634
Q8WTT2,1,1,caffeine,NOC3L,64318
Q8WTU2,1,1,caffeine,SSC4D,136853
Q8TCJ2,1,1,caffeine,STT3B,201595
Q8TCN5,1,1,caffeine,ZNF507,22847
Q8TD08,1,1,forskolin,MAPK15,225689
Q8TD16,1,1,caffeine,BICD2,23299
Q8TD19,1,1,caffeine,NEK9,91754
Q8TD26,1,1,caffeine,CHD6,84181
Q8TEK3,1,1,caffeine,DOT1L,84444
O14681,1,1,caffeine,EI24,9538
O14745,1,1,caffeine,NHERF1,9368
O14777,1,1,caffeine,NDC80,10403
O14786,1,1,caffeine,NRP1,8829
O14788,1,1,Ginsenoside rb1,TNFSF11,8600
O14791,1,1,caffeine,APOL1,8542
O14795,1,1,caffeine,UNC13B,10497
O14828,1,1,caffeine,SCAMP3,10067
O14874,1,1,caffeine,BCKDK,10295
O14907,1,1,caffeine,TAX1BP3,30851
O00560,1,1,caffeine,SDCBP,6386
O00567,1,1,caffeine,NOP56,10528
Q8TEM1,1,1,caffeine,NUP210,23225
Q8TEP8,1,1,caffeine,CEP192,55125
Q8TEQ6,1,1,caffeine,GEMIN5,25929
Q8WXA9,1,1,caffeine,SREK1,140890
Q8WXD0,1,1,forskolin,RXFP2,122042
Q8WTV1,1,1,caffeine,THAP3,90326
Q8WU20,1,1,caffeine,FRS2,10818
Q8WU90,1,1,caffeine,ZC3H15,55854
Q8WUA7,1,1,caffeine,TBC1D22A,25771
Q8WUB8,1,1,caffeine,PHF10,55274
Q8WUG5,1,1,caffeine,SLC22A17,51310
Q8WUM0,1,1,caffeine,NUP133,55746
Q8WUX9,1,1,caffeine,CHMP7,91782
Q8WUZ0,1,1,caffeine,BCL7C,9274
Q8WV41,1,1,caffeine,SNX33,257364
Q8WV99,1,1,caffeine,ZFAND2B,130617
Q8WVB6,1,1,caffeine,CHTF18,63922
Q8WVC0,1,1,caffeine,LEO1,123169
Q8TEH3,1,1,caffeine,DENND1A,57706
Q91VB8,1,1,caffeine,HBA-A1,15122
Q92538,1,1,caffeine,GBF1,8729
Q92540,1,1,caffeine,SMG7,9887
Q8WVE0,1,1,caffeine,EEF1AKMT1,221143
Q8WVM7,1,1,caffeine,STAG1,10274
Q8WVR3,1,1,caffeine,TRAPPC14,55262
Q8WVT3,1,1,caffeine,TRAPPC12,51112
Q8WVV4,1,1,caffeine,POF1B,79983
Q8WVV9,1,1,caffeine,HNRNPLL,92906
Q8WW12,1,1,caffeine,PCNP,57092
Q8WWA1,1,1,caffeine,TMEM40,55287
Q8WWH5,1,1,caffeine,TRUB1,142940
Q8WWI1,1,1,caffeine,LMO7,4008
Q8WWK9,1,1,caffeine,CKAP2,26586
Q8WWL2,1,1,caffeine,SPIRE2,84501
Q8WWM7,1,1,caffeine,ATXN2L,11273
Q92614,1,1,caffeine,MYO18A,399687
Q92618,1,1,caffeine,ZNF516,9658
Q92619,1,1,caffeine,ARHGAP45,23526
Q8WXD5,1,1,caffeine,GEMIN6,79833
Q8WXE0,1,1,caffeine,CASKIN2,57513
Q8WXE1,1,1,caffeine,ATRIP,84126
Q8WXH0,1,1,caffeine,SYNE2,23224
Q8WXI7,1,1,caffeine,MUC16,94025
Q8WXI9,1,1,caffeine,GATAD2B,57459
Q8WXX7,1,1,caffeine,AUTS2,26053
Q8WY36,1,1,caffeine,BBX,56987
Q8WYL5,1,1,caffeine,SSH1,54434
Q8WYP5,1,1,caffeine,AHCTF1,25909
Q8WYQ5,1,1,caffeine,DGCR8,54487
Q8WZ42,1,1,caffeine,TTN,7273
Q8WZ73,1,1,caffeine,RFFL,117584
Q92783,1,1,caffeine,STAM,8027
Q92785,1,1,caffeine,DPF2,5977
Q92794,1,1,caffeine,KAT6A,7994
Q92545,1,1,caffeine,TMEM131,23505
Q92547,1,1,caffeine,TOPBP1,11073
Q92560,1,1,caffeine,BAP1,8314
Q92563,1,1,caffeine,SPOCK2,9806
Q92567,1,1,caffeine,FAM168A,23201
Q92574,1,1,caffeine,TSC1,7248
Q92575,1,1,caffeine,UBXN4,23190
Q92581,1,1,caffeine,SLC9A6,10479
Q92597,1,1,caffeine,NDRG1,10397
Q92598,1,1,caffeine,HSPH1,10808
Q92609,1,1,caffeine,TBC1D5,9779
Q92610,1,1,caffeine,ZNF592,9640
Q92613,1,1,caffeine,JADE3,9767
Q92888,1,1,caffeine,ARHGEF1,9138
Q92890,1,1,caffeine,UFD1,7353
Q92900,1,1,caffeine,UPF1,5976
Q92917,1,1,caffeine,GPKOW,27238
Q92922,1,1,caffeine,SMARCC1,6599
Q92621,1,1,caffeine,NUP205,23165
Q92625,1,1,caffeine,ANKS1A,23294
Q92667,1,1,caffeine,AKAP1,8165
Q92673,1,1,caffeine,SORL1,6653
Q92692,1,1,caffeine,NECTIN2,5819
Q92734,1,1,caffeine,TFG,10342
Q92736,1,1,caffeine,RYR2,6262
Q92738,1,1,caffeine,USP6NL,9712
Q92748,1,1,caffeine,THRSP,7069
Q92753,1,1,forskolin,RORB,6096
Q92766,1,1,caffeine,RREB1,6239
Q92797,1,1,caffeine,SYMPK,8189
Q92804,1,1,caffeine,TAF15,8148
O00767,1,1,caffeine,SCD,6319
O14497,1,1,caffeine,ARID1A,8289
O14523,1,1,caffeine,C2CD2L,9854
O14544,1,1,caffeine,SOCS6,9306
O14545,1,1,caffeine,TRAFD1,10906
O14548,1,1,caffeine,COX7A2L,9167
O14558,1,1,caffeine,HSPB6,126393
O14579,1,1,caffeine,COPE,11316
O14617,1,1,caffeine,AP3D1,8943
Q92823,1,1,caffeine,NRCAM,4897
Q92833,1,1,caffeine,JARID2,3720
Q92841,1,1,caffeine,DDX17,10521
Q92844,1,1,caffeine,TANK,10010
Q92882,1,1,caffeine,OSTF1,26578
Q96AP0,1,1,caffeine,ACD,65057
Q96AV8,1,1,caffeine,E2F7,144455
Q96AY4,1,1,caffeine,TTC28,23331
Q92952,1,1,forskolin,KCNN1,3780
Q92968,1,1,caffeine,PEX13,5194
Q92974,1,1,caffeine,ARHGEF2,9181
Q92979,1,1,caffeine,EMG1,10436
Q92989,1,1,caffeine,CLP1,10978
Q93008,1,1,caffeine,USP9X,8239
Q93009,1,1,caffeine,USP7,7874
Q93052,1,1,caffeine,LPP,4026
Q93075,1,1,caffeine,TATDN2,9797
Q93079,1,1,caffeine,H2BC9,8345
Q969G3,1,1,caffeine,SMARCE1,6605
Q969G9,1,1,caffeine,NKD1,85407
Q969H4,1,1,caffeine,CNKSR1,10256
Q96C19,1,1,caffeine,EFHD2,79180
Q96C34,1,1,caffeine,RUNDC1,146923
Q96CJ1,1,1,caffeine,EAF2,55840
Q969J3,1,1,caffeine,BORCS5,118426
Q969L2,1,1,caffeine,MAL2,114569
Q969S2,1,1,caffeine,NEIL2,252969
Q969V6,1,1,caffeine,MRTFA,57591
Q969Z0,1,1,caffeine,TBRG4,9238
Q96A22,1,1,caffeine,C11ORF52,91894
Q96A25,1,1,caffeine,TMEM106A,113277
Q96A49,1,1,caffeine,SYAP1,94056
Q96A57,1,1,caffeine,TMEM230,29058
Q96A65,1,1,caffeine,EXOC4,60412
Q96AC1,1,1,caffeine,FERMT2,10979
Q96AE4,1,1,caffeine,FUBP1,8880
Q96AG3,1,1,caffeine,SLC25A46,91137
Q96DR7,1,1,caffeine,ARHGEF26,26084
Q96DY7,1,1,caffeine,MTBP,27085
Q96E09,1,1,caffeine,PABIR1,116224
Q96B21,1,1,caffeine,TMEM45B,120224
Q96B23,1,1,caffeine,ARK2N,147339
Q96B33,1,1,caffeine,CLDN23,137075
Q96B36,1,1,caffeine,AKT1S1,84335
Q96B45,1,1,caffeine,BORCS7,119032
Q96B49,1,1,caffeine,TOMM6,100188893
Q96B97,1,1,caffeine,SH3KBP1,30011
Q96BD0,1,1,caffeine,SLCO4A1,28231
Q96BF3,1,1,caffeine,TMIGD2,126259
Q96BH1,1,1,caffeine,RNF25,64320
Q96BY7,1,1,caffeine,ATG2B,55102
Q96BZ9,1,1,caffeine,TBC1D20,128637
Q96C00,1,1,caffeine,ZBTB9,221504
Q96FH0,1,1,caffeine,BORCS8,729991
Q96FL8,1,1,caffeine,SLC47A1,55244
Q96FS4,1,1,caffeine,SIPA1,6494
Q96FV9,1,1,caffeine,THOC1,9984
Q96FZ7,1,1,caffeine,CHMP6,79643
Q96G03,1,1,caffeine,PGM2,55276
Q96CP2,1,1,caffeine,FLYWCH2,114984
Q96CP6,1,1,caffeine,GRAMD1A,57655
Q96CP7,1,1,caffeine,TLCD1,116238
Q96CV9,1,1,caffeine,OPTN,10133
Q96CW6,1,1,caffeine,SLC7A6OS,84138
Q96D46,1,1,caffeine,NMD3,51068
Q96DF8,1,1,caffeine,ESS2,8220
Q96DG6,1,1,caffeine,CMBL,134147
Q96DI7,1,1,caffeine,SNRNP40,9410
Q96DR4,1,1,caffeine,STARD4,134429
Q96HB5,1,1,caffeine,CCDC120,90060
Q96HC4,1,1,caffeine,PDLIM5,10611
Q96HH4,1,1,caffeine,TMEM169,92691
Q96HH9,1,1,caffeine,GRAMD2B,65983
Q96HI0,1,1,caffeine,SENP5,205564
Q96HR8,1,1,caffeine,NAF1,92345
Q96EI5,1,1,caffeine,TCEAL4,79921
Q96EP5,1,1,caffeine,DAZAP1,26528
Q96EQ0,1,1,caffeine,SGTB,54557
Q96ET8,1,1,caffeine,TVP23C,201158
Q96EV8,1,1,caffeine,DTNBP1,84062
Q96EY5,1,1,caffeine,MVB12A,93343
Q96F24,1,1,caffeine,NRBF2,29982
Q96F45,1,1,caffeine,ZNF503,84858
Q96F86,1,1,caffeine,EDC3,80153
Q96FF9,1,1,caffeine,CDCA5,113130
Q96JG6,1,1,caffeine,VPS50,55610
Q96JG8,1,1,caffeine,MAGED4,728239
Q96JH7,1,1,caffeine,VCPIP1,80124
Q96JK2,1,1,caffeine,DCAF5,8816
Q96JM3,1,1,caffeine,CHAMP1,283489
Q96JP2,1,1,caffeine,MYO15B,80022
Q96G46,1,1,caffeine,DUS3L,56931
Q96G74,1,1,caffeine,OTUD5,55593
Q96GE4,1,1,caffeine,CEP95,90799
Q96GM8,1,1,caffeine,TOE1,114034
Q96GS4,1,1,caffeine,BORCS6,54785
Q96GX5,1,1,caffeine,MASTL,84930
Q96GY0,1,1,caffeine,ZC2HC1A,51101
Q96GZ6,1,1,caffeine,SLC41A3,54946
Q96H55,1,1,caffeine,MYO19,80179
Q96H79,1,1,caffeine,ZC3HAV1L,92092
Q96KV7,1,1,caffeine,WDR90,197335
Q96L91,1,1,caffeine,EP400,57634
Q96L93,1,1,caffeine,KIF16B,55614
Q96LB3,1,1,caffeine,IFT74,80173
Q96LD4,1,1,caffeine,TRIM47,91107
Q96LW4,1,1,caffeine,PRIMPOL,201973
Q96HU1,1,1,caffeine,SGSM3,27352
Q96HY6,1,1,caffeine,DDRGK1,65992
Q96I24,1,1,caffeine,FUBP3,8939
Q96IF1,1,1,caffeine,AJUBA,84962
Q96IG2,1,1,caffeine,FBXL20,84961
Q96IZ0,1,1,caffeine,PAWR,5074
Q96J92,1,1,caffeine,WNK4,65266
Q96JB3,1,1,caffeine,HIC2,23119
Q96JC9,1,1,caffeine,EAF1,85403
Q96JE7,1,1,caffeine,SEC16B,89866
Q96NW4,1,1,caffeine,ANKRD27,84079
Q96NY9,1,1,caffeine,MUS81,80198
Q96P20,1,1,Ginsenoside rb1,NLRP3,114548
Q96P31,1,1,caffeine,FCRL3,115352
Q96P48,1,1,caffeine,ARAP1,116985
Q96PD2,1,1,caffeine,DCBLD2,131566
Q96JQ2,1,1,caffeine,CLMN,79789
Q96JY6,1,1,caffeine,PDLIM2,64236
Q96K21,1,1,caffeine,ZFYVE19,84936
Q96K49,1,1,caffeine,TMEM87B,84910
Q96K76,1,1,caffeine,USP47,55031
Q96KB5,1,1,caffeine,PBK,55872
Q96KM6,1,1,caffeine,ZNF512B,57473
Q96KP4,1,1,caffeine,CNDP2,55748
Q96KQ4,1,1,caffeine,PPP1R13B,23368
Q96KQ7,1,1,caffeine,EHMT2,10919
Q96Q42,1,1,caffeine,ALS2,57679
Q96QB1,1,1,caffeine,DLC1,10395
Q96QC0,1,1,caffeine,PPP1R10,5514
Q96QD9,1,1,caffeine,FYTTD1,84248
Q96QK1,1,1,caffeine,VPS35,55737
Q96QS3,1,1,caffeine,ARX,170302
Q96M89,1,1,caffeine,CCDC138,165055
Q96MH2,1,1,caffeine,HEXIM2,124790
Q96MU7,1,1,caffeine,YTHDC1,91746
Q96MY1,1,1,caffeine,NOL4L,140688
Q96N21,1,1,caffeine,TEPSIN,146705
Q96N23,1,1,caffeine,CFAP54,144535
Q96N46,1,1,caffeine,TTC14,151613
Q96N67,1,1,caffeine,DOCK7,85440
Q96N77,1,1,caffeine,ZNF641,121274
Q96NE9,1,1,caffeine,FRMD6,122786
Q96RT1,1,1,caffeine,ERBIN,55914
Q96RU2,1,1,caffeine,USP28,57646
Q96RU7,1,1,caffeine,TRIB3,57761
Q96RV3,1,1,caffeine,PCNX1,22990
Q96RY5,1,1,caffeine,CRAMP1,57585
Q96S15,1,1,caffeine,WDR24,84219
Q96S44,1,1,caffeine,TP53RK,112858
Q96S55,1,1,caffeine,WRNIP1,56897
Q96PE2,1,1,caffeine,ARHGEF17,9828
Q96PN6,1,1,forskolin,ADCY10,55811
Q96PU4,1,1,caffeine,UHRF2,115426
Q96PU5,1,1,caffeine,NEDD4L,23327
Q96PY5,1,1,caffeine,FMNL2,114793
Q96PY6,1,1,caffeine,NEK1,4750
Q96Q05,1,1,caffeine,TRAPPC9,83696
Q96Q15,1,1,caffeine,SMG1,23049
Q96SU4,1,1,caffeine,OSBPL9,114883
Q96T17,1,1,caffeine,MAP7D2,256714
Q96T25,1,1,caffeine,ZIC5,85416
Q96T58,1,1,caffeine,SPEN,23013
Q96T83,1,1,caffeine,SLC9A7,84679
Q96T88,1,1,caffeine,UHRF1,29128
Q96TA1,1,1,caffeine,NIBAN2,64855
Q99081,1,1,caffeine,TCF12,6938
Q96QU8,1,1,caffeine,XPO6,23214
Q96R06,1,1,caffeine,SPAG5,10615
Q96RI1,1,1,forskolin,NR1H4,9971
Q96RK0,1,1,caffeine,CIC,23152
Q96RL1,1,1,caffeine,UIMC1,51720
Q96RP9,1,1,caffeine,GFM1,85476
Q96RR4,1,1,caffeine,CAMKK2,10645
Q96RS0,1,1,caffeine,TGS1,96764
Q99536,1,1,caffeine,VAT1,10493
Q99541,1,1,caffeine,PLIN2,123
Q99543,1,1,caffeine,DNAJC2,27000
Q99569,1,1,caffeine,PKP4,8502
Q99571,1,1,Ginsenoside rb1,P2RX4,5025
Q99575,1,1,caffeine,POP1,10940
Q99584,1,1,caffeine,S100A13,6284
Q99594,1,1,caffeine,TEAD3,7005
Q99611,1,1,caffeine,SEPHS2,22928
Q96S66,1,1,caffeine,CLCC1,23155
Q96S94,1,1,caffeine,CCNL2,81669
Q96SB4,1,1,caffeine,SRPK1,6732
Q96SI9,1,1,caffeine,STRBP,55342
Q96SK2,1,1,caffeine,TMEM209,84928
Q96SN8,1,1,caffeine,CDK5RAP2,55755
Q96ST8,1,1,caffeine,CEP89,84902
Q99747,1,1,caffeine,NAPG,8774
Q99758,1,1,caffeine,ABCA3,21
O00303,1,1,caffeine,EIF3F,8665
O00330,1,1,caffeine,PDHX,8050
O00408,1,1,caffeine,PDE2A,5138
O00418,1,1,caffeine,EEF2K,29904
O00422,1,1,caffeine,SAP18,10284
O00472,1,1,caffeine,ELL2,22936
O00488,1,1,caffeine,ZNF593,51042
O00507,1,1,caffeine,USP9Y,8287
O00515,1,1,caffeine,LAD1,3898
O00559,1,1,caffeine,EBAG9,9166
G5E9A6,1,1,caffeine,USP11,8237
O00151,1,1,caffeine,PDLIM1,9124
Q99490,1,1,caffeine,AGAP2,116986
Q99501,1,1,caffeine,GAS2L1,10634
Q9BQG0,1,1,caffeine,MYBBP1A,10514
Q9BQI0,1,1,caffeine,AIF1L,83543
Q9BQI3,1,1,caffeine,EIF2AK1,27102
Q9BQL6,1,1,caffeine,FERMT1,55612
Q9BQQ3,1,1,caffeine,GORASP1,64689
Q9BRA2,1,1,caffeine,TXNDC17,84817
Q9BRD0,1,1,caffeine,BUD13,84811
Q99613,1,1,caffeine,EIF3C,8663
Q99614,1,1,caffeine,TTC1,7265
Q99624,1,1,caffeine,SLC38A3,10991
Q99650,1,1,caffeine,OSMR,9180
Q99677,1,1,caffeine,LPAR4,2846
Q99700,1,1,caffeine,ATXN2,6311
Q99717,1,1,caffeine,SMAD5,4090
Q99720,1,1,caffeine,SIGMAR1,10280
Q99743,1,1,caffeine,NPAS2,4862
Q9BRY0,1,1,caffeine,SLC39A3,29985
Q9BRZ2,1,1,caffeine,TRIM56,81844
Q9BS26,1,1,caffeine,ERP44,23071
Q9BS91,1,1,caffeine,SLC35A5,55032
Q9BSJ5,1,1,caffeine,MTNAP1,55028
Q9BSJ6,1,1,caffeine,PIMREG,54478
Q9BSJ8,1,1,caffeine,ESYT1,23344
Q9BSQ5,1,1,caffeine,CCM2,83605
Q9BT25,1,1,caffeine,HAUS8,93323
Q9BT92,1,1,caffeine,TCHP,84260
Q9BTA9,1,1,caffeine,WAC,51322
Q99961,1,1,caffeine,SH3GL1,6455
Q99996,1,1,caffeine,AKAP9,10142
Q9BPX3,1,1,caffeine,NCAPG,64151
Q9BQ52,1,1,caffeine,ELAC2,60528
Q9BQE9,1,1,caffeine,BCL7B,9275
Q9BU19,1,1,caffeine,ZNF692,55657
Q9BU64,1,1,caffeine,CENPO,79172
Q9BUA3,1,1,caffeine,SPINDOC,144097
Q9BUB4,1,1,caffeine,ADAT1,23536
Q9BUG6,1,1,caffeine,ZSCAN5A,79149
Q9BUL5,1,1,caffeine,PHF23,79142
Q9BUR4,1,1,caffeine,WRAP53,55135
Q9BV19,1,1,caffeine,C1ORF50,79078
Q9BV40,1,1,caffeine,VAMP8,8673
Q9BV44,1,1,caffeine,THUMPD3,25917
Q9BV73,1,1,caffeine,CEP250,11190
Q9BRG2,1,1,caffeine,SH2D3A,10045
Q9BRJ6,1,1,caffeine,CHLSN,84310
Q9BRR8,1,1,caffeine,GPATCH1,55094
Q9BRS2,1,1,caffeine,RIOK1,83732
Q9BRT8,1,1,caffeine,ZNG1A,55871
Q9BVT8,1,1,caffeine,TMUB1,83590
Q9BVV6,1,1,caffeine,KIAA0586,9786
Q9BW71,1,1,caffeine,HIRIP3,8479
Q9BWF2,1,1,caffeine,TRAIP,10293
Q9BWM7,1,1,caffeine,SFXN3,81855
Q9BWQ6,1,1,caffeine,YIPF2,78992
Q9BWW4,1,1,caffeine,SSBP3,23648
Q9BX63,1,1,caffeine,BRIP1,83990
Q9BX66,1,1,caffeine,SORBS1,10580
Q9BX95,1,1,caffeine,SGPP1,81537
Q9BXB5,1,1,caffeine,OSBPL10,114884
Q9BTC0,1,1,caffeine,DIDO1,11083
Q9BTC8,1,1,caffeine,MTA3,57504
Q9BTE3,1,1,caffeine,MCMBP,79892
Q9BTE6,1,1,caffeine,AARSD1,80755
Q9BTX1,1,1,caffeine,NDC1,55706
Q9BVG8,1,1,caffeine,KIFC3,3801
Q9BVJ6,1,1,caffeine,UTP14A,10813
O00159,1,1,caffeine,MYO1C,4641
O00161,1,1,caffeine,SNAP23,8773
O00168,1,1,caffeine,FXYD1,5348
O00170,1,1,caffeine,AIP,9049
O00178,1,1,caffeine,GTPBP1,9567
O00220,1,1,caffeine,TNFRSF10A,8797
O00221,1,1,caffeine,NFKBIE,4794
O00257,1,1,caffeine,CBX4,8535
O00267,1,1,caffeine,SUPT5H,6829
O00268,1,1,caffeine,TAF4,6874
A8MU93,1,1,caffeine,C17ORF100,388327
A8MUZ8,1,1,caffeine,ZNF705G,100131980
A8WFS0,1,1,caffeine,HSP70L,560210
Q9BVL2,1,1,caffeine,NUP58,9818
Q9BXD5,1,1,caffeine,NPL,80896
Q9BXK1,1,1,caffeine,KLF16,83855
Q9BXM7,1,1,Ginsenoside rb1,PINK1,65018
Q9BXS5,1,1,caffeine,AP1M1,8907
Q9BXS6,1,1,caffeine,NUSAP1,51203
Q9BXY4,1,1,caffeine,RSPO3,84870
Q9BY08,1,1,caffeine,EBPL,84650
Q9BY12,1,1,caffeine,SCAPER,49855
Q9BY44,1,1,caffeine,EIF2A,83939
Q9BY49,1,1,caffeine,PECR,55825
Q9BY76,1,1,caffeine,ANGPTL4,51129
Q9BY84,1,1,caffeine,DUSP16,80824
Q9BYC9,1,1,caffeine,MRPL20,55052
Q9BYE2,1,1,caffeine,TMPRSS13,84000
Q9BYF1,1,1,caffeine,ACE2,59272
Q9BV81,1,1,caffeine,EMC6,83460
Q9C0J8,1,1,caffeine,WDR33,55339
Q9BYG3,1,1,caffeine,NIFK,84365
Q9BYG5,1,1,caffeine,PARD6B,84612
Q9BYI3,1,1,caffeine,HYCC1,84668
Q9BYV8,1,1,caffeine,CEP41,95681
Q9BYW2,1,1,caffeine,SETD2,29072
Q9BZ23,1,1,caffeine,PANK2,80025
Q9BZ67,1,1,caffeine,FRMD8,83786
Q9BZE4,1,1,caffeine,GTPBP4,23560
Q9BZE9,1,1,caffeine,ASPSCR1,79058
Q9BZF1,1,1,caffeine,OSBPL8,114882
Q9BZF9,1,1,caffeine,UACA,55075
Q9BZH6,1,1,caffeine,WDR11,55717
Q9BZI7,1,1,caffeine,UPF3B,65109
Q9BZM4,1,1,caffeine,ULBP3,79465
Q9BZM5,1,1,caffeine,ULBP2,80328
Q9H098,1,1,caffeine,FAM107B,83641
Q9BZV1,1,1,caffeine,UBXN6,80700
Q9C004,1,1,caffeine,SPRY4,81848
Q9C040,1,1,caffeine,TRIM2,23321
Q9C073,1,1,caffeine,FAM117A,81558
Q9C0B0,1,1,caffeine,UNK,85451
Q9C0B5,1,1,caffeine,ZDHHC5,25921
Q9C0B9,1,1,caffeine,ZCCHC2,54877
Q9C0C2,1,1,caffeine,TNKS1BP1,85456
Q9C0C9,1,1,caffeine,UBE2O,63893
Q9C0D5,1,1,caffeine,TANC1,85461
Q9C0G0,1,1,caffeine,ZNF407,55628
Q9C0H2,1,1,caffeine,TTYH3,80727
Q9C0H5,1,1,caffeine,ARHGAP39,80728
Q9C0H9,1,1,caffeine,SRCIN1,80725
Q9C0I4,1,1,caffeine,THSD7B,80731
Q9H1J1,1,1,caffeine,UPF3A,65110
Q9H1K0,1,1,caffeine,RBSN,64145
Q9C0K7,1,1,caffeine,STRADB,55437
Q9CYK2,1,1,Ethanolamine,QPCT,70536
Q9GZM8,1,1,caffeine,NDEL1,81565
Q9GZN2,1,1,caffeine,TGIF2,60436
Q9GZR1,1,1,caffeine,SENP6,26054
Q9GZR7,1,1,caffeine,DDX24,57062
Q9GZT9,1,1,caffeine,EGLN1,54583
Q9GZU2,1,1,caffeine,PEG3,5178
Q9GZV5,1,1,caffeine,WWTR1,25937
Q9GZZ9,1,1,caffeine,UBA5,79876
Q9H040,1,1,caffeine,SPRTN,83932
Q9H063,1,1,caffeine,MAF1,84232
Q9H074,1,1,caffeine,PAIP1,10605
Q9H089,1,1,caffeine,LSG1,55341
Q9H2S9,1,1,caffeine,IKZF4,64375
Q9H2U1,1,1,caffeine,DHX36,170506
Q9H0D6,1,1,caffeine,XRN2,22803
Q9H0E3,1,1,caffeine,SAP130,79595
Q9H0E9,1,1,caffeine,BRD8,10902
Q9H0F6,1,1,caffeine,SHARPIN,81858
Q9H0J9,1,1,caffeine,PARP12,64761
Q9H0M0,1,1,caffeine,WWP1,11059
Q9H0R3,1,1,caffeine,TMEM222,84065
Q9H0S4,1,1,caffeine,DDX47,51202
Q9H0W8,1,1,caffeine,SMG9,56006
Q9H0X6,1,1,caffeine,RNF208,727800
Q9H116,1,1,caffeine,GZF1,64412
Q9H190,1,1,caffeine,SDCBP2,27111
Q9H1A4,1,1,caffeine,ANAPC1,64682
Q9H1E3,1,1,caffeine,NUCKS1,64710
Q9H400,1,1,caffeine,LIME1,54923
Q9H467,1,1,caffeine,CUEDC2,79004
Q9H4A3,1,1,caffeine,WNK1,65125
Q9H211,1,1,caffeine,CDT1,81620
Q9H223,1,1,caffeine,EHD4,30844
Q9H257,1,1,caffeine,CARD9,64170
Q9H2A3,1,1,caffeine,NEUROG2,63973
Q9H2A7,1,1,caffeine,CXCL16,58191
Q9H2B2,1,1,caffeine,SYT4,6860
Q9H2D6,1,1,caffeine,TRIOBP,11078
Q9H2F5,1,1,caffeine,EPC1,80314
Q9H2G2,1,1,caffeine,SLK,9748
Q9H2G9,1,1,caffeine,BLZF1,8548
Q9H2K2,1,1,caffeine,TNKS2,80351
Q9H2P0,1,1,caffeine,ADNP,23394
Q9H2S1,1,1,forskolin,KCNN2,3781
Q9H5J8,1,1,caffeine,TAF1D,79101
Q9H6A9,1,1,caffeine,PCNX3,399909
Q9H6D7,1,1,caffeine,HAUS4,54930
Q9H6F5,1,1,caffeine,CCDC86,79080
Q9H2Y7,1,1,caffeine,ZNF106,64397
Q9H329,1,1,caffeine,EPB41L4B,54566
Q9H330,1,1,caffeine,TMEM245,23731
Q9H3C7,1,1,caffeine,GGNBP2,79893
Q9H3H1,1,1,caffeine,TRIT1,54802
Q9H3K2,1,1,caffeine,GHITM,27069
Q9H3N1,1,1,caffeine,TMX1,81542
Q9H3P2,1,1,caffeine,NELFA,7469
Q9H3Q1,1,1,caffeine,CDC42EP4,23580
Q9H3T3,1,1,caffeine,SEMA6B,10501
Q9H3U1,1,1,caffeine,UNC45A,55898
Q9H3Z4,1,1,caffeine,DNAJC5,80331
Q9H7E9,1,1,caffeine,C8ORF33,65265
Q9H7F0,1,1,caffeine,ATP13A3,79572
Q9H7L9,1,1,caffeine,SUDS3,64426
Q9H7N4,1,1,caffeine,SCAF1,58506
Q9H4H8,1,1,caffeine,SACK1D,81610
Q9H4I2,1,1,caffeine,ZHX3,23051
Q9H4L4,1,1,caffeine,SENP3,26168
Q9H4L5,1,1,caffeine,OSBPL3,26031
Q9H4L7,1,1,caffeine,SMARCAD1,56916
Q9H4M9,1,1,caffeine,EHD1,10938
Q9H4Z2,1,1,caffeine,ZNF335,63925
Q9H4Z3,1,1,caffeine,PCIF1,63935
Q9H501,1,1,caffeine,ESF1,51575
Q9H582,1,1,caffeine,ZNF644,84146
Q9H583,1,1,caffeine,HEATR1,55127
Q9H5H4,1,1,caffeine,ZNF768,79724
Q9H900,1,1,caffeine,ZWILCH,55055
Q9H903,1,1,caffeine,MTHFD2L,441024
Q9H9A7,1,1,caffeine,RMI1,80010
Q9H9D4,1,1,caffeine,ZNF408,79797
Q9H6H4,1,1,caffeine,REEP4,80346
Q9H6Q3,1,1,caffeine,SLA2,84174
Q9H6R7,1,1,caffeine,WDCP,80304
Q9H6S0,1,1,caffeine,YTHDC2,64848
Q9H6S3,1,1,caffeine,EPS8L2,64787
Q9H6U6,1,1,caffeine,BCAS3,54828
Q9H6X2,1,1,caffeine,ANTXR1,84168
Q9H706,1,1,caffeine,GAREM1,64762
Q9H773,1,1,caffeine,DCTPP1,79077
Q9H7C9,1,1,caffeine,AAMDC,28971
Q9H7D0,1,1,caffeine,DOCK5,80005
Q9H7E2,1,1,caffeine,TDRD3,81550
Q9HAV0,1,1,caffeine,GNB4,59345
Q9HAW4,1,1,caffeine,CLSPN,63967
Q9HB09,1,1,caffeine,BCL2L12,83596
Q9HB20,1,1,caffeine,PLEKHA3,65977
Q9HB65,1,1,caffeine,ELL3,80237
Q9H7P6,1,1,caffeine,MVB12B,89853
Q9H7U1,1,1,caffeine,CCSER2,54462
Q9H832,1,1,caffeine,UBE2Z,65264
Q9H8G2,1,1,caffeine,CAAP1,79886
Q9H8H2,1,1,caffeine,DDX31,64794
Q9H8M2,1,1,caffeine,BRD9,65980
Q9H8M5,1,1,caffeine,CNNM2,54805
Q9H8M9,1,1,caffeine,EVA1A,84141
Q9H8T0,1,1,caffeine,AKTIP,64400
Q9H8U3,1,1,caffeine,ZFAND3,60685
Q9H8Y8,1,1,caffeine,GORASP2,26003
Q9HC35,1,1,caffeine,EML4,27436
Q9HC44,1,1,caffeine,GPBP1L1,60313
Q9HC52,1,1,caffeine,CBX8,57332
Q9HC98,1,1,caffeine,NEK6,10783
Q9HCD5,1,1,caffeine,NCOA5,57727
Q9H9E3,1,1,caffeine,COG4,25839
Q9H9J4,1,1,caffeine,USP42,84132
Q9H9Q2,1,1,caffeine,COPS7B,64708
Q9H9Q4,1,1,caffeine,NHEJ1,79840
Q9H9T3,1,1,caffeine,ELP3,55140
Q9HA47,1,1,caffeine,UCK1,83549
Q9HA82,1,1,caffeine,CERS4,79603
Q9HAH7,1,1,caffeine,FBRS,64319
Q9HAN9,1,1,caffeine,NMNAT1,64802
Q9HAS0,1,1,caffeine,C17ORF75,64149
Q9HAU4,1,1,caffeine,SMURF2,64750
Q9HD20,1,1,caffeine,ATP13A1,57130
Q9HD26,1,1,caffeine,GOPC,57120
Q9I9N4,1,1,caffeine,BAXA,58081
Q9IBD1,1,1,Ethanolamine,CELF3A,57922
Q9NP56,1,1,caffeine,PDE7B,27115
Q9NP61,1,1,caffeine,ARFGAP3,26286
Q9HB71,1,1,caffeine,CACYBP,27101
Q9HB75,1,1,caffeine,PIDD1,55367
Q9HBE1,1,1,caffeine,PATZ1,23598
Q9HBI0,1,1,caffeine,PARVG,64098
Q9HBK9,1,1,caffeine,AS3MT,57412
Q9HBL0,1,1,caffeine,TNS1,7145
Q9HBM6,1,1,caffeine,TAF9B,51616
Q9HBR0,1,1,caffeine,SLC38A10,124565
Q9HBW0,1,1,caffeine,LPAR2,9170
Q9HBX9,1,1,forskolin,RXFP1,59350
Q9NPR2,1,1,caffeine,SEMA4B,10509
Q9NQ84,1,1,caffeine,GPRC5C,55890
Q9NQ86,1,1,caffeine,TRIM36,55521
Q9NQG7,1,1,caffeine,HPS4,89781
Q9NQS1,1,1,caffeine,AVEN,57099
Q9NQS3,1,1,caffeine,NECTIN3,25945
Q9NQS7,1,1,caffeine,INCENP,3619
Q9NQW6,1,1,caffeine,ANLN,54443
Q9HCE0,1,1,caffeine,EPG5,57724
Q9HCE1,1,1,caffeine,MOV10,4343
Q9HCE6,1,1,caffeine,ARHGEF10L,55160
Q9HCJ0,1,1,caffeine,TNRC6C,57690
Q9HCK8,1,1,caffeine,CHD8,57680
Q9HCL2,1,1,caffeine,GPAM,57678
Q9HCM4,1,1,caffeine,EPB41L5,57669
Q9HCU9,1,1,caffeine,BRMS1,25855
Q9NRA8,1,1,caffeine,EIF4ENIF1,56478
Q9NRF8,1,1,caffeine,CTPS2,56474
Q9NRH2,1,1,caffeine,SNRK,54861
Q9NRL2,1,1,caffeine,BAZ1A,11177
Q9NRM7,1,1,caffeine,LATS2,26524
Q9NRR3,1,1,caffeine,CDC42SE2,56990
Q9NRR5,1,1,caffeine,UBQLN4,56893
Q9NRS6,1,1,caffeine,SNX15,29907
Q9NRY5,1,1,caffeine,FAM114A2,10827
Q9NP71,1,1,caffeine,MLXIPL,51085
Q9NP85,1,1,caffeine,NPHS2,7827
Q9NPA1,1,1,forskolin,KCNMB3,27094
Q9NPF5,1,1,caffeine,DMAP1,55929
Q9NPI1,1,1,caffeine,BRD7,29117
Q9NPI6,1,1,caffeine,DCP1A,55802
Q9NPQ8,1,1,caffeine,RIC8A,60626
Q9NSC5,1,1,caffeine,HOMER3,9454
Q9NSI2,1,1,caffeine,SLX9,85395
Q9NSI6,1,1,caffeine,BRWD1,54014
Q9NSV4,1,1,caffeine,DIAPH3,81624
Q9NSY1,1,1,caffeine,BMP2K,55589
Q9NTG7,1,1,caffeine,SIRT3,23410
Q9NTI5,1,1,caffeine,PDS5B,23047
Q9NTJ3,1,1,caffeine,SMC4,10051
Q9NTN9,1,1,caffeine,SEMA4G,57715
Q9NU19,1,1,caffeine,TBC1D22B,55633
Q9NUA8,1,1,caffeine,ZBTB40,9923
Q9NQX3,1,1,caffeine,GPHN,10243
Q9NR09,1,1,caffeine,BIRC6,57448
Q9NR19,1,1,caffeine,ACSS2,55902
Q9NR30,1,1,caffeine,DDX21,9188
Q9NR46,1,1,caffeine,SH3GLB2,56904
Q9NUQ6,1,1,caffeine,SPATS2L,26010
Q9NUU7,1,1,caffeine,DDX19A,55308
Q9NUY8,1,1,caffeine,TBC1D23,55773
Q9NV56,1,1,caffeine,MRGBP,55257
Q9NV70,1,1,caffeine,EXOC1,55763
Q9NVC3,1,1,caffeine,SLC38A7,55238
Q9NVE5,1,1,caffeine,USP40,55230
Q9NVE7,1,1,caffeine,PANK4,55229
Q9NVI1,1,1,caffeine,FANCI,55215
Q9NVI7,1,1,caffeine,ATAD3A,55210
Q9NVM1,1,1,caffeine,EVA1B,55194
Q9NVM9,1,1,caffeine,INTS13,55726
Q9NS56,1,1,caffeine,TOPORS,10210
Q9NS68,1,1,caffeine,TNFRSF19,55504
Q9NSA3,1,1,caffeine,CTNNBIP1,56998
Q9NSB2,1,1,caffeine,KRT84,3890
Q9NW68,1,1,caffeine,BSDC1,55108
Q9NW75,1,1,caffeine,GPATCH2,55105
Q9NW97,1,1,caffeine,TMEM51,55092
Q9NWB6,1,1,caffeine,ARGLU1,55082
Q9NWH9,1,1,caffeine,SLTM,79811
Q9NWK9,1,1,caffeine,ZNHIT6,54680
Q9NWM0,1,1,caffeine,SMOX,54498
Q9NWQ4,1,1,caffeine,GPATCH2L,55668
Q9NWS9,1,1,caffeine,ZNF446,55663
Q9NWU2,1,1,caffeine,GID8,54994
Q9NWZ5,1,1,caffeine,UCKL1,54963
Q9NWZ8,1,1,caffeine,GEMIN8,54960
Q9NUE0,1,1,caffeine,ZDHHC18,84243
Q9NUL3,1,1,caffeine,STAU2,27067
Q9NUM4,1,1,caffeine,TMEM106B,54664
Q9NUQ3,1,1,caffeine,TXLNG,55787
Q9NXE4,1,1,caffeine,SMPD4,55627
Q9NXE8,1,1,caffeine,CWC25,54883
Q9NXF1,1,1,caffeine,TEX10,54881
Q9NXF8,1,1,caffeine,ZDHHC7,55625
Q9NXG2,1,1,caffeine,THUMPD1,55623
Q9NXH9,1,1,caffeine,TRMT1,55621
Q9NXK8,1,1,caffeine,FBXL12,54850
Q9NXR1,1,1,caffeine,NDE1,54820
Q9NXV6,1,1,caffeine,CDKN2AIP,55602
Q9NY47,1,1,caffeine,CACNA2D2,9254
Q9NY57,1,1,caffeine,STK32B,55351
Q9NY59,1,1,caffeine,SMPD3,55512
Q9NVN8,1,1,caffeine,GNL3L,54552
Q9NVP1,1,1,caffeine,DDX18,8886
Q9NVT9,1,1,caffeine,ARMC1,55156
Q9NVZ3,1,1,caffeine,NECAP2,55707
Q9NYJ8,1,1,caffeine,TAB2,23118
Q9NYL2,1,1,caffeine,MAP3K20,51776
Q9NYL9,1,1,caffeine,TMOD3,29766
Q9NYM9,1,1,caffeine,BET1L,51272
Q9NYP3,1,1,caffeine,DONSON,29980
Q9NYV4,1,1,caffeine,CDK12,51755
Q9NYY8,1,1,caffeine,FASTKD2,22868
Q9NYZ3,1,1,caffeine,GTSE1,51512
Q9NZ09,1,1,caffeine,UBAP1,51271
Q9NZ63,1,1,caffeine,C9ORF78,51759
Q9NZB2,1,1,caffeine,FAM120A,23196
Q9NZC9,1,1,caffeine,SMARCAL1,50485
Q9NX40,1,1,caffeine,OCIAD1,54940
Q9NX76,1,1,caffeine,CMTM6,54918
Q9NX94,1,1,caffeine,WBP1L,54838
Q9NXD2,1,1,caffeine,MTMR10,54893
Q9NZJ4,1,1,caffeine,SACS,26278
Q9NZJ5,1,1,caffeine,EIF2AK3,9451
Q9NZJ7,1,1,caffeine,MTCH1,23787
Q9NZL4,1,1,caffeine,HSPBP1,23640
Q9NZM1,1,1,caffeine,MYOF,26509
Q9NZM5,1,1,caffeine,NOP53,29997
Q9NZN4,1,1,caffeine,EHD2,30846
Q9NZN5,1,1,caffeine,ARHGEF12,23365
Q9NZN8,1,1,caffeine,CNOT2,4848
Q9NZQ3,1,1,caffeine,NCKIPSD,51517
Q9NZT2,1,1,caffeine,OGFR,11054
Q9NZV1,1,1,caffeine,CRIM1,51232
Q9NYB0,1,1,caffeine,TERF2IP,54386
Q9NYB9,1,1,caffeine,ABI2,10152
Q9NYF3,1,1,caffeine,FAM53C,51307
Q9NYF8,1,1,caffeine,BCLAF1,9774
Q9P0K8,1,1,caffeine,FOXJ2,55810
Q9P0L0,1,1,caffeine,VAPA,9218
Q9P0L1,1,1,caffeine,ZKSCAN7,55888
Q9P0U4,1,1,caffeine,CXXC1,30827
Q9P107,1,1,caffeine,GMIP,51291
Q9P1Q0,1,1,caffeine,VPS54,51542
Q9P1Y5,1,1,caffeine,CAMSAP3,57662
Q9P1Y6,1,1,caffeine,PHRF1,57661
Q9P206,1,1,caffeine,NHSL3,57648
Q9P217,1,1,caffeine,ZSWIM5,57643
Q9P219,1,1,caffeine,CCDC88C,440193
Q9P246,1,1,caffeine,STIM2,57620
Q9NZI5,1,1,caffeine,GRHL1,29841
Q9NZI7,1,1,caffeine,UBP1,7342
Q9NZI8,1,1,caffeine,IGF2BP1,10642
Q9NZJ0,1,1,caffeine,DTL,51514
Q9P275,1,1,caffeine,USP36,57602
Q9P278,1,1,caffeine,FNIP2,57600
Q9P2B4,1,1,caffeine,CTTNBP2NL,55917
Q9P2B7,1,1,caffeine,CFAP97,57587
Q9P2D0,1,1,caffeine,IBTK,25998
Q9P2D1,1,1,caffeine,CHD7,55636
Q9P2D6,1,1,caffeine,FAM135A,57579
Q9P2F5,1,1,caffeine,STOX2,56977
Q9P2G1,1,1,caffeine,ANKIB1,54467
Q9P2I0,1,1,caffeine,CPSF2,53981
Q9P2J5,1,1,caffeine,LARS1,51520
Q9P2K8,1,1,caffeine,EIF2AK4,440275
Q9NZV5,1,1,caffeine,SELENON,57190
Q9NZZ3,1,1,caffeine,CHMP5,51510
Q9P021,1,1,caffeine,CRIPT,9419
Q9P0J7,1,1,caffeine,KCMF1,56888
A5YKK6,1,1,caffeine,CNOT1,23019
A5YM69,1,1,caffeine,ARHGEF35,445328
Q9P2Y4,1,1,caffeine,ZNF219,51222
Q9UBB6,1,1,caffeine,NCDN,23154
Q9UBB9,1,1,caffeine,TFIP11,24144
Q9UBC1,1,1,caffeine,NFKBIL1,4795
Q9UBC2,1,1,caffeine,EPS15L1,58513
Q9UBH6,1,1,caffeine,XPR1,9213
Q9UBI9,1,1,caffeine,HECA,51696
Q9UBK2,1,1,caffeine,PPARGC1A,10891
Q9UBP0,1,1,caffeine,SPAST,6683
Q9UBQ5,1,1,caffeine,EIF3K,27335
Q9P253,1,1,caffeine,VPS18,57617
Q9P265,1,1,caffeine,DIP2B,57609
Q9P267,1,1,caffeine,MBD5,55777
Q9P270,1,1,caffeine,SLAIN2,57606
Q9P2R6,1,1,caffeine,RERE,473
Q9P2S5,1,1,caffeine,WRAP73,49856
A9JRX1,1,1,caffeine,AND2,566702
A9JSZ0,1,1,Ethanolamine,HMGCRA,559054
B0YJ81,1,1,caffeine,HACD1,9200
B1AJZ9,1,1,caffeine,FHAD1,114827
B1AK53,1,1,caffeine,ESPN,83715
B2RTY4,1,1,caffeine,MYO9A,4649
B2RUZ4,1,1,caffeine,SMIM1,388588
B3DGA5,1,1,caffeine,OTPA,560759
C9J069,1,1,caffeine,AJM1,389813
E7F5V5,1,1,caffeine,AND1,794315
E7F8M1,1,1,caffeine,CRYBB1L1,553473
E9Q5X9,1,1,caffeine,ZFP819,74400
F1REP3,1,1,caffeine,NPSN,404039
A5PL33,1,1,caffeine,KRABD3,84626
Q9UBQ7,1,1,caffeine,GRHPR,9380
Q9UBS3,1,1,caffeine,DNAJB9,4189
Q9UBS9,1,1,caffeine,SUCO,51430
Q9UBT7,1,1,caffeine,CTNNAL1,8727
Q9UBU6,1,1,caffeine,FAM8A1,51439
Q9UBU7,1,1,caffeine,DBF4,10926
Q9UBU9,1,1,caffeine,NXF1,10482
Q9UBW7,1,1,caffeine,ZMYM2,7750
Q9UBW8,1,1,caffeine,COPS7A,50813
Q9UDT6,1,1,caffeine,CLIP2,7461
Q9UDV7,1,1,caffeine,ZNF282,8427
Q9UDY2,1,1,caffeine,TJP2,9414
Q9UEE5,1,1,caffeine,STK17A,9263
Q9UET6,1,1,caffeine,FTSJ1,24140
Q9UEW8,1,1,caffeine,STK39,27347
Q9P2M7,1,1,caffeine,CGN,57530
Q9UIF8,1,1,caffeine,BAZ2B,29994
Q9UF56,1,1,caffeine,FBXL17,64839
Q9UGH3,1,1,caffeine,SLC23A2,9962
Q9UGI6,1,1,forskolin,KCNN3,3782
Q9UGP8,1,1,caffeine,SEC63,11231
Q9UGR2,1,1,caffeine,ZC3H7B,23264
Q9UGU0,1,1,caffeine,TCF20,6942
Q9UGU5,1,1,caffeine,HMGXB4,10042
Q9UGV2,1,1,caffeine,NDRG3,57446
Q9UGY1,1,1,caffeine,NOL12,79159
Q9UH99,1,1,caffeine,SUN2,25777
Q9UHB7,1,1,caffeine,AFF4,27125
Q9UHB9,1,1,caffeine,SRP68,6730
Q9UHC9,1,1,caffeine,NPC1L1,29881
Q9UHD1,1,1,caffeine,CHORDC1,26973
Q9UHD2,1,1,caffeine,TBK1,29110
Q9UJY4,1,1,caffeine,GGA2,23062
Q9UHE8,1,1,caffeine,STEAP1,26872
Q9UHF1,1,1,caffeine,EGFL7,51162
Q9UHG0,1,1,caffeine,DCDC2,51473
Q9UHI6,1,1,caffeine,DDX20,11218
Q9UHJ9,1,1,caffeine,PGAP2,27315
Q9UHL9,1,1,caffeine,GTF2IRD1,9569
Q9UHN6,1,1,caffeine,CEMIP2,23670
Q9UHR4,1,1,caffeine,BAIAP2L1,55971
Q9UHR5,1,1,caffeine,SAP30BP,29115
Q9UHW9,1,1,caffeine,SLC12A6,9990
Q9UHY7,1,1,caffeine,ENOPH1,58478
Q9UI10,1,1,caffeine,EIF2B4,8890
Q9UI30,1,1,caffeine,TRMT112,51504
Q9UID6,1,1,caffeine,ZNF639,51193
Q9UIF7,1,1,caffeine,MUTYH,4595
Q9UKV8,1,1,caffeine,AGO2,27161
Q9UKX7,1,1,caffeine,NUP50,10762
Q9UIF9,1,1,caffeine,BAZ2A,11176
Q9UIG0,1,1,caffeine,BAZ1B,9031
Q9UIQ6,1,1,caffeine,LNPEP,4012
Q9UIS9,1,1,caffeine,MBD1,4152
Q9UIU6,1,1,caffeine,SIX4,51804
Q9UIW0,1,1,caffeine,VAX2,25806
Q9UJC3,1,1,caffeine,HOOK1,51361
Q9UJM3,1,1,caffeine,ERRFI1,54206
Q9UJU6,1,1,caffeine,DBNL,28988
Q9UJV9,1,1,caffeine,DDX41,51428
Q9UJW0,1,1,caffeine,DCTN4,51164
Q9UJX4,1,1,caffeine,ANAPC5,51433
Q9UJX5,1,1,caffeine,ANAPC4,29945
Q9UJX6,1,1,caffeine,ANAPC2,29882
Q9ULJ3,1,1,caffeine,ZBTB21,49854
Q9ULJ7,1,1,caffeine,ANKRD50,57182
Q9ULM3,1,1,caffeine,YEATS2,55689
Q9ULT6,1,1,caffeine,ZNRF3,84133
Q9ULT8,1,1,caffeine,HECTD1,25831
Q9UK58,1,1,caffeine,CCNL1,57018
Q9UKA4,1,1,caffeine,AKAP11,11215
Q9UKB1,1,1,caffeine,FBXW11,23291
Q9UKB3,1,1,caffeine,DNAJC12,56521
Q9UKF6,1,1,caffeine,CPSF3,51692
Q9UKG1,1,1,caffeine,APPL1,26060
Q9UKI8,1,1,caffeine,TLK1,9874
Q9UKJ3,1,1,caffeine,GPATCH8,23131
Q9UKL0,1,1,caffeine,RCOR1,23186
Q9UKL3,1,1,caffeine,CASP8AP2,9994
Q9UKT4,1,1,caffeine,FBXO5,26271
Q9UN79,1,1,caffeine,SOX13,9580
Q9UN86,1,1,caffeine,G3BP2,9908
Q9UNA0,1,1,caffeine,ADAMTS5,11096
Q9UNA1,1,1,caffeine,ARHGAP26,23092
Q9UNA4,1,1,caffeine,POLI,11201
Q9UKY7,1,1,caffeine,CDV3,55573
Q9UL12,1,1,Ethanolamine,SARDH,1757
Q9UL54,1,1,caffeine,TAOK2,9344
Q9ULC8,1,1,caffeine,ZDHHC8,29801
Q9ULD2,1,1,caffeine,MTUS1,57509
Q9ULD4,1,1,caffeine,BRPF3,27154
Q9ULD5,1,1,caffeine,ZNF777,27153
Q9ULG1,1,1,caffeine,INO80,54617
Q9ULH1,1,1,caffeine,ASAP1,50807
Q9ULI0,1,1,caffeine,ATAD2B,54454
Q9ULI1,1,1,caffeine,NWD2,57495
Q9UPN6,1,1,caffeine,SCAF8,22828
Q9UPN9,1,1,caffeine,TRIM33,51592
Q9UPP1,1,1,caffeine,PHF8,23133
Q9UPQ9,1,1,caffeine,TNRC6B,23112
Q9UPS8,1,1,caffeine,ANKRD26,22852
Q9ULU4,1,1,caffeine,ZMYND8,23613
Q9ULV0,1,1,caffeine,MYO5B,4645
Q9ULV8,1,1,caffeine,CBLC,23624
Q9ULW0,1,1,caffeine,TPX2,22974
Q9ULX3,1,1,caffeine,NOB1,28987
Q9UM54,1,1,caffeine,MYO6,4646
Q9UMN6,1,1,caffeine,KMT2B,9757
Q9UMX1,1,1,caffeine,SUFU,51684
Q9UMZ2,1,1,caffeine,SYNRG,11276
Q9UN36,1,1,caffeine,NDRG2,57447
Q9UN76,1,1,caffeine,SLC6A14,11254
Q9UQB8,1,1,caffeine,BAIAP2,10458
Q9UQC2,1,1,caffeine,GAB2,9846
Q9UQE7,1,1,caffeine,SMC3,9126
Q9UQL6,1,1,caffeine,HDAC5,10014
Q9UQN3,1,1,caffeine,CHMP2B,25978
Q9UNF0,1,1,caffeine,PACSIN2,11252
Q9UNK0,1,1,caffeine,STX8,9482
Q9UNL2,1,1,caffeine,SSR3,6747
Q9UNQ0,1,1,maprotiline,ABCG2,9429
Q9UNS1,1,1,caffeine,TIMELESS,8914
Q9UNS2,1,1,caffeine,COPS3,8533
Q9UNX4,1,1,caffeine,WDR3,10885
Q9UNY4,1,1,caffeine,TTF2,8458
Q9UNZ2,1,1,caffeine,NSFL1C,55968
Q9UPM8,1,1,caffeine,AP4E1,23431
Q9UPN4,1,1,caffeine,CEP131,22994
Q9Y233,1,1,caffeine,PDE10A,10846
Q9Y241,1,1,caffeine,HIGD1A,25994
Q9Y248,1,1,caffeine,GINS2,51659
Q9Y255,1,1,caffeine,PRELID1,27166
Q9Y262,1,1,caffeine,EIF3L,51386
Q9UPT5,1,1,caffeine,EXOC7,23265
Q9UPT8,1,1,caffeine,ZC3H4,23211
Q9UPU5,1,1,caffeine,USP24,23358
Q9UPU9,1,1,caffeine,SAMD4A,23034
Q9UPV0,1,1,caffeine,CEP164,22897
Q9UPW6,1,1,caffeine,SATB2,23314
Q9UPX8,1,1,caffeine,SHANK2,22941
Q9UPY3,1,1,caffeine,DICER1,23405
Q9UPZ3,1,1,caffeine,HPS5,11234
Q9UQ35,1,1,caffeine,SRRM2,23524
Q9UQ49,1,1,caffeine,NEU3,10825
Q9Y2E8,1,1,caffeine,SLC9A8,23315
Q9Y2F5,1,1,caffeine,ICE1,23379
Q9Y2G8,1,1,caffeine,DNAJC16,23341
Q9Y2H0,1,1,caffeine,DLGAP4,22839
Q9Y2H6,1,1,caffeine,FNDC3A,22862
Q9Y2I9,1,1,caffeine,TBC1D30,23329
Q9Y2J4,1,1,caffeine,AMOTL2,51421
Q9UQR0,1,1,caffeine,SCML2,10389
Q9V674,1,1,caffeine,CYP6G1,36316
Q9V774,1,1,caffeine,CYP6A21,36665
Q9V9L1,1,1,caffeine,CYP6W1,35543
Q9VCW1,1,1,caffeine,CYP6D4,42682
Q9VFP1,1,1,caffeine,CYP6D5,41706
Q9VG93,1,1,caffeine,GSTD7,48340
Q9VG98,1,1,caffeine,GSTD2,48335
Q9Y232,1,1,caffeine,CDYL,9425
Q9Y2W1,1,1,caffeine,THRAP3,9967
Q9Y2W6,1,1,caffeine,TDRKH,11022
Q9Y2X3,1,1,caffeine,NOP58,51602
Q9Y2X7,1,1,caffeine,GIT1,28964
Q9Y2X9,1,1,caffeine,ZNF281,23528
Q9Y2Z0,1,1,caffeine,SUGT1,10910
Q9Y314,1,1,caffeine,NOSIP,51070
Q9Y320,1,1,caffeine,TMX2,51075
Q9Y383,1,1,caffeine,LUC7L2,51631
Q9Y3A6,1,1,caffeine,TMED5,50999
Q9Y294,1,1,caffeine,ASF1A,25842
Q9Y2B5,1,1,caffeine,VPS9D1,9605
Q9Y2D5,1,1,caffeine,PALM2AKAP2,445815
Q9Y2D8,1,1,caffeine,SSX2IP,117178
Q9Y2D9,1,1,caffeine,ZNF652,22834
Q9Y2E6,1,1,caffeine,DTX4,23220
Q9Y3M9,1,1,caffeine,ZNF337,26152
Q9Y3P8,1,1,caffeine,SIT1,27240
Q9Y3Q8,1,1,caffeine,TSC22D4,81628
Q9Y3R5,1,1,caffeine,DOP1B,9980
Q9Y3S1,1,1,caffeine,WNK2,65268
Q9Y3T9,1,1,caffeine,NOC2L,26155
Q9Y3X0,1,1,caffeine,CCDC9,26093
Q9Y426,1,1,caffeine,C2CD2,25966
Q9Y450,1,1,caffeine,HBS1L,10767
Q9Y483,1,1,caffeine,MTF2,22823
Q9Y487,1,1,caffeine,ATP6V0A2,23545
Q9Y2K1,1,1,caffeine,ZBTB1,22890
Q9Y2K7,1,1,caffeine,KDM2A,22992
Q9Y2L9,1,1,caffeine,LRCH1,23143
Q9Y2T1,1,1,caffeine,AXIN2,8313
Q9Y2V2,1,1,caffeine,CARHSP1,23589
Q9Y4B6,1,1,caffeine,DCAF1,9730
Q9Y4D1,1,1,caffeine,DAAM1,23002
Q9Y4E1,1,1,caffeine,WASHC2C,253725
Q9Y4E6,1,1,caffeine,WDR7,23335
Q9Y4E8,1,1,caffeine,USP15,9958
Q9Y4F1,1,1,caffeine,FARP1,10160
Q9Y4F5,1,1,caffeine,CEP170B,283638
Q9Y4G6,1,1,caffeine,TLN2,83660
Q9Y4I1,1,1,caffeine,MYO5A,4644
Q9Y4R8,1,1,caffeine,TELO2,9894
Q9Y5A9,1,1,caffeine,YTHDF2,51441
Q9Y5B0,1,1,caffeine,CTDP1,9150
Q9Y3E0,1,1,caffeine,GOLT1B,51026
Q9Y3E2,1,1,caffeine,BOLA1,51027
Q9Y3L3,1,1,caffeine,SH3BP1,23616
Q9Y3M8,1,1,caffeine,STARD13,90627
Q9Y5Z9,1,1,caffeine,UBIAD1,29914
Q9Y5J5,1,1,caffeine,PHLDA3,23612
Q9Y5K3,1,1,caffeine,PCYT1B,9468
Q9Y5K6,1,1,caffeine,CD2AP,23607
Q9Y5K8,1,1,caffeine,ATP6V1D,51382
Q9Y5M8,1,1,caffeine,SRPRB,58477
Q9Y5N6,1,1,caffeine,ORC6,23594
Q9Y5P4,1,1,caffeine,CERT1,10087
Q9Y5Q8,1,1,caffeine,GTF3C5,9328
Q9Y5Q9,1,1,caffeine,GTF3C3,9330
Q9Y5S1,1,1,caffeine,TRPV2,51393
Q9Y5W8,1,1,caffeine,SNX13,23161
Q9Y5X1,1,1,caffeine,SNX9,51429
Q9Y5X2,1,1,caffeine,SNX8,29886
Q9Y490,1,1,caffeine,TLN1,7094
Q9Y4A5,1,1,caffeine,TRRAP,8295
Q9Y613,1,1,caffeine,FHOD1,29109
A0AVK6,1,1,caffeine,E2F8,79733
A0AVT1,1,1,caffeine,UBA6,55236
Q9Y6M1,1,1,caffeine,IGF2BP2,10644
Q9Y6M5,1,1,caffeine,SLC30A1,7779
Q9Y6M7,1,1,caffeine,SLC4A7,9497
Q9Y6N7,1,1,caffeine,ROBO1,6091
Q9Y6P5,1,1,caffeine,SESN1,27244
Q9Y6Q9,1,1,caffeine,NCOA3,8202
Q9Y6R9,1,1,caffeine,CCDC61,729440
Q9Y6W5,1,1,caffeine,WASF2,10163
Q9Y6X4,1,1,caffeine,FAM169A,26049
Q9Y6Y0,1,1,caffeine,IVNS1ABP,10625
A0A8M9PGW6,1,1,caffeine,CYP19A1B,60640
Q9Y5B6,1,1,caffeine,PAXBP1,94104
Q9Y5E4,1,1,caffeine,PCDHB5,26167
A0JNW5,1,1,caffeine,BLTP3B,23074
A1A607,1,1,caffeine,HSPB11,790918
A1KXE4,1,1,caffeine,FAM168B,130074
A1L170,1,1,caffeine,C1ORF226,400793
A1L260,1,1,caffeine,CAVIN4A,552940
A1X283,1,1,caffeine,SH3PXD2B,285590
A1ZB68,1,1,caffeine,GSTE3,37108
A2AJT9,1,1,caffeine,BCLAF3,256643
A2BHA3,1,1,caffeine,CKMA,30095
A2RUC4,1,1,caffeine,TYW5,129450
A3KN83,1,1,caffeine,SBNO1,55206
A4VCG4,1,1,caffeine,HE1.3,792176
Q9Y6I3,1,1,caffeine,EPN1,29924
Q9Y6J0,1,1,caffeine,CABIN1,23523
Q9Y6J9,1,1,caffeine,TAF6L,10629
Q9Y608,1,1,caffeine,LRRFIP2,9209
