compound,protein,normalized_target,is_gene,gene_symbol_mygene,score,notfound,canonical_target
bethanechol,AADAC,AADAC,True,,,,AADAC
bethanechol,AAMP,AAMP,True,,,,AAMP
bethanechol,AANAT,AANAT,True,,,,AANAT
bethanechol,AARS1,AARS1,True,,,,AARS1
bethanechol,AAVS1,AAVS1,True,,,,AAVS1
bethanechol,CHRM1,CHRM1,True,,,,CHRM1
bethanechol,Muscarinic acetylcholine receptor M1,muscarinic acetylcholine receptor m1,False,,,True,CHRM1
bethanechol,Muscarinic acetylcholine receptor M1,muscarinic acetylcholine receptor m1,False,,,True,CHRM1
bethanechol,CHRM1,CHRM1,True,,,,CHRM1
bethanechol,Muscarinic acetylcholine receptor M1,muscarinic acetylcholine receptor m1,False,,,True,CHRM1
bethanechol,M1 receptor,m1 receptor,False,,,True,CHRM1
bethanechol,Muscarinic acetylcholine receptor M2,muscarinic acetylcholine receptor m2,False,,,True,CHRM2
bethanechol,M2 receptor,m2 receptor,False,,,True,CHRM2
bethanechol,Muscarinic acetylcholine receptor M2,muscarinic acetylcholine receptor m2,False,,,True,CHRM2
bethanechol,Muscarinic acetylcholine receptor M2,muscarinic acetylcholine receptor m2,False,,,True,CHRM2
bethanechol,Muscarinic acetylcholine receptor M3,muscarinic acetylcholine receptor m3,False,,,True,CHRM3
bethanechol,Muscarinic acetylcholine receptor M3,muscarinic acetylcholine receptor m3,False,,,True,CHRM3
bethanechol,M3 receptor,m3 receptor,False,,,True,CHRM3
bethanechol,Muscarinic acetylcholine receptor M3,muscarinic acetylcholine receptor m3,False,,,True,CHRM3
bethanechol,Muscarinic acetylcholine receptor M4,muscarinic acetylcholine receptor m4,False,,,True,CHRM4
bethanechol,M4 receptor,m4 receptor,False,,,True,CHRM4
bethanechol,Muscarinic acetylcholine receptor M4,muscarinic acetylcholine receptor m4,False,,,True,CHRM4
bethanechol,Muscarinic acetylcholine receptor M4,muscarinic acetylcholine receptor m4,False,,,True,CHRM4
bethanechol,M5 receptor,m5 receptor,False,,,True,CHRM5
bethanechol,Muscarinic acetylcholine receptor M5,muscarinic acetylcholine receptor m5,False,,,True,CHRM5
bethanechol,CHRM5,CHRM5,True,,,,CHRM5
bethanechol,Muscarinic acetylcholine receptor M5 (CHRM5),muscarinic acetylcholine receptor m5,False,,,True,CHRM5
bethanechol,M1 receptor,m1 receptor,False,,,True,CHRM1
bethanechol,Muscarinic acetylcholine receptor,muscarinic acetylcholine receptor,False,,,True,muscarinic acetylcholine receptor
bethanechol,Muscarinic receptor 2,muscarinic receptor 2,False,CHRM2,,False,CHRM2
caffeine,NAT2,NAT2,True,,,,NAT2
caffeine,NAT2,NAT2,True,,,,NAT2
caffeine,NAT2,NAT2,True,,,,NAT2
caffeine,NAT2,NAT2,True,,,,NAT2
caffeine,AARS1,AARS1,True,,,,AARS1
caffeine,ABAT,ABAT,True,,,,ABAT
caffeine,ABAT,ABAT,True,,,,ABAT
caffeine,ABCA1,ABCA1,True,,,,ABCA1
caffeine,ABCA2,ABCA2,True,,,,ABCA2
caffeine,ABCA3,ABCA3,True,,,,ABCA3
caffeine,ABCF1,ABCF1,True,,,,ABCF1
caffeine,ABL1,ABL1,True,,,,ABL1
caffeine,ABL2,ABL2,True,,,,ABL2
caffeine,ACACA,ACACA,True,,,,ACACA
caffeine,ACACA,ACACA,True,,,,ACACA
caffeine,ACACB,ACACB,True,,,,ACACB
caffeine,ACAT2,ACAT2,True,,,,ACAT2
caffeine,ACHE,ACHE,True,,,,ACHE
caffeine,ACHE,ACHE,True,,,,ACHE
caffeine,ACHE,ACHE,True,,,,ACHE
caffeine,Acetylcholinesterase,acetylcholinesterase,False,ACHE,,False,ACHE
caffeine,ACHE,ACHE,True,,,,ACHE
caffeine,ACLY,ACLY,True,,,,ACLY
caffeine,ACLY,ACLY,True,,,,ACLY
caffeine,ACOX1,ACOX1,True,,,,ACOX1
caffeine,ACTA2,ACTA2,True,,,,ACTA2
caffeine,ACTB,ACTB,True,,,,ACTB
caffeine,ACTB,ACTB,True,,,,ACTB
caffeine,ACTN4,ACTN4,True,,,,ACTN4
caffeine,ACTL6A,ACTL6A,True,,,,ACTL6A
caffeine,ACTN1,ACTN1,True,,,,ACTN1
caffeine,ADA,ADA,True,,,,ADA
caffeine,ADA,ADA,True,,,,ADA
caffeine,ADAR,ADAR,True,,,,ADAR
caffeine,ADARB1,ADARB1,True,,,,ADARB1
caffeine,ADCY5,ADCY5,True,,,,ADCY5
caffeine,ADCY7,ADCY7,True,,,,ADCY7
caffeine,ADCY9,ADCY9,True,,,,ADCY9
caffeine,ADD1,ADD1,True,,,,ADD1
caffeine,ADD3,ADD3,True,,,,ADD3
caffeine,PLIN2,PLIN2,True,,,,PLIN2
caffeine,ADORA1,ADORA1,True,,,,ADORA1
caffeine,ADORA1,ADORA1,True,,,,ADORA1
caffeine,ADORA1,ADORA1,True,,,,ADORA1
caffeine,ADORA1,ADORA1,True,,,,ADORA1
caffeine,ADORA1,ADORA1,True,,,,ADORA1
caffeine,ADORA1,ADORA1,True,,,,ADORA1
caffeine,ADORA1,ADORA1,True,,,,ADORA1
caffeine,ADORA1,ADORA1,True,,,,ADORA1
caffeine,ADORA1,ADORA1,True,,,,ADORA1
caffeine,Adenosine receptor A1,adenosine receptor a1,False,ADORA1,,False,ADORA1
caffeine,A1 receptor,a1 receptor,False,EPHA1,,False,EPHA1
caffeine,ADORA1,ADORA1,True,,,,ADORA1
caffeine,ADORA1,ADORA1,True,,,,ADORA1
caffeine,ADORA1,ADORA1,True,,,,ADORA1
caffeine,Adenosine receptor A1,adenosine receptor a1,False,ADORA1,,False,ADORA1
caffeine,Adenosine receptor A1,adenosine receptor a1,False,ADORA1,,False,ADORA1
caffeine,ADORA1,ADORA1,True,,,,ADORA1
caffeine,Adenosine A1 receptor (ADORA1),adenosine a1 receptor,False,ADORA1,,False,ADORA1
caffeine,ADORA1,ADORA1,True,,,,ADORA1
caffeine,ADORA1,ADORA1,True,,,,ADORA1
caffeine,ADORA1,ADORA1,True,,,,ADORA1
caffeine,ADORA2A,ADORA2A,True,,,,ADORA2A
caffeine,ADORA2A,ADORA2A,True,,,,ADORA2A
caffeine,ADORA2A,ADORA2A,True,,,,ADORA2A
caffeine,ADORA2A,ADORA2A,True,,,,ADORA2A
caffeine,ADORA2A,ADORA2A,True,,,,ADORA2A
caffeine,ADORA2A,ADORA2A,True,,,,ADORA2A
caffeine,ADORA2A,ADORA2A,True,,,,ADORA2A
caffeine,ADORA2A,ADORA2A,True,,,,ADORA2A
caffeine,ADORA2A,ADORA2A,True,,,,ADORA2A
caffeine,ADORA2A,ADORA2A,True,,,,ADORA2A
caffeine,ADORA2A,ADORA2A,True,,,,ADORA2A
caffeine,Adenosine receptor A2a,adenosine receptor a2a,False,ADORA2A,,False,ADORA2A
caffeine,ADORA2A,ADORA2A,True,,,,ADORA2A
caffeine,Adenosine receptor A2a,adenosine receptor a2a,False,ADORA2A,,False,ADORA2A
caffeine,ADORA2A,ADORA2A,True,,,,ADORA2A
caffeine,A2A receptor,a2a receptor,False,ADORA2A,,False,ADORA2A
caffeine,ADORA2A,ADORA2A,True,,,,ADORA2A
caffeine,Adenosine receptor A2a,adenosine receptor a2a,False,ADORA2A,,False,ADORA2A
caffeine,Adenosine A2a receptor (ADORA2A),adenosine a2a receptor,False,ADORA2A,,False,ADORA2A
caffeine,ADORA2A,ADORA2A,True,,,,ADORA2A
caffeine,ADORA2A,ADORA2A,True,,,,ADORA2A
caffeine,ADORA2A,ADORA2A,True,,,,ADORA2A
caffeine,ADORA2B,ADORA2B,True,,,,ADORA2B
caffeine,ADORA2B,ADORA2B,True,,,,ADORA2B
caffeine,Adenosine receptor A2b,adenosine receptor a2b,False,ADORA2B,,False,ADORA2B
caffeine,A2B receptor,a2b receptor,False,ADORA2B,,False,ADORA2B
caffeine,Adenosine receptor A2b,adenosine receptor a2b,False,ADORA2B,,False,ADORA2B
caffeine,Adenosine receptor A2b,adenosine receptor a2b,False,ADORA2B,,False,ADORA2B
caffeine,ADORA2B,ADORA2B,True,,,,ADORA2B
caffeine,Adenosine receptor A3,adenosine receptor a3,False,ADORA3,,False,ADORA3
caffeine,Adenosine receptor A3,adenosine receptor a3,False,ADORA3,,False,ADORA3
caffeine,A3 receptor,a3 receptor,False,ADORA3,,False,ADORA3
caffeine,Adenosine receptor A3,adenosine receptor a3,False,ADORA3,,False,ADORA3
caffeine,ADORA3,ADORA3,True,,,,ADORA3
caffeine,PARP1,PARP1,True,,,,PARP1
caffeine,PARP1,PARP1,True,,,,PARP1
caffeine,PARP1,PARP1,True,,,,PARP1
caffeine,PARP1,PARP1,True,,,,PARP1
caffeine,PARP1,PARP1,True,,,,PARP1
caffeine,PARP1,PARP1,True,,,,PARP1
caffeine,PARP1,PARP1,True,,,,PARP1
caffeine,PARP1,PARP1,True,,,,PARP1
caffeine,PARP4,PARP4,True,,,,PARP4
caffeine,GRK2,GRK2,True,,,,GRK2
caffeine,ADSL,ADSL,True,,,,ADSL
caffeine,ACAN,ACAN,True,,,,ACAN
caffeine,ACAN,ACAN,True,,,,ACAN
caffeine,JAG1,JAG1,True,,,,JAG1
caffeine,AGT,AGT,True,,,,AGT
caffeine,AGTR2,AGTR2,True,,,,AGTR2
caffeine,AGTR2,AGTR2,True,,,,AGTR2
caffeine,AHCY,AHCY,True,,,,AHCY
caffeine,AKT1,AKT1,True,,,,AKT1
caffeine,AKT1,AKT1,True,,,,AKT1
caffeine,AKT1,AKT1,True,,,,AKT1
caffeine,AKT1,AKT1,True,,,,AKT1
caffeine,AKT1,AKT1,True,,,,AKT1
caffeine,AKT1,AKT1,True,,,,AKT1
caffeine,AKT1,AKT1,True,,,,AKT1
caffeine,AKT1,AKT1,True,,,,AKT1
caffeine,AKT1,AKT1,True,,,,AKT1
caffeine,AKT2,AKT2,True,,,,AKT2
caffeine,ALB,ALB,True,,,,ALB
caffeine,ALB,ALB,True,,,,ALB
caffeine,ALDH1A1,ALDH1A1,True,,,,ALDH1A1
caffeine,ALDH1A1,ALDH1A1,True,,,,ALDH1A1
caffeine,ALDH9A1,ALDH9A1,True,,,,ALDH9A1
caffeine,ALDH3A2,ALDH3A2,True,,,,ALDH3A2
caffeine,ALDOA,ALDOA,True,,,,ALDOA
caffeine,ALDOA,ALDOA,True,,,,ALDOA
caffeine,ALDOC,ALDOC,True,,,,ALDOC
caffeine,ALPL,ALPL,True,,,,ALPL
caffeine,AMFR,AMFR,True,,,,AMFR
caffeine,AMPD2,AMPD2,True,,,,AMPD2
caffeine,ANG,ANG,True,,,,ANG
caffeine,ANGPT1,ANGPT1,True,,,,ANGPT1
caffeine,ANGPT2,ANGPT2,True,,,,ANGPT2
caffeine,ANK2,ANK2,True,,,,ANK2
caffeine,ANXA2,ANXA2,True,,,,ANXA2
caffeine,ANXA4,ANXA4,True,,,,ANXA4
caffeine,ANXA4,ANXA4,True,,,,ANXA4
caffeine,ANXA11,ANXA11,True,,,,ANXA11
caffeine,AOX1,AOX1,True,,,,AOX1
caffeine,APC,APC,True,,,,APC
caffeine,APEH,APEH,True,,,,APEH
caffeine,APEX1,APEX1,True,,,,APEX1
caffeine,BIRC2,BIRC2,True,,,,BIRC2
caffeine,APLP2,APLP2,True,,,,APLP2
caffeine,APOA1,APOA1,True,,,,APOA1
caffeine,APOA1,APOA1,True,,,,APOA1
caffeine,APOA2,APOA2,True,,,,APOA2
caffeine,APOA2,APOA2,True,,,,APOA2
caffeine,APOB,APOB,True,,,,APOB
caffeine,APOB,APOB,True,,,,APOB
caffeine,APOB,APOB,True,,,,APOB
caffeine,APOB,APOB,True,,,,APOB
caffeine,APOC1,APOC1,True,,,,APOC1
caffeine,APOC1,APOC1,True,,,,APOC1
caffeine,APOC2,APOC2,True,,,,APOC2
caffeine,APOC2,APOC2,True,,,,APOC2
caffeine,APOC3,APOC3,True,,,,APOC3
caffeine,APOE,APOE,True,,,,APOE
caffeine,FAS,FAS,True,,,,FAS
caffeine,FAS,FAS,True,,,,FAS
caffeine,FAS,FAS,True,,,,FAS
caffeine,SHROOM2,SHROOM2,True,,,,SHROOM2
caffeine,AR,AR,True,,,,AR
caffeine,ARAF,ARAF,True,,,,ARAF
caffeine,ARCN1,ARCN1,True,,,,ARCN1
caffeine,ARF1,ARF1,True,,,,ARF1
caffeine,ARL4D,ARL4D,True,,,,ARL4D
caffeine,ARHGAP1,ARHGAP1,True,,,,ARHGAP1
caffeine,ARHGAP5,ARHGAP5,True,,,,ARHGAP5
caffeine,ARHGDIA,ARHGDIA,True,,,,ARHGDIA
caffeine,ARRB1,ARRB1,True,,,,ARRB1
caffeine,ARRB2,ARRB2,True,,,,ARRB2
caffeine,ARVCF,ARVCF,True,,,,ARVCF
caffeine,ASGR2,ASGR2,True,,,,ASGR2
caffeine,ASNS,ASNS,True,,,,ASNS
caffeine,ZFHX3,ZFHX3,True,,,,ZFHX3
caffeine,ATIC,ATIC,True,,,,ATIC
caffeine,ATM,ATM,True,,,,ATM
caffeine,ATM,ATM,True,,,,ATM
caffeine,ATM,ATM,True,,,,ATM
caffeine,ATM,ATM,True,,,,ATM
caffeine,ATM,ATM,True,,,,ATM
caffeine,ATM,ATM,True,,,,ATM
caffeine,ATM,ATM,True,,,,ATM
caffeine,ATM,ATM,True,,,,ATM
caffeine,ATM,ATM,True,,,,ATM
caffeine,ATM,ATM,True,,,,ATM
caffeine,ATM,ATM,True,,,,ATM
caffeine,ATM,ATM,True,,,,ATM
caffeine,ATM,ATM,True,,,,ATM
caffeine,ATM,ATM,True,,,,ATM
caffeine,ATM,ATM,True,,,,ATM
caffeine,Serine-protein kinase ATM,serine protein kinase atm,False,,,True,serine protein kinase atm
caffeine,Serine-protein kinase ATM,serine protein kinase atm,False,,,True,serine protein kinase atm
caffeine,RERE,RERE,True,,,,RERE
caffeine,ATP1A1,ATP1A1,True,,,,ATP1A1
caffeine,ATP1A3,ATP1A3,True,,,,ATP1A3
caffeine,ATP1B3,ATP1B3,True,,,,ATP1B3
caffeine,ATP2A2,ATP2A2,True,,,,ATP2A2
caffeine,ATP2B1,ATP2B1,True,,,,ATP2B1
caffeine,ATP6V1B2,ATP6V1B2,True,,,,ATP6V1B2
caffeine,ATP6V0C,ATP6V0C,True,,,,ATP6V0C
caffeine,ATR,ATR,True,,,,ATR
caffeine,ATR,ATR,True,,,,ATR
caffeine,ATR,ATR,True,,,,ATR
caffeine,ATR,ATR,True,,,,ATR
caffeine,ATR,ATR,True,,,,ATR
caffeine,ATR,ATR,True,,,,ATR
caffeine,Serine/threonine-protein kinase ATR,serine threonine protein kinase atr,False,,,True,serine threonine protein kinase atr
caffeine,ATRX,ATRX,True,,,,ATRX
caffeine,AUP1,AUP1,True,,,,AUP1
caffeine,AVPR1A,AVPR1A,True,,,,AVPR1A
caffeine,BACH1,BACH1,True,,,,BACH1
caffeine,BARD1,BARD1,True,,,,BARD1
caffeine,BAX,BAX,True,,,,BAX
caffeine,BAX,BAX,True,,,,BAX
caffeine,BAX,BAX,True,,,,BAX
caffeine,BAX,BAX,True,,,,BAX
caffeine,CCND1,CCND1,True,,,,CCND1
caffeine,BCL2,BCL2,True,,,,BCL2
caffeine,BCL2L1,BCL2L1,True,,,,BCL2L1
caffeine,BCL3,BCL3,True,,,,BCL3
caffeine,BCL6,BCL6,True,,,,BCL6
caffeine,BCL9,BCL9,True,,,,BCL9
caffeine,BCR,BCR,True,,,,BCR
caffeine,BDNF,BDNF,True,,,,BDNF
caffeine,BDNF,BDNF,True,,,,BDNF
caffeine,BGLAP,BGLAP,True,,,,BGLAP
caffeine,CEACAM1,CEACAM1,True,,,,CEACAM1
caffeine,BHMT,BHMT,True,,,,BHMT
caffeine,BID,BID,True,,,,BID
caffeine,BLM,BLM,True,,,,BLM
caffeine,BMPR1A,BMPR1A,True,,,,BMPR1A
caffeine,POLR3D,POLR3D,True,,,,POLR3D
caffeine,BNIP2,BNIP2,True,,,,BNIP2
caffeine,BNIP3,BNIP3,True,,,,BNIP3
caffeine,BNIP3,BNIP3,True,,,,BNIP3
caffeine,BNIP3L,BNIP3L,True,,,,BNIP3L
caffeine,DST,DST,True,,,,DST
caffeine,BRCA1,BRCA1,True,,,,BRCA1
caffeine,BRAF,BRAF,True,,,,BRAF
caffeine,BRCA2,BRCA2,True,,,,BRCA2
caffeine,ZFP36L1,ZFP36L1,True,,,,ZFP36L1
caffeine,ZFP36L2,ZFP36L2,True,,,,ZFP36L2
caffeine,BSG,BSG,True,,,,BSG
caffeine,BTF3,BTF3,True,,,,BTF3
caffeine,BUB1,BUB1,True,,,,BUB1
caffeine,BUB1,BUB1,True,,,,BUB1
caffeine,BUB1B,BUB1B,True,,,,BUB1B
caffeine,C1QBP,C1QBP,True,,,,C1QBP
caffeine,C1R,C1R,True,,,,C1R
caffeine,C1S,C1S,True,,,,C1S
caffeine,MYRF,MYRF,True,,,,MYRF
caffeine,DAGLA,DAGLA,True,,,,DAGLA
caffeine,PTTG1IP,PTTG1IP,True,,,,PTTG1IP
caffeine,CFAP410,CFAP410,True,,,,CFAP410
caffeine,Carbonic anhydrase 1,carbonic anhydrase 1,False,CA1,,False,CA1
caffeine,Carbonic anhydrase 2,carbonic anhydrase 2,False,CA2,,False,CA2
caffeine,CACNA1S,CACNA1S,True,,,,CACNA1S
caffeine,DDR1,DDR1,True,,,,DDR1
caffeine,CAD,CAD,True,,,,CAD
caffeine,CAD,CAD,True,,,,CAD
caffeine,CALM1,CALM1,True,,,,CALM1
caffeine,CALM1,CALM1,True,,,,CALM1
caffeine,CALR,CALR,True,,,,CALR
caffeine,CALU,CALU,True,,,,CALU
caffeine,CALU,CALU,True,,,,CALU
caffeine,CAMK2B,CAMK2B,True,,,,CAMK2B
caffeine,CAMK2D,CAMK2D,True,,,,CAMK2D
caffeine,CAMK2G,CAMK2G,True,,,,CAMK2G
caffeine,CANX,CANX,True,,,,CANX
caffeine,CAPN1,CAPN1,True,,,,CAPN1
caffeine,CAPN2,CAPN2,True,,,,CAPN2
caffeine,CAST,CAST,True,,,,CAST
caffeine,CARS1,CARS1,True,,,,CARS1
caffeine,CASP2,CASP2,True,,,,CASP2
caffeine,CASP2,CASP2,True,,,,CASP2
caffeine,CASP3,CASP3,True,,,,CASP3
caffeine,CASP3,CASP3,True,,,,CASP3
caffeine,CASP3,CASP3,True,,,,CASP3
caffeine,CASP3,CASP3,True,,,,CASP3
caffeine,CASP3,CASP3,True,,,,CASP3
caffeine,CASP3,CASP3,True,,,,CASP3
caffeine,CASP3,CASP3,True,,,,CASP3
caffeine,CASP3,CASP3,True,,,,CASP3
caffeine,CASP3,CASP3,True,,,,CASP3
caffeine,CASP3,CASP3,True,,,,CASP3
caffeine,CASP3,CASP3,True,,,,CASP3
caffeine,CASP3,CASP3,True,,,,CASP3
caffeine,CASP3,CASP3,True,,,,CASP3
caffeine,CASP3,CASP3,True,,,,CASP3
caffeine,CASP3,CASP3,True,,,,CASP3
caffeine,CASP8,CASP8,True,,,,CASP8
caffeine,CASP9,CASP9,True,,,,CASP9
caffeine,CASP9,CASP9,True,,,,CASP9
caffeine,CASP9,CASP9,True,,,,CASP9
caffeine,CASP9,CASP9,True,,,,CASP9
caffeine,CAT,CAT,True,,,,CAT
caffeine,CAT,CAT,True,,,,CAT
caffeine,CAT,CAT,True,,,,CAT
caffeine,CAT,CAT,True,,,,CAT
caffeine,CAV1,CAV1,True,,,,CAV1
caffeine,CAV3,CAV3,True,,,,CAV3
caffeine,RUNX2,RUNX2,True,,,,RUNX2
caffeine,RUNX1,RUNX1,True,,,,RUNX1
caffeine,SERPINA6,SERPINA6,True,,,,SERPINA6
caffeine,CBLB,CBLB,True,,,,CBLB
caffeine,CBS,CBS,True,,,,CBS
caffeine,CCNB1,CCNB1,True,,,,CCNB1
caffeine,CCNB1,CCNB1,True,,,,CCNB1
caffeine,CCNB1,CCNB1,True,,,,CCNB1
caffeine,CCNB1,CCNB1,True,,,,CCNB1
caffeine,CCNB1,CCNB1,True,,,,CCNB1
caffeine,CCNE1,CCNE1,True,,,,CCNE1
caffeine,CCNF,CCNF,True,,,,CCNF
caffeine,CCNG1,CCNG1,True,,,,CCNG1
caffeine,CCNG1,CCNG1,True,,,,CCNG1
caffeine,CCNH,CCNH,True,,,,CCNH
caffeine,CCNT2,CCNT2,True,,,,CCNT2
caffeine,CCT6A,CCT6A,True,,,,CCT6A
caffeine,CD9,CD9,True,,,,CD9
caffeine,CD36,CD36,True,,,,CD36
caffeine,SCARB1,SCARB1,True,,,,SCARB1
caffeine,SCARB1,SCARB1,True,,,,SCARB1
caffeine,SCARB1,SCARB1,True,,,,SCARB1
caffeine,SCARB1,SCARB1,True,,,,SCARB1
caffeine,SCARB1,SCARB1,True,,,,SCARB1
caffeine,CD59,CD59,True,,,,CD59
caffeine,CD74,CD74,True,,,,CD74
caffeine,CDK1,CDK1,True,,,,CDK1
caffeine,CDK1,CDK1,True,,,,CDK1
caffeine,CDK1,CDK1,True,,,,CDK1
caffeine,CDK1,CDK1,True,,,,CDK1
caffeine,CDK1,CDK1,True,,,,CDK1
caffeine,CDK11B,CDK11B,True,,,,CDK11B
caffeine,LRBA,LRBA,True,,,,LRBA
caffeine,CDC5L,CDC5L,True,,,,CDC5L
caffeine,SEPTIN7,SEPTIN7,True,,,,SEPTIN7
caffeine,CDC6,CDC6,True,,,,CDC6
caffeine,CDC20,CDC20,True,,,,CDC20
caffeine,CDC25B,CDC25B,True,,,,CDC25B
caffeine,CDC25B,CDC25B,True,,,,CDC25B
caffeine,CDC25C,CDC25C,True,,,,CDC25C
caffeine,CDC25C,CDC25C,True,,,,CDC25C
caffeine,CDC25C,CDC25C,True,,,,CDC25C
caffeine,CDC27,CDC27,True,,,,CDC27
caffeine,CDH1,CDH1,True,,,,CDH1
caffeine,CDH1,CDH1,True,,,,CDH1
caffeine,CDH5,CDH5,True,,,,CDH5
caffeine,CDH11,CDH11,True,,,,CDH11
caffeine,CDK2,CDK2,True,,,,CDK2
caffeine,CDK2,CDK2,True,,,,CDK2
caffeine,CDK2,CDK2,True,,,,CDK2
caffeine,CDK4,CDK4,True,,,,CDK4
caffeine,CDK4,CDK4,True,,,,CDK4
caffeine,CDK6,CDK6,True,,,,CDK6
caffeine,CDK7,CDK7,True,,,,CDK7
caffeine,CDKN1A,CDKN1A,True,,,,CDKN1A
caffeine,CDKN1A,CDKN1A,True,,,,CDKN1A
caffeine,CDKN1A,CDKN1A,True,,,,CDKN1A
caffeine,CDKN1A,CDKN1A,True,,,,CDKN1A
caffeine,CDKN1A,CDKN1A,True,,,,CDKN1A
caffeine,CDKN1A,CDKN1A,True,,,,CDKN1A
caffeine,CDKN1A,CDKN1A,True,,,,CDKN1A
caffeine,CDKN1A,CDKN1A,True,,,,CDKN1A
caffeine,CDR2,CDR2,True,,,,CDR2
caffeine,CDX4,CDX4,True,,,,CDX4
caffeine,CEBPA,CEBPA,True,,,,CEBPA
caffeine,CEBPA,CEBPA,True,,,,CEBPA
caffeine,CEBPA,CEBPA,True,,,,CEBPA
caffeine,CEBPB,CEBPB,True,,,,CEBPB
caffeine,CEBPB,CEBPB,True,,,,CEBPB
caffeine,CENPB,CENPB,True,,,,CENPB
caffeine,CENPC,CENPC,True,,,,CENPC
caffeine,CENPE,CENPE,True,,,,CENPE
caffeine,CENPF,CENPF,True,,,,CENPF
caffeine,CETN3,CETN3,True,,,,CETN3
caffeine,CFL1,CFL1,True,,,,CFL1
caffeine,CFL2,CFL2,True,,,,CFL2
caffeine,CHD1,CHD1,True,,,,CHD1
caffeine,CHD2,CHD2,True,,,,CHD2
caffeine,CHD3,CHD3,True,,,,CHD3
caffeine,CHD4,CHD4,True,,,,CHD4
caffeine,CHEK1,CHEK1,True,,,,CHEK1
caffeine,CHEK1,CHEK1,True,,,,CHEK1
caffeine,CHEK1,CHEK1,True,,,,CHEK1
caffeine,CHEK1,CHEK1,True,,,,CHEK1
caffeine,CHEK1,CHEK1,True,,,,CHEK1
caffeine,CHEK1,CHEK1,True,,,,CHEK1
caffeine,CHEK1,CHEK1,True,,,,CHEK1
caffeine,Chitotriosidase-1,chitotriosidase 1,False,,,True,chitotriosidase 1
caffeine,Chitotriosidase-1,chitotriosidase 1,False,,,True,chitotriosidase 1
caffeine,CKB,CKB,True,,,,CKB
caffeine,TBCB,TBCB,True,,,,TBCB
caffeine,AP2M1,AP2M1,True,,,,AP2M1
caffeine,CLIC1,CLIC1,True,,,,CLIC1
caffeine,CLK2,CLK2,True,,,,CLK2
caffeine,CLK3,CLK3,True,,,,CLK3
caffeine,CLN3,CLN3,True,,,,CLN3
caffeine,CLNS1A,CLNS1A,True,,,,CLNS1A
caffeine,CLTC,CLTC,True,,,,CLTC
caffeine,ABCC2,ABCC2,True,,,,ABCC2
caffeine,ABCC2,ABCC2,True,,,,ABCC2
caffeine,CNN2,CNN2,True,,,,CNN2
caffeine,CNN3,CNN3,True,,,,CNN3
caffeine,CNP,CNP,True,,,,CNP
caffeine,COL1A1,COL1A1,True,,,,COL1A1
caffeine,COL1A1,COL1A1,True,,,,COL1A1
caffeine,COL2A1,COL2A1,True,,,,COL2A1
caffeine,COMT,COMT,True,,,,COMT
caffeine,COPA,COPA,True,,,,COPA
caffeine,CORT,CORT,True,,,,CORT
caffeine,COX7C,COX7C,True,,,,COX7C
caffeine,CPD,CPD,True,,,,CPD
caffeine,CLDN3,CLDN3,True,,,,CLDN3
caffeine,CPT1A,CPT1A,True,,,,CPT1A
caffeine,CPT1A,CPT1A,True,,,,CPT1A
caffeine,CREB1,CREB1,True,,,,CREB1
caffeine,CREB1,CREB1,True,,,,CREB1
caffeine,CREB1,CREB1,True,,,,CREB1
caffeine,CREB1,CREB1,True,,,,CREB1
caffeine,CREBBP,CREBBP,True,,,,CREBBP
caffeine,CREM,CREM,True,,,,CREM
caffeine,CRIP2,CRIP2,True,,,,CRIP2
caffeine,CRK,CRK,True,,,,CRK
caffeine,CRYBA4,CRYBA4,True,,,,CRYBA4
caffeine,CRYBB1,CRYBB1,True,,,,CRYBB1
caffeine,CSK,CSK,True,,,,CSK
caffeine,CSNK1D,CSNK1D,True,,,,CSNK1D
caffeine,CSNK1E,CSNK1E,True,,,,CSNK1E
caffeine,CSNK1G3,CSNK1G3,True,,,,CSNK1G3
caffeine,CSNK2A2,CSNK2A2,True,,,,CSNK2A2
caffeine,VCAN,VCAN,True,,,,VCAN
caffeine,CST3,CST3,True,,,,CST3
caffeine,CSTF1,CSTF1,True,,,,CSTF1
caffeine,CSTF2,CSTF2,True,,,,CSTF2
caffeine,CSTF3,CSTF3,True,,,,CSTF3
caffeine,CTH,CTH,True,,,,CTH
caffeine,CTNNA1,CTNNA1,True,,,,CTNNA1
caffeine,CTNNA2,CTNNA2,True,,,,CTNNA2
caffeine,CTNNB1,CTNNB1,True,,,,CTNNB1
caffeine,CTNNB1,CTNNB1,True,,,,CTNNB1
caffeine,CTNNB1,CTNNB1,True,,,,CTNNB1
caffeine,CTNND1,CTNND1,True,,,,CTNND1
caffeine,CTPS1,CTPS1,True,,,,CTPS1
caffeine,CTSB,CTSB,True,,,,CTSB
caffeine,CTSB,CTSB,True,,,,CTSB
caffeine,CTSD,CTSD,True,,,,CTSD
caffeine,CTSL,CTSL,True,,,,CTSL
caffeine,CUX1,CUX1,True,,,,CUX1
caffeine,CXADR,CXADR,True,,,,CXADR
caffeine,CYBA,CYBA,True,,,,CYBA
caffeine,CYC1,CYC1,True,,,,CYC1
caffeine,CYP1A1,CYP1A1,True,,,,CYP1A1
caffeine,Cytochrome P450 1A1,cytochrome p450 1a1,False,,,True,cytochrome p450 1a1
caffeine,CYP1A1,CYP1A1,True,,,,CYP1A1
caffeine,CYP1A2,CYP1A2,True,,,,CYP1A2
caffeine,CYP1A2,CYP1A2,True,,,,CYP1A2
caffeine,CYP1A2,CYP1A2,True,,,,CYP1A2
caffeine,CYP1A2,CYP1A2,True,,,,CYP1A2
caffeine,CYP1A2,CYP1A2,True,,,,CYP1A2
caffeine,CYP1A2,CYP1A2,True,,,,CYP1A2
caffeine,CYP1A2,CYP1A2,True,,,,CYP1A2
caffeine,CYP1A2,CYP1A2,True,,,,CYP1A2
caffeine,CYP1A2,CYP1A2,True,,,,CYP1A2
caffeine,CYP1A2,CYP1A2,True,,,,CYP1A2
caffeine,CYP1A2,CYP1A2,True,,,,CYP1A2
caffeine,CYP1A2,CYP1A2,True,,,,CYP1A2
caffeine,CYP1A2,CYP1A2,True,,,,CYP1A2
caffeine,CYP1A2,CYP1A2,True,,,,CYP1A2
caffeine,CYP1A2,CYP1A2,True,,,,CYP1A2
caffeine,CYP1A2,CYP1A2,True,,,,CYP1A2
caffeine,CYP1A2,CYP1A2,True,,,,CYP1A2
caffeine,CYP1A2,CYP1A2,True,,,,CYP1A2
caffeine,CYP1A2,CYP1A2,True,,,,CYP1A2
caffeine,CYP1A2,CYP1A2,True,,,,CYP1A2
caffeine,CYP1A2,CYP1A2,True,,,,CYP1A2
caffeine,CYP1A2,CYP1A2,True,,,,CYP1A2
caffeine,Cytochrome P450 1A2,cytochrome p450 1a2,False,,,True,cytochrome p450 1a2
caffeine,CYP1A2,CYP1A2,True,,,,CYP1A2
caffeine,Cytochrome P450 1B1,cytochrome p450 1b1,False,,,True,cytochrome p450 1b1
caffeine,CYP1B1,CYP1B1,True,,,,CYP1B1
caffeine,CYP2A6,CYP2A6,True,,,,CYP2A6
caffeine,CYP2A6,CYP2A6,True,,,,CYP2A6
caffeine,CYP2A6,CYP2A6,True,,,,CYP2A6
caffeine,CYP2C19,CYP2C19,True,,,,CYP2C19
caffeine,Cytochrome P450 2C8,cytochrome p450 2c8,False,,,True,cytochrome p450 2c8
caffeine,CYP2C9,CYP2C9,True,,,,CYP2C9
caffeine,Cytochrome P450 2C9,cytochrome p450 2c9,False,,,True,cytochrome p450 2c9
caffeine,CYP2C9,CYP2C9,True,,,,CYP2C9
caffeine,Cytochrome P450 2D6,cytochrome p450 2d6,False,LOC107987479,,False,LOC107987479
caffeine,CYP2D6,CYP2D6,True,,,,CYP2D6
caffeine,CYP2D6,CYP2D6,True,,,,CYP2D6
caffeine,Cytochrome P450 2E1,cytochrome p450 2e1,False,,,True,cytochrome p450 2e1
caffeine,CYP2E1,CYP2E1,True,,,,CYP2E1
caffeine,Cytochrome P450 3A4,cytochrome p450 3a4,False,,,True,cytochrome p450 3a4
caffeine,CYP3A4,CYP3A4,True,,,,CYP3A4
caffeine,CYP3A4,CYP3A4,True,,,,CYP3A4
caffeine,CYP3A4,CYP3A4,True,,,,CYP3A4
caffeine,CYP4B1,CYP4B1,True,,,,CYP4B1
caffeine,CYP11A1,CYP11A1,True,,,,CYP11A1
caffeine,CYP11B1,CYP11B1,True,,,,CYP11B1
caffeine,CYP11B2,CYP11B2,True,,,,CYP11B2
caffeine,CYP17A1,CYP17A1,True,,,,CYP17A1
caffeine,CYP19A1,CYP19A1,True,,,,CYP19A1
caffeine,CYP21A2,CYP21A2,True,,,,CYP21A2
caffeine,DAB2,DAB2,True,,,,DAB2
caffeine,DAD1,DAD1,True,,,,DAD1
caffeine,DGKQ,DGKQ,True,,,,DGKQ
caffeine,DAPK3,DAPK3,True,,,,DAPK3
caffeine,DAXX,DAXX,True,,,,DAXX
caffeine,DBN1,DBN1,True,,,,DBN1
caffeine,ECI1,ECI1,True,,,,ECI1
caffeine,DCK,DCK,True,,,,DCK
caffeine,ACE,ACE,True,,,,ACE
caffeine,DCT,DCT,True,,,,DCT
caffeine,DCT,DCT,True,,,,DCT
caffeine,DDX3X,DDX3X,True,,,,DDX3X
caffeine,DDX5,DDX5,True,,,,DDX5
caffeine,DMXL1,DMXL1,True,,,,DMXL1
caffeine,DHX8,DHX8,True,,,,DHX8
caffeine,DDX10,DDX10,True,,,,DDX10
caffeine,CFD,CFD,True,,,,CFD
caffeine,DFFA,DFFA,True,,,,DFFA
caffeine,TIMM8A,TIMM8A,True,,,,TIMM8A
caffeine,GSDME,GSDME,True,,,,GSDME
caffeine,COCH,COCH,True,,,,COCH
caffeine,DHCR7,DHCR7,True,,,,DHCR7
caffeine,DHCR24,DHCR24,True,,,,DHCR24
caffeine,DHODH,DHODH,True,,,,DHODH
caffeine,NQO1,NQO1,True,,,,NQO1
caffeine,NQO1,NQO1,True,,,,NQO1
caffeine,NQO1,NQO1,True,,,,NQO1
caffeine,DIAPH1,DIAPH1,True,,,,DIAPH1
caffeine,DKC1,DKC1,True,,,,DKC1
caffeine,DLG1,DLG1,True,,,,DLG1
caffeine,DLX2,DLX2,True,,,,DLX2
caffeine,DMD,DMD,True,,,,DMD
caffeine,DMWD,DMWD,True,,,,DMWD
caffeine,DYNC1H1,DYNC1H1,True,,,,DYNC1H1
caffeine,DYNC1I2,DYNC1I2,True,,,,DYNC1I2
caffeine,DYNC1LI2,DYNC1LI2,True,,,,DYNC1LI2
caffeine,DNM2,DNM2,True,,,,DNM2
caffeine,DNMT1,DNMT1,True,,,,DNMT1
caffeine,DNMT1,DNMT1,True,,,,DNMT1
caffeine,DNMT3A,DNMT3A,True,,,,DNMT3A
caffeine,DNMT3A,DNMT3A,True,,,,DNMT3A
caffeine,DNMT3B,DNMT3B,True,,,,DNMT3B
caffeine,DNMT3B,DNMT3B,True,,,,DNMT3B
caffeine,DOCK1,DOCK1,True,,,,DOCK1
caffeine,DOK1,DOK1,True,,,,DOK1
caffeine,DPP4,DPP4,True,,,,DPP4
caffeine,DPYSL2,DPYSL2,True,,,,DPYSL2
caffeine,DR1,DR1,True,,,,DR1
caffeine,DRD2,DRD2,True,,,,DRD2
caffeine,DRD2,DRD2,True,,,,DRD2
caffeine,DRD2,DRD2,True,,,,DRD2
caffeine,DRD2,DRD2,True,,,,DRD2
caffeine,ARID3A,ARID3A,True,,,,ARID3A
caffeine,ATN1,ATN1,True,,,,ATN1
caffeine,DSC2,DSC2,True,,,,DSC2
caffeine,DSP,DSP,True,,,,DSP
caffeine,EPYC,EPYC,True,,,,EPYC
caffeine,SLC26A2,SLC26A2,True,,,,SLC26A2
caffeine,DTNA,DTNA,True,,,,DTNA
caffeine,DUSP8,DUSP8,True,,,,DUSP8
caffeine,DUSP9,DUSP9,True,,,,DUSP9
caffeine,DVL2,DVL2,True,,,,DVL2
caffeine,DVL3,DVL3,True,,,,DVL3
caffeine,DYRK1A,DYRK1A,True,,,,DYRK1A
caffeine,E2F1,E2F1,True,,,,E2F1
caffeine,E2F4,E2F4,True,,,,E2F4
caffeine,ECM1,ECM1,True,,,,ECM1
caffeine,ECT2,ECT2,True,,,,ECT2
caffeine,EDN1,EDN1,True,,,,EDN1
caffeine,EEF1A1,EEF1A1,True,,,,EEF1A1
caffeine,EEF1A1,EEF1A1,True,,,,EEF1A1
caffeine,EEF1B2,EEF1B2,True,,,,EEF1B2
caffeine,EEF1D,EEF1D,True,,,,EEF1D
caffeine,EEF1D,EEF1D,True,,,,EEF1D
caffeine,EEF1G,EEF1G,True,,,,EEF1G
caffeine,EEF2,EEF2,True,,,,EEF2
caffeine,EEF2,EEF2,True,,,,EEF2
caffeine,EFNA1,EFNA1,True,,,,EFNA1
caffeine,EFNB3,EFNB3,True,,,,EFNB3
caffeine,EGR1,EGR1,True,,,,EGR1
caffeine,EGR1,EGR1,True,,,,EGR1
caffeine,EHHADH,EHHADH,True,,,,EHHADH
caffeine,EPHA2,EPHA2,True,,,,EPHA2
caffeine,EIF4B,EIF4B,True,,,,EIF4B
caffeine,EIF4E,EIF4E,True,,,,EIF4E
caffeine,EIF4E,EIF4E,True,,,,EIF4E
caffeine,EIF4EBP1,EIF4EBP1,True,,,,EIF4EBP1
caffeine,EIF4EBP1,EIF4EBP1,True,,,,EIF4EBP1
caffeine,EIF4EBP2,EIF4EBP2,True,,,,EIF4EBP2
caffeine,EIF4G1,EIF4G1,True,,,,EIF4G1
caffeine,EIF5,EIF5,True,,,,EIF5
caffeine,EIF5,EIF5,True,,,,EIF5
caffeine,EIF5A,EIF5A,True,,,,EIF5A
caffeine,SERPINB1,SERPINB1,True,,,,SERPINB1
caffeine,ELAVL1,ELAVL1,True,,,,ELAVL1
caffeine,ELF1,ELF1,True,,,,ELF1
caffeine,ELF2,ELF2,True,,,,ELF2
caffeine,ELF4,ELF4,True,,,,ELF4
caffeine,EMD,EMD,True,,,,EMD
caffeine,MARK2,MARK2,True,,,,MARK2
caffeine,CTTN,CTTN,True,,,,CTTN
caffeine,ENO1,ENO1,True,,,,ENO1
caffeine,ENO1,ENO1,True,,,,ENO1
caffeine,ENO2,ENO2,True,,,,ENO2
caffeine,SLC29A1,SLC29A1,True,,,,SLC29A1
caffeine,EP300,EP300,True,,,,EP300
caffeine,EPB41,EPB41,True,,,,EPB41
caffeine,EPB41L1,EPB41L1,True,,,,EPB41L1
caffeine,EPB41L2,EPB41L2,True,,,,EPB41L2
caffeine,DMTN,DMTN,True,,,,DMTN
caffeine,EPHA1,EPHA1,True,,,,EPHA1
caffeine,EPHB4,EPHB4,True,,,,EPHB4
caffeine,EPRS1,EPRS1,True,,,,EPRS1
caffeine,EPS8,EPS8,True,,,,EPS8
caffeine,EPS15,EPS15,True,,,,EPS15
caffeine,NR2F6,NR2F6,True,,,,NR2F6
caffeine,ERBB2,ERBB2,True,,,,ERBB2
caffeine,ERBB3,ERBB3,True,,,,ERBB3
caffeine,ERCC4,ERCC4,True,,,,ERCC4
caffeine,ERCC5,ERCC5,True,,,,ERCC5
caffeine,ERCC6,ERCC6,True,,,,ERCC6
caffeine,ERF,ERF,True,,,,ERF
caffeine,ERN1,ERN1,True,,,,ERN1
caffeine,ESD,ESD,True,,,,ESD
caffeine,ESRRA,ESRRA,True,,,,ESRRA
caffeine,ETFA,ETFA,True,,,,ETFA
caffeine,ETV3,ETV3,True,,,,ETV3
caffeine,ETV4,ETV4,True,,,,ETV4
caffeine,ETV5,ETV5,True,,,,ETV5
caffeine,ETV6,ETV6,True,,,,ETV6
caffeine,EYA1,EYA1,True,,,,EYA1
caffeine,EYA2,EYA2,True,,,,EYA2
caffeine,FABP4,FABP4,True,,,,FABP4
caffeine,FANCE,FANCE,True,,,,FANCE
caffeine,ACSL3,ACSL3,True,,,,ACSL3
caffeine,ACSL4,ACSL4,True,,,,ACSL4
caffeine,ACSL4,ACSL4,True,,,,ACSL4
caffeine,BPTF,BPTF,True,,,,BPTF
caffeine,FARSA,FARSA,True,,,,FARSA
caffeine,FASN,FASN,True,,,,FASN
caffeine,FASN,FASN,True,,,,FASN
caffeine,FASN,FASN,True,,,,FASN
caffeine,FAT1,FAT1,True,,,,FAT1
caffeine,FAU,FAU,True,,,,FAU
caffeine,FBLN2,FBLN2,True,,,,FBLN2
caffeine,FDFT1,FDFT1,True,,,,FDFT1
caffeine,FDFT1,FDFT1,True,,,,FDFT1
caffeine,FDFT1,FDFT1,True,,,,FDFT1
caffeine,FDX1,FDX1,True,,,,FDX1
caffeine,FER,FER,True,,,,FER
caffeine,FES,FES,True,,,,FES
caffeine,FGD1,FGD1,True,,,,FGD1
caffeine,FGF2,FGF2,True,,,,FGF2
caffeine,FGFR3,FGFR3,True,,,,FGFR3
caffeine,FGFR4,FGFR4,True,,,,FGFR4
caffeine,FHL1,FHL1,True,,,,FHL1
caffeine,FKBP3,FKBP3,True,,,,FKBP3
caffeine,FKBP5,FKBP5,True,,,,FKBP5
caffeine,FOXM1,FOXM1,True,,,,FOXM1
caffeine,FOXO3,FOXO3,True,,,,FOXO3
caffeine,FLNA,FLNA,True,,,,FLNA
caffeine,FLNB,FLNB,True,,,,FLNB
caffeine,FLOT2,FLOT2,True,,,,FLOT2
caffeine,FOS,FOS,True,,,,FOS
caffeine,FRK,FRK,True,,,,FRK
caffeine,Serine/threonine-protein kinase mTOR,serine threonine protein kinase mtor,False,,,True,serine threonine protein kinase mtor
caffeine,MTOR,MTOR,True,,,,MTOR
caffeine,MTOR,MTOR,True,,,,MTOR
caffeine,MTOR,MTOR,True,,,,MTOR
caffeine,NR5A1,NR5A1,True,,,,NR5A1
caffeine,GAST,GAST,True,,,,GAST
caffeine,FUS,FUS,True,,,,FUS
caffeine,FUT8,FUT8,True,,,,FUT8
caffeine,FYN,FYN,True,,,,FYN
caffeine,G6PD,G6PD,True,,,,G6PD
caffeine,XRCC6,XRCC6,True,,,,XRCC6
caffeine,GAB1,GAB1,True,,,,GAB1
caffeine,GABPA,GABPA,True,,,,GABPA
caffeine,GAD1,GAD1,True,,,,GAD1
caffeine,GALE,GALE,True,,,,GALE
caffeine,GAPDH,GAPDH,True,,,,GAPDH
caffeine,GAPDH,GAPDH,True,,,,GAPDH
caffeine,GAS2,GAS2,True,,,,GAS2
caffeine,GATA2,GATA2,True,,,,GATA2
caffeine,GDF10,GDF10,True,,,,GDF10
caffeine,GDI2,GDI2,True,,,,GDI2
caffeine,GFAP,GFAP,True,,,,GFAP
caffeine,GFAP,GFAP,True,,,,GFAP
caffeine,GFAP,GFAP,True,,,,GFAP
caffeine,GFER,GFER,True,,,,GFER
caffeine,GGT7,GGT7,True,,,,GGT7
caffeine,GH1,GH1,True,,,,GH1
caffeine,GJA1,GJA1,True,,,,GJA1
caffeine,GJA1,GJA1,True,,,,GJA1
caffeine,GJA5,GJA5,True,,,,GJA5
caffeine,GPC3,GPC3,True,,,,GPC3
caffeine,GCLC,GCLC,True,,,,GCLC
caffeine,GCLC,GCLC,True,,,,GCLC
caffeine,GLI3,GLI3,True,,,,GLI3
caffeine,GLRX,GLRX,True,,,,GLRX
caffeine,GLUD1,GLUD1,True,,,,GLUD1
caffeine,GMFB,GMFB,True,,,,GMFB
caffeine,GNAI1,GNAI1,True,,,,GNAI1
caffeine,GNAI2,GNAI2,True,,,,GNAI2
caffeine,GNAL,GNAL,True,,,,GNAL
caffeine,GNAQ,GNAQ,True,,,,GNAQ
caffeine,GNAS,GNAS,True,,,,GNAS
caffeine,GNB1,GNB1,True,,,,GNB1
caffeine,GNG5,GNG5,True,,,,GNG5
caffeine,GNL1,GNL1,True,,,,GNL1
caffeine,GOLGA1,GOLGA1,True,,,,GOLGA1
caffeine,GOLGA2,GOLGA2,True,,,,GOLGA2
caffeine,GOLGA3,GOLGA3,True,,,,GOLGA3
caffeine,GOLGA4,GOLGA4,True,,,,GOLGA4
caffeine,GOLGB1,GOLGB1,True,,,,GOLGB1
caffeine,GOT2,GOT2,True,,,,GOT2
caffeine,GPI,GPI,True,,,,GPI
caffeine,GPI,GPI,True,,,,GPI
caffeine,LPAR4,LPAR4,True,,,,LPAR4
caffeine,GRK5,GRK5,True,,,,GRK5
caffeine,GRK6,GRK6,True,,,,GRK6
caffeine,GPS1,GPS1,True,,,,GPS1
caffeine,GPT,GPT,True,,,,GPT
caffeine,GPT,GPT,True,,,,GPT
caffeine,GPT,GPT,True,,,,GPT
caffeine,GPX1,GPX1,True,,,,GPX1
caffeine,GPX3,GPX3,True,,,,GPX3
caffeine,GPX4,GPX4,True,,,,GPX4
caffeine,GRB7,GRB7,True,,,,GRB7
caffeine,GRB10,GRB10,True,,,,GRB10
caffeine,GRID2,GRID2,True,,,,GRID2
caffeine,GRIN1,GRIN1,True,,,,GRIN1
caffeine,GRIN2A,GRIN2A,True,,,,GRIN2A
caffeine,GRIN2B,GRIN2B,True,,,,GRIN2B
caffeine,NR3C1,NR3C1,True,,,,NR3C1
caffeine,NR3C1,NR3C1,True,,,,NR3C1
caffeine,NR3C1,NR3C1,True,,,,NR3C1
caffeine,ARHGAP35,ARHGAP35,True,,,,ARHGAP35
caffeine,GRM1,GRM1,True,,,,GRM1
caffeine,GRM1,GRM1,True,,,,GRM1
caffeine,PDIA3,PDIA3,True,,,,PDIA3
caffeine,GRPR,GRPR,True,,,,GRPR
caffeine,GSK3A,GSK3A,True,,,,GSK3A
caffeine,GSK3A,GSK3A,True,,,,GSK3A
caffeine,GSK3B,GSK3B,True,,,,GSK3B
caffeine,GSK3B,GSK3B,True,,,,GSK3B
caffeine,GSR,GSR,True,,,,GSR
caffeine,GSTP1,GSTP1,True,,,,GSTP1
caffeine,MSH6,MSH6,True,,,,MSH6
caffeine,GTF2B,GTF2B,True,,,,GTF2B
caffeine,GTF2E1,GTF2E1,True,,,,GTF2E1
caffeine,GTF2F2,GTF2F2,True,,,,GTF2F2
caffeine,GTF2I,GTF2I,True,,,,GTF2I
caffeine,BRF1,BRF1,True,,,,BRF1
caffeine,GTF3C1,GTF3C1,True,,,,GTF3C1
caffeine,GTF3C2,GTF3C2,True,,,,GTF3C2
caffeine,GYS1,GYS1,True,,,,GYS1
caffeine,H1-4,h1 4,False,,,True,h1 4
caffeine,H1-4,h1 4,False,,,True,h1 4
caffeine,H1-5,h1 5,False,,,True,h1 5
caffeine,H1-5,h1 5,False,,,True,h1 5
caffeine,H1-6,h1 6,False,,,True,h1 6
caffeine,H2AX,H2AX,True,,,,H2AX
caffeine,H2AX,H2AX,True,,,,H2AX
caffeine,H2AX,H2AX,True,,,,H2AX
caffeine,H2AX,H2AX,True,,,,H2AX
caffeine,H2AX,H2AX,True,,,,H2AX
caffeine,H2AX,H2AX,True,,,,H2AX
caffeine,H2AX,H2AX,True,,,,H2AX
caffeine,HADHA,HADHA,True,,,,HADHA
caffeine,HCFC1,HCFC1,True,,,,HCFC1
caffeine,HTT,HTT,True,,,,HTT
caffeine,HDAC1,HDAC1,True,,,,HDAC1
caffeine,HDAC2,HDAC2,True,,,,HDAC2
caffeine,HDGF,HDGF,True,,,,HDGF
caffeine,HDLBP,HDLBP,True,,,,HDLBP
caffeine,HDLBP,HDLBP,True,,,,HDLBP
caffeine,HELLS,HELLS,True,,,,HELLS
caffeine,HELLS,HELLS,True,,,,HELLS
caffeine,HELLS,HELLS,True,,,,HELLS
caffeine,HIF1A,HIF1A,True,,,,HIF1A
caffeine,HIP1,HIP1,True,,,,HIP1
caffeine,HINT1,HINT1,True,,,,HINT1
caffeine,HIVEP1,HIVEP1,True,,,,HIVEP1
caffeine,HIVEP2,HIVEP2,True,,,,HIVEP2
caffeine,ZBTB48,ZBTB48,True,,,,ZBTB48
caffeine,HLA-A,hla a,False,,,True,hla a
caffeine,HLCS,HLCS,True,,,,HLCS
caffeine,HMGB1,HMGB1,True,,,,HMGB1
caffeine,HMGB1,HMGB1,True,,,,HMGB1
caffeine,HMGB1,HMGB1,True,,,,HMGB1
caffeine,HMGN1,HMGN1,True,,,,HMGN1
caffeine,HMGCR,HMGCR,True,,,,HMGCR
caffeine,HMGCR,HMGCR,True,,,,HMGCR
caffeine,HMGCR,HMGCR,True,,,,HMGCR
caffeine,HMGCR,HMGCR,True,,,,HMGCR
caffeine,HMGCR,HMGCR,True,,,,HMGCR
caffeine,HMGCS1,HMGCS1,True,,,,HMGCS1
caffeine,HMGCS1,HMGCS1,True,,,,HMGCS1
caffeine,HMGCS1,HMGCS1,True,,,,HMGCS1
caffeine,HMGCS1,HMGCS1,True,,,,HMGCS1
caffeine,HMGA1,HMGA1,True,,,,HMGA1
caffeine,HMGA1,HMGA1,True,,,,HMGA1
caffeine,FOXA1,FOXA1,True,,,,FOXA1
caffeine,FOXA2,FOXA2,True,,,,FOXA2
caffeine,HNRNPA1,HNRNPA1,True,,,,HNRNPA1
caffeine,HNRNPA1,HNRNPA1,True,,,,HNRNPA1
caffeine,HNRNPA2B1,HNRNPA2B1,True,,,,HNRNPA2B1
caffeine,HNRNPAB,HNRNPAB,True,,,,HNRNPAB
caffeine,HNRNPC,HNRNPC,True,,,,HNRNPC
caffeine,HNRNPC,HNRNPC,True,,,,HNRNPC
caffeine,HNRNPD,HNRNPD,True,,,,HNRNPD
caffeine,HNRNPF,HNRNPF,True,,,,HNRNPF
caffeine,HNRNPF,HNRNPF,True,,,,HNRNPF
caffeine,HNRNPH1,HNRNPH1,True,,,,HNRNPH1
caffeine,HNRNPH1,HNRNPH1,True,,,,HNRNPH1
caffeine,HNRNPH2,HNRNPH2,True,,,,HNRNPH2
caffeine,HNRNPH3,HNRNPH3,True,,,,HNRNPH3
caffeine,HNRNPK,HNRNPK,True,,,,HNRNPK
caffeine,HNRNPK,HNRNPK,True,,,,HNRNPK
caffeine,HNRNPK,HNRNPK,True,,,,HNRNPK
caffeine,HNRNPL,HNRNPL,True,,,,HNRNPL
caffeine,HNRNPU,HNRNPU,True,,,,HNRNPU
caffeine,HOXB7,HOXB7,True,,,,HOXB7
caffeine,HOXD4,HOXD4,True,,,,HOXD4
caffeine,HPD,HPD,True,,,,HPD
caffeine,HPRT1,HPRT1,True,,,,HPRT1
caffeine,HRAS,HRAS,True,,,,HRAS
caffeine,AGFG1,AGFG1,True,,,,AGFG1
caffeine,AGFG2,AGFG2,True,,,,AGFG2
caffeine,HRC,HRC,True,,,,HRC
caffeine,HSD3B1,HSD3B1,True,,,,HSD3B1
caffeine,HSD3B1,HSD3B1,True,,,,HSD3B1
caffeine,HSD3B1,HSD3B1,True,,,,HSD3B1
caffeine,HSD11B1,HSD11B1,True,,,,HSD11B1
caffeine,HSD11B2,HSD11B2,True,,,,HSD11B2
caffeine,HSD11B2,HSD11B2,True,,,,HSD11B2
caffeine,HSD17B3,HSD17B3,True,,,,HSD17B3
caffeine,HSF1,HSF1,True,,,,HSF1
caffeine,DNAJA1,DNAJA1,True,,,,DNAJA1
caffeine,DNAJA1,DNAJA1,True,,,,DNAJA1
caffeine,HSPA1B,HSPA1B,True,,,,HSPA1B
caffeine,HSPA4,HSPA4,True,,,,HSPA4
caffeine,HSPA4,HSPA4,True,,,,HSPA4
caffeine,HSPA9,HSPA9,True,,,,HSPA9
caffeine,HSPB1,HSPB1,True,,,,HSPB1
caffeine,HSPB1,HSPB1,True,,,,HSPB1
caffeine,HSPB1,HSPB1,True,,,,HSPB1
caffeine,HSP90AA1,HSP90AA1,True,,,,HSP90AA1
caffeine,HSP90AA1,HSP90AA1,True,,,,HSP90AA1
caffeine,HSP90AA2P,HSP90AA2P,True,,,,HSP90AA2P
caffeine,HSP90AB1,HSP90AB1,True,,,,HSP90AB1
caffeine,HSPD1,HSPD1,True,,,,HSPD1
caffeine,HSPE1,HSPE1,True,,,,HSPE1
caffeine,HSPG2,HSPG2,True,,,,HSPG2
caffeine,HTR3A,HTR3A,True,,,,HTR3A
caffeine,IBSP,IBSP,True,,,,IBSP
caffeine,ICAM1,ICAM1,True,,,,ICAM1
caffeine,ICAM1,ICAM1,True,,,,ICAM1
caffeine,ID2,ID2,True,,,,ID2
caffeine,ID3,ID3,True,,,,ID3
caffeine,IDI1,IDI1,True,,,,IDI1
caffeine,IFNAR2,IFNAR2,True,,,,IFNAR2
caffeine,IFNGR1,IFNGR1,True,,,,IFNGR1
caffeine,IFRD1,IFRD1,True,,,,IFRD1
caffeine,IGF1,IGF1,True,,,,IGF1
caffeine,IGF1,IGF1,True,,,,IGF1
caffeine,IGF1,IGF1,True,,,,IGF1
caffeine,IGF1,IGF1,True,,,,IGF1
caffeine,IGF1,IGF1,True,,,,IGF1
caffeine,IGF1,IGF1,True,,,,IGF1
caffeine,IGF1R,IGF1R,True,,,,IGF1R
caffeine,IGF1R,IGF1R,True,,,,IGF1R
caffeine,IGF1R,IGF1R,True,,,,IGF1R
caffeine,IGF2,IGF2,True,,,,IGF2
caffeine,IGF2R,IGF2R,True,,,,IGF2R
caffeine,IGFBP1,IGFBP1,True,,,,IGFBP1
caffeine,IGLC6,IGLC6,True,,,,IGLC6
caffeine,IGSF1,IGSF1,True,,,,IGSF1
caffeine,IKBKB,IKBKB,True,,,,IKBKB
caffeine,IL1B,IL1B,True,,,,IL1B
caffeine,IL1B,IL1B,True,,,,IL1B
caffeine,IL2RA,IL2RA,True,,,,IL2RA
caffeine,IL3,IL3,True,,,,IL3
caffeine,IL5,IL5,True,,,,IL5
caffeine,IL6,IL6,True,,,,IL6
caffeine,IL6,IL6,True,,,,IL6
caffeine,IL6,IL6,True,,,,IL6
caffeine,IL6,IL6,True,,,,IL6
caffeine,IL6ST,IL6ST,True,,,,IL6ST
caffeine,CXCL8,CXCL8,True,,,,CXCL8
caffeine,CXCL8,CXCL8,True,,,,CXCL8
caffeine,IL10,IL10,True,,,,IL10
caffeine,IL10RB,IL10RB,True,,,,IL10RB
caffeine,IL10RB,IL10RB,True,,,,IL10RB
caffeine,IL12A,IL12A,True,,,,IL12A
caffeine,IL12B,IL12B,True,,,,IL12B
caffeine,FOXK2,FOXK2,True,,,,FOXK2
caffeine,ILF3,ILF3,True,,,,ILF3
caffeine,ILF3,ILF3,True,,,,ILF3
caffeine,IMPDH2,IMPDH2,True,,,,IMPDH2
caffeine,INCENP,INCENP,True,,,,INCENP
caffeine,INS,INS,True,,,,INS
caffeine,INPP5D,INPP5D,True,,,,INPP5D
caffeine,INPPL1,INPPL1,True,,,,INPPL1
caffeine,INSIG1,INSIG1,True,,,,INSIG1
caffeine,INSR,INSR,True,,,,INSR
caffeine,INSR,INSR,True,,,,INSR
caffeine,IRAK1,IRAK1,True,,,,IRAK1
caffeine,IREB2,IREB2,True,,,,IREB2
caffeine,IRS1,IRS1,True,,,,IRS1
caffeine,ITGA4,ITGA4,True,,,,ITGA4
caffeine,ITGAM,ITGAM,True,,,,ITGAM
caffeine,ITGB1,ITGB1,True,,,,ITGB1
caffeine,ITGB4,ITGB4,True,,,,ITGB4
caffeine,EIF6,EIF6,True,,,,EIF6
caffeine,ITIH2,ITIH2,True,,,,ITIH2
caffeine,ITPKA,ITPKA,True,,,,ITPKA
caffeine,ITPR1,ITPR1,True,,,,ITPR1
caffeine,ITPR1,ITPR1,True,,,,ITPR1
caffeine,IP3R1,IP3R1,True,,,,IP3R1
caffeine,"Inositol 1,4,5-trisphosphate receptor",inositol 1 4 5 trisphosphate receptor,False,,,True,inositol 1 4 5 trisphosphate receptor
caffeine,"Inositol 1,4,5-trisphosphate-gated calcium channel ITPR1",inositol 1 4 5 trisphosphate gated calcium channel itpr1,False,,,True,inositol 1 4 5 trisphosphate gated calcium channel itpr1
caffeine,"Inositol 1,4,5-trisphosphate-gated calcium channel ITPR2",inositol 1 4 5 trisphosphate gated calcium channel itpr2,False,,,True,inositol 1 4 5 trisphosphate gated calcium channel itpr2
caffeine,"Inositol 1,4,5-trisphosphate receptor",inositol 1 4 5 trisphosphate receptor,False,,,True,inositol 1 4 5 trisphosphate receptor
caffeine,ITPR3,ITPR3,True,,,,ITPR3
caffeine,"Inositol 1,4,5-trisphosphate-gated calcium channel ITPR3",inositol 1 4 5 trisphosphate gated calcium channel itpr3,False,,,True,inositol 1 4 5 trisphosphate gated calcium channel itpr3
caffeine,"Inositol 1,4,5-trisphosphate receptor",inositol 1 4 5 trisphosphate receptor,False,,,True,inositol 1 4 5 trisphosphate receptor
caffeine,JAK3,JAK3,True,,,,JAK3
caffeine,JARID2,JARID2,True,,,,JARID2
caffeine,JUN,JUN,True,,,,JUN
caffeine,JUN,JUN,True,,,,JUN
caffeine,JUNB,JUNB,True,,,,JUNB
caffeine,JUND,JUND,True,,,,JUND
caffeine,JUP,JUP,True,,,,JUP
caffeine,KARS1,KARS1,True,,,,KARS1
caffeine,Potassium voltage-gated channel subfamily H member 2,potassium voltage gated channel subfamily h member 2,False,KCNH2,,False,KCNH2
caffeine,Potassium channel subfamily K member 2,potassium channel subfamily k member 2,False,KCNK2,,False,KCNK2
caffeine,KDR,KDR,True,,,,KDR
caffeine,KIFC3,KIFC3,True,,,,KIFC3
caffeine,KIF22,KIF22,True,,,,KIF22
caffeine,KPNB1,KPNB1,True,,,,KPNB1
caffeine,KPNA2,KPNA2,True,,,,KPNA2
caffeine,KRT1,KRT1,True,,,,KRT1
caffeine,KRT18,KRT18,True,,,,KRT18
caffeine,KRT18,KRT18,True,,,,KRT18
caffeine,KRT84,KRT84,True,,,,KRT84
caffeine,KTN1,KTN1,True,,,,KTN1
caffeine,LAD1,LAD1,True,,,,LAD1
caffeine,AFF3,AFF3,True,,,,AFF3
caffeine,LAMB1,LAMB1,True,,,,LAMB1
caffeine,STMN1,STMN1,True,,,,STMN1
caffeine,STMN1,STMN1,True,,,,STMN1
caffeine,LASP1,LASP1,True,,,,LASP1
caffeine,LBR,LBR,True,,,,LBR
caffeine,LCK,LCK,True,,,,LCK
caffeine,LDHA,LDHA,True,,,,LDHA
caffeine,LDHA,LDHA,True,,,,LDHA
caffeine,LDLR,LDLR,True,,,,LDLR
caffeine,LDLR,LDLR,True,,,,LDLR
caffeine,LEP,LEP,True,,,,LEP
caffeine,LEP,LEP,True,,,,LEP
caffeine,LEP,LEP,True,,,,LEP
caffeine,LEPR,LEPR,True,,,,LEPR
caffeine,LEPR,LEPR,True,,,,LEPR
caffeine,LGALS2,LGALS2,True,,,,LGALS2
caffeine,LIG1,LIG1,True,,,,LIG1
caffeine,LIG3,LIG3,True,,,,LIG3
caffeine,ABLIM1,ABLIM1,True,,,,ABLIM1
caffeine,LIMK1,LIMK1,True,,,,LIMK1
caffeine,LIMK2,LIMK2,True,,,,LIMK2
caffeine,LLGL2,LLGL2,True,,,,LLGL2
caffeine,LMNA,LMNA,True,,,,LMNA
caffeine,LMNB1,LMNB1,True,,,,LMNB1
caffeine,LMNB1,LMNB1,True,,,,LMNB1
caffeine,LMO7,LMO7,True,,,,LMO7
caffeine,LNPEP,LNPEP,True,,,,LNPEP
caffeine,LPL,LPL,True,,,,LPL
caffeine,LPL,LPL,True,,,,LPL
caffeine,LPP,LPP,True,,,,LPP
caffeine,LRCH4,LRCH4,True,,,,LRCH4
caffeine,LRP4,LRP4,True,,,,LRP4
caffeine,LRP6,LRP6,True,,,,LRP6
caffeine,LSS,LSS,True,,,,LSS
caffeine,BCAM,BCAM,True,,,,BCAM
caffeine,CAPRIN1,CAPRIN1,True,,,,CAPRIN1
caffeine,NBR1,NBR1,True,,,,NBR1
caffeine,MARCKS,MARCKS,True,,,,MARCKS
caffeine,UBA6,UBA6,True,,,,UBA6
caffeine,UBB,UBB,True,,,,UBB
caffeine,UBE2O,UBE2O,True,,,,UBE2O
caffeine,UBIAD1,UBIAD1,True,,,,UBIAD1
caffeine,UBR1,UBR1,True,,,,UBR1
caffeine,FUBP1,FUBP1,True,,,,FUBP1
caffeine,FXR1,FXR1,True,,,,FXR1
caffeine,UBXN4,UBXN4,True,,,,UBXN4
caffeine,UCK1,UCK1,True,,,,UCK1
caffeine,FYTTD1,FYTTD1,True,,,,FYTTD1
caffeine,G3BP2,G3BP2,True,,,,G3BP2
caffeine,GABPA,GABPA,True,,,,GABPA
caffeine,UHRF1,UHRF1,True,,,,UHRF1
caffeine,ULBP3,ULBP3,True,,,,ULBP3
caffeine,UNC13C,UNC13C,True,,,,UNC13C
caffeine,GAPDH,GAPDH,True,,,,GAPDH
caffeine,GARRE1,GARRE1,True,,,,GARRE1
caffeine,UNG,UNG,True,,,,UNG
caffeine,UPF3B,UPF3B,True,,,,UPF3B
caffeine,UROS,UROS,True,,,,UROS
caffeine,GASK1B,GASK1B,True,,,,GASK1B
caffeine,GATAD2B,GATAD2B,True,,,,GATAD2B
caffeine,GCLC,GCLC,True,,,,GCLC
caffeine,USP1,USP1,True,,,,USP1
caffeine,USP24,USP24,True,,,,USP24
caffeine,USP34,USP34,True,,,,USP34
caffeine,ANKIB1,ANKIB1,True,,,,ANKIB1
caffeine,ANKRD13A,ANKRD13A,True,,,,ANKRD13A
caffeine,ANKRD37,ANKRD37,True,,,,ANKRD37
caffeine,ANLN,ANLN,True,,,,ANLN
caffeine,ANXA4,ANXA4,True,,,,ANXA4
caffeine,AP1M1,AP1M1,True,,,,AP1M1
caffeine,APBA3,APBA3,True,,,,APBA3
caffeine,APLP2,APLP2,True,,,,APLP2
caffeine,APOA2,APOA2,True,,,,APOA2
caffeine,APOB,APOB,True,,,,APOB
caffeine,APOC2,APOC2,True,,,,APOC2
caffeine,APOL1,APOL1,True,,,,APOL1
caffeine,APS,APS,True,,,,APS
caffeine,ARF1,ARF1,True,,,,ARF1
caffeine,ARFGEF1,ARFGEF1,True,,,,ARFGEF1
caffeine,ARFIP2,ARFIP2,True,,,,ARFIP2
caffeine,ARHGAP12,ARHGAP12,True,,,,ARHGAP12
caffeine,ARHGAP26,ARHGAP26,True,,,,ARHGAP26
caffeine,ARHGAP39,ARHGAP39,True,,,,ARHGAP39
caffeine,ARHGEF1,ARHGEF1,True,,,,ARHGEF1
caffeine,ARHGEF16,ARHGEF16,True,,,,ARHGEF16
caffeine,ARHGEF26,ARHGEF26,True,,,,ARHGEF26
caffeine,ZFP36L1,ZFP36L1,True,,,,ZFP36L1
caffeine,ARHGEF5,ARHGEF5,True,,,,ARHGEF5
caffeine,ARID2,ARID2,True,,,,ARID2
caffeine,ZFPM1,ZFPM1,True,,,,ZFPM1
caffeine,ARID4B,ARID4B,True,,,,ARID4B
caffeine,ZFYVE26,ZFYVE26,True,,,,ZFYVE26
caffeine,ARL4D,ARL4D,True,,,,ARL4D
caffeine,ARMC1,ARMC1,True,,,,ARMC1
caffeine,ARRB2,ARRB2,True,,,,ARRB2
caffeine,ASAP1,ASAP1,True,,,,ASAP1
caffeine,ASGR2,ASGR2,True,,,,ASGR2
caffeine,HELLS,HELLS,True,,,,HELLS
caffeine,ASPSCR1,ASPSCR1,True,,,,ASPSCR1
caffeine,ATAD2,ATAD2,True,,,,ATAD2
caffeine,HERC1,HERC1,True,,,,HERC1
caffeine,ATE1,ATE1,True,,,,ATE1
caffeine,ATG2B,ATG2B,True,,,,ATG2B
caffeine,ATL2,ATL2,True,,,,ATL2
caffeine,ATM,ATM,True,,,,ATM
caffeine,ATXN2L,ATXN2L,True,,,,ATXN2L
caffeine,ATM,ATM,True,,,,ATM
caffeine,ATM,ATM,True,,,,ATM
caffeine,ATP13A3,ATP13A3,True,,,,ATP13A3
caffeine,ATP2A1L,ATP2A1L,True,,,,ATP2A1L
caffeine,ATP6V0A2,ATP6V0A2,True,,,,ATP6V0A2
caffeine,ATPAF1,ATPAF1,True,,,,ATPAF1
caffeine,ATR,ATR,True,,,,ATR
caffeine,ATRN,ATRN,True,,,,ATRN
caffeine,ATXN2,ATXN2,True,,,,ATXN2
caffeine,AVEN,AVEN,True,,,,AVEN
caffeine,BAG3,BAG3,True,,,,BAG3
caffeine,BAIAP2L1,BAIAP2L1,True,,,,BAIAP2L1
caffeine,BARD1,BARD1,True,,,,BARD1
caffeine,BAX,BAX,True,,,,BAX
caffeine,BAZ1B,BAZ1B,True,,,,BAZ1B
caffeine,BBC3,BBC3,True,,,,BBC3
caffeine,BCAR3,BCAR3,True,,,,BCAR3
caffeine,BCL2A,BCL2A,True,,,,BCL2A
caffeine,BCL6,BCL6,True,,,,BCL6
caffeine,BCL9L,BCL9L,True,,,,BCL9L
caffeine,BCORL1,BCORL1,True,,,,BCORL1
caffeine,BECN1,BECN1,True,,,,BECN1
caffeine,BHMT,BHMT,True,,,,BHMT
caffeine,BIRC2,BIRC2,True,,,,BIRC2
caffeine,BLTP2,BLTP2,True,,,,BLTP2
caffeine,BMP2K,BMP2K,True,,,,BMP2K
caffeine,BNIP3,BNIP3,True,,,,BNIP3
caffeine,BOLA1,BOLA1,True,,,,BOLA1
caffeine,BORCS6,BORCS6,True,,,,BORCS6
caffeine,BRAF,BRAF,True,,,,BRAF
caffeine,BRD1,BRD1,True,,,,BRD1
caffeine,BRD7,BRD7,True,,,,BRD7
caffeine,BRIP1,BRIP1,True,,,,BRIP1
caffeine,BRPF3,BRPF3,True,,,,BRPF3
caffeine,BTAF1,BTAF1,True,,,,BTAF1
caffeine,BUB1B,BUB1B,True,,,,BUB1B
caffeine,ZGPAT,ZGPAT,True,,,,ZGPAT
caffeine,C15ORF39,C15ORF39,True,,,,C15ORF39
caffeine,C1ORF174,C1ORF174,True,,,,C1ORF174
caffeine,ZKSCAN1,ZKSCAN1,True,,,,ZKSCAN1
caffeine,ZMYM3,ZMYM3,True,,,,ZMYM3
caffeine,C1R,C1R,True,,,,C1R
caffeine,C2CD5,C2CD5,True,,,,C2CD5
caffeine,C8ORF33,C8ORF33,True,,,,C8ORF33
caffeine,CABLES1,CABLES1,True,,,,CABLES1
caffeine,CAD,CAD,True,,,,CAD
caffeine,CALU,CALU,True,,,,CALU
caffeine,CAMK2N1,CAMK2N1,True,,,,CAMK2N1
caffeine,CAMSAP3,CAMSAP3,True,,,,CAMSAP3
caffeine,CANX,CANX,True,,,,CANX
caffeine,CAPRIN1,CAPRIN1,True,,,,CAPRIN1
caffeine,CARMIL2,CARMIL2,True,,,,CARMIL2
caffeine,CASP2,CASP2,True,,,,CASP2
caffeine,CASP3,CASP3,True,,,,CASP3
caffeine,CASP3,CASP3,True,,,,CASP3
caffeine,CASP3,CASP3,True,,,,CASP3
caffeine,CASP3,CASP3,True,,,,CASP3
caffeine,CASP9,CASP9,True,,,,CASP9
caffeine,CAT,CAT,True,,,,CAT
caffeine,CAV1,CAV1,True,,,,CAV1
caffeine,CAVIN4A,CAVIN4A,True,,,,CAVIN4A
caffeine,HIF1A,HIF1A,True,,,,HIF1A
caffeine,CBS,CBS,True,,,,CBS
caffeine,HIRA,HIRA,True,,,,HIRA
caffeine,HJURP,HJURP,True,,,,HJURP
caffeine,CBX6,CBX6,True,,,,CBX6
caffeine,CCDC117,CCDC117,True,,,,CCDC117
caffeine,CCDC138,CCDC138,True,,,,CCDC138
caffeine,CCDC61,CCDC61,True,,,,CCDC61
caffeine,CCDC88C,CCDC88C,True,,,,CCDC88C
caffeine,CCNB1,CCNB1,True,,,,CCNB1
caffeine,CCNB1,CCNB1,True,,,,CCNB1
caffeine,CCNF,CCNF,True,,,,CCNF
caffeine,CCNK,CCNK,True,,,,CCNK
caffeine,CCNY,CCNY,True,,,,CCNY
caffeine,CCT3,CCT3,True,,,,CCT3
caffeine,CCT8,CCT8,True,,,,CCT8
caffeine,CD2BP2,CD2BP2,True,,,,CD2BP2
caffeine,CD9,CD9,True,,,,CD9
caffeine,CDC16,CDC16,True,,,,CDC16
caffeine,CDC25C,CDC25C,True,,,,CDC25C
caffeine,CDC27,CDC27,True,,,,CDC27
caffeine,CDC42EP1,CDC42EP1,True,,,,CDC42EP1
caffeine,CDCA2,CDCA2,True,,,,CDCA2
caffeine,CDH11,CDH11,True,,,,CDH11
caffeine,CDK1,CDK1,True,,,,CDK1
caffeine,CDK12,CDK12,True,,,,CDK12
caffeine,CDK18,CDK18,True,,,,CDK18
caffeine,CDK4,CDK4,True,,,,CDK4
caffeine,CDK7,CDK7,True,,,,CDK7
caffeine,CDKN1A,CDKN1A,True,,,,CDKN1A
caffeine,CDKN1A,CDKN1A,True,,,,CDKN1A
caffeine,CDT1,CDT1,True,,,,CDT1
caffeine,CEACAM1,CEACAM1,True,,,,CEACAM1
caffeine,ZNF106,ZNF106,True,,,,ZNF106
caffeine,CEBPB,CEBPB,True,,,,CEBPB
caffeine,ZNF205,ZNF205,True,,,,ZNF205
caffeine,CENPC,CENPC,True,,,,CENPC
caffeine,ZNF250,ZNF250,True,,,,ZNF250
caffeine,CENPU,CENPU,True,,,,CENPU
caffeine,CEP164,CEP164,True,,,,CEP164
caffeine,CEP250,CEP250,True,,,,CEP250
caffeine,CEP68,CEP68,True,,,,CEP68
caffeine,CERS4,CERS4,True,,,,CERS4
caffeine,CFAP54,CFAP54,True,,,,CFAP54
caffeine,CFL2,CFL2,True,,,,CFL2
caffeine,CHAF1B,CHAF1B,True,,,,CHAF1B
caffeine,CHD2,CHD2,True,,,,CHD2
caffeine,CHD7,CHD7,True,,,,CHD7
caffeine,CHEK1,CHEK1,True,,,,CHEK1
caffeine,CHEK1,CHEK1,True,,,,CHEK1
caffeine,CHEK2,CHEK2,True,,,,CHEK2
caffeine,CHEK2,CHEK2,True,,,,CHEK2
caffeine,CHMP5,CHMP5,True,,,,CHMP5
caffeine,CHTF18,CHTF18,True,,,,CHTF18
caffeine,CKB,CKB,True,,,,CKB
caffeine,CLASP2,CLASP2,True,,,,CLASP2
caffeine,CLDN23,CLDN23,True,,,,CLDN23
caffeine,CLIC1,CLIC1,True,,,,CLIC1
caffeine,CLK2,CLK2,True,,,,CLK2
caffeine,HLCS,HLCS,True,,,,HLCS
caffeine,CLNS1A,CLNS1A,True,,,,CLNS1A
caffeine,HMGA2,HMGA2,True,,,,HMGA2
caffeine,CLSTN1,CLSTN1,True,,,,CLSTN1
caffeine,HMGB1,HMGB1,True,,,,HMGB1
caffeine,CMIP,CMIP,True,,,,CMIP
caffeine,CNDP2,CNDP2,True,,,,CNDP2
caffeine,CNN3,CNN3,True,,,,CNN3
caffeine,CNOT2,CNOT2,True,,,,CNOT2
caffeine,COBLL1,COBLL1,True,,,,COBLL1
caffeine,COIL,COIL,True,,,,COIL
caffeine,COMT,COMT,True,,,,COMT
caffeine,COPG1,COPG1,True,,,,COPG1
caffeine,COQ8A,COQ8A,True,,,,COQ8A
caffeine,CPD,CPD,True,,,,CPD
caffeine,CPSF2,CPSF2,True,,,,CPSF2
caffeine,CPSF7,CPSF7,True,,,,CPSF7
caffeine,CREB1,CREB1,True,,,,CREB1
caffeine,CREB3L2,CREB3L2,True,,,,CREB3L2
caffeine,CRIP2,CRIP2,True,,,,CRIP2
caffeine,CRTC2,CRTC2,True,,,,CRTC2
caffeine,CRYBA4,CRYBA4,True,,,,CRYBA4
caffeine,CRYBG3,CRYBG3,True,,,,CRYBG3
caffeine,CSNK1E,CSNK1E,True,,,,CSNK1E
caffeine,CST3,CST3,True,,,,CST3
caffeine,CTCF,CTCF,True,,,,CTCF
caffeine,CTNNA2,CTNNA2,True,,,,CTNNA2
caffeine,CTNNB1,CTNNB1,True,,,,CTNNB1
caffeine,CTPS2,CTPS2,True,,,,CTPS2
caffeine,CTSL,CTSL,True,,,,CTSL
caffeine,CUEDC2,CUEDC2,True,,,,CUEDC2
caffeine,CWC25,CWC25,True,,,,CWC25
caffeine,ZNF281,ZNF281,True,,,,ZNF281
caffeine,ZNF326,ZNF326,True,,,,ZNF326
caffeine,ZNF362,ZNF362,True,,,,ZNF362
caffeine,HMGCR,HMGCR,True,,,,HMGCR
caffeine,HMGCS1,HMGCS1,True,,,,HMGCS1
caffeine,Adenosine receptor A2a,adenosine receptor a2a,False,ADORA2A,,False,ADORA2A
caffeine,Adenosine receptor A3,adenosine receptor a3,False,ADORA3,,False,ADORA3
caffeine,HMGXB4,HMGXB4,True,,,,HMGXB4
caffeine,HNRNPA1,HNRNPA1,True,,,,HNRNPA1
caffeine,HNRNPC,HNRNPC,True,,,,HNRNPC
caffeine,ZNF446,ZNF446,True,,,,ZNF446
caffeine,ZNF507,ZNF507,True,,,,ZNF507
caffeine,"Glycogen phosphorylase, muscle form",glycogen phosphorylase muscle form,False,,,True,glycogen phosphorylase muscle form
caffeine,Adenosine receptor A1,adenosine receptor a1,False,ADORA1,,False,ADORA1
caffeine,Adenosine receptor,adenosine receptor,False,ADORA2B,,False,ADORA2B
caffeine,Adenosine A2a receptor,adenosine a2a receptor,False,ADORA2A,,False,ADORA2A
caffeine,HNRNPDL,HNRNPDL,True,,,,HNRNPDL
caffeine,HNRNPH1,HNRNPH1,True,,,,HNRNPH1
caffeine,HNRNPK,HNRNPK,True,,,,HNRNPK
caffeine,ZNF592,ZNF592,True,,,,ZNF592
caffeine,ZNF623,ZNF623,True,,,,ZNF623
caffeine,ZNF644,ZNF644,True,,,,ZNF644
caffeine,HNRNPLL,HNRNPLL,True,,,,HNRNPLL
caffeine,HNRNPUL2,HNRNPUL2,True,,,,HNRNPUL2
caffeine,HOXB7,HOXB7,True,,,,HOXB7
caffeine,Chitotriosidase-1,chitotriosidase 1,False,,,True,chitotriosidase 1
caffeine,Endochitinase B1,endochitinase b1,False,,,True,endochitinase b1
caffeine,ZNF655,ZNF655,True,,,,ZNF655
caffeine,ZNF705G,ZNF705G,True,,,,ZNF705G
caffeine,ZNF8,ZNF8,True,,,,ZNF8
caffeine,HOXD4,HOXD4,True,,,,HOXD4
caffeine,HPS4,HPS4,True,,,,HPS4
caffeine,HS1BP3,HS1BP3,True,,,,HS1BP3
caffeine,ZNF827,ZNF827,True,,,,ZNF827
caffeine,ZNRF3,ZNRF3,True,,,,ZNRF3
caffeine,ZSWIM5,ZSWIM5,True,,,,ZSWIM5
caffeine,HSD17B3,HSD17B3,True,,,,HSD17B3
caffeine,HSD3B1,HSD3B1,True,,,,HSD3B1
caffeine,HSP90AA1,HSP90AA1,True,,,,HSP90AA1
caffeine,HSP90AB4P,HSP90AB4P,True,,,,HSP90AB4P
caffeine,HSPA1B,HSPA1B,True,,,,HSPA1B
caffeine,HSPB1,HSPB1,True,,,,HSPB1
caffeine,HSPD1,HSPD1,True,,,,HSPD1
caffeine,HTATSF1,HTATSF1,True,,,,HTATSF1
caffeine,HYCC1,HYCC1,True,,,,HYCC1
caffeine,ICAM1,ICAM1,True,,,,ICAM1
caffeine,ID3,ID3,True,,,,ID3
caffeine,IFNGR1,IFNGR1,True,,,,IFNGR1
caffeine,IGF1,IGF1,True,,,,IGF1
caffeine,IGF1,IGF1,True,,,,IGF1
caffeine,IGF1R,IGF1R,True,,,,IGF1R
caffeine,IGF2BP1,IGF2BP1,True,,,,IGF2BP1
caffeine,IGF2R,IGF2R,True,,,,IGF2R
caffeine,IGSF1,IGSF1,True,,,,IGSF1
caffeine,IL10RB,IL10RB,True,,,,IL10RB
caffeine,IL12B,IL12B,True,,,,IL12B
caffeine,IL22RA1,IL22RA1,True,,,,IL22RA1
caffeine,IL5,IL5,True,,,,IL5
caffeine,ANGPTL4,ANGPTL4,True,,,,ANGPTL4
caffeine,ANKLE2,ANKLE2,True,,,,ANKLE2
caffeine,ANKRD17,ANKRD17,True,,,,ANKRD17
caffeine,ANKRD50,ANKRD50,True,,,,ANKRD50
caffeine,ANTXR1,ANTXR1,True,,,,ANTXR1
caffeine,ANXA4,ANXA4,True,,,,ANXA4
caffeine,AP2M1,AP2M1,True,,,,AP2M1
caffeine,APC,APC,True,,,,APC
caffeine,APOA1,APOA1,True,,,,APOA1
caffeine,APOB,APOB,True,,,,APOB
caffeine,APOBEC3H,APOBEC3H,True,,,,APOBEC3H
caffeine,APOC2,APOC2,True,,,,APOC2
caffeine,APOM,APOM,True,,,,APOM
caffeine,ARAF,ARAF,True,,,,ARAF
caffeine,ARFGAP1,ARFGAP1,True,,,,ARFGAP1
caffeine,ARFGEF2,ARFGEF2,True,,,,ARFGEF2
caffeine,ARGLU1,ARGLU1,True,,,,ARGLU1
caffeine,ARHGAP17,ARHGAP17,True,,,,ARHGAP17
caffeine,ARHGAP29,ARHGAP29,True,,,,ARHGAP29
caffeine,ARHGAP45,ARHGAP45,True,,,,ARHGAP45
caffeine,ARHGEF10L,ARHGEF10L,True,,,,ARHGEF10L
caffeine,ARHGEF17,ARHGEF17,True,,,,ARHGEF17
caffeine,ZFP36,ZFP36,True,,,,ZFP36
caffeine,ARHGEF28,ARHGEF28,True,,,,ARHGEF28
caffeine,ARHGEF6,ARHGEF6,True,,,,ARHGEF6
caffeine,ZFP819,ZFP819,True,,,,ZFP819
caffeine,ZFYVE19,ZFYVE19,True,,,,ZFYVE19
caffeine,ARID3A,ARID3A,True,,,,ARID3A
caffeine,ARID5A,ARID5A,True,,,,ARID5A
caffeine,ARL6IP1,ARL6IP1,True,,,,ARL6IP1
caffeine,ARPC1B,ARPC1B,True,,,,ARPC1B
caffeine,ARVCF,ARVCF,True,,,,ARVCF
caffeine,ASAP2,ASAP2,True,,,,ASAP2
caffeine,HELLS,HELLS,True,,,,HELLS
caffeine,ASMTL,ASMTL,True,,,,ASMTL
caffeine,ASXL1,ASXL1,True,,,,ASXL1
caffeine,HEPACAM,HEPACAM,True,,,,HEPACAM
caffeine,HGS,HGS,True,,,,HGS
caffeine,ATAD2B,ATAD2B,True,,,,ATAD2B
caffeine,ATF7,ATF7,True,,,,ATF7
caffeine,ATG7,ATG7,True,,,,ATG7
caffeine,ATM,ATM,True,,,,ATM
caffeine,ATM,ATM,True,,,,ATM
caffeine,ATXN7,ATXN7,True,,,,ATXN7
caffeine,ATM,ATM,True,,,,ATM
caffeine,ATM,ATM,True,,,,ATM
caffeine,ATP1A1,ATP1A1,True,,,,ATP1A1
caffeine,ATP2A2,ATP2A2,True,,,,ATP2A2
caffeine,ATP6V0C,ATP6V0C,True,,,,ATP6V0C
caffeine,ATR,ATR,True,,,,ATR
caffeine,ATR,ATR,True,,,,ATR
caffeine,ATRX,ATRX,True,,,,ATRX
caffeine,ATXN7L3,ATXN7L3,True,,,,ATXN7L3
caffeine,AVPR1A,AVPR1A,True,,,,AVPR1A
caffeine,BAG4,BAG4,True,,,,BAG4
caffeine,BAIAP2L2,BAIAP2L2,True,,,,BAIAP2L2
caffeine,BASP1,BASP1,True,,,,BASP1
caffeine,BAX,BAX,True,,,,BAX
caffeine,BAZ2A,BAZ2A,True,,,,BAZ2A
caffeine,BBX,BBX,True,,,,BBX
caffeine,BCAS3,BCAS3,True,,,,BCAS3
caffeine,BCL2L1,BCL2L1,True,,,,BCL2L1
caffeine,BCL7B,BCL7B,True,,,,BCL7B
caffeine,BCLAF1,BCLAF1,True,,,,BCLAF1
caffeine,BCR,BCR,True,,,,BCR
caffeine,BEND3,BEND3,True,,,,BEND3
caffeine,BICD2,BICD2,True,,,,BICD2
caffeine,BIRC6,BIRC6,True,,,,BIRC6
caffeine,BLTP3A,BLTP3A,True,,,,BLTP3A
caffeine,BMPR1A,BMPR1A,True,,,,BMPR1A
caffeine,BNIP3,BNIP3,True,,,,BNIP3
caffeine,BOP1,BOP1,True,,,,BOP1
caffeine,BORCS7,BORCS7,True,,,,BORCS7
caffeine,BRAP,BRAP,True,,,,BRAP
caffeine,BRD2,BRD2,True,,,,BRD2
caffeine,BRD8,BRD8,True,,,,BRD8
caffeine,BRME1,BRME1,True,,,,BRME1
caffeine,BRWD1,BRWD1,True,,,,BRWD1
caffeine,BTF3,BTF3,True,,,,BTF3
caffeine,BUD13,BUD13,True,,,,BUD13
caffeine,C17ORF100,C17ORF100,True,,,,C17ORF100
caffeine,ZIC5,ZIC5,True,,,,ZIC5
caffeine,ZMYM2,ZMYM2,True,,,,ZMYM2
caffeine,C1ORF226,C1ORF226,True,,,,C1ORF226
caffeine,C1S,C1S,True,,,,C1S
caffeine,C2CD5,C2CD5,True,,,,C2CD5
caffeine,C9ORF78,C9ORF78,True,,,,C9ORF78
caffeine,CACNA2D2,CACNA2D2,True,,,,CACNA2D2
caffeine,CALM1,CALM1,True,,,,CALM1
caffeine,CALU,CALU,True,,,,CALU
caffeine,CAMKK2,CAMKK2,True,,,,CAMKK2
caffeine,CAMTA2,CAMTA2,True,,,,CAMTA2
caffeine,CAPN1,CAPN1,True,,,,CAPN1
caffeine,CARD9,CARD9,True,,,,CARD9
caffeine,CARS1,CARS1,True,,,,CARS1
caffeine,CASP2,CASP2,True,,,,CASP2
caffeine,CASP3,CASP3,True,,,,CASP3
caffeine,CASP3,CASP3,True,,,,CASP3
caffeine,CASP3,CASP3,True,,,,CASP3
caffeine,CASP8,CASP8,True,,,,CASP8
caffeine,CASP9,CASP9,True,,,,CASP9
caffeine,CAT,CAT,True,,,,CAT
caffeine,HIC2,HIC2,True,,,,HIC2
caffeine,CAV3,CAV3,True,,,,CAV3
caffeine,HIP1,HIP1,True,,,,HIP1
caffeine,CBARP,CBARP,True,,,,CBARP
caffeine,CBX1,CBX1,True,,,,CBX1
caffeine,HIVEP2,HIVEP2,True,,,,HIVEP2
caffeine,CBX8,CBX8,True,,,,CBX8
caffeine,CCDC120,CCDC120,True,,,,CCDC120
caffeine,CCDC174,CCDC174,True,,,,CCDC174
caffeine,CCDC85C,CCDC85C,True,,,,CCDC85C
caffeine,CCDC9,CCDC9,True,,,,CCDC9
caffeine,CCNB1,CCNB1,True,,,,CCNB1
caffeine,CCND1,CCND1,True,,,,CCND1
caffeine,CCNG1,CCNG1,True,,,,CCNG1
caffeine,CCNL1,CCNL1,True,,,,CCNL1
caffeine,CCNYL1,CCNYL1,True,,,,CCNYL1
caffeine,CCT4,CCT4,True,,,,CCT4
caffeine,CCZ1,CCZ1,True,,,,CCZ1
caffeine,CD36,CD36,True,,,,CD36
caffeine,CD99,CD99,True,,,,CD99
caffeine,CDC20,CDC20,True,,,,CDC20
caffeine,CDC25C,CDC25C,True,,,,CDC25C
caffeine,CDC37L1,CDC37L1,True,,,,CDC37L1
caffeine,CDC42EP4,CDC42EP4,True,,,,CDC42EP4
caffeine,CDCA5,CDCA5,True,,,,CDCA5
caffeine,CDH5,CDH5,True,,,,CDH5
caffeine,CDK1,CDK1,True,,,,CDK1
caffeine,CDK13,CDK13,True,,,,CDK13
caffeine,CDK2,CDK2,True,,,,CDK2
caffeine,CDK4,CDK4,True,,,,CDK4
caffeine,CDKN1A,CDKN1A,True,,,,CDKN1A
caffeine,CDKN1A,CDKN1A,True,,,,CDKN1A
caffeine,CDKN2AIP,CDKN2AIP,True,,,,CDKN2AIP
caffeine,CDV3,CDV3,True,,,,CDV3
caffeine,CEBPA,CEBPA,True,,,,CEBPA
caffeine,ZNF174,ZNF174,True,,,,ZNF174
caffeine,CEBPB,CEBPB,True,,,,CEBPB
caffeine,ZNF24,ZNF24,True,,,,ZNF24
caffeine,CENPE,CENPE,True,,,,CENPE
caffeine,CENPV,CENPV,True,,,,CENPV
caffeine,CEP170,CEP170,True,,,,CEP170
caffeine,CEP350,CEP350,True,,,,CEP350
caffeine,CEP78,CEP78,True,,,,CEP78
caffeine,CERT1,CERT1,True,,,,CERT1
caffeine,CFAP97,CFAP97,True,,,,CFAP97
caffeine,CGN,CGN,True,,,,CGN
caffeine,CHAMP1,CHAMP1,True,,,,CHAMP1
caffeine,CHD3,CHD3,True,,,,CHD3
caffeine,CHD8,CHD8,True,,,,CHD8
caffeine,CHEK1,CHEK1,True,,,,CHEK1
caffeine,CHEK2,CHEK2,True,,,,CHEK2
caffeine,CHEK2,CHEK2,True,,,,CHEK2
caffeine,CHERP,CHERP,True,,,,CHERP
caffeine,CHMP6,CHMP6,True,,,,CHMP6
caffeine,CIAPIN1,CIAPIN1,True,,,,CIAPIN1
caffeine,CKMA,CKMA,True,,,,CKMA
caffeine,CLCC1,CLCC1,True,,,,CLCC1
caffeine,CLDN3,CLDN3,True,,,,CLDN3
caffeine,CLINT1,CLINT1,True,,,,CLINT1
caffeine,HLA-A,hla a,False,,,True,hla a
caffeine,CLK3,CLK3,True,,,,CLK3
caffeine,CLOCK,CLOCK,True,,,,CLOCK
caffeine,HMGA1,HMGA1,True,,,,HMGA1
caffeine,CLTC,CLTC,True,,,,CLTC
caffeine,HMGB1,HMGB1,True,,,,HMGB1
caffeine,CMTM4,CMTM4,True,,,,CMTM4
caffeine,CNKSR1,CNKSR1,True,,,,CNKSR1
caffeine,CNNM2,CNNM2,True,,,,CNNM2
caffeine,CNP,CNP,True,,,,CNP
caffeine,COCH,COCH,True,,,,COCH
caffeine,COL1A1,COL1A1,True,,,,COL1A1
caffeine,COPA,COPA,True,,,,COPA
caffeine,COPS3,COPS3,True,,,,COPS3
caffeine,CORT,CORT,True,,,,CORT
caffeine,CPEB2,CPEB2,True,,,,CPEB2
caffeine,CPSF3,CPSF3,True,,,,CPSF3
caffeine,CPT1A,CPT1A,True,,,,CPT1A
caffeine,CREB1,CREB1,True,,,,CREB1
caffeine,CREBBP,CREBBP,True,,,,CREBBP
caffeine,CRIPT,CRIPT,True,,,,CRIPT
caffeine,CRTC2,CRTC2,True,,,,CRTC2
caffeine,CRYBB1,CRYBB1,True,,,,CRYBB1
caffeine,CRYGMX,CRYGMX,True,,,,CRYGMX
caffeine,CSNK1G3,CSNK1G3,True,,,,CSNK1G3
caffeine,CSTF1,CSTF1,True,,,,CSTF1
caffeine,CTDP1,CTDP1,True,,,,CTDP1
caffeine,CTNNAL1,CTNNAL1,True,,,,CTNNAL1
caffeine,CTNNBIP1,CTNNBIP1,True,,,,CTNNBIP1
caffeine,CTSB,CTSB,True,,,,CTSB
caffeine,CTTN,CTTN,True,,,,CTTN
caffeine,CUL4A,CUL4A,True,,,,CUL4A
caffeine,CWF19L2,CWF19L2,True,,,,CWF19L2
caffeine,ZNF280C,ZNF280C,True,,,,ZNF280C
caffeine,ZNF318,ZNF318,True,,,,ZNF318
caffeine,ZNF33A,ZNF33A,True,,,,ZNF33A
caffeine,HMGCR,HMGCR,True,,,,HMGCR
caffeine,HMGCS1,HMGCS1,True,,,,HMGCS1
caffeine,Adenosine receptor A1,adenosine receptor a1,False,ADORA1,,False,ADORA1
caffeine,"Phosphatidylinositol 4,5-bisphosphate 3-kinase catalytic subunit delta isoform",phosphatidylinositol 4 5 bisphosphate 3 kinase catalytic subunit delta isoform,False,,,True,phosphatidylinositol 4 5 bisphosphate 3 kinase catalytic subunit delta isoform
caffeine,HMGN1,HMGN1,True,,,,HMGN1
caffeine,HNRNPA1,HNRNPA1,True,,,,HNRNPA1
caffeine,HNRNPAB,HNRNPAB,True,,,,HNRNPAB
caffeine,ZNF408,ZNF408,True,,,,ZNF408
caffeine,ZNF503,ZNF503,True,,,,ZNF503
caffeine,ZNF516,ZNF516,True,,,,ZNF516
caffeine,Adenosine receptor A2a,adenosine receptor a2a,False,ADORA2A,,False,ADORA2A
caffeine,Adenosine A2 receptor,adenosine a2 receptor,False,,,True,adenosine a2 receptor
caffeine,Adenosine receptor,adenosine receptor,False,ADORA2B,,False,ADORA2B
caffeine,HNRNPD,HNRNPD,True,,,,HNRNPD
caffeine,HNRNPF,HNRNPF,True,,,,HNRNPF
caffeine,HNRNPH3,HNRNPH3,True,,,,HNRNPH3
caffeine,ZNF579,ZNF579,True,,,,ZNF579
caffeine,ZNF609,ZNF609,True,,,,ZNF609
caffeine,ZNF641,ZNF641,True,,,,ZNF641
caffeine,HNRNPL,HNRNPL,True,,,,HNRNPL
caffeine,HNRNPU,HNRNPU,True,,,,HNRNPU
caffeine,HOOK3,HOOK3,True,,,,HOOK3
caffeine,A1 receptor,a1 receptor,False,EPHA1,,False,EPHA1
caffeine,"Glycogen phosphorylase, muscle form",glycogen phosphorylase muscle form,False,,,True,glycogen phosphorylase muscle form
caffeine,ZNF652,ZNF652,True,,,,ZNF652
caffeine,ZNF692,ZNF692,True,,,,ZNF692
caffeine,ZNF784,ZNF784,True,,,,ZNF784
caffeine,HPRT1,HPRT1,True,,,,HPRT1
caffeine,HRC,HRC,True,,,,HRC
caffeine,ZNRF2,ZNRF2,True,,,,ZNRF2
caffeine,ZSCAN5A,ZSCAN5A,True,,,,ZSCAN5A
caffeine,ZZEF1,ZZEF1,True,,,,ZZEF1
caffeine,HSD11B2,HSD11B2,True,,,,HSD11B2
caffeine,HSD3B1,HSD3B1,True,,,,HSD3B1
caffeine,HSP70L,HSP70L,True,,,,HSP70L
caffeine,HSP90AB2P,HSP90AB2P,True,,,,HSP90AB2P
caffeine,HSP90B2P,HSP90B2P,True,,,,HSP90B2P
caffeine,HSPA4L,HSPA4L,True,,,,HSPA4L
caffeine,HSPB1,HSPB1,True,,,,HSPB1
caffeine,HSPBP1,HSPBP1,True,,,,HSPBP1
caffeine,HSPH1,HSPH1,True,,,,HSPH1
caffeine,HUWE1,HUWE1,True,,,,HUWE1
caffeine,IBTK,IBTK,True,,,,IBTK
caffeine,ID2,ID2,True,,,,ID2
caffeine,IFNAR2,IFNAR2,True,,,,IFNAR2
caffeine,IGF1,IGF1,True,,,,IGF1
caffeine,IGF1,IGF1,True,,,,IGF1
caffeine,IGF2,IGF2,True,,,,IGF2
caffeine,IGLC6,IGLC6,True,,,,IGLC6
caffeine,IL10,IL10,True,,,,IL10
caffeine,IL1RL1,IL1RL1,True,,,,IL1RL1
caffeine,IL4RA,IL4RA,True,,,,IL4RA
caffeine,IL6,IL6,True,,,,IL6
caffeine,ILF3,ILF3,True,,,,ILF3
caffeine,INCENP,INCENP,True,,,,INCENP
caffeine,INO80C,INO80C,True,,,,INO80C
caffeine,INPPL1,INPPL1,True,,,,INPPL1
caffeine,INTS1,INTS1,True,,,,INTS1
caffeine,INTS7,INTS7,True,,,,INTS7
caffeine,IRAK1,IRAK1,True,,,,IRAK1
caffeine,IRF2BPL,IRF2BPL,True,,,,IRF2BPL
caffeine,ISYNA1,ISYNA1,True,,,,ISYNA1
caffeine,ITPKA,ITPKA,True,,,,ITPKA
caffeine,ITSN1,ITSN1,True,,,,ITSN1
caffeine,JAK3,JAK3,True,,,,JAK3
caffeine,JMY,JMY,True,,,,JMY
caffeine,JUP,JUP,True,,,,JUP
caffeine,KANSL1,KANSL1,True,,,,KANSL1
caffeine,KAT7,KAT7,True,,,,KAT7
caffeine,KAZN,KAZN,True,,,,KAZN
caffeine,KCTD14,KCTD14,True,,,,KCTD14
caffeine,KDM3A,KDM3A,True,,,,KDM3A
caffeine,KDM5C,KDM5C,True,,,,KDM5C
caffeine,KHDRBS1,KHDRBS1,True,,,,KHDRBS1
caffeine,A3 receptor,a3 receptor,False,ADORA3,,False,ADORA3
caffeine,KIAA0232,KIAA0232,True,,,,KIAA0232
caffeine,KIAA0930,KIAA0930,True,,,,KIAA0930
caffeine,KIAA1671,KIAA1671,True,,,,KIAA1671
caffeine,PTGER1,PTGER1,True,,,,PTGER1
caffeine,Carbonic anhydrase 1,carbonic anhydrase 1,False,CA1,,False,CA1
caffeine,KIF13A,KIF13A,True,,,,KIF13A
caffeine,KIF18B,KIF18B,True,,,,KIF18B
caffeine,KIF21A,KIF21A,True,,,,KIF21A
caffeine,KIF23,KIF23,True,,,,KIF23
caffeine,KIFBP,KIFBP,True,,,,KIFBP
caffeine,KLC2,KLC2,True,,,,KLC2
caffeine,KLHDC4,KLHDC4,True,,,,KLHDC4
caffeine,KLHL9,KLHL9,True,,,,KLHL9
caffeine,KNL1,KNL1,True,,,,KNL1
caffeine,KPNA6,KPNA6,True,,,,KPNA6
caffeine,KRT18,KRT18,True,,,,KRT18
caffeine,KSR1,KSR1,True,,,,KSR1
caffeine,LAMB1,LAMB1,True,,,,LAMB1
caffeine,LARP4,LARP4,True,,,,LARP4
caffeine,GEMIN6,GEMIN6,True,,,,GEMIN6
caffeine,GFER,GFER,True,,,,GFER
caffeine,USP40,USP40,True,,,,USP40
caffeine,USP5,USP5,True,,,,USP5
caffeine,USP8,USP8,True,,,,USP8
caffeine,GHITM,GHITM,True,,,,GHITM
caffeine,GINS2,GINS2,True,,,,GINS2
caffeine,GJA1,GJA1,True,,,,GJA1
caffeine,USP9Y,USP9Y,True,,,,USP9Y
caffeine,VAMP3,VAMP3,True,,,,VAMP3
caffeine,VARS1,VARS1,True,,,,VARS1
caffeine,GJA1,GJA1,True,,,,GJA1
caffeine,GLI3,GLI3,True,,,,GLI3
caffeine,GLUD1,GLUD1,True,,,,GLUD1
caffeine,VAT1,VAT1,True,,,,VAT1
caffeine,VCL,VCL,True,,,,VCL
caffeine,VDAC1,VDAC1,True,,,,VDAC1
caffeine,GMFB,GMFB,True,,,,GMFB
caffeine,GNAI1,GNAI1,True,,,,GNAI1
caffeine,GNAS,GNAS,True,,,,GNAS
caffeine,Adenosine receptor A2b,adenosine receptor a2b,False,ADORA2B,,False,ADORA2B
caffeine,VGLL4,VGLL4,True,,,,VGLL4
caffeine,VPS13C,VPS13C,True,,,,VPS13C
caffeine,VPS26B,VPS26B,True,,,,VPS26B
caffeine,GNG5,GNG5,True,,,,GNG5
caffeine,GOLGA1,GOLGA1,True,,,,GOLGA1
caffeine,GOLGB1,GOLGB1,True,,,,GOLGB1
caffeine,VPS54,VPS54,True,,,,VPS54
caffeine,VWA3A,VWA3A,True,,,,VWA3A
caffeine,Adenosine receptor A1,adenosine receptor a1,False,ADORA1,,False,ADORA1
caffeine,Adenosine receptor,adenosine receptor,False,ADORA2B,,False,ADORA2B
caffeine,Guanine deaminase,guanine deaminase,False,GDA,,False,GDA
caffeine,GOPC,GOPC,True,,,,GOPC
caffeine,GOT2,GOT2,True,,,,GOT2
caffeine,GPATCH2L,GPATCH2L,True,,,,GPATCH2L
caffeine,WASHC2C,WASHC2C,True,,,,WASHC2C
caffeine,WDCP,WDCP,True,,,,WDCP
caffeine,WDR20,WDR20,True,,,,WDR20
caffeine,A1 receptor,a1 receptor,False,EPHA1,,False,EPHA1
caffeine,"cAMP-specific 3',5'-cyclic phosphodiesterase 4A",camp specific 3 5 cyclic phosphodiesterase 4a,False,,,True,camp specific 3 5 cyclic phosphodiesterase 4a
caffeine,GPBP1L1,GPBP1L1,True,,,,GPBP1L1
caffeine,GPI,GPI,True,,,,GPI
caffeine,GPT,GPT,True,,,,GPT
caffeine,WDR33,WDR33,True,,,,WDR33
caffeine,WDR59,WDR59,True,,,,WDR59
caffeine,WFS1,WFS1,True,,,,WFS1
caffeine,GPX3,GPX3,True,,,,GPX3
caffeine,GRB10,GRB10,True,,,,GRB10
caffeine,WNK2,WNK2,True,,,,WNK2
caffeine,WRAP73,WRAP73,True,,,,WRAP73
caffeine,WWC1,WWC1,True,,,,WWC1
caffeine,GRHL1,GRHL1,True,,,,GRHL1
caffeine,GRIN2A,GRIN2A,True,,,,GRIN2A
caffeine,GRK5,GRK5,True,,,,GRK5
caffeine,XDH,XDH,True,,,,XDH
caffeine,XPO1,XPO1,True,,,,XPO1
caffeine,XRCC4,XRCC4,True,,,,XRCC4
caffeine,GRWD1,GRWD1,True,,,,GRWD1
caffeine,GSK3A,GSK3A,True,,,,GSK3A
caffeine,GSR,GSR,True,,,,GSR
caffeine,XRN2,XRN2,True,,,,XRN2
caffeine,YBX3,YBX3,True,,,,YBX3
caffeine,A3 receptor,a3 receptor,False,ADORA3,,False,ADORA3
caffeine,A2B receptor,a2b receptor,False,ADORA2B,,False,ADORA2B
caffeine,GSTD7,GSTD7,True,,,,GSTD7
caffeine,GSTO1,GSTO1,True,,,,GSTO1
caffeine,GTF2F2,GTF2F2,True,,,,GTF2F2
caffeine,Carbonic anhydrase 2,carbonic anhydrase 2,False,CA2,,False,CA2
caffeine,YJU2B,YJU2B,True,,,,YJU2B
caffeine,YTHDC2,YTHDC2,True,,,,YTHDC2
caffeine,YWHAE,YWHAE,True,,,,YWHAE
caffeine,GTF3C1,GTF3C1,True,,,,GTF3C1
caffeine,GTPBP1,GTPBP1,True,,,,GTPBP1
caffeine,GZF1,GZF1,True,,,,GZF1
caffeine,ZBED4,ZBED4,True,,,,ZBED4
caffeine,ZBTB2,ZBTB2,True,,,,ZBTB2
caffeine,ZBTB44,ZBTB44,True,,,,ZBTB44
caffeine,H1-4,h1 4,False,,,True,h1 4
caffeine,H1F0,H1F0,True,,,,H1F0
caffeine,H2AX,H2AX,True,,,,H2AX
caffeine,ZBTB49,ZBTB49,True,,,,ZBTB49
caffeine,ZC2HC1A,ZC2HC1A,True,,,,ZC2HC1A
caffeine,ZC3H15,ZC3H15,True,,,,ZC3H15
caffeine,H3C15,H3C15,True,,,,H3C15
caffeine,HACE1,HACE1,True,,,,HACE1
caffeine,ADORA1,ADORA1,True,,,,ADORA1
caffeine,ZC3H3,ZC3H3,True,,,,ZC3H3
caffeine,ZC3HAV1,ZC3HAV1,True,,,,ZC3HAV1
caffeine,ZCCHC2,ZCCHC2,True,,,,ZCCHC2
caffeine,HBA-A1,hba a1,False,,,True,hba a1
caffeine,HDAC2,HDAC2,True,,,,HDAC2
caffeine,HDAC7,HDAC7,True,,,,HDAC7
caffeine,ZDHHC7,ZDHHC7,True,,,,ZDHHC7
caffeine,ZFAND3,ZFAND3,True,,,,ZFAND3
caffeine,HDGF,HDGF,True,,,,HDGF
caffeine,HE1.3,he1 3,False,,,True,he1 3
caffeine,HEBP2,HEBP2,True,,,,HEBP2
caffeine,IL6,IL6,True,,,,IL6
caffeine,ILF3,ILF3,True,,,,ILF3
caffeine,INAVA,INAVA,True,,,,INAVA
caffeine,INO80B,INO80B,True,,,,INO80B
caffeine,INPP5F,INPP5F,True,,,,INPP5F
caffeine,INSIG1,INSIG1,True,,,,INSIG1
caffeine,INSR,INSR,True,,,,INSR
caffeine,INTS3,INTS3,True,,,,INTS3
caffeine,IQSEC1,IQSEC1,True,,,,IQSEC1
caffeine,IRF2BP2,IRF2BP2,True,,,,IRF2BP2
caffeine,ISLR2,ISLR2,True,,,,ISLR2
caffeine,ITGB1,ITGB1,True,,,,ITGB1
caffeine,ITM2B,ITM2B,True,,,,ITM2B
caffeine,ITPRID2,ITPRID2,True,,,,ITPRID2
caffeine,IWS1,IWS1,True,,,,IWS1
caffeine,JAG1,JAG1,True,,,,JAG1
caffeine,JMJD1C,JMJD1C,True,,,,JMJD1C
caffeine,JUN,JUN,True,,,,JUN
caffeine,JUND,JUND,True,,,,JUND
caffeine,KANK2,KANK2,True,,,,KANK2
caffeine,KAT6B,KAT6B,True,,,,KAT6B
caffeine,KATNIP,KATNIP,True,,,,KATNIP
caffeine,KCNAB2,KCNAB2,True,,,,KCNAB2
caffeine,KDM2B,KDM2B,True,,,,KDM2B
caffeine,KDM4C,KDM4C,True,,,,KDM4C
caffeine,KHDC4,KHDC4,True,,,,KHDC4
caffeine,KHSRP,KHSRP,True,,,,KHSRP
caffeine,KIAA0753,KIAA0753,True,,,,KIAA0753
caffeine,KIAA1328,KIAA1328,True,,,,KIAA1328
caffeine,KIDINS220,KIDINS220,True,,,,KIDINS220
caffeine,KIF18A,KIF18A,True,,,,KIF18A
caffeine,KIF20B,KIF20B,True,,,,KIF20B
caffeine,KIF4A,KIF4A,True,,,,KIF4A
caffeine,KIZ,KIZ,True,,,,KIZ
caffeine,KLF4,KLF4,True,,,,KLF4
caffeine,KLHL32,KLHL32,True,,,,KLHL32
caffeine,KMT2C,KMT2C,True,,,,KMT2C
caffeine,KMT2D,KMT2D,True,,,,KMT2D
caffeine,KPNA2,KPNA2,True,,,,KPNA2
caffeine,KRT1,KRT1,True,,,,KRT1
caffeine,KRT84,KRT84,True,,,,KRT84
caffeine,LAD1,LAD1,True,,,,LAD1
caffeine,LARP1B,LARP1B,True,,,,LARP1B
caffeine,IL6ST,IL6ST,True,,,,IL6ST
caffeine,IMPDH2,IMPDH2,True,,,,IMPDH2
caffeine,INO80,INO80,True,,,,INO80
caffeine,INPP5D,INPP5D,True,,,,INPP5D
caffeine,INS1,INS1,True,,,,INS1
caffeine,INSR,INSR,True,,,,INSR
caffeine,INTS13,INTS13,True,,,,INTS13
caffeine,IQGAP3,IQGAP3,True,,,,IQGAP3
caffeine,IRF2BP1,IRF2BP1,True,,,,IRF2BP1
caffeine,IRX3,IRX3,True,,,,IRX3
caffeine,ITGAM,ITGAM,True,,,,ITGAM
caffeine,ITIH2,ITIH2,True,,,,ITIH2
caffeine,ITPR3,ITPR3,True,,,,ITPR3
caffeine,IVNS1ABP,IVNS1ABP,True,,,,IVNS1ABP
caffeine,JADE3,JADE3,True,,,,JADE3
caffeine,JHEH1,JHEH1,True,,,,JHEH1
caffeine,JRK,JRK,True,,,,JRK
caffeine,JUNB,JUNB,True,,,,JUNB
caffeine,KANK1,KANK1,True,,,,KANK1
caffeine,KAT6A,KAT6A,True,,,,KAT6A
caffeine,KATNA1,KATNA1,True,,,,KATNA1
caffeine,KCMF1,KCMF1,True,,,,KCMF1
caffeine,KDM2A,KDM2A,True,,,,KDM2A
caffeine,KDM4A,KDM4A,True,,,,KDM4A
caffeine,KGD4,KGD4,True,,,,KGD4
caffeine,KIAA0586,KIAA0586,True,,,,KIAA0586
caffeine,KIAA1217,KIAA1217,True,,,,KIAA1217
caffeine,KIF16B,KIF16B,True,,,,KIF16B
caffeine,KIF20A,KIF20A,True,,,,KIF20A
caffeine,KIF3B,KIF3B,True,,,,KIF3B
caffeine,KIN,KIN,True,,,,KIN
caffeine,KLF16,KLF16,True,,,,KLF16
caffeine,KLF4,KLF4,True,,,,KLF4
caffeine,KLHL22,KLHL22,True,,,,KLHL22
caffeine,KMT2B,KMT2B,True,,,,KMT2B
caffeine,KNTC1,KNTC1,True,,,,KNTC1
caffeine,KRABD3,KRABD3,True,,,,KRABD3
caffeine,KRT36,KRT36,True,,,,KRT36
caffeine,KTN1,KTN1,True,,,,KTN1
caffeine,LARP1,LARP1,True,,,,LARP1
caffeine,LARP4B,LARP4B,True,,,,LARP4B
caffeine,LASP1,LASP1,True,,,,LASP1
caffeine,LCK,LCK,True,,,,LCK
caffeine,LDHA,LDHA,True,,,,LDHA
caffeine,LEMD3,LEMD3,True,,,,LEMD3
caffeine,LEP,LEP,True,,,,LEP
caffeine,LGALS2,LGALS2,True,,,,LGALS2
caffeine,LIG3,LIG3,True,,,,LIG3
caffeine,LIMD1,LIMD1,True,,,,LIMD1
caffeine,LIMK2,LIMK2,True,,,,LIMK2
caffeine,LIN9,LIN9,True,,,,LIN9
caffeine,LMNB1,LMNB1,True,,,,LMNB1
caffeine,LMNB2,LMNB2,True,,,,LMNB2
caffeine,LONP2,LONP2,True,,,,LONP2
caffeine,LPIN3,LPIN3,True,,,,LPIN3
caffeine,LPP,LPP,True,,,,LPP
caffeine,LRIF1,LRIF1,True,,,,LRIF1
caffeine,LRRC45,LRRC45,True,,,,LRRC45
caffeine,LRRC8A,LRRC8A,True,,,,LRRC8A
caffeine,LRSAM1,LRSAM1,True,,,,LRSAM1
caffeine,LSM14A,LSM14A,True,,,,LSM14A
caffeine,LTV1,LTV1,True,,,,LTV1
caffeine,LUZP1,LUZP1,True,,,,LUZP1
caffeine,MACF1,MACF1,True,,,,MACF1
caffeine,MACROH2A1,MACROH2A1,True,,,,MACROH2A1
caffeine,MAFK,MAFK,True,,,,MAFK
caffeine,MAGI2,MAGI2,True,,,,MAGI2
caffeine,MALT1,MALT1,True,,,,MALT1
caffeine,MAOA,MAOA,True,,,,MAOA
caffeine,MAP1S,MAP1S,True,,,,MAP1S
caffeine,MAP2K7,MAP2K7,True,,,,MAP2K7
caffeine,MAP3K12,MAP3K12,True,,,,MAP3K12
caffeine,MAP3K4,MAP3K4,True,,,,MAP3K4
caffeine,MAP3K9,MAP3K9,True,,,,MAP3K9
caffeine,MAP4K5,MAP4K5,True,,,,MAP4K5
caffeine,MAPK1,MAPK1,True,,,,MAPK1
caffeine,MAPK1IP1L,MAPK1IP1L,True,,,,MAPK1IP1L
caffeine,MAPK7,MAPK7,True,,,,MAPK7
caffeine,MAPKAPK3,MAPKAPK3,True,,,,MAPKAPK3
caffeine,MAPT,MAPT,True,,,,MAPT
caffeine,MARF1,MARF1,True,,,,MARF1
caffeine,MAST3,MAST3,True,,,,MAST3
caffeine,MAVS,MAVS,True,,,,MAVS
caffeine,MBD4,MBD4,True,,,,MBD4
caffeine,MBIP,MBIP,True,,,,MBIP
caffeine,MCL1,MCL1,True,,,,MCL1
caffeine,MCM4,MCM4,True,,,,MCM4
caffeine,MCM8,MCM8,True,,,,MCM8
caffeine,MCRIP2,MCRIP2,True,,,,MCRIP2
caffeine,MDH2,MDH2,True,,,,MDH2
caffeine,ITPR1,ITPR1,True,,,,ITPR1
caffeine,ZFP276,ZFP276,True,,,,ZFP276
caffeine,ZFP553,ZFP553,True,,,,ZFP553
caffeine,ZFYVE16,ZFYVE16,True,,,,ZFYVE16
caffeine,HELB,HELB,True,,,,HELB
caffeine,HELZ,HELZ,True,,,,HELZ
caffeine,HEXIM2,HEXIM2,True,,,,HEXIM2
caffeine,MYO9B,MYO9B,True,,,,MYO9B
caffeine,ZHX3,ZHX3,True,,,,ZHX3
caffeine,ZKSCAN8,ZKSCAN8,True,,,,ZKSCAN8
caffeine,ZMYND8,ZMYND8,True,,,,ZMYND8
caffeine,HHIPL2,HHIPL2,True,,,,HHIPL2
caffeine,HINT1,HINT1,True,,,,HINT1
caffeine,HIVEP1,HIVEP1,True,,,,HIVEP1
caffeine,ZNF142,ZNF142,True,,,,ZNF142
caffeine,ZNF219,ZNF219,True,,,,ZNF219
caffeine,ZNF280B,ZNF280B,True,,,,ZNF280B
caffeine,HMGA1,HMGA1,True,,,,HMGA1
caffeine,HMGB1,HMGB1,True,,,,HMGB1
caffeine,ZNF316,ZNF316,True,,,,ZNF316
caffeine,ZNF337,ZNF337,True,,,,ZNF337
caffeine,HMGCR,HMGCR,True,,,,HMGCR
caffeine,HMGCS1,HMGCS1,True,,,,HMGCS1
caffeine,HNF1A,HNF1A,True,,,,HNF1A
caffeine,HNRNPA3,HNRNPA3,True,,,,HNRNPA3
caffeine,ZNF407,ZNF407,True,,,,ZNF407
caffeine,ZNF502,ZNF502,True,,,,ZNF502
caffeine,ZNF513,ZNF513,True,,,,ZNF513
caffeine,HNRNPF,HNRNPF,True,,,,HNRNPF
caffeine,HNRNPH2,HNRNPH2,True,,,,HNRNPH2
caffeine,ZNF518A,ZNF518A,True,,,,ZNF518A
caffeine,ZNF598,ZNF598,True,,,,ZNF598
caffeine,ZNF639,ZNF639,True,,,,ZNF639
caffeine,HNRNPK,HNRNPK,True,,,,HNRNPK
caffeine,HNRNPR,HNRNPR,True,,,,HNRNPR
caffeine,HOMER3,HOMER3,True,,,,HOMER3
caffeine,ZNF691,ZNF691,True,,,,ZNF691
caffeine,ZNF777,ZNF777,True,,,,ZNF777
caffeine,HPD,HPD,True,,,,HPD
caffeine,HRAS,HRAS,True,,,,HRAS
caffeine,HSD11B2,HSD11B2,True,,,,HSD11B2
caffeine,ZNHIT6,ZNHIT6,True,,,,ZNHIT6
caffeine,ZRANB3,ZRANB3,True,,,,ZRANB3
caffeine,ZYX,ZYX,True,,,,ZYX
caffeine,HSD3B1,HSD3B1,True,,,,HSD3B1
caffeine,HSP70.3,hsp70 3,False,ST13P3,,False,ST13P3
caffeine,HSP90AB1,HSP90AB1,True,,,,HSP90AB1
caffeine,HSP90B1,HSP90B1,True,,,,HSP90B1
caffeine,HSPA4,HSPA4,True,,,,HSPA4
caffeine,CACNA1S,CACNA1S,True,,,,CACNA1S
caffeine,HSPB1,HSPB1,True,,,,HSPB1
caffeine,HSPB6,HSPB6,True,,,,HSPB6
caffeine,HSPG2,HSPG2,True,,,,HSPG2
caffeine,HTT,HTT,True,,,,HTT
caffeine,IBSP,IBSP,True,,,,IBSP
caffeine,ICE1,ICE1,True,,,,ICE1
caffeine,ICE2,ICE2,True,,,,ICE2
caffeine,IFITM2,IFITM2,True,,,,IFITM2
caffeine,IFT74,IFT74,True,,,,IFT74
caffeine,IGF1,IGF1,True,,,,IGF1
caffeine,IGF1R,IGF1R,True,,,,IGF1R
caffeine,IGFN1.1,igfn1 1,False,,,True,igfn1 1
caffeine,IKZF4,IKZF4,True,,,,IKZF4
caffeine,IL12A,IL12A,True,,,,IL12A
caffeine,IL1B,IL1B,True,,,,IL1B
caffeine,IL4RA,IL4RA,True,,,,IL4RA
caffeine,LAS1L,LAS1L,True,,,,LAS1L
caffeine,LBR,LBR,True,,,,LBR
caffeine,LEMD2,LEMD2,True,,,,LEMD2
caffeine,LEP,LEP,True,,,,LEP
caffeine,LEPR,LEPR,True,,,,LEPR
caffeine,LIG1,LIG1,True,,,,LIG1
caffeine,LIMA1,LIMA1,True,,,,LIMA1
caffeine,LIMK1,LIMK1,True,,,,LIMK1
caffeine,LIN7B,LIN7B,True,,,,LIN7B
caffeine,LMNA,LMNA,True,,,,LMNA
caffeine,LMNB1,LMNB1,True,,,,LMNB1
caffeine,LNPEP,LNPEP,True,,,,LNPEP
caffeine,LPIN2,LPIN2,True,,,,LPIN2
caffeine,LPL,LPL,True,,,,LPL
caffeine,LRCH4,LRCH4,True,,,,LRCH4
caffeine,LRRC41,LRRC41,True,,,,LRRC41
caffeine,LRRN1,LRRN1,True,,,,LRRN1
caffeine,LSM12,LSM12,True,,,,LSM12
caffeine,LSS,LSS,True,,,,LSS
caffeine,LUC7L3,LUC7L3,True,,,,LUC7L3
caffeine,LZTS2,LZTS2,True,,,,LZTS2
caffeine,MAFF,MAFF,True,,,,MAFF
caffeine,MAGI1,MAGI1,True,,,,MAGI1
caffeine,MAN2A1,MAN2A1,True,,,,MAN2A1
caffeine,MAP1LC3B,MAP1LC3B,True,,,,MAP1LC3B
caffeine,MAP2K4,MAP2K4,True,,,,MAP2K4
caffeine,MAP3K11,MAP3K11,True,,,,MAP3K11
caffeine,MAP3K3,MAP3K3,True,,,,MAP3K3
caffeine,A2B receptor,a2b receptor,False,ADORA2B,,False,ADORA2B
caffeine,MAP4K4,MAP4K4,True,,,,MAP4K4
caffeine,MAP9,MAP9,True,,,,MAP9
caffeine,NOS1,NOS1,True,,,,NOS1
caffeine,MAPK15,MAPK15,True,,,,MAPK15
caffeine,MAPK3,MAPK3,True,,,,MAPK3
caffeine,MAPKAP1,MAPKAP1,True,,,,MAPKAP1
caffeine,MAPT,MAPT,True,,,,MAPT
caffeine,MARCKSL1,MARCKSL1,True,,,,MARCKSL1
caffeine,MARK4,MARK4,True,,,,MARK4
caffeine,MAST2,MAST2,True,,,,MAST2
caffeine,MATR3,MATR3,True,,,,MATR3
caffeine,MBD2,MBD2,True,,,,MBD2
caffeine,MBD6,MBD6,True,,,,MBD6
caffeine,MCCC1,MCCC1,True,,,,MCCC1
caffeine,MCM3,MCM3,True,,,,MCM3
caffeine,MCM6,MCM6,True,,,,MCM6
caffeine,MCPH1,MCPH1,True,,,,MCPH1
caffeine,MDC1,MDC1,True,,,,MDC1
caffeine,"Glycogen phosphorylase, muscle form",glycogen phosphorylase muscle form,False,,,True,glycogen phosphorylase muscle form
caffeine,ADORA1,ADORA1,True,,,,ADORA1
caffeine,LARS1,LARS1,True,,,,LARS1
caffeine,LATS2,LATS2,True,,,,LATS2
caffeine,LDHA,LDHA,True,,,,LDHA
caffeine,LDLR,LDLR,True,,,,LDLR
caffeine,LEO1,LEO1,True,,,,LEO1
caffeine,LEPR,LEPR,True,,,,LEPR
caffeine,LGR5,LGR5,True,,,,LGR5
caffeine,LIM2.4,lim2 4,False,,,True,lim2 4
caffeine,LIME1,LIME1,True,,,,LIME1
caffeine,LIN54,LIN54,True,,,,LIN54
caffeine,LLGL2,LLGL2,True,,,,LLGL2
caffeine,LMTK2,LMTK2,True,,,,LMTK2
caffeine,LPIN1,LPIN1,True,,,,LPIN1
caffeine,LRCH1,LRCH1,True,,,,LRCH1
caffeine,LRP6,LRP6,True,,,,LRP6
caffeine,LRRFIP2,LRRFIP2,True,,,,LRRFIP2
caffeine,LSG1,LSG1,True,,,,LSG1
caffeine,LSR,LSR,True,,,,LSR
caffeine,LUC7L2,LUC7L2,True,,,,LUC7L2
caffeine,LYSMD3,LYSMD3,True,,,,LYSMD3
caffeine,MAF1,MAF1,True,,,,MAF1
caffeine,MAGED4,MAGED4,True,,,,MAGED4
caffeine,MAL2,MAL2,True,,,,MAL2
caffeine,MAML2,MAML2,True,,,,MAML2
caffeine,MAP1LC3B,MAP1LC3B,True,,,,MAP1LC3B
caffeine,MAP3K1,MAP3K1,True,,,,MAP3K1
caffeine,MAP3K20,MAP3K20,True,,,,MAP3K20
caffeine,VDR,VDR,True,,,,VDR
caffeine,A3 receptor,a3 receptor,False,ADORA3,,False,ADORA3
caffeine,A2B receptor,a2b receptor,False,ADORA2B,,False,ADORA2B
caffeine,MAP4K2,MAP4K2,True,,,,MAP4K2
caffeine,MAP7D2,MAP7D2,True,,,,MAP7D2
caffeine,MAPK1,MAPK1,True,,,,MAPK1
caffeine,TOP1,TOP1,True,,,,TOP1
caffeine,MAPK1,MAPK1,True,,,,MAPK1
caffeine,MAPK3,MAPK3,True,,,,MAPK3
caffeine,MAPK9,MAPK9,True,,,,MAPK9
caffeine,MAPRE2,MAPRE2,True,,,,MAPRE2
caffeine,MARCKS,MARCKS,True,,,,MARCKS
caffeine,MARK3,MARK3,True,,,,MARK3
caffeine,MARVELD2,MARVELD2,True,,,,MARVELD2
caffeine,MASTL,MASTL,True,,,,MASTL
caffeine,MBD1,MBD1,True,,,,MBD1
caffeine,MBD5,MBD5,True,,,,MBD5
caffeine,MCC,MCC,True,,,,MCC
caffeine,MCM2,MCM2,True,,,,MCM2
caffeine,MCMBP,MCMBP,True,,,,MCMBP
caffeine,MCTP2,MCTP2,True,,,,MCTP2
caffeine,ADORA2A,ADORA2A,True,,,,ADORA2A
caffeine,MED1,MED1,True,,,,MED1
caffeine,MED15,MED15,True,,,,MED15
caffeine,MED26,MED26,True,,,,MED26
caffeine,MEIS2,MEIS2,True,,,,MEIS2
caffeine,MERTK,MERTK,True,,,,MERTK
caffeine,METTL22,METTL22,True,,,,METTL22
caffeine,DAGLA,DAGLA,True,,,,DAGLA
caffeine,METTL2B,METTL2B,True,,,,METTL2B
caffeine,MFAP1,MFAP1,True,,,,MFAP1
caffeine,MFN2,MFN2,True,,,,MFN2
caffeine,MGRN1,MGRN1,True,,,,MGRN1
caffeine,MICA,MICA,True,,,,MICA
caffeine,MICB,MICB,True,,,,MICB
caffeine,Potassium voltage-gated channel subfamily H member 2,potassium voltage gated channel subfamily h member 2,False,KCNH2,,False,KCNH2
caffeine,Acetylcholinesterase,acetylcholinesterase,False,ACHE,,False,ACHE
caffeine,5'-nucleotidase,5 nucleotidase,False,NT5E,,False,NT5E
caffeine,"3',5'-cyclic-AMP phosphodiesterase 4B",3 5 cyclic amp phosphodiesterase 4b,False,,,True,3 5 cyclic amp phosphodiesterase 4b
caffeine,MIER1,MIER1,True,,,,MIER1
caffeine,MIIP,MIIP,True,,,,MIIP
caffeine,MIPB,MIPB,True,,,,MIPB
caffeine,Adenosine receptor A1,adenosine receptor a1,False,ADORA1,,False,ADORA1
caffeine,Adenosine A2 receptor,adenosine a2 receptor,False,,,True,adenosine a2 receptor
caffeine,Adenosine receptor,adenosine receptor,False,ADORA2B,,False,ADORA2B
caffeine,Adenosine receptor A2b,adenosine receptor a2b,False,ADORA2B,,False,ADORA2B
caffeine,"cGMP-inhibited 3',5'-cyclic phosphodiesterase 3A",cgmp inhibited 3 5 cyclic phosphodiesterase 3a,False,,,True,cgmp inhibited 3 5 cyclic phosphodiesterase 3a
caffeine,"Dual 3',5'-cyclic-AMP and -GMP phosphodiesterase 11A",dual 3 5 cyclic amp and gmp phosphodiesterase 11a,False,,,True,dual 3 5 cyclic amp and gmp phosphodiesterase 11a
caffeine,MIS18BP1,MIS18BP1,True,,,,MIS18BP1
caffeine,MKI67,MKI67,True,,,,MKI67
caffeine,MLXIPL,MLXIPL,True,,,,MLXIPL
caffeine,"High affinity cAMP-specific and IBMX-insensitive 3',5'-cyclic phosphodiesterase 8A",high affinity camp specific and ibmx insensitive 3 5 cyclic phosphodiesterase 8a,False,,,True,high affinity camp specific and ibmx insensitive 3 5 cyclic phosphodiesterase 8a
caffeine,"Rod cGMP-specific 3',5'-cyclic phosphodiesterase subunit beta",rod cgmp specific 3 5 cyclic phosphodiesterase subunit beta,False,,,True,rod cgmp specific 3 5 cyclic phosphodiesterase subunit beta
caffeine,DNA-dependent protein kinase catalytic subunit,dna dependent protein kinase catalytic subunit,False,,,True,dna dependent protein kinase catalytic subunit
caffeine,Chitotriosidase-1,chitotriosidase 1,False,,,True,chitotriosidase 1
caffeine,MMGT1,MMGT1,True,,,,MMGT1
caffeine,MMP7,MMP7,True,,,,MMP7
caffeine,"Phosphatidylinositol 4,5-bisphosphate 3-kinase catalytic subunit beta isoform",phosphatidylinositol 4 5 bisphosphate 3 kinase catalytic subunit beta isoform,False,,,True,phosphatidylinositol 4 5 bisphosphate 3 kinase catalytic subunit beta isoform
caffeine,Serine-protein kinase ATM,serine protein kinase atm,False,,,True,serine protein kinase atm
caffeine,Cytochrome P450 2C8,cytochrome p450 2c8,False,,,True,cytochrome p450 2c8
caffeine,Cytochrome P450 2D6,cytochrome p450 2d6,False,LOC107987479,,False,LOC107987479
caffeine,MON2,MON2,True,,,,MON2
caffeine,MOV10,MOV10,True,,,,MOV10
caffeine,MPLKIP,MPLKIP,True,,,,MPLKIP
caffeine,RyR3,ryr3,False,RYR3-DT,,False,RYR3-DT
caffeine,MRGBP,MRGBP,True,,,,MRGBP
caffeine,MRPL20,MRPL20,True,,,,MRPL20
caffeine,MRTFA,MRTFA,True,,,,MRTFA
caffeine,MSH6,MSH6,True,,,,MSH6
caffeine,MSMO1,MSMO1,True,,,,MSMO1
caffeine,IL6,IL6,True,,,,IL6
caffeine,ILKAP,ILKAP,True,,,,ILKAP
caffeine,INF2,INF2,True,,,,INF2
caffeine,ING5,ING5,True,,,,ING5
caffeine,INO80D,INO80D,True,,,,INO80D
caffeine,INS,INS,True,,,,INS
caffeine,Potassium channel subfamily K member 2,potassium channel subfamily k member 2,False,KCNK2,,False,KCNK2
caffeine,INTS12,INTS12,True,,,,INTS12
caffeine,IQGAP2,IQGAP2,True,,,,IQGAP2
caffeine,IREB2,IREB2,True,,,,IREB2
caffeine,IRS1,IRS1,True,,,,IRS1
caffeine,ITGA4,ITGA4,True,,,,ITGA4
caffeine,ITGB4,ITGB4,True,,,,ITGB4
caffeine,ITPR1,ITPR1,True,,,,ITPR1
caffeine,ITSN2,ITSN2,True,,,,ITSN2
caffeine,JADE2,JADE2,True,,,,JADE2
caffeine,JARID2,JARID2,True,,,,JARID2
caffeine,JOSD1,JOSD1,True,,,,JOSD1
caffeine,JUN,JUN,True,,,,JUN
caffeine,KALRN,KALRN,True,,,,KALRN
caffeine,KARS1,KARS1,True,,,,KARS1
caffeine,KAT8,KAT8,True,,,,KAT8
caffeine,KBTBD7,KBTBD7,True,,,,KBTBD7
caffeine,KCTD3,KCTD3,True,,,,KCTD3
caffeine,KDM3B,KDM3B,True,,,,KDM3B
caffeine,KDR,KDR,True,,,,KDR
caffeine,KHSRP,KHSRP,True,,,,KHSRP
caffeine,KIAA0319L,KIAA0319L,True,,,,KIAA0319L
caffeine,KIAA1143,KIAA1143,True,,,,KIAA1143
caffeine,KIDINS220,KIDINS220,True,,,,KIDINS220
caffeine,KIF15,KIF15,True,,,,KIF15
caffeine,KIF1B,KIF1B,True,,,,KIF1B
caffeine,KIF22,KIF22,True,,,,KIF22
caffeine,KIF2C,KIF2C,True,,,,KIF2C
caffeine,KIFC3,KIFC3,True,,,,KIFC3
caffeine,KLC4,KLC4,True,,,,KLC4
caffeine,KLF3,KLF3,True,,,,KLF3
caffeine,KLHL14,KLHL14,True,,,,KLHL14
caffeine,KMT2A,KMT2A,True,,,,KMT2A
caffeine,KNOP1,KNOP1,True,,,,KNOP1
caffeine,KPNB1,KPNB1,True,,,,KPNB1
caffeine,KRT18,KRT18,True,,,,KRT18
caffeine,KTI12,KTI12,True,,,,KTI12
caffeine,LAMTOR1,LAMTOR1,True,,,,LAMTOR1
caffeine,MDN1,MDN1,True,,,,MDN1
caffeine,MED13L,MED13L,True,,,,MED13L
caffeine,MED24,MED24,True,,,,MED24
caffeine,MEF2C,MEF2C,True,,,,MEF2C
caffeine,MEPCE,MEPCE,True,,,,MEPCE
caffeine,METTL21A,METTL21A,True,,,,METTL21A
caffeine,MEX3D,MEX3D,True,,,,MEX3D
caffeine,MFN1,MFN1,True,,,,MFN1
caffeine,"3',5'-cyclic-AMP phosphodiesterase 4D",3 5 cyclic amp phosphodiesterase 4d,False,,,True,3 5 cyclic amp phosphodiesterase 4d
caffeine,MGME1,MGME1,True,,,,MGME1
caffeine,MIA3,MIA3,True,,,,MIA3
caffeine,MICALL2,MICALL2,True,,,,MICALL2
caffeine,"Dual specificity calcium/calmodulin-dependent 3',5'-cyclic nucleotide phosphodiesterase 1B",dual specificity calcium calmodulin dependent 3 5 cyclic nucleotide phosphodiesterase 1b,False,,,True,dual specificity calcium calmodulin dependent 3 5 cyclic nucleotide phosphodiesterase 1b
caffeine,"3',5'-cyclic-AMP phosphodiesterase 4A",3 5 cyclic amp phosphodiesterase 4a,False,,,True,3 5 cyclic amp phosphodiesterase 4a
caffeine,MIGA2,MIGA2,True,,,,MIGA2
caffeine,MINK1,MINK1,True,,,,MINK1
caffeine,"cGMP-dependent 3',5'-cyclic phosphodiesterase",cgmp dependent 3 5 cyclic phosphodiesterase,False,,,True,cgmp dependent 3 5 cyclic phosphodiesterase
caffeine,"Cone cGMP-specific 3',5'-cyclic phosphodiesterase subunit alpha'",cone cgmp specific 3 5 cyclic phosphodiesterase subunit alpha,False,,,True,cone cgmp specific 3 5 cyclic phosphodiesterase subunit alpha
caffeine,MIR421,MIR421,True,,,,MIR421
caffeine,MKI67,MKI67,True,,,,MKI67
caffeine,MLLT6,MLLT6,True,,,,MLLT6
caffeine,"High affinity 3',5'-cyclic-AMP phosphodiesterase 7A",high affinity 3 5 cyclic amp phosphodiesterase 7a,False,,,True,high affinity 3 5 cyclic amp phosphodiesterase 7a
caffeine,"Rod cGMP-specific 3',5'-cyclic phosphodiesterase subunit alpha",rod cgmp specific 3 5 cyclic phosphodiesterase subunit alpha,False,,,True,rod cgmp specific 3 5 cyclic phosphodiesterase subunit alpha
caffeine,MMAA,MMAA,True,,,,MMAA
caffeine,MMP15,MMP15,True,,,,MMP15
caffeine,MOGAT1,MOGAT1,True,,,,MOGAT1
caffeine,"Phosphatidylinositol 4,5-bisphosphate 3-kinase catalytic subunit alpha isoform",phosphatidylinositol 4 5 bisphosphate 3 kinase catalytic subunit alpha isoform,False,,,True,phosphatidylinositol 4 5 bisphosphate 3 kinase catalytic subunit alpha isoform
caffeine,"Inositol 1,4,5-trisphosphate-gated calcium channel ITPR3",inositol 1 4 5 trisphosphate gated calcium channel itpr3,False,,,True,inositol 1 4 5 trisphosphate gated calcium channel itpr3
caffeine,Cytochrome P450 2E1,cytochrome p450 2e1,False,,,True,cytochrome p450 2e1
caffeine,Cytochrome P450 1B1,cytochrome p450 1b1,False,,,True,cytochrome p450 1b1
caffeine,Adenosine receptor A2a,adenosine receptor a2a,False,ADORA2A,,False,ADORA2A
caffeine,MON1B,MON1B,True,,,,MON1B
caffeine,MOS,MOS,True,,,,MOS
caffeine,MPHOSPH9,MPHOSPH9,True,,,,MPHOSPH9
caffeine,Adenosine receptor A2b,adenosine receptor a2b,False,ADORA2B,,False,ADORA2B
caffeine,IP3R1,IP3R1,True,,,,IP3R1
caffeine,MRE11,MRE11,True,,,,MRE11
caffeine,MRPL19,MRPL19,True,,,,MRPL19
caffeine,MRPS5,MRPS5,True,,,,MRPS5
caffeine,MSH2,MSH2,True,,,,MSH2
caffeine,MSMO1,MSMO1,True,,,,MSMO1
caffeine,CYP2A6,CYP2A6,True,,,,CYP2A6
caffeine,MSTO1,MSTO1,True,,,,MSTO1
caffeine,PHF6,PHF6,True,,,,PHF6
caffeine,PHKB,PHKB,True,,,,PHKB
caffeine,PHLDB3,PHLDB3,True,,,,PHLDB3
caffeine,PI4K2B,PI4K2B,True,,,,PI4K2B
caffeine,PICALM,PICALM,True,,,,PICALM
caffeine,PIGC,PIGC,True,,,,PIGC
caffeine,PIKFYVE,PIKFYVE,True,,,,PIKFYVE
caffeine,PIP5K1A,PIP5K1A,True,,,,PIP5K1A
caffeine,PITX2,PITX2,True,,,,PITX2
caffeine,PKMYT1,PKMYT1,True,,,,PKMYT1
caffeine,PKP3,PKP3,True,,,,PKP3
caffeine,PLCB1,PLCB1,True,,,,PLCB1
caffeine,PLD1,PLD1,True,,,,PLD1
caffeine,PLEKHA2,PLEKHA2,True,,,,PLEKHA2
caffeine,PLEKHA6,PLEKHA6,True,,,,PLEKHA6
caffeine,PLEKHM2,PLEKHM2,True,,,,PLEKHM2
caffeine,PLIN3,PLIN3,True,,,,PLIN3
caffeine,PLPP6,PLPP6,True,,,,PLPP6
caffeine,PLS1,PLS1,True,,,,PLS1
caffeine,PMM1,PMM1,True,,,,PMM1
caffeine,PNN,PNN,True,,,,PNN
caffeine,PNPO,PNPO,True,,,,PNPO
caffeine,POLDIP3,POLDIP3,True,,,,POLDIP3
caffeine,POLR1A,POLR1A,True,,,,POLR1A
caffeine,POLR2A,POLR2A,True,,,,POLR2A
caffeine,POMC,POMC,True,,,,POMC
caffeine,POTEI,POTEI,True,,,,POTEI
caffeine,PPARG,PPARG,True,,,,PPARG
caffeine,PPFIBP1,PPFIBP1,True,,,,PPFIBP1
caffeine,PPIAL4F,PPIAL4F,True,,,,PPIAL4F
caffeine,PPIL4,PPIL4,True,,,,PPIL4
caffeine,PPM1D,PPM1D,True,,,,PPM1D
caffeine,ADORA1,ADORA1,True,,,,ADORA1
caffeine,PPP1CB,PPP1CB,True,,,,PPP1CB
caffeine,PPP1R12C,PPP1R12C,True,,,,PPP1R12C
caffeine,PPP1R18,PPP1R18,True,,,,PPP1R18
caffeine,PPP1R3G,PPP1R3G,True,,,,PPP1R3G
caffeine,PPP2R3C,PPP2R3C,True,,,,PPP2R3C
caffeine,PPP4R2,PPP4R2,True,,,,PPP4R2
caffeine,PPP6R3,PPP6R3,True,,,,PPP6R3
caffeine,PRCC,PRCC,True,,,,PRCC
caffeine,PRDX2,PRDX2,True,,,,PRDX2
caffeine,PRIM2,PRIM2,True,,,,PRIM2
caffeine,PRKAA2,PRKAA2,True,,,,PRKAA2
caffeine,PRKAB2,PRKAB2,True,,,,PRKAB2
caffeine,PRKAR1A,PRKAR1A,True,,,,PRKAR1A
caffeine,PRKCI,PRKCI,True,,,,PRKCI
caffeine,ABCA3,ABCA3,True,,,,ABCA3
caffeine,PRKD2,PRKD2,True,,,,PRKD2
caffeine,PRKDC,PRKDC,True,,,,PRKDC
caffeine,PRNP,PRNP,True,,,,PRNP
caffeine,RBMX,RBMX,True,,,,RBMX
caffeine,RC3H1,RC3H1,True,,,,RC3H1
caffeine,RCOR3,RCOR3,True,,,,RCOR3
caffeine,RELA,RELA,True,,,,RELA
caffeine,REN,REN,True,,,,REN
caffeine,RER1,RER1,True,,,,RER1
caffeine,RERE,RERE,True,,,,RERE
caffeine,RETREG3,RETREG3,True,,,,RETREG3
caffeine,REXO4,REXO4,True,,,,REXO4
caffeine,RFWD3,RFWD3,True,,,,RFWD3
caffeine,RGL2,RGL2,True,,,,RGL2
caffeine,RGPD5,RGPD5,True,,,,RGPD5
caffeine,RGS12,RGS12,True,,,,RGS12
caffeine,RHBDF1,RHBDF1,True,,,,RHBDF1
caffeine,RHPN2P1,RHPN2P1,True,,,,RHPN2P1
caffeine,RIF1,RIF1,True,,,,RIF1
caffeine,RING1,RING1,True,,,,RING1
caffeine,RIOK3,RIOK3,True,,,,RIOK3
caffeine,RMC1,RMC1,True,,,,RMC1
caffeine,RNASEH1,RNASEH1,True,,,,RNASEH1
caffeine,RNF169,RNF169,True,,,,RNF169
caffeine,RNF214,RNF214,True,,,,RNF214
caffeine,RNF40,RNF40,True,,,,RNF40
caffeine,RNH1,RNH1,True,,,,RNH1
caffeine,ROCK2,ROCK2,True,,,,ROCK2
caffeine,RPAP3,RPAP3,True,,,,RPAP3
caffeine,RPIA,RPIA,True,,,,RPIA
caffeine,RPL17,RPL17,True,,,,RPL17
caffeine,RPL27A,RPL27A,True,,,,RPL27A
caffeine,RPL29,RPL29,True,,,,RPL29
caffeine,RPL36A,RPL36A,True,,,,RPL36A
caffeine,RPL5,RPL5,True,,,,RPL5
caffeine,RPN1,RPN1,True,,,,RPN1
caffeine,RPRD2,RPRD2,True,,,,RPRD2
caffeine,RPS17,RPS17,True,,,,RPS17
caffeine,RPS20,RPS20,True,,,,RPS20
caffeine,RPS27A,RPS27A,True,,,,RPS27A
caffeine,RPS3A,RPS3A,True,,,,RPS3A
caffeine,RPS6,RPS6,True,,,,RPS6
caffeine,RPS6KA4,RPS6KA4,True,,,,RPS6KA4
caffeine,RPS8,RPS8,True,,,,RPS8
caffeine,RRAGC,RRAGC,True,,,,RRAGC
caffeine,RRM2,RRM2,True,,,,RRM2
caffeine,RRP1B,RRP1B,True,,,,RRP1B
caffeine,RSF1,RSF1,True,,,,RSF1
caffeine,RTEL1,RTEL1,True,,,,RTEL1
caffeine,RTN4,RTN4,True,,,,RTN4
caffeine,RTTN,RTTN,True,,,,RTTN
caffeine,RUNX2,RUNX2,True,,,,RUNX2
caffeine,RXYLT1,RXYLT1,True,,,,RXYLT1
caffeine,RBSN,RBSN,True,,,,RBSN
caffeine,RCOR1,RCOR1,True,,,,RCOR1
caffeine,REEP3,REEP3,True,,,,REEP3
caffeine,REEP4,REEP4,True,,,,REEP4
caffeine,RELL1,RELL1,True,,,,RELL1
caffeine,REN,REN,True,,,,REN
caffeine,REST,REST,True,,,,REST
caffeine,REXO1,REXO1,True,,,,REXO1
caffeine,RFC2,RFC2,True,,,,RFC2
caffeine,RFFL,RFFL,True,,,,RFFL
caffeine,RFX7,RFX7,True,,,,RFX7
caffeine,RGPD1,RGPD1,True,,,,RGPD1
caffeine,RGS19,RGS19,True,,,,RGS19
caffeine,RHEBL1,RHEBL1,True,,,,RHEBL1
caffeine,RIC8A,RIC8A,True,,,,RIC8A
caffeine,RIN1,RIN1,True,,,,RIN1
caffeine,RIOK1,RIOK1,True,,,,RIOK1
caffeine,RIPK2,RIPK2,True,,,,RIPK2
caffeine,RMI1,RMI1,True,,,,RMI1
caffeine,RNF135,RNF135,True,,,,RNF135
caffeine,RNF208,RNF208,True,,,,RNF208
caffeine,RNF25,RNF25,True,,,,RNF25
caffeine,RNF8,RNF8,True,,,,RNF8
caffeine,ROBO1,ROBO1,True,,,,ROBO1
caffeine,RPA2,RPA2,True,,,,RPA2
caffeine,RPL13,RPL13,True,,,,RPL13
caffeine,RPL24,RPL24,True,,,,RPL24
caffeine,RPL3,RPL3,True,,,,RPL3
caffeine,RPL4,RPL4,True,,,,RPL4
caffeine,RPLP2,RPLP2,True,,,,RPLP2
caffeine,RPN2,RPN2,True,,,,RPN2
caffeine,RPS11,RPS11,True,,,,RPS11
caffeine,RPS19,RPS19,True,,,,RPS19
caffeine,RPS19,RPS19,True,,,,RPS19
caffeine,RPS26,RPS26,True,,,,RPS26
caffeine,RPS3,RPS3,True,,,,RPS3
caffeine,RPS6KA3,RPS6KA3,True,,,,RPS6KA3
caffeine,RPS6KB1,RPS6KB1,True,,,,RPS6KB1
caffeine,RREB1,RREB1,True,,,,RREB1
caffeine,RRP12,RRP12,True,,,,RRP12
caffeine,A2A receptor,a2a receptor,False,ADORA2A,,False,ADORA2A
caffeine,MTA1,MTA1,True,,,,MTA1
caffeine,RRS1,RRS1,True,,,,RRS1
caffeine,RSPO3,RSPO3,True,,,,RSPO3
caffeine,RTL9,RTL9,True,,,,RTL9
caffeine,MTCH1,MTCH1,True,,,,MTCH1
caffeine,MTF2,MTF2,True,,,,MTF2
caffeine,MTHFD2L,MTHFD2L,True,,,,MTHFD2L
caffeine,RUNDC1,RUNDC1,True,,,,RUNDC1
caffeine,RWDD2B,RWDD2B,True,,,,RWDD2B
caffeine,RYR1,RYR1,True,,,,RYR1
caffeine,MTMR10,MTMR10,True,,,,MTMR10
caffeine,MTMR3,MTMR3,True,,,,MTMR3
caffeine,MTOR,MTOR,True,,,,MTOR
caffeine,PROX1,PROX1,True,,,,PROX1
caffeine,PRPF31,PRPF31,True,,,,PRPF31
caffeine,PRPSAP2,PRPSAP2,True,,,,PRPSAP2
caffeine,PRR36,PRR36,True,,,,PRR36
caffeine,PRRC2C,PRRC2C,True,,,,PRRC2C
caffeine,PSIP1,PSIP1,True,,,,PSIP1
caffeine,PSMA5,PSMA5,True,,,,PSMA5
caffeine,PSMC5,PSMC5,True,,,,PSMC5
caffeine,PSMD2,PSMD2,True,,,,PSMD2
caffeine,PSMG1,PSMG1,True,,,,PSMG1
caffeine,PTDSS1,PTDSS1,True,,,,PTDSS1
caffeine,PTGS2,PTGS2,True,,,,PTGS2
caffeine,PTMS,PTMS,True,,,,PTMS
caffeine,PTPN11,PTPN11,True,,,,PTPN11
caffeine,PTPN21,PTPN21,True,,,,PTPN21
caffeine,PTPN9,PTPN9,True,,,,PTPN9
caffeine,PTPRU,PTPRU,True,,,,PTPRU
caffeine,PUM2,PUM2,True,,,,PUM2
caffeine,PWWP2A,PWWP2A,True,,,,PWWP2A
caffeine,PYCR2,PYCR2,True,,,,PYCR2
caffeine,QARS1,QARS1,True,,,,QARS1
caffeine,R3HDM1,R3HDM1,True,,,,R3HDM1
caffeine,RAB11FIP3,RAB11FIP3,True,,,,RAB11FIP3
caffeine,RAB3GAP1,RAB3GAP1,True,,,,RAB3GAP1
caffeine,RAB40B,RAB40B,True,,,,RAB40B
caffeine,RAB5C,RAB5C,True,,,,RAB5C
caffeine,RAB5C,RAB5C,True,,,,RAB5C
caffeine,RAB8A,RAB8A,True,,,,RAB8A
caffeine,RABGEF1,RABGEF1,True,,,,RABGEF1
caffeine,RABL6,RABL6,True,,,,RABL6
caffeine,RAD1,RAD1,True,,,,RAD1
caffeine,RAD50,RAD50,True,,,,RAD50
caffeine,RAF1,RAF1,True,,,,RAF1
caffeine,RALGAPA1,RALGAPA1,True,,,,RALGAPA1
caffeine,RALGPS1,RALGPS1,True,,,,RALGPS1
caffeine,RANBP10,RANBP10,True,,,,RANBP10
caffeine,RANGAP1,RANGAP1,True,,,,RANGAP1
caffeine,RASA3,RASA3,True,,,,RASA3
caffeine,RB1,RB1,True,,,,RB1
caffeine,RBBP5,RBBP5,True,,,,RBBP5
caffeine,RBCK1,RBCK1,True,,,,RBCK1
caffeine,IL2RA,IL2RA,True,,,,IL2RA
caffeine,MT1G,MT1G,True,,,,MT1G
caffeine,MTA3,MTA3,True,,,,MTA3
caffeine,RBM10,RBM10,True,,,,RBM10
caffeine,RBM15,RBM15,True,,,,RBM15
caffeine,RBM26,RBM26,True,,,,RBM26
caffeine,MTCL2,MTCL2,True,,,,MTCL2
caffeine,MTFR2,MTFR2,True,,,,MTFR2
caffeine,RBM4B,RBM4B,True,,,,RBM4B
caffeine,RBM8A,RBM8A,True,,,,RBM8A
caffeine,MTMR14,MTMR14,True,,,,MTMR14
caffeine,MTNAP1,MTNAP1,True,,,,MTNAP1
caffeine,MED13,MED13,True,,,,MED13
caffeine,MED19,MED19,True,,,,MED19
caffeine,MEN1,MEN1,True,,,,MEN1
caffeine,METTL1,METTL1,True,,,,METTL1
caffeine,MEX3C,MEX3C,True,,,,MEX3C
caffeine,MFHAS1,MFHAS1,True,,,,MFHAS1
caffeine,MGA,MGA,True,,,,MGA
caffeine,Adenosine receptor A3,adenosine receptor a3,False,ADORA3,,False,ADORA3
caffeine,MIA2,MIA2,True,,,,MIA2
caffeine,MICALL1,MICALL1,True,,,,MICALL1
caffeine,"cGMP-specific 3',5'-cyclic phosphodiesterase",cgmp specific 3 5 cyclic phosphodiesterase,False,,,True,cgmp specific 3 5 cyclic phosphodiesterase
caffeine,Ryanodine receptor 1,ryanodine receptor 1,False,RYR1,,False,RYR1
caffeine,"3',5'-cyclic-AMP phosphodiesterase 4D",3 5 cyclic amp phosphodiesterase 4d,False,,,True,3 5 cyclic amp phosphodiesterase 4d
caffeine,MIF,MIF,True,,,,MIF
caffeine,MINDY2,MINDY2,True,,,,MINDY2
caffeine,MIR122,MIR122,True,,,,MIR122
caffeine,"cAMP and cAMP-inhibited cGMP 3',5'-cyclic phosphodiesterase 10A",camp and camp inhibited cgmp 3 5 cyclic phosphodiesterase 10a,False,,,True,camp and camp inhibited cgmp 3 5 cyclic phosphodiesterase 10a
caffeine,"cGMP-specific 3',5'-cyclic phosphodiesterase",cgmp specific 3 5 cyclic phosphodiesterase,False,,,True,cgmp specific 3 5 cyclic phosphodiesterase
caffeine,MIR192,MIR192,True,,,,MIR192
caffeine,MKI67,MKI67,True,,,,MKI67
caffeine,MLLT3,MLLT3,True,,,,MLLT3
caffeine,"Dual specificity calcium/calmodulin-dependent 3',5'-cyclic nucleotide phosphodiesterase 1C",dual specificity calcium calmodulin dependent 3 5 cyclic nucleotide phosphodiesterase 1c,False,,,True,dual specificity calcium calmodulin dependent 3 5 cyclic nucleotide phosphodiesterase 1c
caffeine,"High affinity cGMP-specific 3',5'-cyclic phosphodiesterase 9A",high affinity cgmp specific 3 5 cyclic phosphodiesterase 9a,False,,,True,high affinity cgmp specific 3 5 cyclic phosphodiesterase 9a
caffeine,MLXIPL,MLXIPL,True,,,,MLXIPL
caffeine,MMP13,MMP13,True,,,,MMP13
caffeine,MOCOS,MOCOS,True,,,,MOCOS
caffeine,"Phosphatidylinositol 4,5-bisphosphate 3-kinase catalytic subunit delta isoform",phosphatidylinositol 4 5 bisphosphate 3 kinase catalytic subunit delta isoform,False,,,True,phosphatidylinositol 4 5 bisphosphate 3 kinase catalytic subunit delta isoform
caffeine,"Inositol 1,4,5-trisphosphate-gated calcium channel ITPR2",inositol 1 4 5 trisphosphate gated calcium channel itpr2,False,,,True,inositol 1 4 5 trisphosphate gated calcium channel itpr2
caffeine,Cytochrome P450 3A4,cytochrome p450 3a4,False,,,True,cytochrome p450 3a4
caffeine,Cytochrome P450 1A1,cytochrome p450 1a1,False,,,True,cytochrome p450 1a1
caffeine,Adenosine receptor A1,adenosine receptor a1,False,ADORA1,,False,ADORA1
caffeine,MON1A,MON1A,True,,,,MON1A
caffeine,MORC3,MORC3,True,,,,MORC3
caffeine,MPHOSPH8,MPHOSPH8,True,,,,MPHOSPH8
caffeine,RyR1,ryr1,False,RYR1,,False,RYR1
caffeine,MPZL1,MPZL1,True,,,,MPZL1
caffeine,MRNIP,MRNIP,True,,,,MRNIP
caffeine,MRPL9,MRPL9,True,,,,MRPL9
caffeine,MRPS17,MRPS17,True,,,,MRPS17
caffeine,MSANTD3,MSANTD3,True,,,,MSANTD3
caffeine,MSL3,MSL3,True,,,,MSL3
caffeine,MSRB3,MSRB3,True,,,,MSRB3
caffeine,CYP2D6,CYP2D6,True,,,,CYP2D6
caffeine,MT2,MT2,True,,,,MT2
caffeine,MTBP,MTBP,True,,,,MTBP
caffeine,MTDH,MTDH,True,,,,MTDH
caffeine,MTHFD1L,MTHFD1L,True,,,,MTHFD1L
caffeine,MTMR1,MTMR1,True,,,,MTMR1
caffeine,MTMR2,MTMR2,True,,,,MTMR2
caffeine,MTOR,MTOR,True,,,,MTOR
caffeine,RYR1,RYR1,True,,,,RYR1
caffeine,RYR2,RYR2,True,,,,RYR2
caffeine,MTRR,MTRR,True,,,,MTRR
caffeine,MTX1,MTX1,True,,,,MTX1
caffeine,MVB12A,MVB12A,True,,,,MVB12A
caffeine,S100A6,S100A6,True,,,,S100A6
caffeine,SALL1,SALL1,True,,,,SALL1
caffeine,SAMHD1,SAMHD1,True,,,,SAMHD1
caffeine,MXRA7,MXRA7,True,,,,MXRA7
caffeine,MYC,MYC,True,,,,MYC
caffeine,MYH7,MYH7,True,,,,MYH7
caffeine,SAMSN1,SAMSN1,True,,,,SAMSN1
caffeine,SART1,SART1,True,,,,SART1
caffeine,SBF1,SBF1,True,,,,SBF1
caffeine,MYH9,MYH9,True,,,,MYH9
caffeine,MYO15B,MYO15B,True,,,,MYO15B
caffeine,MYO1E,MYO1E,True,,,,MYO1E
caffeine,SCAF11,SCAF11,True,,,,SCAF11
caffeine,SCAMP4,SCAMP4,True,,,,SCAMP4
caffeine,SCARB1,SCARB1,True,,,,SCARB1
caffeine,MYO6,MYO6,True,,,,MYO6
caffeine,MYOF,MYOF,True,,,,MYOF
caffeine,NAA30,NAA30,True,,,,NAA30
caffeine,SCARB1,SCARB1,True,,,,SCARB1
caffeine,SCD1,SCD1,True,,,,SCD1
caffeine,NADK,NADK,True,,,,NADK
caffeine,NAPG,NAPG,True,,,,NAPG
caffeine,NAT2,NAT2,True,,,,NAT2
caffeine,SDC4,SDC4,True,,,,SDC4
caffeine,SEC14L1,SEC14L1,True,,,,SEC14L1
caffeine,NBR1,NBR1,True,,,,NBR1
caffeine,NCAPH,NCAPH,True,,,,NCAPH
caffeine,NCKIPSD,NCKIPSD,True,,,,NCKIPSD
caffeine,SEC24D,SEC24D,True,,,,SEC24D
caffeine,SECISBP2L,SECISBP2L,True,,,,SECISBP2L
caffeine,SEMA6A,SEMA6A,True,,,,SEMA6A
caffeine,NCL,NCL,True,,,,NCL
caffeine,NCOA7,NCOA7,True,,,,NCOA7
caffeine,NDC1,NDC1,True,,,,NDC1
caffeine,SENP6,SENP6,True,,,,SENP6
caffeine,SERBP1,SERBP1,True,,,,SERBP1
caffeine,SERINC5,SERINC5,True,,,,SERINC5
caffeine,SERTAD2,SERTAD2,True,,,,SERTAD2
caffeine,SETD1B,SETD1B,True,,,,SETD1B
caffeine,NDE1,NDE1,True,,,,NDE1
caffeine,NDRG3,NDRG3,True,,,,NDRG3
caffeine,NECAP2,NECAP2,True,,,,NECAP2
caffeine,NEDD9,NEDD9,True,,,,NEDD9
caffeine,NEK3,NEK3,True,,,,NEK3
caffeine,SETD5,SETD5,True,,,,SETD5
caffeine,SF1,SF1,True,,,,SF1
caffeine,SFMBT1,SFMBT1,True,,,,SFMBT1
caffeine,NEMF,NEMF,True,,,,NEMF
caffeine,NF1,NF1,True,,,,NF1
caffeine,NFATC3,NFATC3,True,,,,NFATC3
caffeine,SFRP1,SFRP1,True,,,,SFRP1
caffeine,SGO2,SGO2,True,,,,SGO2
caffeine,SH2B1,SH2B1,True,,,,SH2B1
caffeine,NFIA,NFIA,True,,,,NFIA
caffeine,NFKB1,NFKB1,True,,,,NFKB1
caffeine,NFKBIL1,NFKBIL1,True,,,,NFKBIL1
caffeine,SH3D21,SH3D21,True,,,,SH3D21
caffeine,SH3PXD2A,SH3PXD2A,True,,,,SH3PXD2A
caffeine,SHARPIN,SHARPIN,True,,,,SHARPIN
caffeine,NHEJ1,NHEJ1,True,,,,NHEJ1
caffeine,NHSL3,NHSL3,True,,,,NHSL3
caffeine,SHC1,SHC1,True,,,,SHC1
caffeine,SHTN1,SHTN1,True,,,,SHTN1
caffeine,SIN3A,SIN3A,True,,,,SIN3A
caffeine,NIPBL,NIPBL,True,,,,NIPBL
caffeine,NKRF,NKRF,True,,,,NKRF
caffeine,NME2,NME2,True,,,,NME2
caffeine,SIRT1,SIRT1,True,,,,SIRT1
caffeine,SIRT2,SIRT2,True,,,,SIRT2
caffeine,NOB1,NOB1,True,,,,NOB1
caffeine,NOL3,NOL3,True,,,,NOL3
caffeine,NOMO3,NOMO3,True,,,,NOMO3
caffeine,SKA3,SKA3,True,,,,SKA3
caffeine,SKP2,SKP2,True,,,,SKP2
caffeine,SLC12A4,SLC12A4,True,,,,SLC12A4
caffeine,NOP58,NOP58,True,,,,NOP58
caffeine,NOS3,NOS3,True,,,,NOS3
caffeine,SLC16A1,SLC16A1,True,,,,SLC16A1
caffeine,SLC19A1,SLC19A1,True,,,,SLC19A1
caffeine,SLC20A1,SLC20A1,True,,,,SLC20A1
caffeine,NPC1L1,NPC1L1,True,,,,NPC1L1
caffeine,NPHS2,NPHS2,True,,,,NPHS2
caffeine,NPPA,NPPA,True,,,,NPPA
caffeine,SLC25A37,SLC25A37,True,,,,SLC25A37
caffeine,SLC2A1,SLC2A1,True,,,,SLC2A1
caffeine,NQO1,NQO1,True,,,,NQO1
caffeine,NR2C2,NR2C2,True,,,,NR2C2
caffeine,SLC2A6,SLC2A6,True,,,,SLC2A6
caffeine,SLC35F2,SLC35F2,True,,,,SLC35F2
caffeine,SLC38A2,SLC38A2,True,,,,SLC38A2
caffeine,NR3C2,NR3C2,True,,,,NR3C2
caffeine,NRF1,NRF1,True,,,,NRF1
caffeine,NSD2,NSD2,True,,,,NSD2
caffeine,PROSER2,PROSER2,True,,,,PROSER2
caffeine,PRPF18,PRPF18,True,,,,PRPF18
caffeine,PRPF40B,PRPF40B,True,,,,PRPF40B
caffeine,MTSS2,MTSS2,True,,,,MTSS2
caffeine,MUS81,MUS81,True,,,,MUS81
caffeine,PRPH,PRPH,True,,,,PRPH
caffeine,PRR12,PRR12,True,,,,PRR12
caffeine,PRRC2A,PRRC2A,True,,,,PRRC2A
caffeine,MVD,MVD,True,,,,MVD
caffeine,MYBL2,MYBL2,True,,,,MYBL2
caffeine,MYCBP2,MYCBP2,True,,,,MYCBP2
caffeine,PSD3,PSD3,True,,,,PSD3
caffeine,PSMA3,PSMA3,True,,,,PSMA3
caffeine,PSMC3,PSMC3,True,,,,PSMC3
caffeine,MYLK,MYLK,True,,,,MYLK
caffeine,MYO19,MYO19,True,,,,MYO19
caffeine,MYO5B,MYO5B,True,,,,MYO5B
caffeine,PSME3,PSME3,True,,,,PSME3
caffeine,PSRC1,PSRC1,True,,,,PSRC1
caffeine,PTGR1,PTGR1,True,,,,PTGR1
caffeine,MYO9A,MYO9A,True,,,,MYO9A
caffeine,PTGS2,PTGS2,True,,,,PTGS2
caffeine,N4BP1,N4BP1,True,,,,N4BP1
caffeine,PTPDC1,PTPDC1,True,,,,PTPDC1
caffeine,NAB2,NAB2,True,,,,NAB2
caffeine,NAF1,NAF1,True,,,,NAF1
caffeine,NAT2,NAT2,True,,,,NAT2
caffeine,NBEAL1,NBEAL1,True,,,,NBEAL1
caffeine,PTPN14,PTPN14,True,,,,PTPN14
caffeine,PTPN3,PTPN3,True,,,,PTPN3
caffeine,PTPRF,PTPRF,True,,,,PTPRF
caffeine,NBEAL2,NBEAL2,True,,,,NBEAL2
caffeine,NCAPD3,NCAPD3,True,,,,NCAPD3
caffeine,NCDN,NCDN,True,,,,NCDN
caffeine,PTPRK,PTPRK,True,,,,PTPRK
caffeine,PTTG2,PTTG2,True,,,,PTTG2
caffeine,PWP2,PWP2,True,,,,PWP2
caffeine,NCOA3,NCOA3,True,,,,NCOA3
caffeine,NCOR2,NCOR2,True,,,,NCOR2
caffeine,PXN,PXN,True,,,,PXN
caffeine,PYGO2,PYGO2,True,,,,PYGO2
caffeine,QRSL1,QRSL1,True,,,,QRSL1
caffeine,QSOX2,QSOX2,True,,,,QSOX2
caffeine,RAB11A,RAB11A,True,,,,RAB11A
caffeine,RAB1A,RAB1A,True,,,,RAB1A
caffeine,NDRG1,NDRG1,True,,,,NDRG1
caffeine,NDUFS4,NDUFS4,True,,,,NDUFS4
caffeine,RAB2A,RAB2A,True,,,,RAB2A
caffeine,NEDD1,NEDD1,True,,,,NEDD1
caffeine,RAB3IP,RAB3IP,True,,,,RAB3IP
caffeine,NEIL2,NEIL2,True,,,,NEIL2
caffeine,NEK6,NEK6,True,,,,NEK6
caffeine,RAB4A,RAB4A,True,,,,RAB4A
caffeine,NELFA,NELFA,True,,,,NELFA
caffeine,NEU3,NEU3,True,,,,NEU3
caffeine,NFATC2,NFATC2,True,,,,NFATC2
caffeine,RAB7,RAB7,True,,,,RAB7
caffeine,RABEP1,RABEP1,True,,,,RABEP1
caffeine,RABL3,RABL3,True,,,,RABL3
caffeine,NFIX,NFIX,True,,,,NFIX
caffeine,NFKBIA,NFKBIA,True,,,,NFKBIA
caffeine,RACGAP1,RACGAP1,True,,,,RACGAP1
caffeine,RAD21,RAD21,True,,,,RAD21
caffeine,NFYA,NFYA,True,,,,NFYA
caffeine,NHERF2,NHERF2,True,,,,NHERF2
caffeine,NIFK,NIFK,True,,,,NIFK
caffeine,RAD51AP1,RAD51AP1,True,,,,RAD51AP1
caffeine,RAI14,RAI14,True,,,,RAI14
caffeine,RALGAPB,RALGAPB,True,,,,RALGAPB
caffeine,NISCH,NISCH,True,,,,NISCH
caffeine,NMBR,NMBR,True,,,,NMBR
caffeine,NMT1,NMT1,True,,,,NMT1
caffeine,RALY,RALY,True,,,,RALY
caffeine,RANBP3,RANBP3,True,,,,RANBP3
caffeine,RAP1GAP2,RAP1GAP2,True,,,,RAP1GAP2
caffeine,NOC3L,NOC3L,True,,,,NOC3L
caffeine,NOL8,NOL8,True,,,,NOL8
caffeine,NOP2,NOP2,True,,,,NOP2
caffeine,RAPH1,RAPH1,True,,,,RAPH1
caffeine,RASGRF2,RASGRF2,True,,,,RASGRF2
caffeine,RB1,RB1,True,,,,RB1
caffeine,NOP53,NOP53,True,,,,NOP53
caffeine,NOS2,NOS2,True,,,,NOS2
caffeine,NOTCH1,NOTCH1,True,,,,NOTCH1
caffeine,RBBP4,RBBP4,True,,,,RBBP4
caffeine,RBBP7,RBBP7,True,,,,RBBP7
caffeine,RBL1,RBL1,True,,,,RBL1
caffeine,NPHS1,NPHS1,True,,,,NPHS1
caffeine,NPM1,NPM1,True,,,,NPM1
caffeine,RBM12B,RBM12B,True,,,,RBM12B
caffeine,RBM17,RBM17,True,,,,RBM17
caffeine,RBM33,RBM33,True,,,,RBM33
caffeine,NPPB,NPPB,True,,,,NPPB
caffeine,NQO1,NQO1,True,,,,NQO1
caffeine,NR3C1,NR3C1,True,,,,NR3C1
caffeine,RBM39,RBM39,True,,,,RBM39
caffeine,RBM6,RBM6,True,,,,RBM6
caffeine,RBMS2,RBMS2,True,,,,RBMS2
caffeine,NRBF2,NRBF2,True,,,,NRBF2
caffeine,NRP1,NRP1,True,,,,NRP1
caffeine,RYR1,RYR1,True,,,,RYR1
caffeine,RYR1,RYR1,True,,,,RYR1
caffeine,S100A10,S100A10,True,,,,S100A10
caffeine,SAFB,SAFB,True,,,,SAFB
caffeine,SAMD4A,SAMD4A,True,,,,SAMD4A
caffeine,SAP18,SAP18,True,,,,SAP18
caffeine,SASH1,SASH1,True,,,,SASH1
caffeine,SC5D,SC5D,True,,,,SC5D
caffeine,SCAMP1,SCAMP1,True,,,,SCAMP1
caffeine,SCAP,SCAP,True,,,,SCAP
caffeine,SCARB1,SCARB1,True,,,,SCARB1
caffeine,SCD,SCD,True,,,,SCD
caffeine,SCFD1,SCFD1,True,,,,SCFD1
caffeine,SCP2,SCP2,True,,,,SCP2
caffeine,SDCBP2,SDCBP2,True,,,,SDCBP2
caffeine,SEC16B,SEC16B,True,,,,SEC16B
caffeine,SEC23A,SEC23A,True,,,,SEC23A
caffeine,SEC61B,SEC61B,True,,,,SEC61B
caffeine,SEMA4B,SEMA4B,True,,,,SEMA4B
caffeine,SENP3,SENP3,True,,,,SENP3
caffeine,SEPHS2,SEPHS2,True,,,,SEPHS2
caffeine,SERINC3,SERINC3,True,,,,SERINC3
caffeine,SERPINA6,SERPINA6,True,,,,SERPINA6
caffeine,SESN1,SESN1,True,,,,SESN1
caffeine,SETD3,SETD3,True,,,,SETD3
caffeine,SETX,SETX,True,,,,SETX
caffeine,SF3A3,SF3A3,True,,,,SF3A3
caffeine,SFPQ,SFPQ,True,,,,SFPQ
caffeine,SFXN3,SFXN3,True,,,,SFXN3
caffeine,SGSM3,SGSM3,True,,,,SGSM3
caffeine,SH2D5,SH2D5,True,,,,SH2D5
caffeine,SH3GLB2,SH3GLB2,True,,,,SH3GLB2
caffeine,SHANK2,SHANK2,True,,,,SHANK2
caffeine,SHROOM1,SHROOM1,True,,,,SHROOM1
caffeine,SIGIRR,SIGIRR,True,,,,SIGIRR
caffeine,SIPA1L1,SIPA1L1,True,,,,SIPA1L1
caffeine,SIRT1,SIRT1,True,,,,SIRT1
caffeine,SIT1,SIT1,True,,,,SIT1
caffeine,SKIC2,SKIC2,True,,,,SKIC2
caffeine,SLAIN2,SLAIN2,True,,,,SLAIN2
caffeine,SLC17A5,SLC17A5,True,,,,SLC17A5
caffeine,SLC1A1,SLC1A1,True,,,,SLC1A1
caffeine,SLC23A2,SLC23A2,True,,,,SLC23A2
caffeine,SLC26A2,SLC26A2,True,,,,SLC26A2
caffeine,SLC2A10,SLC2A10,True,,,,SLC2A10
caffeine,SLC30A7,SLC30A7,True,,,,SLC30A7
caffeine,SLC35G2,SLC35G2,True,,,,SLC35G2
caffeine,RBMX2,RBMX2,True,,,,RBMX2
caffeine,RC3H2,RC3H2,True,,,,RC3H2
caffeine,RECQL5,RECQL5,True,,,,RECQL5
caffeine,RELCH,RELCH,True,,,,RELCH
caffeine,REN,REN,True,,,,REN
caffeine,RESF1,RESF1,True,,,,RESF1
caffeine,REV1,REV1,True,,,,REV1
caffeine,RFC1,RFC1,True,,,,RFC1
caffeine,RFX3,RFX3,True,,,,RFX3
caffeine,RGL3,RGL3,True,,,,RGL3
caffeine,RGS14,RGS14,True,,,,RGS14
caffeine,RHBDF2,RHBDF2,True,,,,RHBDF2
caffeine,RIC1,RIC1,True,,,,RIC1
caffeine,RIMS2,RIMS2,True,,,,RIMS2
caffeine,RINL,RINL,True,,,,RINL
caffeine,RIOX1,RIOX1,True,,,,RIOX1
caffeine,RIPK1,RIPK1,True,,,,RIPK1
caffeine,RMDN3,RMDN3,True,,,,RMDN3
caffeine,RNF113A,RNF113A,True,,,,RNF113A
caffeine,RNF2,RNF2,True,,,,RNF2
caffeine,RNF220,RNF220,True,,,,RNF220
caffeine,RNF43,RNF43,True,,,,RNF43
caffeine,RNPC3,RNPC3,True,,,,RNPC3
caffeine,RP9,RP9,True,,,,RP9
caffeine,RPF2,RPF2,True,,,,RPF2
caffeine,RPL10A,RPL10A,True,,,,RPL10A
caffeine,RPL18,RPL18,True,,,,RPL18
caffeine,RPL27A,RPL27A,True,,,,RPL27A
caffeine,RPL29,RPL29,True,,,,RPL29
caffeine,RPL4,RPL4,True,,,,RPL4
caffeine,RPL7A,RPL7A,True,,,,RPL7A
caffeine,RPN1,RPN1,True,,,,RPN1
caffeine,RPS10,RPS10,True,,,,RPS10
caffeine,RPS18,RPS18,True,,,,RPS18
caffeine,RPS20,RPS20,True,,,,RPS20
caffeine,RPS28,RPS28,True,,,,RPS28
caffeine,RPS6KA1,RPS6KA1,True,,,,RPS6KA1
caffeine,RPS6KB1,RPS6KB1,True,,,,RPS6KB1
caffeine,RPTOR,RPTOR,True,,,,RPTOR
caffeine,RRBP1,RRBP1,True,,,,RRBP1
caffeine,RRP1,RRP1,True,,,,RRP1
caffeine,RRP8,RRP8,True,,,,RRP8
caffeine,RSL1D1,RSL1D1,True,,,,RSL1D1
caffeine,RTKN,RTKN,True,,,,RTKN
caffeine,RUFY1,RUFY1,True,,,,RUFY1
caffeine,RUVBL2,RUVBL2,True,,,,RUVBL2
caffeine,RYBP,RYBP,True,,,,RYBP
caffeine,LARP7,LARP7,True,,,,LARP7
caffeine,LATS1,LATS1,True,,,,LATS1
caffeine,LCOR,LCOR,True,,,,LCOR
caffeine,LDLR,LDLR,True,,,,LDLR
caffeine,LENG1,LENG1,True,,,,LENG1
caffeine,LEP,LEP,True,,,,LEP
caffeine,LGALSL,LGALSL,True,,,,LGALSL
caffeine,LIM2.3,lim2 3,False,,,True,lim2 3
caffeine,LIN28B,LIN28B,True,,,,LIN28B
caffeine,LINC00308,LINC00308,True,,,,LINC00308
caffeine,LMO7,LMO7,True,,,,LMO7
caffeine,LPAR4,LPAR4,True,,,,LPAR4
caffeine,LPL,LPL,True,,,,LPL
caffeine,LRBA,LRBA,True,,,,LRBA
caffeine,LRP4,LRP4,True,,,,LRP4
caffeine,LRRC47,LRRC47,True,,,,LRRC47
caffeine,LRRFIP1,LRRFIP1,True,,,,LRRFIP1
caffeine,LRWD1,LRWD1,True,,,,LRWD1
caffeine,LSM14B,LSM14B,True,,,,LSM14B
caffeine,LUC7L,LUC7L,True,,,,LUC7L
caffeine,LYSMD2,LYSMD2,True,,,,LYSMD2
caffeine,MACO1,MACO1,True,,,,MACO1
caffeine,MAEL,MAEL,True,,,,MAEL
caffeine,MAGED2,MAGED2,True,,,,MAGED2
caffeine,MAGI3,MAGI3,True,,,,MAGI3
caffeine,MAML1,MAML1,True,,,,MAML1
caffeine,MAP1B,MAP1B,True,,,,MAP1B
caffeine,MAP2K2,MAP2K2,True,,,,MAP2K2
caffeine,MAP2K7,MAP2K7,True,,,,MAP2K7
caffeine,MAP3K2,MAP3K2,True,,,,MAP3K2
caffeine,MAP4,MAP4,True,,,,MAP4
caffeine,MAP7D1,MAP7D1,True,,,,MAP7D1
caffeine,MAPK1,MAPK1,True,,,,MAPK1
caffeine,MAPK3,MAPK3,True,,,,MAPK3
caffeine,MAPK8IP3,MAPK8IP3,True,,,,MAPK8IP3
caffeine,MAPRE1,MAPRE1,True,,,,MAPRE1
caffeine,MARCHF11,MARCHF11,True,,,,MARCHF11
caffeine,MARK2,MARK2,True,,,,MARK2
caffeine,MAST4,MAST4,True,,,,MAST4
caffeine,MB21D2,MB21D2,True,,,,MB21D2
caffeine,MC2R,MC2R,True,,,,MC2R
caffeine,MCM10,MCM10,True,,,,MCM10
caffeine,MCM9,MCM9,True,,,,MCM9
caffeine,MCRS1,MCRS1,True,,,,MCRS1
caffeine,MDM2,MDM2,True,,,,MDM2
caffeine,RYR2,RYR2,True,,,,RYR2
caffeine,SLC41A3,SLC41A3,True,,,,SLC41A3
caffeine,SLC47A2,SLC47A2,True,,,,SLC47A2
caffeine,MTRR,MTRR,True,,,,MTRR
caffeine,MTUS1,MTUS1,True,,,,MTUS1
caffeine,MUTYH,MUTYH,True,,,,MUTYH
caffeine,SLC6A15,SLC6A15,True,,,,SLC6A15
caffeine,SLC6A8,SLC6A8,True,,,,SLC6A8
caffeine,MVK,MVK,True,,,,MVK
caffeine,MYBPC3,MYBPC3,True,,,,MYBPC3
caffeine,MYH10,MYH10,True,,,,MYH10
caffeine,SLC9A7,SLC9A7,True,,,,SLC9A7
caffeine,SLCO4A1,SLCO4A1,True,,,,SLCO4A1
caffeine,SLMAP,SLMAP,True,,,,SLMAP
caffeine,MYLPFB,MYLPFB,True,,,,MYLPFB
caffeine,MYO1C,MYO1C,True,,,,MYO1C
caffeine,SLX4,SLX4,True,,,,SLX4
caffeine,SMAD3,SMAD3,True,,,,SMAD3
caffeine,SMARCA1,SMARCA1,True,,,,SMARCA1
caffeine,MYO9B,MYO9B,True,,,,MYO9B
caffeine,NAA10,NAA10,True,,,,NAA10
caffeine,SMARCAL1,SMARCAL1,True,,,,SMARCAL1
caffeine,SMC1A,SMC1A,True,,,,SMC1A
caffeine,NAP1L1,NAP1L1,True,,,,NAP1L1
caffeine,NAT2,NAT2,True,,,,NAT2
caffeine,SMCR8,SMCR8,True,,,,SMCR8
caffeine,SMG9,SMG9,True,,,,SMG9
caffeine,SMOX,SMOX,True,,,,SMOX
caffeine,NBN,NBN,True,,,,NBN
caffeine,NCAPG,NCAPG,True,,,,NCAPG
caffeine,NCK1,NCK1,True,,,,NCK1
caffeine,SMURF2,SMURF2,True,,,,SMURF2
caffeine,SNAPIN,SNAPIN,True,,,,SNAPIN
caffeine,SNRNP200,SNRNP200,True,,,,SNRNP200
caffeine,NCL,NCL,True,,,,NCL
caffeine,NCOA5,NCOA5,True,,,,NCOA5
caffeine,NCR3LG1,NCR3LG1,True,,,,NCR3LG1
caffeine,SNTB1,SNTB1,True,,,,SNTB1
caffeine,SNW1,SNW1,True,,,,SNW1
caffeine,NDRG2,NDRG2,True,,,,NDRG2
caffeine,NEB,NEB,True,,,,NEB
caffeine,SNX17,SNX17,True,,,,SNX17
caffeine,SNX33,SNX33,True,,,,SNX33
caffeine,SOCS6,SOCS6,True,,,,SOCS6
caffeine,NEDD4L,NEDD4L,True,,,,NEDD4L
caffeine,NEK1,NEK1,True,,,,NEK1
caffeine,NEK9,NEK9,True,,,,NEK9
caffeine,SOD2,SOD2,True,,,,SOD2
caffeine,SORBS2,SORBS2,True,,,,SORBS2
caffeine,SOWAHA,SOWAHA,True,,,,SOWAHA
caffeine,NELFE,NELFE,True,,,,NELFE
caffeine,NEUROG2,NEUROG2,True,,,,NEUROG2
caffeine,NFATC2IP,NFATC2IP,True,,,,NFATC2IP
caffeine,SOX5,SOX5,True,,,,SOX5
caffeine,SP1,SP1,True,,,,SP1
caffeine,SP4,SP4,True,,,,SP4
caffeine,NFE2L2,NFE2L2,True,,,,NFE2L2
caffeine,NFKB1,NFKB1,True,,,,NFKB1
caffeine,NFKBIE,NFKBIE,True,,,,NFKBIE
caffeine,SPAG5,SPAG5,True,,,,SPAG5
caffeine,SPAST,SPAST,True,,,,SPAST
caffeine,SPECC1L,SPECC1L,True,,,,SPECC1L
caffeine,NGDN,NGDN,True,,,,NGDN
caffeine,NHSL1,NHSL1,True,,,,NHSL1
caffeine,NIN,NIN,True,,,,NIN
caffeine,SPINDOC,SPINDOC,True,,,,SPINDOC
caffeine,SPP1,SPP1,True,,,,SPP1
caffeine,SPRED2,SPRED2,True,,,,SPRED2
caffeine,NKD1,NKD1,True,,,,NKD1
caffeine,NMD3,NMD3,True,,,,NMD3
caffeine,SPRTN,SPRTN,True,,,,SPRTN
caffeine,SPTAN1,SPTAN1,True,,,,SPTAN1
caffeine,SQLE,SQLE,True,,,,SQLE
caffeine,NOL12,NOL12,True,,,,NOL12
caffeine,NOLC1,NOLC1,True,,,,NOLC1
caffeine,SQSTM1,SQSTM1,True,,,,SQSTM1
caffeine,SRCAP,SRCAP,True,,,,SRCAP
caffeine,NOP56,NOP56,True,,,,NOP56
caffeine,NOS2,NOS2,True,,,,NOS2
caffeine,NPAS2,NPAS2,True,,,,NPAS2
caffeine,NPHS1,NPHS1,True,,,,NPHS1
caffeine,NPM2,NPM2,True,,,,NPM2
caffeine,SREK1,SREK1,True,,,,SREK1
caffeine,SRGAP1,SRGAP1,True,,,,SRGAP1
caffeine,NPSN,NPSN,True,,,,NPSN
caffeine,NR1H3,NR1H3,True,,,,NR1H3
caffeine,NR3C1,NR3C1,True,,,,NR3C1
caffeine,SRP9,SRP9,True,,,,SRP9
caffeine,SRRM1,SRRM1,True,,,,SRRM1
caffeine,SRSF2,SRSF2,True,,,,SRSF2
caffeine,NR3C1,NR3C1,True,,,,NR3C1
caffeine,NRCAM,NRCAM,True,,,,NRCAM
caffeine,NSA2,NSA2,True,,,,NSA2
caffeine,RBX1,RBX1,True,,,,RBX1
caffeine,RCOR2,RCOR2,True,,,,RCOR2
caffeine,RELA,RELA,True,,,,RELA
caffeine,REN,REN,True,,,,REN
caffeine,REPS1,REPS1,True,,,,REPS1
caffeine,RETREG2,RETREG2,True,,,,RETREG2
caffeine,REXO1L1P,REXO1L1P,True,,,,REXO1L1P
caffeine,RFLNB,RFLNB,True,,,,RFLNB
caffeine,RFXAP,RFXAP,True,,,,RFXAP
caffeine,RGPD3,RGPD3,True,,,,RGPD3
caffeine,RGS2,RGS2,True,,,,RGS2
caffeine,RHPN2,RHPN2,True,,,,RHPN2
caffeine,RICTOR,RICTOR,True,,,,RICTOR
caffeine,RIN3,RIN3,True,,,,RIN3
caffeine,RIOK2,RIOK2,True,,,,RIOK2
caffeine,RIPOR1,RIPOR1,True,,,,RIPOR1
caffeine,RMP64,RMP64,True,,,,RMP64
caffeine,RNF166,RNF166,True,,,,RNF166
caffeine,RNF213,RNF213,True,,,,RNF213
caffeine,RNF4,RNF4,True,,,,RNF4
caffeine,RNFT2,RNFT2,True,,,,RNFT2
caffeine,ROCK1,ROCK1,True,,,,ROCK1
caffeine,RPA2,RPA2,True,,,,RPA2
caffeine,RPGR,RPGR,True,,,,RPGR
caffeine,RPL17,RPL17,True,,,,RPL17
caffeine,RPL26,RPL26,True,,,,RPL26
caffeine,RPL36,RPL36,True,,,,RPL36
caffeine,RPL5,RPL5,True,,,,RPL5
caffeine,RPRD1B,RPRD1B,True,,,,RPRD1B
caffeine,RPS14,RPS14,True,,,,RPS14
caffeine,RPS2,RPS2,True,,,,RPS2
caffeine,RPS27,RPS27,True,,,,RPS27
caffeine,RPS3A,RPS3A,True,,,,RPS3A
caffeine,RPS6,RPS6,True,,,,RPS6
caffeine,RPS6KA3,RPS6KA3,True,,,,RPS6KA3
caffeine,RPS6KC1,RPS6KC1,True,,,,RPS6KC1
caffeine,RPUSD2,RPUSD2,True,,,,RPUSD2
caffeine,RRM1,RRM1,True,,,,RRM1
caffeine,RRP15,RRP15,True,,,,RRP15
caffeine,RSBN1L,RSBN1L,True,,,,RSBN1L
caffeine,RSRC2,RSRC2,True,,,,RSRC2
caffeine,RTN3,RTN3,True,,,,RTN3
caffeine,RUNX1,RUNX1,True,,,,RUNX1
caffeine,RXRA,RXRA,True,,,,RXRA
caffeine,SRSF7,SRSF7,True,,,,SRSF7
caffeine,NSRP1,NSRP1,True,,,,NSRP1
caffeine,NUAK2,NUAK2,True,,,,NUAK2
caffeine,NUDC,NUDC,True,,,,NUDC
caffeine,NUP153,NUP153,True,,,,NUP153
caffeine,NUP214,NUP214,True,,,,NUP214
caffeine,NUPR1,NUPR1,True,,,,NUPR1
caffeine,OAT,OAT,True,,,,OAT
caffeine,OGT,OGT,True,,,,OGT
caffeine,OR4E1,OR4E1,True,,,,OR4E1
caffeine,OSBPL11,OSBPL11,True,,,,OSBPL11
caffeine,OSER1,OSER1,True,,,,OSER1
caffeine,OTUB1,OTUB1,True,,,,OTUB1
caffeine,OXR1,OXR1,True,,,,OXR1
caffeine,PA2G4,PA2G4,True,,,,PA2G4
caffeine,PABPC1,PABPC1,True,,,,PABPC1
caffeine,PACSIN3,PACSIN3,True,,,,PACSIN3
caffeine,PAK1,PAK1,True,,,,PAK1
caffeine,PAK1IP1,PAK1IP1,True,,,,PAK1IP1
caffeine,PAK4,PAK4,True,,,,PAK4
caffeine,PALMD,PALMD,True,,,,PALMD
caffeine,PAPOLG,PAPOLG,True,,,,PAPOLG
caffeine,PARN,PARN,True,,,,PARN
caffeine,PARP1,PARP1,True,,,,PARP1
caffeine,PARP1,PARP1,True,,,,PARP1
caffeine,PASK,PASK,True,,,,PASK
caffeine,Adenosine receptor A2b,adenosine receptor a2b,False,ADORA2B,,False,ADORA2B
caffeine,PAX3,PAX3,True,,,,PAX3
caffeine,PBX2,PBX2,True,,,,PBX2
caffeine,PCDHB12,PCDHB12,True,,,,PCDHB12
caffeine,Cyclic nucleotide phosphodiesterase,cyclic nucleotide phosphodiesterase,False,CNP,,False,CNP
caffeine,Cyclic nucleotide phosphodiesterase,cyclic nucleotide phosphodiesterase,False,CNP,,False,CNP
caffeine,PCLAF,PCLAF,True,,,,PCLAF
caffeine,PCNT,PCNT,True,,,,PCNT
caffeine,Cyclic nucleotide phosphodiesterase,cyclic nucleotide phosphodiesterase,False,CNP,,False,CNP
caffeine,Cyclic nucleotide phosphodiesterase,cyclic nucleotide phosphodiesterase,False,CNP,,False,CNP
caffeine,PCYT2,PCYT2,True,,,,PCYT2
caffeine,PDE11A,PDE11A,True,,,,PDE11A
caffeine,Cyclic nucleotide phosphodiesterase,cyclic nucleotide phosphodiesterase,False,CNP,,False,CNP
caffeine,"Glycogen phosphorylase, muscle form",glycogen phosphorylase muscle form,False,,,True,glycogen phosphorylase muscle form
caffeine,PDE8A,PDE8A,True,,,,PDE8A
caffeine,PDIA6,PDIA6,True,,,,PDIA6
caffeine,"Phosphatidylinositol 4,5-bisphosphate 3-kinase catalytic subunit alpha isoform",phosphatidylinositol 4 5 bisphosphate 3 kinase catalytic subunit alpha isoform,False,,,True,phosphatidylinositol 4 5 bisphosphate 3 kinase catalytic subunit alpha isoform
caffeine,Serine/threonine-protein kinase ATR,serine threonine protein kinase atr,False,,,True,serine threonine protein kinase atr
caffeine,PDLIM7,PDLIM7,True,,,,PDLIM7
caffeine,ADORA2A,ADORA2A,True,,,,ADORA2A
caffeine,PEAK1,PEAK1,True,,,,PEAK1
caffeine,PELP1,PELP1,True,,,,PELP1
caffeine,CXADR,CXADR,True,,,,CXADR
caffeine,CXCL8,CXCL8,True,,,,CXCL8
caffeine,CYC1,CYC1,True,,,,CYC1
caffeine,PFDN1,PFDN1,True,,,,PFDN1
caffeine,PFKMA,PFKMA,True,,,,PFKMA
caffeine,PGBD1,PGBD1,True,,,,PGBD1
caffeine,CYP11B1,CYP11B1,True,,,,CYP11B1
caffeine,CYP17A1,CYP17A1,True,,,,CYP17A1
caffeine,CYP19A1B,CYP19A1B,True,,,,CYP19A1B
caffeine,PGM1,PGM1,True,,,,PGM1
caffeine,PGRMC1,PGRMC1,True,,,,PGRMC1
caffeine,CYP1A1,CYP1A1,True,,,,CYP1A1
caffeine,CYP1A2,CYP1A2,True,,,,CYP1A2
caffeine,CYP1A2,CYP1A2,True,,,,CYP1A2
caffeine,CYP1A2,CYP1A2,True,,,,CYP1A2
caffeine,PHEX,PHEX,True,,,,PHEX
caffeine,PHF13,PHF13,True,,,,PHF13
caffeine,CYP1A2,CYP1A2,True,,,,CYP1A2
caffeine,CYP1B1,CYP1B1,True,,,,CYP1B1
caffeine,CYP2A4,CYP2A4,True,,,,CYP2A4
caffeine,SLC39A3,SLC39A3,True,,,,SLC39A3
caffeine,SLC47A1,SLC47A1,True,,,,SLC47A1
caffeine,SLC51B,SLC51B,True,,,,SLC51B
caffeine,PDE4B,PDE4B,True,,,,PDE4B
caffeine,SLC6A14,SLC6A14,True,,,,SLC6A14
caffeine,SLC6A3,SLC6A3,True,,,,SLC6A3
caffeine,SLC9A4,SLC9A4,True,,,,SLC9A4
caffeine,SLC9A6,SLC9A6,True,,,,SLC9A6
caffeine,SLCO1D1,SLCO1D1,True,,,,SLCO1D1
caffeine,SLK,SLK,True,,,,SLK
caffeine,SMAD2,SMAD2,True,,,,SMAD2
caffeine,SMAD9,SMAD9,True,,,,SMAD9
caffeine,SMARCAD1,SMARCAD1,True,,,,SMARCAD1
caffeine,SMARCE1,SMARCE1,True,,,,SMARCE1
caffeine,SMC5,SMC5,True,,,,SMC5
caffeine,SMG8,SMG8,True,,,,SMG8
caffeine,SMNDC1,SMNDC1,True,,,,SMNDC1
caffeine,SMTN,SMTN,True,,,,SMTN
caffeine,SNAPC4,SNAPC4,True,,,,SNAPC4
caffeine,SNRK,SNRK,True,,,,SNRK
caffeine,SNTA1,SNTA1,True,,,,SNTA1
caffeine,SNURF,SNURF,True,,,,SNURF
caffeine,SNX15,SNX15,True,,,,SNX15
caffeine,SNX30,SNX30,True,,,,SNX30
caffeine,SOBP,SOBP,True,,,,SOBP
caffeine,SORBS1,SORBS1,True,,,,SORBS1
caffeine,SOS1,SOS1,True,,,,SOS1
caffeine,SOX4,SOX4,True,,,,SOX4
caffeine,SOX9,SOX9,True,,,,SOX9
caffeine,SP3,SP3,True,,,,SP3
caffeine,SPAG1,SPAG1,True,,,,SPAG1
caffeine,SPART,SPART,True,,,,SPART
caffeine,SPECC1,SPECC1,True,,,,SPECC1
caffeine,SPICE1,SPICE1,True,,,,SPICE1
caffeine,SPOCK2,SPOCK2,True,,,,SPOCK2
caffeine,SPRED1,SPRED1,True,,,,SPRED1
caffeine,SPRN,SPRN,True,,,,SPRN
caffeine,SPRYD3,SPRYD3,True,,,,SPRYD3
caffeine,SQLE,SQLE,True,,,,SQLE
caffeine,SQSTM1,SQSTM1,True,,,,SQSTM1
caffeine,SRC,SRC,True,,,,SRC
caffeine,SREBF1,SREBF1,True,,,,SREBF1
caffeine,SREBF2,SREBF2,True,,,,SREBF2
caffeine,SRFBP1,SRFBP1,True,,,,SRFBP1
caffeine,SRP68,SRP68,True,,,,SRP68
caffeine,SRP72,SRP72,True,,,,SRP72
caffeine,SRPRB,SRPRB,True,,,,SRPRB
caffeine,SRSF11,SRSF11,True,,,,SRSF11
caffeine,SRSF4,SRSF4,True,,,,SRSF4
caffeine,SSC4D,SSC4D,True,,,,SSC4D
caffeine,NT5E,NT5E,True,,,,NT5E
caffeine,NUCB1,NUCB1,True,,,,NUCB1
caffeine,NUMB,NUMB,True,,,,NUMB
caffeine,NUP205,NUP205,True,,,,NUP205
caffeine,NUP50,NUP50,True,,,,NUP50
caffeine,NUP93,NUP93,True,,,,NUP93
caffeine,NWD2,NWD2,True,,,,NWD2
caffeine,OCIAD1,OCIAD1,True,,,,OCIAD1
caffeine,OGA,OGA,True,,,,OGA
caffeine,OLIG3,OLIG3,True,,,,OLIG3
caffeine,ORC6,ORC6,True,,,,ORC6
caffeine,OSBP,OSBP,True,,,,OSBP
caffeine,OSBPL8,OSBPL8,True,,,,OSBPL8
caffeine,OSTF1,OSTF1,True,,,,OSTF1
caffeine,OTUD5,OTUD5,True,,,,OTUD5
caffeine,P2RY8,P2RY8,True,,,,P2RY8
caffeine,PACS2,PACS2,True,,,,PACS2
caffeine,PAIP1,PAIP1,True,,,,PAIP1
caffeine,PAK2,PAK2,True,,,,PAK2
caffeine,PALM2AKAP2,PALM2AKAP2,True,,,,PALM2AKAP2
caffeine,PAN3,PAN3,True,,,,PAN3
caffeine,PANK4,PANK4,True,,,,PANK4
caffeine,PARD6B,PARD6B,True,,,,PARD6B
caffeine,PARP1,PARP1,True,,,,PARP1
caffeine,PARP1,PARP1,True,,,,PARP1
caffeine,PARP4,PARP4,True,,,,PARP4
caffeine,PATZ1,PATZ1,True,,,,PATZ1
caffeine,Adenosine receptor A1,adenosine receptor a1,False,ADORA1,,False,ADORA1
caffeine,PBK,PBK,True,,,,PBK
caffeine,PCBP1,PCBP1,True,,,,PCBP1
caffeine,Cyclic nucleotide phosphodiesterase,cyclic nucleotide phosphodiesterase,False,CNP,,False,CNP
caffeine,Cyclic nucleotide phosphodiesterase,cyclic nucleotide phosphodiesterase,False,CNP,,False,CNP
caffeine,PCIF1,PCIF1,True,,,,PCIF1
caffeine,PCNA,PCNA,True,,,,PCNA
caffeine,PCNX3,PCNX3,True,,,,PCNX3
caffeine,Cyclic nucleotide phosphodiesterase,cyclic nucleotide phosphodiesterase,False,CNP,,False,CNP
caffeine,Cyclic nucleotide phosphodiesterase,cyclic nucleotide phosphodiesterase,False,CNP,,False,CNP
caffeine,PCYT1A,PCYT1A,True,,,,PCYT1A
caffeine,PDCD11,PDCD11,True,,,,PDCD11
caffeine,Cyclic nucleotide phosphodiesterase,cyclic nucleotide phosphodiesterase,False,CNP,,False,CNP
caffeine,PDE5A,PDE5A,True,,,,PDE5A
caffeine,Amine oxidase [flavin-containing] B,amine oxidase flavin containing b,False,,,True,amine oxidase flavin containing b
caffeine,"Inositol 1,4,5-trisphosphate receptor",inositol 1 4 5 trisphosphate receptor,False,,,True,inositol 1 4 5 trisphosphate receptor
caffeine,"Inositol 1,4,5-trisphosphate receptor",inositol 1 4 5 trisphosphate receptor,False,,,True,inositol 1 4 5 trisphosphate receptor
caffeine,PDIA3,PDIA3,True,,,,PDIA3
caffeine,Ryanodine receptor 1,ryanodine receptor 1,False,RYR1,,False,RYR1
caffeine,PDLIM2,PDLIM2,True,,,,PDLIM2
caffeine,GFAP,GFAP,True,,,,GFAP
caffeine,PDS5B,PDS5B,True,,,,PDS5B
caffeine,CX3CL1,CX3CL1,True,,,,CX3CL1
caffeine,PDZD8,PDZD8,True,,,,PDZD8
caffeine,PECR,PECR,True,,,,PECR
caffeine,PEX13,PEX13,True,,,,PEX13
caffeine,CXCL8,CXCL8,True,,,,CXCL8
caffeine,CYBA,CYBA,True,,,,CYBA
caffeine,PFKFB3,PFKFB3,True,,,,PFKFB3
caffeine,PFN1,PFN1,True,,,,PFN1
caffeine,PGCKA1,PGCKA1,True,,,,PGCKA1
caffeine,CYP11A1,CYP11A1,True,,,,CYP11A1
caffeine,CYP12D1-P,cyp12d1 p,False,,,True,cyp12d1 p
caffeine,CYP1A2,CYP1A2,True,,,,CYP1A2
caffeine,PGK1,PGK1,True,,,,PGK1
caffeine,PGM2,PGM2,True,,,,PGM2
caffeine,PHACTR2,PHACTR2,True,,,,PHACTR2
caffeine,CYP1A,CYP1A,True,,,,CYP1A
caffeine,CYP1A2,CYP1A2,True,,,,CYP1A2
caffeine,CYP1A2,CYP1A2,True,,,,CYP1A2
caffeine,CYP1A2,CYP1A2,True,,,,CYP1A2
caffeine,CYP1A2,CYP1A2,True,,,,CYP1A2
caffeine,PHB1,PHB1,True,,,,PHB1
caffeine,PHF1,PHF1,True,,,,PHF1
caffeine,PHF2,PHF2,True,,,,PHF2
caffeine,CYP1A2,CYP1A2,True,,,,CYP1A2
caffeine,CYP21A2,CYP21A2,True,,,,CYP21A2
caffeine,RYR1,RYR1,True,,,,RYR1
caffeine,RYR2,RYR2,True,,,,RYR2
caffeine,S100A13,S100A13,True,,,,S100A13
caffeine,SAFB2,SAFB2,True,,,,SAFB2
caffeine,SAMD4B,SAMD4B,True,,,,SAMD4B
caffeine,SAP30BP,SAP30BP,True,,,,SAP30BP
caffeine,SATB2,SATB2,True,,,,SATB2
caffeine,SCAF1,SCAF1,True,,,,SCAF1
caffeine,SCAMP3,SCAMP3,True,,,,SCAMP3
caffeine,SCAPER,SCAPER,True,,,,SCAPER
caffeine,SCARB1,SCARB1,True,,,,SCARB1
caffeine,SCD1,SCD1,True,,,,SCD1
caffeine,SCML2,SCML2,True,,,,SCML2
caffeine,SCRIB,SCRIB,True,,,,SCRIB
caffeine,SEC13,SEC13,True,,,,SEC13
caffeine,SEC22B,SEC22B,True,,,,SEC22B
caffeine,SEC23IP,SEC23IP,True,,,,SEC23IP
caffeine,SEC63,SEC63,True,,,,SEC63
caffeine,SEMA4G,SEMA4G,True,,,,SEMA4G
caffeine,SENP5,SENP5,True,,,,SENP5
caffeine,SEPTIN7,SEPTIN7,True,,,,SEPTIN7
caffeine,SERPINB1,SERPINB1,True,,,,SERPINB1
caffeine,SETD1A,SETD1A,True,,,,SETD1A
caffeine,SEZ6L2,SEZ6L2,True,,,,SEZ6L2
caffeine,SF3B1,SF3B1,True,,,,SF3B1
caffeine,SFPQ,SFPQ,True,,,,SFPQ
caffeine,SFXN4,SFXN4,True,,,,SFXN4
caffeine,SGTB,SGTB,True,,,,SGTB
caffeine,SH3BP1,SH3BP1,True,,,,SH3BP1
caffeine,SH3KBP1,SH3KBP1,True,,,,SH3KBP1
caffeine,SHARPIN,SHARPIN,True,,,,SHARPIN
caffeine,SHB,SHB,True,,,,SHB
caffeine,SHROOM2,SHROOM2,True,,,,SHROOM2
caffeine,SIGMAR1,SIGMAR1,True,,,,SIGMAR1
caffeine,SIPA1L3,SIPA1L3,True,,,,SIPA1L3
caffeine,SIRT1,SIRT1,True,,,,SIRT1
caffeine,SIX4,SIX4,True,,,,SIX4
caffeine,SKIL,SKIL,True,,,,SKIL
caffeine,SLC12A2,SLC12A2,True,,,,SLC12A2
caffeine,SLC16A1,SLC16A1,True,,,,SLC16A1
caffeine,SLC17A5,SLC17A5,True,,,,SLC17A5
caffeine,SLC1A5,SLC1A5,True,,,,SLC1A5
caffeine,CYP2C19,CYP2C19,True,,,,CYP2C19
caffeine,A2A receptor,a2a receptor,False,ADORA2A,,False,ADORA2A
caffeine,MTA2,MTA2,True,,,,MTA2
caffeine,SLC25A1,SLC25A1,True,,,,SLC25A1
caffeine,SLC29A1,SLC29A1,True,,,,SLC29A1
caffeine,SLC2A3,SLC2A3,True,,,,SLC2A3
caffeine,MTCL1,MTCL1,True,,,,MTCL1
caffeine,MTFR1L,MTFR1L,True,,,,MTFR1L
caffeine,MTM1,MTM1,True,,,,MTM1
caffeine,SLC2A3,SLC2A3,True,,,,SLC2A3
caffeine,SLC35A5,SLC35A5,True,,,,SLC35A5
caffeine,SLC38A10,SLC38A10,True,,,,SLC38A10
caffeine,MTMR12,MTMR12,True,,,,MTMR12
caffeine,MTMR6,MTMR6,True,,,,MTMR6
caffeine,MTOR,MTOR,True,,,,MTOR
caffeine,PDE4B,PDE4B,True,,,,PDE4B
caffeine,CYP2C9,CYP2C9,True,,,,CYP2C9
caffeine,CYP3A4,CYP3A4,True,,,,CYP3A4
caffeine,CYP4E2,CYP4E2,True,,,,CYP4E2
caffeine,CYP6A8,CYP6A8,True,,,,CYP6A8
caffeine,CYP6W1,CYP6W1,True,,,,CYP6W1
caffeine,DAB2IP,DAB2IP,True,,,,DAB2IP
caffeine,DAZAP1,DAZAP1,True,,,,DAZAP1
caffeine,DCAF1,DCAF1,True,,,,DCAF1
caffeine,DCAF12,DCAF12,True,,,,DCAF12
caffeine,DCBLD1,DCBLD1,True,,,,DCBLD1
caffeine,DCLRE1A,DCLRE1A,True,,,,DCLRE1A
caffeine,DCTN4,DCTN4,True,,,,DCTN4
caffeine,DDI2,DDI2,True,,,,DDI2
caffeine,DDX19A,DDX19A,True,,,,DDX19A
caffeine,DDX31,DDX31,True,,,,DDX31
caffeine,DDX3X,DDX3X,True,,,,DDX3X
caffeine,DDX47,DDX47,True,,,,DDX47
caffeine,DDX55,DDX55,True,,,,DDX55
caffeine,DENND4C,DENND4C,True,,,,DENND4C
caffeine,DFFA,DFFA,True,,,,DFFA
caffeine,TRPC1,TRPC1,True,,,,TRPC1
caffeine,SSX2IP,SSX2IP,True,,,,SSX2IP
caffeine,STAM,STAM,True,,,,STAM
caffeine,DHCR24,DHCR24,True,,,,DHCR24
caffeine,DHX29,DHX29,True,,,,DHX29
caffeine,DIAPH1,DIAPH1,True,,,,DIAPH1
caffeine,STAR,STAR,True,,,,STAR
caffeine,STAT1,STAT1,True,,,,STAT1
caffeine,STAU1,STAU1,True,,,,STAU1
caffeine,DIDO1,DIDO1,True,,,,DIDO1
caffeine,DKC1,DKC1,True,,,,DKC1
caffeine,DLGAP4,DLGAP4,True,,,,DLGAP4
caffeine,STEAP1,STEAP1,True,,,,STEAP1
caffeine,STIP1,STIP1,True,,,,STIP1
caffeine,DMAP1,DMAP1,True,,,,DMAP1
caffeine,DMXL1,DMXL1,True,,,,DMXL1
caffeine,DNAJB13,DNAJB13,True,,,,DNAJB13
caffeine,STK32C,STK32C,True,,,,STK32C
caffeine,STOX1,STOX1,True,,,,STOX1
caffeine,DNAJB6,DNAJB6,True,,,,DNAJB6
caffeine,DNAJC2,DNAJC2,True,,,,DNAJC2
caffeine,DNMT1,DNMT1,True,,,,DNMT1
caffeine,STRN3,STRN3,True,,,,STRN3
caffeine,STX16,STX16,True,,,,STX16
caffeine,STX6,STX6,True,,,,STX6
caffeine,STX7,STX7,True,,,,STX7
caffeine,SUB1,SUB1,True,,,,SUB1
caffeine,SUGP2,SUGP2,True,,,,SUGP2
caffeine,DNMT3B,DNMT3B,True,,,,DNMT3B
caffeine,DOCK4,DOCK4,True,,,,DOCK4
caffeine,DOK4,DOK4,True,,,,DOK4
caffeine,DOT1L,DOT1L,True,,,,DOT1L
caffeine,DPP9,DPP9,True,,,,DPP9
caffeine,DRD2,DRD2,True,,,,DRD2
caffeine,SULT2A1,SULT2A1,True,,,,SULT2A1
caffeine,SUPT5H,SUPT5H,True,,,,SUPT5H
caffeine,SUV39H1,SUV39H1,True,,,,SUV39H1
caffeine,ADORA2A,ADORA2A,True,,,,ADORA2A
caffeine,DST,DST,True,,,,DST
caffeine,DTNBP1,DTNBP1,True,,,,DTNBP1
caffeine,SVBP,SVBP,True,,,,SVBP
caffeine,SYN1,SYN1,True,,,,SYN1
caffeine,SYNJ1,SYNJ1,True,,,,SYNJ1
caffeine,SSBP3,SSBP3,True,,,,SSBP3
caffeine,Adenosine receptor A2a,adenosine receptor a2a,False,ADORA2A,,False,ADORA2A
caffeine,Serine-protein kinase ATM,serine protein kinase atm,False,,,True,serine protein kinase atm
caffeine,Cyclic nucleotide phosphodiesterase,cyclic nucleotide phosphodiesterase,False,CNP,,False,CNP
caffeine,Cyclic nucleotide phosphodiesterase,cyclic nucleotide phosphodiesterase,False,CNP,,False,CNP
caffeine,ADORA1,ADORA1,True,,,,ADORA1
caffeine,Cyclic nucleotide phosphodiesterase,cyclic nucleotide phosphodiesterase,False,CNP,,False,CNP
caffeine,Cyclic nucleotide phosphodiesterase,cyclic nucleotide phosphodiesterase,False,CNP,,False,CNP
caffeine,Cyclic nucleotide phosphodiesterase,cyclic nucleotide phosphodiesterase,False,CNP,,False,CNP
caffeine,"cAMP-specific 3',5'-cyclic phosphodiesterase 4B",camp specific 3 5 cyclic phosphodiesterase 4b,False,,,True,camp specific 3 5 cyclic phosphodiesterase 4b
caffeine,"Inositol 1,4,5-trisphosphate receptor",inositol 1 4 5 trisphosphate receptor,False,,,True,inositol 1 4 5 trisphosphate receptor
caffeine,"Phosphatidylinositol 4,5-bisphosphate 3-kinase catalytic subunit delta isoform",phosphatidylinositol 4 5 bisphosphate 3 kinase catalytic subunit delta isoform,False,,,True,phosphatidylinositol 4 5 bisphosphate 3 kinase catalytic subunit delta isoform
caffeine,CAMK2B,CAMK2B,True,,,,CAMK2B
caffeine,ADORA3,ADORA3,True,,,,ADORA3
caffeine,CXCL16,CXCL16,True,,,,CXCL16
caffeine,CYB5B,CYB5B,True,,,,CYB5B
caffeine,CYFIP1,CYFIP1,True,,,,CYFIP1
caffeine,CYP12D1-D,cyp12d1 d,False,,,True,cyp12d1 d
caffeine,CYP1A2,CYP1A2,True,,,,CYP1A2
caffeine,CYP1A2,CYP1A2,True,,,,CYP1A2
caffeine,CYP1A2,CYP1A2,True,,,,CYP1A2
caffeine,CYP1A2,CYP1A2,True,,,,CYP1A2
caffeine,CYP1A2,CYP1A2,True,,,,CYP1A2
caffeine,CYP1A2,CYP1A2,True,,,,CYP1A2
caffeine,CYP1A2,CYP1A2,True,,,,CYP1A2
caffeine,CYP21A1,CYP21A1,True,,,,CYP21A1
caffeine,CYP2A6,CYP2A6,True,,,,CYP2A6
caffeine,PHF3,PHF3,True,,,,PHF3
caffeine,PHKA2,PHKA2,True,,,,PHKA2
caffeine,PHLDB2,PHLDB2,True,,,,PHLDB2
caffeine,PI4K2A,PI4K2A,True,,,,PI4K2A
caffeine,PIAS1,PIAS1,True,,,,PIAS1
caffeine,CYP3A4,CYP3A4,True,,,,CYP3A4
caffeine,CYP4D14,CYP4D14,True,,,,CYP4D14
caffeine,PIEZO1,PIEZO1,True,,,,PIEZO1
caffeine,CYP6G1,CYP6G1,True,,,,CYP6G1
caffeine,PIK3C2A,PIK3C2A,True,,,,PIK3C2A
caffeine,DAB2,DAB2,True,,,,DAB2
caffeine,PIP4K2B,PIP4K2B,True,,,,PIP4K2B
caffeine,PITPNM1,PITPNM1,True,,,,PITPNM1
caffeine,PKM,PKM,True,,,,PKM
caffeine,PKN3,PKN3,True,,,,PKN3
caffeine,DAXX,DAXX,True,,,,DAXX
caffeine,DBNL,DBNL,True,,,,DBNL
caffeine,DCAF11,DCAF11,True,,,,DCAF11
caffeine,PKP2,PKP2,True,,,,PKP2
caffeine,PLCB1,PLCB1,True,,,,PLCB1
caffeine,PLCG1,PLCG1,True,,,,PLCG1
caffeine,Adenosine A2a receptor (ADORA2A),adenosine a2a receptor,False,ADORA2A,,False,ADORA2A
caffeine,DCAF6,DCAF6,True,,,,DCAF6
caffeine,DCK,DCK,True,,,,DCK
caffeine,PLEKHA1,PLEKHA1,True,,,,PLEKHA1
caffeine,PLEKHA5,PLEKHA5,True,,,,PLEKHA5
caffeine,PLEKHG3,PLEKHG3,True,,,,PLEKHG3
caffeine,PLEKHG5,PLEKHG5,True,,,,PLEKHG5
caffeine,PLIN2,PLIN2,True,,,,PLIN2
caffeine,PLP1,PLP1,True,,,,PLP1
caffeine,DCTN2,DCTN2,True,,,,DCTN2
caffeine,DDHD1,DDHD1,True,,,,DDHD1
caffeine,DDX10,DDX10,True,,,,DDX10
caffeine,PML,PML,True,,,,PML
caffeine,PNKP,PNKP,True,,,,PNKP
caffeine,DDX18,DDX18,True,,,,DDX18
caffeine,DDX24,DDX24,True,,,,DDX24
caffeine,DDX39B,DDX39B,True,,,,DDX39B
caffeine,PNPLA8,PNPLA8,True,,,,PNPLA8
caffeine,POLA2,POLA2,True,,,,POLA2
caffeine,POLM,POLM,True,,,,POLM
caffeine,DDX46,DDX46,True,,,,DDX46
caffeine,DDX54,DDX54,True,,,,DDX54
caffeine,DEK,DEK,True,,,,DEK
caffeine,POM121C,POM121C,True,,,,POM121C
caffeine,POTEE,POTEE,True,,,,POTEE
caffeine,DENND4A,DENND4A,True,,,,DENND4A
caffeine,DEPDC5,DEPDC5,True,,,,DEPDC5
caffeine,DGKK,DGKK,True,,,,DGKK
caffeine,PPARG,PPARG,True,,,,PPARG
caffeine,PPFIA3,PPFIA3,True,,,,PPFIA3
caffeine,PPHLN1,PPHLN1,True,,,,PPHLN1
caffeine,SHH,SHH,True,,,,SHH
caffeine,SSR3,SSR3,True,,,,SSR3
caffeine,STAG2,STAG2,True,,,,STAG2
caffeine,DGKZ,DGKZ,True,,,,DGKZ
caffeine,DHX16,DHX16,True,,,,DHX16
caffeine,DHX8,DHX8,True,,,,DHX8
caffeine,PPIG,PPIG,True,,,,PPIG
caffeine,PPM1B,PPM1B,True,,,,PPM1B
caffeine,STAR,STAR,True,,,,STAR
caffeine,STARD4,STARD4,True,,,,STARD4
caffeine,STAT6,STAT6,True,,,,STAT6
caffeine,DICER1,DICER1,True,,,,DICER1
caffeine,DIS3L2,DIS3L2,True,,,,DIS3L2
caffeine,DLG5,DLG5,True,,,,DLG5
caffeine,STC2,STC2,True,,,,STC2
caffeine,STIM2,STIM2,True,,,,STIM2
caffeine,STK17A,STK17A,True,,,,STK17A
caffeine,PPP1CA,PPP1CA,True,,,,PPP1CA
caffeine,PPP1R12A,PPP1R12A,True,,,,PPP1R12A
caffeine,PPP1R16A,PPP1R16A,True,,,,PPP1R16A
caffeine,DLX2,DLX2,True,,,,DLX2
caffeine,DMWD,DMWD,True,,,,DMWD
caffeine,DNAJA1,DNAJA1,True,,,,DNAJA1
caffeine,STK32B,STK32B,True,,,,STK32B
caffeine,STMN1,STMN1,True,,,,STMN1
caffeine,STRBP,STRBP,True,,,,STRBP
caffeine,PPP1R3E,PPP1R3E,True,,,,PPP1R3E
caffeine,PPP2R2B,PPP2R2B,True,,,,PPP2R2B
caffeine,PPP4R1,PPP4R1,True,,,,PPP4R1
caffeine,DNAJC16,DNAJC16,True,,,,DNAJC16
caffeine,DNMBP,DNMBP,True,,,,DNMBP
caffeine,STRN,STRN,True,,,,STRN
caffeine,STX12,STX12,True,,,,STX12
caffeine,STX4A,STX4A,True,,,,STX4A
caffeine,PPP6R2,PPP6R2,True,,,,PPP6R2
caffeine,PRAG1,PRAG1,True,,,,PRAG1
caffeine,STXBP5,STXBP5,True,,,,STXBP5
caffeine,SUFU,SUFU,True,,,,SUFU
caffeine,DNMT3A,DNMT3A,True,,,,DNMT3A
caffeine,DOCK1,DOCK1,True,,,,DOCK1
caffeine,DOK1,DOK1,True,,,,DOK1
caffeine,PRICKLE2,PRICKLE2,True,,,,PRICKLE2
caffeine,PRKAA1,PRKAA1,True,,,,PRKAA1
caffeine,DOP1B,DOP1B,True,,,,DOP1B
caffeine,DPP4,DPP4,True,,,,DPP4
caffeine,DRD2,DRD2,True,,,,DRD2
caffeine,SULT1A4,SULT1A4,True,,,,SULT1A4
caffeine,SUPT20H,SUPT20H,True,,,,SUPT20H
caffeine,SURF6,SURF6,True,,,,SURF6
caffeine,DRD2,DRD2,True,,,,DRD2
caffeine,FGF2,FGF2,True,,,,FGF2
caffeine,PRKAR1A,PRKAR1A,True,,,,PRKAR1A
caffeine,PRKCD,PRKCD,True,,,,PRKCD
caffeine,DSP,DSP,True,,,,DSP
caffeine,DTNA,DTNA,True,,,,DTNA
caffeine,DUS3L,DUS3L,True,,,,DUS3L
caffeine,SYMPK,SYMPK,True,,,,SYMPK
caffeine,SYNE2,SYNE2,True,,,,SYNE2
caffeine,PRKDC,PRKDC,True,,,,PRKDC
caffeine,PRMT3,PRMT3,True,,,,PRMT3
caffeine,SLC39A11,SLC39A11,True,,,,SLC39A11
caffeine,SLC43A2,SLC43A2,True,,,,SLC43A2
caffeine,SLC4A7,SLC4A7,True,,,,SLC4A7
caffeine,SLC60A2,SLC60A2,True,,,,SLC60A2
caffeine,SLC6A3,SLC6A3,True,,,,SLC6A3
caffeine,SLC8B1,SLC8B1,True,,,,SLC8B1
caffeine,SLC9B2,SLC9B2,True,,,,SLC9B2
caffeine,SLF2,SLF2,True,,,,SLF2
caffeine,SMAD1,SMAD1,True,,,,SMAD1
caffeine,SMAD5,SMAD5,True,,,,SMAD5
caffeine,SMARCA5,SMARCA5,True,,,,SMARCA5
caffeine,SMARCC2,SMARCC2,True,,,,SMARCC2
caffeine,SMC4,SMC4,True,,,,SMC4
caffeine,SMG7,SMG7,True,,,,SMG7
caffeine,SMN1,SMN1,True,,,,SMN1
caffeine,SMPD4,SMPD4,True,,,,SMPD4
caffeine,SNAP25,SNAP25,True,,,,SNAP25
caffeine,SNIP1,SNIP1,True,,,,SNIP1
caffeine,SNRPC,SNRPC,True,,,,SNRPC
caffeine,SNUPN,SNUPN,True,,,,SNUPN
caffeine,SNX13,SNX13,True,,,,SNX13
caffeine,SNX3,SNX3,True,,,,SNX3
caffeine,SNX9,SNX9,True,,,,SNX9
caffeine,SOD1,SOD1,True,,,,SOD1
caffeine,SON,SON,True,,,,SON
caffeine,SORL1,SORL1,True,,,,SORL1
caffeine,SOX13,SOX13,True,,,,SOX13
caffeine,SOX9,SOX9,True,,,,SOX9
caffeine,SP2,SP2,True,,,,SP2
caffeine,SPAG9,SPAG9,True,,,,SPAG9
caffeine,SPATS2L,SPATS2L,True,,,,SPATS2L
caffeine,SPHKAP,SPHKAP,True,,,,SPHKAP
caffeine,SPIRE2,SPIRE2,True,,,,SPIRE2
caffeine,SPR,SPR,True,,,,SPR
caffeine,SPRY4,SPRY4,True,,,,SPRY4
caffeine,SQLE,SQLE,True,,,,SQLE
caffeine,SQSTM1,SQSTM1,True,,,,SQSTM1
caffeine,SRBD1,SRBD1,True,,,,SRBD1
caffeine,SREBF1,SREBF1,True,,,,SREBF1
caffeine,SREBF2,SREBF2,True,,,,SREBF2
caffeine,SRF,SRF,True,,,,SRF
caffeine,SRM,SRM,True,,,,SRM
caffeine,SRPK2,SRPK2,True,,,,SRPK2
caffeine,SRSF1,SRSF1,True,,,,SRSF1
caffeine,MED12,MED12,True,,,,MED12
caffeine,MED17,MED17,True,,,,MED17
caffeine,MEF2A,MEF2A,True,,,,MEF2A
caffeine,MELK,MELK,True,,,,MELK
caffeine,MET,MET,True,,,,MET
caffeine,METTL25,METTL25,True,,,,METTL25
caffeine,METTL3,METTL3,True,,,,METTL3
caffeine,MFF,MFF,True,,,,MFF
caffeine,MFSD6,MFSD6,True,,,,MFSD6
caffeine,MGST1,MGST1,True,,,,MGST1
caffeine,MICAL1,MICAL1,True,,,,MICAL1
caffeine,MIDEAS,MIDEAS,True,,,,MIDEAS
caffeine,"cGMP-inhibited 3',5'-cyclic phosphodiesterase 3B",cgmp inhibited 3 5 cyclic phosphodiesterase 3b,False,,,True,cgmp inhibited 3 5 cyclic phosphodiesterase 3b
caffeine,"3',5'-cyclic-AMP phosphodiesterase 4B",3 5 cyclic amp phosphodiesterase 4b,False,,,True,3 5 cyclic amp phosphodiesterase 4b
caffeine,"3',5'-cyclic-AMP phosphodiesterase 4C",3 5 cyclic amp phosphodiesterase 4c,False,,,True,3 5 cyclic amp phosphodiesterase 4c
caffeine,MIER2,MIER2,True,,,,MIER2
caffeine,MINDY1,MINDY1,True,,,,MINDY1
caffeine,MIR101A,MIR101A,True,,,,MIR101A
caffeine,"3',5'-cyclic-AMP phosphodiesterase 7B",3 5 cyclic amp phosphodiesterase 7b,False,,,True,3 5 cyclic amp phosphodiesterase 7b
caffeine,"cGMP-inhibited 3',5'-cyclic phosphodiesterase 3B",cgmp inhibited 3 5 cyclic phosphodiesterase 3b,False,,,True,cgmp inhibited 3 5 cyclic phosphodiesterase 3b
caffeine,"Dual specificity calcium/calmodulin-dependent 3',5'-cyclic nucleotide phosphodiesterase 1A",dual specificity calcium calmodulin dependent 3 5 cyclic nucleotide phosphodiesterase 1a,False,,,True,dual specificity calcium calmodulin dependent 3 5 cyclic nucleotide phosphodiesterase 1a
caffeine,MISP,MISP,True,,,,MISP
caffeine,MLF2,MLF2,True,,,,MLF2
caffeine,"Dual specificity calcium/calmodulin-dependent 3',5'-cyclic nucleotide phosphodiesterase 1B",dual specificity calcium calmodulin dependent 3 5 cyclic nucleotide phosphodiesterase 1b,False,,,True,dual specificity calcium calmodulin dependent 3 5 cyclic nucleotide phosphodiesterase 1b
caffeine,"High affinity cAMP-specific and IBMX-insensitive 3',5'-cyclic phosphodiesterase 8B",high affinity camp specific and ibmx insensitive 3 5 cyclic phosphodiesterase 8b,False,,,True,high affinity camp specific and ibmx insensitive 3 5 cyclic phosphodiesterase 8b
caffeine,DNA-dependent protein kinase catalytic subunit,dna dependent protein kinase catalytic subunit,False,,,True,dna dependent protein kinase catalytic subunit
caffeine,MMP13,MMP13,True,,,,MMP13
caffeine,MNDA,MNDA,True,,,,MNDA
caffeine,"Inositol 1,4,5-trisphosphate-gated calcium channel ITPR1",inositol 1 4 5 trisphosphate gated calcium channel itpr1,False,,,True,inositol 1 4 5 trisphosphate gated calcium channel itpr1
caffeine,Cytochrome P450 1A2,cytochrome p450 1a2,False,,,True,cytochrome p450 1a2
caffeine,Cytochrome P450 2C9,cytochrome p450 2c9,False,,,True,cytochrome p450 2c9
caffeine,Broad substrate specificity ATP-binding cassette transporter ABCG2,broad substrate specificity atp binding cassette transporter abcg2,False,,,True,broad substrate specificity atp binding cassette transporter abcg2
caffeine,MORC2,MORC2,True,,,,MORC2
caffeine,MPG,MPG,True,,,,MPG
caffeine,RyR2,ryr2,False,RYR2,,False,RYR2
caffeine,MPRIP,MPRIP,True,,,,MPRIP
caffeine,MRM3,MRM3,True,,,,MRM3
caffeine,MRPL4,MRPL4,True,,,,MRPL4
caffeine,MRTFB,MRTFB,True,,,,MRTFB
caffeine,MSL1,MSL1,True,,,,MSL1
caffeine,NSFL1C,NSFL1C,True,,,,NSFL1C
caffeine,NTRK2,NTRK2,True,,,,NTRK2
caffeine,NUCKS1,NUCKS1,True,,,,NUCKS1
caffeine,NUP133,NUP133,True,,,,NUP133
caffeine,NUP210,NUP210,True,,,,NUP210
caffeine,NUP58,NUP58,True,,,,NUP58
caffeine,NUP98,NUP98,True,,,,NUP98
caffeine,NXF1,NXF1,True,,,,NXF1
caffeine,OCLN,OCLN,True,,,,OCLN
caffeine,OGFR,OGFR,True,,,,OGFR
caffeine,OPTN,OPTN,True,,,,OPTN
caffeine,ORM1,ORM1,True,,,,ORM1
caffeine,OSBPL10,OSBPL10,True,,,,OSBPL10
caffeine,OSBPL9,OSBPL9,True,,,,OSBPL9
caffeine,OSTM1,OSTM1,True,,,,OSTM1
caffeine,OTPA,OTPA,True,,,,OTPA
caffeine,OTUD7B,OTUD7B,True,,,,OTUD7B
caffeine,P3H3,P3H3,True,,,,P3H3
caffeine,PABIR2,PABIR2,True,,,,PABIR2
caffeine,PACSIN2,PACSIN2,True,,,,PACSIN2
caffeine,PAK1,PAK1,True,,,,PAK1
caffeine,PAK2,PAK2,True,,,,PAK2
caffeine,PALM3,PALM3,True,,,,PALM3
caffeine,PAPOLA,PAPOLA,True,,,,PAPOLA
caffeine,PARG,PARG,True,,,,PARG
caffeine,PARP1,PARP1,True,,,,PARP1
caffeine,PARP1,PARP1,True,,,,PARP1
caffeine,PARVG,PARVG,True,,,,PARVG
caffeine,PAWR,PAWR,True,,,,PAWR
caffeine,PBRM1,PBRM1,True,,,,PBRM1
caffeine,PCBP2,PCBP2,True,,,,PCBP2
caffeine,PCK2,PCK2,True,,,,PCK2
caffeine,PCNP,PCNP,True,,,,PCNP
caffeine,PCSK9,PCSK9,True,,,,PCSK9
caffeine,PCYT1B,PCYT1B,True,,,,PCYT1B
caffeine,PDCD4,PDCD4,True,,,,PDCD4
caffeine,PDE5A,PDE5A,True,,,,PDE5A
caffeine,PDIA4,PDIA4,True,,,,PDIA4
caffeine,PDLIM5,PDLIM5,True,,,,PDLIM5
caffeine,PEA15,PEA15,True,,,,PEA15
caffeine,PEG3,PEG3,True,,,,PEG3
caffeine,PEX14,PEX14,True,,,,PEX14
caffeine,PFKM,PFKM,True,,,,PFKM
caffeine,PGAP2,PGAP2,True,,,,PGAP2
caffeine,PGK2,PGK2,True,,,,PGK2
caffeine,PGR,PGR,True,,,,PGR
caffeine,PHACTR4,PHACTR4,True,,,,PHACTR4
caffeine,PHC3,PHC3,True,,,,PHC3
caffeine,PHF10,PHF10,True,,,,PHF10
caffeine,PHF23,PHF23,True,,,,PHF23
caffeine,DUSP8,DUSP8,True,,,,DUSP8
caffeine,DYNC1H1,DYNC1H1,True,,,,DYNC1H1
caffeine,DYRK1A,DYRK1A,True,,,,DYRK1A
caffeine,SYTL1,SYTL1,True,,,,SYTL1
caffeine,TAB2,TAB2,True,,,,TAB2
caffeine,MTSS1,MTSS1,True,,,,MTSS1
caffeine,MUC16,MUC16,True,,,,MUC16
caffeine,MVB12B,MVB12B,True,,,,MVB12B
caffeine,E2F4,E2F4,True,,,,E2F4
caffeine,EAF2,EAF2,True,,,,EAF2
caffeine,ECD,ECD,True,,,,ECD
caffeine,TAF1C,TAF1C,True,,,,TAF1C
caffeine,TAF4,TAF4,True,,,,TAF4
caffeine,TAF9,TAF9,True,,,,TAF9
caffeine,MYBBP1A,MYBBP1A,True,,,,MYBBP1A
caffeine,MYC,MYC,True,,,,MYC
caffeine,ECI2,ECI2,True,,,,ECI2
caffeine,EDC4,EDC4,True,,,,EDC4
caffeine,EEF1A1,EEF1A1,True,,,,EEF1A1
caffeine,TANC1,TANC1,True,,,,TANC1
caffeine,TAPT1,TAPT1,True,,,,TAPT1
caffeine,TASOR2,TASOR2,True,,,,TASOR2
caffeine,MYL6B,MYL6B,True,,,,MYL6B
caffeine,MYO18A,MYO18A,True,,,,MYO18A
caffeine,MYO5A,MYO5A,True,,,,MYO5A
caffeine,TBC1D16,TBC1D16,True,,,,TBC1D16
caffeine,TBC1D23,TBC1D23,True,,,,TBC1D23
caffeine,TBC1D8,TBC1D8,True,,,,TBC1D8
caffeine,EEF1AKMT1,EEF1AKMT1,True,,,,EEF1AKMT1
caffeine,EEF1D,EEF1D,True,,,,EEF1D
caffeine,EEF2K,EEF2K,True,,,,EEF2K
caffeine,MYO7A,MYO7A,True,,,,MYO7A
caffeine,MYRF,MYRF,True,,,,MYRF
caffeine,NAB1,NAB1,True,,,,NAB1
caffeine,TBC1D8B,TBC1D8B,True,,,,TBC1D8B
caffeine,TBK1,TBK1,True,,,,TBK1
caffeine,TBX2,TBX2,True,,,,TBX2
caffeine,EFNA1,EFNA1,True,,,,EFNA1
caffeine,EGFL7,EGFL7,True,,,,EGFL7
caffeine,NADK2,NADK2,True,,,,NADK2
caffeine,NASP,NASP,True,,,,NASP
caffeine,NAV2,NAV2,True,,,,NAV2
caffeine,TCF12,TCF12,True,,,,TCF12
caffeine,TCHP,TCHP,True,,,,TCHP
caffeine,TDO2,TDO2,True,,,,TDO2
caffeine,EHBP1L1,EHBP1L1,True,,,,EHBP1L1
caffeine,EHHADH,EHHADH,True,,,,EHHADH
caffeine,NCAPD2,NCAPD2,True,,,,NCAPD2
caffeine,NCBP3,NCBP3,True,,,,NCBP3
caffeine,EIF2AK1,EIF2AK1,True,,,,EIF2AK1
caffeine,EIF2S2,EIF2S2,True,,,,EIF2S2
caffeine,TDP2,TDP2,True,,,,TDP2
caffeine,TEAD3,TEAD3,True,,,,TEAD3
caffeine,TET2,TET2,True,,,,TET2
caffeine,NCOA2,NCOA2,True,,,,NCOA2
caffeine,NCOR1,NCOR1,True,,,,NCOR1
caffeine,NDC80,NDC80,True,,,,NDC80
caffeine,EIF3H,EIF3H,True,,,,EIF3H
caffeine,EIF3M,EIF3M,True,,,,EIF3M
caffeine,TEX2,TEX2,True,,,,TEX2
caffeine,TFDP1,TFDP1,True,,,,TFDP1
caffeine,TFPT,TFPT,True,,,,TFPT
caffeine,NDEL1,NDEL1,True,,,,NDEL1
caffeine,NDUFB5,NDUFB5,True,,,,NDUFB5
caffeine,NECTIN2,NECTIN2,True,,,,NECTIN2
caffeine,EIF4E,EIF4E,True,,,,EIF4E
caffeine,EIF4ENIF1,EIF4ENIF1,True,,,,EIF4ENIF1
caffeine,EIF5,EIF5,True,,,,EIF5
caffeine,TGFBR1,TGFBR1,True,,,,TGFBR1
caffeine,TGS1,TGS1,True,,,,TGS1
caffeine,NECTIN3,NECTIN3,True,,,,NECTIN3
caffeine,NEFH,NEFH,True,,,,NEFH
caffeine,NEK4,NEK4,True,,,,NEK4
caffeine,EIPR1,EIPR1,True,,,,EIPR1
caffeine,ELF2,ELF2,True,,,,ELF2
caffeine,ELL2,ELL2,True,,,,ELL2
caffeine,THOC1,THOC1,True,,,,THOC1
caffeine,THRAP3,THRAP3,True,,,,THRAP3
caffeine,THUMPD3,THUMPD3,True,,,,THUMPD3
caffeine,NES,NES,True,,,,NES
caffeine,NFAT5,NFAT5,True,,,,NFAT5
caffeine,ELP3,ELP3,True,,,,ELP3
caffeine,EMG1,EMG1,True,,,,EMG1
caffeine,NFIC,NFIC,True,,,,NFIC
caffeine,NFKB2,NFKB2,True,,,,NFKB2
caffeine,NFRKB,NFRKB,True,,,,NFRKB
caffeine,TICRR,TICRR,True,,,,TICRR
caffeine,TJAP1,TJAP1,True,,,,TJAP1
caffeine,TKT,TKT,True,,,,TKT
caffeine,ENO2,ENO2,True,,,,ENO2
caffeine,EP400,EP400,True,,,,EP400
caffeine,NFX1,NFX1,True,,,,NFX1
caffeine,NHERF1,NHERF1,True,,,,NHERF1
caffeine,NIBAN2,NIBAN2,True,,,,NIBAN2
caffeine,TLN1,TLN1,True,,,,TLN1
caffeine,TMC7,TMC7,True,,,,TMC7
caffeine,NISCH,NISCH,True,,,,NISCH
caffeine,NKTR,NKTR,True,,,,NKTR
caffeine,NMNAT1,NMNAT1,True,,,,NMNAT1
caffeine,EPC1,EPC1,True,,,,EPC1
caffeine,EPHA1,EPHA1,True,,,,EPHA1
caffeine,EPPK1,EPPK1,True,,,,EPPK1
caffeine,TMED5,TMED5,True,,,,TMED5
caffeine,TMEM106B,TMEM106B,True,,,,TMEM106B
caffeine,TMEM169,TMEM169,True,,,,TMEM169
caffeine,NOC2L,NOC2L,True,,,,NOC2L
caffeine,NOL4L,NOL4L,True,,,,NOL4L
caffeine,NONO,NONO,True,,,,NONO
caffeine,EPS15,EPS15,True,,,,EPS15
caffeine,EPS8L3,EPS8L3,True,,,,EPS8L3
caffeine,ERBIN,ERBIN,True,,,,ERBIN
caffeine,TMEM230,TMEM230,True,,,,TMEM230
caffeine,TMEM45B,TMEM45B,True,,,,TMEM45B
caffeine,ERCC5,ERCC5,True,,,,ERCC5
caffeine,ERF,ERF,True,,,,ERF
caffeine,NOS1AP,NOS1AP,True,,,,NOS1AP
caffeine,NOSIP,NOSIP,True,,,,NOSIP
caffeine,ESCO2,ESCO2,True,,,,ESCO2
caffeine,ESPN,ESPN,True,,,,ESPN
caffeine,ESYT2,ESYT2,True,,,,ESYT2
caffeine,TMIGD2,TMIGD2,True,,,,TMIGD2
caffeine,TMUB1,TMUB1,True,,,,TMUB1
caffeine,NPHP4,NPHP4,True,,,,NPHP4
caffeine,NPL,NPL,True,,,,NPL
caffeine,NPPA,NPPA,True,,,,NPPA
caffeine,NQO1,NQO1,True,,,,NQO1
caffeine,NR2F6,NR2F6,True,,,,NR2F6
caffeine,ETV3,ETV3,True,,,,ETV3
caffeine,EVA1A,EVA1A,True,,,,EVA1A
caffeine,EXOC4,EXOC4,True,,,,EXOC4
caffeine,TNF,TNF,True,,,,TNF
caffeine,TNFAIP3,TNFAIP3,True,,,,TNFAIP3
caffeine,TNFSF4,TNFSF4,True,,,,TNFSF4
caffeine,NR5A1,NR5A1,True,,,,NR5A1
caffeine,NRIP1,NRIP1,True,,,,NRIP1
caffeine,NSF,NSF,True,,,,NSF
caffeine,CYP2E1,CYP2E1,True,,,,CYP2E1
caffeine,CYP4B1,CYP4B1,True,,,,CYP4B1
caffeine,CYP6A21,CYP6A21,True,,,,CYP6A21
caffeine,CYP6D5,CYP6D5,True,,,,CYP6D5
caffeine,DAAM1,DAAM1,True,,,,DAAM1
caffeine,DAGLB,DAGLB,True,,,,DAGLB
caffeine,DAPK3,DAPK3,True,,,,DAPK3
caffeine,DBN1,DBN1,True,,,,DBN1
caffeine,DCAF11,DCAF11,True,,,,DCAF11
caffeine,DCAF5,DCAF5,True,,,,DCAF5
caffeine,DCDC2,DCDC2,True,,,,DCDC2
caffeine,DCP1B,DCP1B,True,,,,DCP1B
caffeine,DCT,DCT,True,,,,DCT
caffeine,DCXR,DCXR,True,,,,DCXR
caffeine,DDRGK1,DDRGK1,True,,,,DDRGK1
caffeine,RYR3,RYR3,True,,,,RYR3
caffeine,DDX17,DDX17,True,,,,DDX17
caffeine,DDX21,DDX21,True,,,,DDX21
caffeine,DDX39A,DDX39A,True,,,,DDX39A
caffeine,DDX42,DDX42,True,,,,DDX42
caffeine,DDX51,DDX51,True,,,,DDX51
caffeine,DEAF1,DEAF1,True,,,,DEAF1
caffeine,DENND2B,DENND2B,True,,,,DENND2B
caffeine,DENND6A,DENND6A,True,,,,DENND6A
caffeine,DGCR8,DGCR8,True,,,,DGCR8
caffeine,CYP3A4,CYP3A4,True,,,,CYP3A4
caffeine,SSH2,SSH2,True,,,,SSH2
caffeine,STAG1,STAG1,True,,,,STAG1
caffeine,DGKQ,DGKQ,True,,,,DGKQ
caffeine,DHODH,DHODH,True,,,,DHODH
caffeine,DHX36,DHX36,True,,,,DHX36
caffeine,STAR,STAR,True,,,,STAR
caffeine,STARD3NL,STARD3NL,True,,,,STARD3NL
caffeine,STAT5B,STAT5B,True,,,,STAT5B
caffeine,DIAPH3,DIAPH3,True,,,,DIAPH3
caffeine,DIP2B,DIP2B,True,,,,DIP2B
caffeine,DLG1,DLG1,True,,,,DLG1
caffeine,STBD1,STBD1,True,,,,STBD1
caffeine,STIM1,STIM1,True,,,,STIM1
caffeine,STK11IP,STK11IP,True,,,,STK11IP
caffeine,DLGAP5,DLGAP5,True,,,,DLGAP5
caffeine,DMTN,DMTN,True,,,,DMTN
caffeine,DNAJA1,DNAJA1,True,,,,DNAJA1
caffeine,STK3,STK3,True,,,,STK3
caffeine,STMN1,STMN1,True,,,,STMN1
caffeine,STRADB,STRADB,True,,,,STRADB
caffeine,DNAJC12,DNAJC12,True,,,,DNAJC12
caffeine,DNM2,DNM2,True,,,,DNM2
caffeine,DNMT3A,DNMT3A,True,,,,DNMT3A
caffeine,STRIP1,STRIP1,True,,,,STRIP1
caffeine,STX10,STX10,True,,,,STX10
caffeine,STX4,STX4,True,,,,STX4
caffeine,STXBP4,STXBP4,True,,,,STXBP4
caffeine,SUDS3,SUDS3,True,,,,SUDS3
caffeine,SULT1A1,SULT1A1,True,,,,SULT1A1
caffeine,DNTTIP2,DNTTIP2,True,,,,DNTTIP2
caffeine,DOCK7,DOCK7,True,,,,DOCK7
caffeine,DOP1A,DOP1A,True,,,,DOP1A
caffeine,DPM1,DPM1,True,,,,DPM1
caffeine,DR1,DR1,True,,,,DR1
caffeine,SUN2,SUN2,True,,,,SUN2
caffeine,SUPT7L,SUPT7L,True,,,,SUPT7L
caffeine,OGG1,OGG1,True,,,,OGG1
caffeine,DSC2,DSC2,True,,,,DSC2
caffeine,DTL,DTL,True,,,,DTL
caffeine,DTX4,DTX4,True,,,,DTX4
caffeine,SYAP1,SYAP1,True,,,,SYAP1
caffeine,SYNE1,SYNE1,True,,,,SYNE1
caffeine,SYNPO,SYNPO,True,,,,SYNPO
caffeine,Ecto-5'-nucleotidase (CD73),ecto 5 nucleotidase,False,NT5E,,False,NT5E
caffeine,SLC38A7,SLC38A7,True,,,,SLC38A7
caffeine,SLC43A1,SLC43A1,True,,,,SLC43A1
caffeine,SLC4A2,SLC4A2,True,,,,SLC4A2
caffeine,SLC5A8,SLC5A8,True,,,,SLC5A8
caffeine,SLC6A15,SLC6A15,True,,,,SLC6A15
caffeine,SLC7A6OS,SLC7A6OS,True,,,,SLC7A6OS
caffeine,SLC9A8,SLC9A8,True,,,,SLC9A8
caffeine,SLCO4C1,SLCO4C1,True,,,,SLCO4C1
caffeine,SLTM,SLTM,True,,,,SLTM
caffeine,SLX9,SLX9,True,,,,SLX9
caffeine,SMAD3,SMAD3,True,,,,SMAD3
caffeine,SMARCA2,SMARCA2,True,,,,SMARCA2
caffeine,Adenosine A1 receptor (ADORA1),adenosine a1 receptor,False,ADORA1,,False,ADORA1
caffeine,SMARCA4,SMARCA4,True,,,,SMARCA4
caffeine,SMARCC1,SMARCC1,True,,,,SMARCC1
caffeine,SMC3,SMC3,True,,,,SMC3
caffeine,SMG1,SMG1,True,,,,SMG1
caffeine,SMIM1,SMIM1,True,,,,SMIM1
caffeine,SMPD3,SMPD3,True,,,,SMPD3
caffeine,SNAP23,SNAP23,True,,,,SNAP23
caffeine,SND1,SND1,True,,,,SND1
caffeine,SNRNP40,SNRNP40,True,,,,SNRNP40
caffeine,SNRPA1,SNRPA1,True,,,,SNRPA1
caffeine,SNTB2,SNTB2,True,,,,SNTB2
caffeine,SNX1,SNX1,True,,,,SNX1
caffeine,SNX2,SNX2,True,,,,SNX2
caffeine,SNX8,SNX8,True,,,,SNX8
caffeine,SOD1,SOD1,True,,,,SOD1
caffeine,SOD2,SOD2,True,,,,SOD2
caffeine,SORBS3,SORBS3,True,,,,SORBS3
caffeine,SOWAHA,SOWAHA,True,,,,SOWAHA
caffeine,SOX9,SOX9,True,,,,SOX9
caffeine,SP100,SP100,True,,,,SP100
caffeine,SP5,SP5,True,,,,SP5
caffeine,SPAG7,SPAG7,True,,,,SPAG7
caffeine,SPATA18,SPATA18,True,,,,SPATA18
caffeine,SPEN,SPEN,True,,,,SPEN
caffeine,SPIRE1,SPIRE1,True,,,,SPIRE1
caffeine,SPP1,SPP1,True,,,,SPP1
caffeine,SPRY1,SPRY1,True,,,,SPRY1
caffeine,SPTBN1,SPTBN1,True,,,,SPTBN1
caffeine,SQSTM1,SQSTM1,True,,,,SQSTM1
caffeine,SQSTM1,SQSTM1,True,,,,SQSTM1
caffeine,SRARP,SRARP,True,,,,SRARP
caffeine,SRCIN1,SRCIN1,True,,,,SRCIN1
caffeine,SREK1IP1,SREK1IP1,True,,,,SREK1IP1
caffeine,SRGAP2,SRGAP2,True,,,,SRGAP2
caffeine,SRPK1,SRPK1,True,,,,SRPK1
caffeine,SRRM2,SRRM2,True,,,,SRRM2
caffeine,SRSF2,SRSF2,True,,,,SRSF2
caffeine,RYR1,RYR1,True,,,,RYR1
caffeine,RYR1,RYR1,True,,,,RYR1
caffeine,RYR3,RYR3,True,,,,RYR3
caffeine,SACS,SACS,True,,,,SACS
caffeine,SAMD1,SAMD1,True,,,,SAMD1
caffeine,SAP130,SAP130,True,,,,SAP130
caffeine,SART3,SART3,True,,,,SART3
caffeine,SBNO1,SBNO1,True,,,,SBNO1
caffeine,SCAF8,SCAF8,True,,,,SCAF8
caffeine,SCAND1,SCAND1,True,,,,SCAND1
caffeine,SCARB1,SCARB1,True,,,,SCARB1
caffeine,SCCPDH,SCCPDH,True,,,,SCCPDH
caffeine,SCFD1,SCFD1,True,,,,SCFD1
caffeine,SCN9A,SCN9A,True,,,,SCN9A
caffeine,SDCBP,SDCBP,True,,,,SDCBP
caffeine,SEC16A,SEC16A,True,,,,SEC16A
caffeine,SEC31A,SEC31A,True,,,,SEC31A
caffeine,SELENON,SELENON,True,,,,SELENON
caffeine,SEMA6B,SEMA6B,True,,,,SEMA6B
caffeine,SENP6,SENP6,True,,,,SENP6
caffeine,SERBP1,SERBP1,True,,,,SERBP1
caffeine,SERPINA1,SERPINA1,True,,,,SERPINA1
caffeine,SERTAD4-AS1,sertad4 as1,False,,,True,sertad4 as1
caffeine,SETD2,SETD2,True,,,,SETD2
caffeine,SETDB1,SETDB1,True,,,,SETDB1
caffeine,SF3A1,SF3A1,True,,,,SF3A1
caffeine,SFPQ,SFPQ,True,,,,SFPQ
caffeine,SFSWAP,SFSWAP,True,,,,SFSWAP
caffeine,SGPP1,SGPP1,True,,,,SGPP1
caffeine,SH2D3A,SH2D3A,True,,,,SH2D3A
caffeine,SH3GL1,SH3GL1,True,,,,SH3GL1
caffeine,SH3PXD2B,SH3PXD2B,True,,,,SH3PXD2B
caffeine,SHLD1,SHLD1,True,,,,SHLD1
caffeine,SIAH2,SIAH2,True,,,,SIAH2
caffeine,SIPA1,SIPA1,True,,,,SIPA1
caffeine,SIRT1,SIRT1,True,,,,SIRT1
caffeine,SIRT3,SIRT3,True,,,,SIRT3
caffeine,SKI,SKI,True,,,,SKI
caffeine,SLA2,SLA2,True,,,,SLA2
caffeine,SLC12A6,SLC12A6,True,,,,SLC12A6
caffeine,SLC16A6,SLC16A6,True,,,,SLC16A6
caffeine,SLC19A2,SLC19A2,True,,,,SLC19A2
caffeine,SLC20A2,SLC20A2,True,,,,SLC20A2
caffeine,SLC22A17,SLC22A17,True,,,,SLC22A17
caffeine,SLC25A46,SLC25A46,True,,,,SLC25A46
caffeine,SLC2A1,SLC2A1,True,,,,SLC2A1
caffeine,SLC30A1,SLC30A1,True,,,,SLC30A1
caffeine,SLC35F6,SLC35F6,True,,,,SLC35F6
caffeine,SLC38A3,SLC38A3,True,,,,SLC38A3
caffeine,LPAR2,LPAR2,True,,,,LPAR2
caffeine,PHF8,PHF8,True,,,,PHF8
caffeine,PHLDA3,PHLDA3,True,,,,PHLDA3
caffeine,PHLPP1,PHLPP1,True,,,,PHLPP1
caffeine,DUSP11,DUSP11,True,,,,DUSP11
caffeine,DVL2,DVL2,True,,,,DVL2
caffeine,DYNC1LI1,DYNC1LI1,True,,,,DYNC1LI1
caffeine,SYT10,SYT10,True,,,,SYT10
caffeine,SZT2,SZT2,True,,,,SZT2
caffeine,TACC2,TACC2,True,,,,TACC2
caffeine,PHRF1,PHRF1,True,,,,PHRF1
caffeine,PI4KA,PI4KA,True,,,,PI4KA
caffeine,PIDD1,PIDD1,True,,,,PIDD1
caffeine,DZIP3,DZIP3,True,,,,DZIP3
caffeine,E2F8,E2F8,True,,,,E2F8
caffeine,EBP,EBP,True,,,,EBP
caffeine,TAF2,TAF2,True,,,,TAF2
caffeine,TAF6L,TAF6L,True,,,,TAF6L
caffeine,PIGG,PIGG,True,,,,PIGG
caffeine,PIMREG,PIMREG,True,,,,PIMREG
caffeine,PIP5K1C,PIP5K1C,True,,,,PIP5K1C
caffeine,ECE2,ECE2,True,,,,ECE2
caffeine,ECT2,ECT2,True,,,,ECT2
caffeine,EEA1,EEA1,True,,,,EEA1
caffeine,TAOK1,TAOK1,True,,,,TAOK1
caffeine,TARDBP,TARDBP,True,,,,TARDBP
caffeine,PIP5K1C,PIP5K1C,True,,,,PIP5K1C
caffeine,PJA2,PJA2,True,,,,PJA2
caffeine,PKN1,PKN1,True,,,,PKN1
caffeine,TAX1BP3,TAX1BP3,True,,,,TAX1BP3
caffeine,TBC1D22A,TBC1D22A,True,,,,TBC1D22A
caffeine,TBC1D4,TBC1D4,True,,,,TBC1D4
caffeine,EEF1B2,EEF1B2,True,,,,EEF1B2
caffeine,EEF2,EEF2,True,,,,EEF2
caffeine,PKP4,PKP4,True,,,,PKP4
caffeine,PLCB3,PLCB3,True,,,,PLCB3
caffeine,TBC1D9B,TBC1D9B,True,,,,TBC1D9B
caffeine,TBRG1,TBRG1,True,,,,TBRG1
caffeine,TCEA1,TCEA1,True,,,,TCEA1
caffeine,EFEMP2A,EFEMP2A,True,,,,EFEMP2A
caffeine,EFR3A,EFR3A,True,,,,EFR3A
caffeine,EGR1,EGR1,True,,,,EGR1
caffeine,PLEC,PLEC,True,,,,PLEC
caffeine,PLEKHA3,PLEKHA3,True,,,,PLEKHA3
caffeine,PLEKHA7,PLEKHA7,True,,,,PLEKHA7
caffeine,PLEKHO2,PLEKHO2,True,,,,PLEKHO2
caffeine,PLK1,PLK1,True,,,,PLK1
caffeine,PLPP7,PLPP7,True,,,,PLPP7
caffeine,TCEA3,TCEA3,True,,,,TCEA3
caffeine,TCF20,TCF20,True,,,,TCF20
caffeine,TCP1,TCP1,True,,,,TCP1
caffeine,EHBP1,EHBP1,True,,,,EHBP1
caffeine,EHD2,EHD2,True,,,,EHD2
caffeine,EI24,EI24,True,,,,EI24
caffeine,PLS3,PLS3,True,,,,PLS3
caffeine,PMPCB,PMPCB,True,,,,PMPCB
caffeine,EIF1B,EIF1B,True,,,,EIF1B
caffeine,EIF2AK4,EIF2AK4,True,,,,EIF2AK4
caffeine,PNP,PNP,True,,,,PNP
caffeine,EIF3B,EIF3B,True,,,,EIF3B
caffeine,TDRD7,TDRD7,True,,,,TDRD7
caffeine,TEPSIN,TEPSIN,True,,,,TEPSIN
caffeine,POF1B,POF1B,True,,,,POF1B
caffeine,POLI,POLI,True,,,,POLI
caffeine,POLR1F,POLR1F,True,,,,POLR1F
caffeine,EIF3F,EIF3F,True,,,,EIF3F
caffeine,EIF3K,EIF3K,True,,,,EIF3K
caffeine,EIF4B,EIF4B,True,,,,EIF4B
caffeine,TFAP4,TFAP4,True,,,,TFAP4
caffeine,TFG,TFG,True,,,,TFG
caffeine,TFRC,TFRC,True,,,,TFRC
caffeine,POLR3D,POLR3D,True,,,,POLR3D
caffeine,POP1,POP1,True,,,,POP1
caffeine,POTEKP,POTEKP,True,,,,POTEKP
caffeine,EIF4EBP1,EIF4EBP1,True,,,,EIF4EBP1
caffeine,EIF4H,EIF4H,True,,,,EIF4H
caffeine,TGFB1,TGFB1,True,,,,TGFB1
caffeine,TGIF2,TGIF2,True,,,,TGIF2
caffeine,TH,TH,True,,,,TH
caffeine,PPARA,PPARA,True,,,,PPARA
caffeine,PPARGC1A,PPARGC1A,True,,,,PPARGC1A
caffeine,EIF5B,EIF5B,True,,,,EIF5B
caffeine,PPFIBP1,PPFIBP1,True,,,,PPFIBP1
caffeine,ELAVL1,ELAVL1,True,,,,ELAVL1
caffeine,ELL,ELL,True,,,,ELL
caffeine,THOC5,THOC5,True,,,,THOC5
caffeine,THSD7B,THSD7B,True,,,,THSD7B
caffeine,PPIAL4G,PPIAL4G,True,,,,PPIAL4G
caffeine,PPIP5K1,PPIP5K1,True,,,,PPIP5K1
caffeine,ELOA,ELOA,True,,,,ELOA
caffeine,PPM1F,PPM1F,True,,,,PPM1F
caffeine,EMC6,EMC6,True,,,,EMC6
caffeine,EML4,EML4,True,,,,EML4
caffeine,TIMM8A,TIMM8A,True,,,,TIMM8A
caffeine,TJP2,TJP2,True,,,,TJP2
caffeine,TLE2,TLE2,True,,,,TLE2
caffeine,ENO1,ENO1,True,,,,ENO1
caffeine,ENPP1,ENPP1,True,,,,ENPP1
caffeine,EPB41L1,EPB41L1,True,,,,EPB41L1
caffeine,PPP1R10,PPP1R10,True,,,,PPP1R10
caffeine,PPP1R13B,PPP1R13B,True,,,,PPP1R13B
caffeine,TLK1,TLK1,True,,,,TLK1
caffeine,TM9SF1,TM9SF1,True,,,,TM9SF1
caffeine,TMCC2,TMCC2,True,,,,TMCC2
caffeine,PPP1R2,PPP1R2,True,,,,PPP1R2
caffeine,PPP1R7,PPP1R7,True,,,,PPP1R7
caffeine,PPP2R5D,PPP2R5D,True,,,,PPP2R5D
caffeine,EPB41L4B,EPB41L4B,True,,,,EPB41L4B
caffeine,EPD,EPD,True,,,,EPD
caffeine,EPHB4,EPHB4,True,,,,EPHB4
caffeine,TMEM102,TMEM102,True,,,,TMEM102
caffeine,TMEM132A,TMEM132A,True,,,,TMEM132A
caffeine,TMEM209,TMEM209,True,,,,TMEM209
caffeine,EPPK1,EPPK1,True,,,,EPPK1
caffeine,EPS8,EPS8,True,,,,EPS8
caffeine,ERBB2,ERBB2,True,,,,ERBB2
caffeine,PPP4R3A,PPP4R3A,True,,,,PPP4R3A
caffeine,PPRC1,PPRC1,True,,,,PPRC1
caffeine,PRDM2,PRDM2,True,,,,PRDM2
caffeine,TMEM222,TMEM222,True,,,,TMEM222
caffeine,TMEM40,TMEM40,True,,,,TMEM40
caffeine,TMEM69,TMEM69,True,,,,TMEM69
caffeine,ERC1,ERC1,True,,,,ERC1
caffeine,ERCC6L,ERCC6L,True,,,,ERCC6L
caffeine,ERP44,ERP44,True,,,,ERP44
caffeine,PRELID1,PRELID1,True,,,,PRELID1
caffeine,PRIMPOL,PRIMPOL,True,,,,PRIMPOL
caffeine,PRKAA2,PRKAA2,True,,,,PRKAA2
caffeine,ES2,ES2,True,,,,ES2
caffeine,ESF1,ESF1,True,,,,ESF1
caffeine,ESS2,ESS2,True,,,,ESS2
caffeine,TMEM97,TMEM97,True,,,,TMEM97
caffeine,TMPO,TMPO,True,,,,TMPO
caffeine,TMX1,TMX1,True,,,,TMX1
caffeine,PRKACA,PRKACA,True,,,,PRKACA
caffeine,PRKAR1B,PRKAR1B,True,,,,PRKAR1B
caffeine,PRKCSH,PRKCSH,True,,,,PRKCSH
caffeine,ESYT2,ESYT2,True,,,,ESYT2
caffeine,ETV5,ETV5,True,,,,ETV5
caffeine,EXOC1,EXOC1,True,,,,EXOC1
caffeine,TNF,TNF,True,,,,TNF
caffeine,TNFRSF19,TNFRSF19,True,,,,TNFRSF19
caffeine,PRKDC,PRKDC,True,,,,PRKDC
caffeine,PRKRA,PRKRA,True,,,,PRKRA
caffeine,PROM1,PROM1,True,,,,PROM1
caffeine,EYA1,EYA1,True,,,,EYA1
caffeine,F11R,F11R,True,,,,F11R
caffeine,FAM107B,FAM107B,True,,,,FAM107B
caffeine,TNIP2,TNIP2,True,,,,TNIP2
caffeine,TNKS2,TNKS2,True,,,,TNKS2
caffeine,TNRC6C,TNRC6C,True,,,,TNRC6C
caffeine,FAM120A,FAM120A,True,,,,FAM120A
caffeine,FAM169A,FAM169A,True,,,,FAM169A
caffeine,TOE1,TOE1,True,,,,TOE1
caffeine,TOMM6,TOMM6,True,,,,TOMM6
caffeine,TOP2B,TOP2B,True,,,,TOP2B
caffeine,FAM219B,FAM219B,True,,,,FAM219B
caffeine,FAM76B,FAM76B,True,,,,FAM76B
caffeine,FAM8A1,FAM8A1,True,,,,FAM8A1
caffeine,TOR1AIP2,TOR1AIP2,True,,,,TOR1AIP2
caffeine,TP53,TP53,True,,,,TP53
caffeine,TP53,TP53,True,,,,TP53
caffeine,TP53,TP53,True,,,,TP53
caffeine,TP53,TP53,True,,,,TP53
caffeine,FARP1,FARP1,True,,,,FARP1
caffeine,FAS,FAS,True,,,,FAS
caffeine,TP53BP2,TP53BP2,True,,,,TP53BP2
caffeine,TPH2,TPH2,True,,,,TPH2
caffeine,FASTKD2,FASTKD2,True,,,,FASTKD2
caffeine,FBH1,FBH1,True,,,,FBH1
caffeine,FBXL13,FBXL13,True,,,,FBXL13
caffeine,TPP2,TPP2,True,,,,TPP2
caffeine,TPX2,TPX2,True,,,,TPX2
caffeine,TRAIP,TRAIP,True,,,,TRAIP
caffeine,FBXO11,FBXO11,True,,,,FBXO11
caffeine,FCHO2,FCHO2,True,,,,FCHO2
caffeine,FDFT1,FDFT1,True,,,,FDFT1
caffeine,TRIM24,TRIM24,True,,,,TRIM24
caffeine,TRIM32,TRIM32,True,,,,TRIM32
caffeine,FER,FER,True,,,,FER
caffeine,FGD1,FGD1,True,,,,FGD1
caffeine,TRIM47,TRIM47,True,,,,TRIM47
caffeine,TRIOBP,TRIOBP,True,,,,TRIOBP
caffeine,TRIT1,TRIT1,True,,,,TRIT1
caffeine,FGFR4,FGFR4,True,,,,FGFR4
caffeine,FHL1,FHL1,True,,,,FHL1
caffeine,FKBP15,FKBP15,True,,,,FKBP15
caffeine,TRMT1L,TRMT1L,True,,,,TRMT1L
caffeine,TRP53,TRP53,True,,,,TRP53
caffeine,TRUB1,TRUB1,True,,,,TRUB1
caffeine,TSC22D4,TSC22D4,True,,,,TSC22D4
caffeine,TTBK1,TTBK1,True,,,,TTBK1
caffeine,FKBP5,FKBP5,True,,,,FKBP5
caffeine,FLOT2,FLOT2,True,,,,FLOT2
caffeine,FMNL2,FMNL2,True,,,,FMNL2
caffeine,TTC4,TTC4,True,,,,TTC4
caffeine,TTYH3,TTYH3,True,,,,TTYH3
caffeine,TVP23C,TVP23C,True,,,,TVP23C
caffeine,FNDC3A,FNDC3A,True,,,,FNDC3A
caffeine,FOS,FOS,True,,,,FOS
caffeine,FOXJ2,FOXJ2,True,,,,FOXJ2
caffeine,TXNRD1,TXNRD1,True,,,,TXNRD1
caffeine,TYW3,TYW3,True,,,,TYW3
caffeine,UACA,UACA,True,,,,UACA
caffeine,FOXM1,FOXM1,True,,,,FOXM1
caffeine,FRAS1,FRAS1,True,,,,FRAS1
caffeine,FRMPD3,FRMPD3,True,,,,FRMPD3
caffeine,UBA5,UBA5,True,,,,UBA5
caffeine,UBAP2L,UBAP2L,True,,,,UBAP2L
caffeine,UBE4B,UBE4B,True,,,,UBE4B
caffeine,UBQLN4,UBQLN4,True,,,,UBQLN4
caffeine,FTSJ3,FTSJ3,True,,,,FTSJ3
caffeine,FUT8,FUT8,True,,,,FUT8
caffeine,FXYD3,FXYD3,True,,,,FXYD3
caffeine,UBXN2B,UBXN2B,True,,,,UBXN2B
caffeine,UCHL1,UCHL1,True,,,,UCHL1
caffeine,UGDH,UGDH,True,,,,UGDH
caffeine,FYN,FYN,True,,,,FYN
caffeine,G3BP1,G3BP1,True,,,,G3BP1
caffeine,GAB2,GAB2,True,,,,GAB2
caffeine,UGT1A1,UGT1A1,True,,,,UGT1A1
caffeine,ULBP2,ULBP2,True,,,,ULBP2
caffeine,UNC13B,UNC13B,True,,,,UNC13B
caffeine,GAPDH,GAPDH,True,,,,GAPDH
caffeine,GARNL3,GARNL3,True,,,,GARNL3
caffeine,UNCX,UNCX,True,,,,UNCX
caffeine,UPF3A,UPF3A,True,,,,UPF3A
caffeine,URI1,URI1,True,,,,URI1
caffeine,GATAD2A,GATAD2A,True,,,,GATAD2A
caffeine,GCH2,GCH2,True,,,,GCH2
caffeine,USO1,USO1,True,,,,USO1
caffeine,USP15,USP15,True,,,,USP15
caffeine,USP32,USP32,True,,,,USP32
caffeine,PROSER1,PROSER1,True,,,,PROSER1
caffeine,PRP4K,PRP4K,True,,,,PRP4K
caffeine,PRPF40A,PRPF40A,True,,,,PRPF40A
caffeine,CYP2D6,CYP2D6,True,,,,CYP2D6
caffeine,CYP4AE1,CYP4AE1,True,,,,CYP4AE1
caffeine,CYP6A2,CYP6A2,True,,,,CYP6A2
caffeine,PRR11,PRR11,True,,,,PRR11
caffeine,PRR5,PRR5,True,,,,PRR5
caffeine,CYP6D4,CYP6D4,True,,,,CYP6D4
caffeine,CYP7B1,CYP7B1,True,,,,CYP7B1
caffeine,DAD1,DAD1,True,,,,DAD1
caffeine,PSMA2,PSMA2,True,,,,PSMA2
caffeine,PSMA6,PSMA6,True,,,,PSMA6
caffeine,PSMD4,PSMD4,True,,,,PSMD4
caffeine,DALRD3,DALRD3,True,,,,DALRD3
caffeine,PS-MODR4,ps modr4,False,,,True,ps modr4
caffeine,DBF4,DBF4,True,,,,DBF4
caffeine,PTDSS2,PTDSS2,True,,,,PTDSS2
caffeine,DCAF10,DCAF10,True,,,,DCAF10
caffeine,PTGFRN,PTGFRN,True,,,,PTGFRN
caffeine,PTGS2,PTGS2,True,,,,PTGS2
caffeine,PTOV1,PTOV1,True,,,,PTOV1
caffeine,DCAF15,DCAF15,True,,,,DCAF15
caffeine,DCBLD2,DCBLD2,True,,,,DCBLD2
caffeine,DCP1A,DCP1A,True,,,,DCP1A
caffeine,PTPN12,PTPN12,True,,,,PTPN12
caffeine,PTPN23,PTPN23,True,,,,PTPN23
caffeine,PTPRA,PTPRA,True,,,,PTPRA
caffeine,DCT,DCT,True,,,,DCT
caffeine,DCTPP1,DCTPP1,True,,,,DCTPP1
caffeine,DDR1,DDR1,True,,,,DDR1
caffeine,PTTG1IP,PTTG1IP,True,,,,PTTG1IP
caffeine,PURB,PURB,True,,,,PURB
caffeine,DDX20,DDX20,True,,,,DDX20
caffeine,DDX39A,DDX39A,True,,,,DDX39A
caffeine,PWWP2B,PWWP2B,True,,,,PWWP2B
caffeine,PYGM,PYGM,True,,,,PYGM
caffeine,QRFPR,QRFPR,True,,,,QRFPR
caffeine,DDX41,DDX41,True,,,,DDX41
caffeine,DDX5,DDX5,True,,,,DDX5
caffeine,DDX59,DDX59,True,,,,DDX59
caffeine,QSER1,QSER1,True,,,,QSER1
caffeine,R3HDM2,R3HDM2,True,,,,R3HDM2
caffeine,RAB11FIP5,RAB11FIP5,True,,,,RAB11FIP5
caffeine,DENND1A,DENND1A,True,,,,DENND1A
caffeine,DENND5B,DENND5B,True,,,,DENND5B
caffeine,DGAT1,DGAT1,True,,,,DGAT1
caffeine,RAB3GAP2,RAB3GAP2,True,,,,RAB3GAP2
caffeine,RAB42,RAB42,True,,,,RAB42
caffeine,CYP1A2,CYP1A2,True,,,,CYP1A2
caffeine,SSH1,SSH1,True,,,,SSH1
caffeine,ST13,ST13,True,,,,ST13
caffeine,STAR,STAR,True,,,,STAR
caffeine,DHCR7,DHCR7,True,,,,DHCR7
caffeine,DHX30,DHX30,True,,,,DHX30
caffeine,RAB6A,RAB6A,True,,,,RAB6A
caffeine,RAB9A,RAB9A,True,,,,RAB9A
caffeine,RABGEF1,RABGEF1,True,,,,RABGEF1
caffeine,STARD13,STARD13,True,,,,STARD13
caffeine,STAT3,STAT3,True,,,,STAT3
caffeine,RAC2,RAC2,True,,,,RAC2
caffeine,RAD18,RAD18,True,,,,RAD18
caffeine,RAD50,RAD50,True,,,,RAD50
caffeine,DIP2A,DIP2A,True,,,,DIP2A
caffeine,DLC1,DLC1,True,,,,DLC1
caffeine,STAU2,STAU2,True,,,,STAU2
caffeine,STIM1,STIM1,True,,,,STIM1
caffeine,STK10,STK10,True,,,,STK10
caffeine,RAI1,RAI1,True,,,,RAI1
caffeine,RALGAPA2,RALGAPA2,True,,,,RALGAPA2
caffeine,DMD,DMD,True,,,,DMD
caffeine,DMXL2,DMXL2,True,,,,DMXL2
caffeine,STK17B,STK17B,True,,,,STK17B
caffeine,STK39,STK39,True,,,,STK39
caffeine,STOX2,STOX2,True,,,,STOX2
caffeine,RALGPS2,RALGPS2,True,,,,RALGPS2
caffeine,RANBP2,RANBP2,True,,,,RANBP2
caffeine,RAP1GAP,RAP1GAP,True,,,,RAP1GAP
caffeine,DNAJB9,DNAJB9,True,,,,DNAJB9
caffeine,DNAJC5,DNAJC5,True,,,,DNAJC5
caffeine,DNMT1,DNMT1,True,,,,DNMT1
caffeine,STT3B,STT3B,True,,,,STT3B
caffeine,STX17,STX17,True,,,,STX17
caffeine,RAPGEF6,RAPGEF6,True,,,,RAPGEF6
caffeine,RASAL2,RASAL2,True,,,,RASAL2
caffeine,RB1,RB1,True,,,,RB1
caffeine,STX8,STX8,True,,,,STX8
caffeine,SUCO,SUCO,True,,,,SUCO
caffeine,SUGT1,SUGT1,True,,,,SUGT1
caffeine,DNMT3B,DNMT3B,True,,,,DNMT3B
caffeine,DOCK5,DOCK5,True,,,,DOCK5
caffeine,DONSON,DONSON,True,,,,DONSON
caffeine,RBBP6,RBBP6,True,,,,RBBP6
caffeine,RBFOX2,RBFOX2,True,,,,RBFOX2
caffeine,DPF2,DPF2,True,,,,DPF2
caffeine,DPYSL2,DPYSL2,True,,,,DPYSL2
caffeine,SULT2A1,SULT2A1,True,,,,SULT2A1
caffeine,SUPT6H,SUPT6H,True,,,,SUPT6H
caffeine,SUZ12,SUZ12,True,,,,SUZ12
caffeine,AR,AR,True,,,,AR
caffeine,RBM12,RBM12,True,,,,RBM12
caffeine,RBM15B,RBM15B,True,,,,RBM15B
caffeine,RBM3,RBM3,True,,,,RBM3
caffeine,DRD2,DRD2,True,,,,DRD2
caffeine,DTD1,DTD1,True,,,,DTD1
caffeine,DTX3L,DTX3L,True,,,,DTX3L
caffeine,SVIL,SVIL,True,,,,SVIL
caffeine,SYNCRIP,SYNCRIP,True,,,,SYNCRIP
caffeine,SYNJ2,SYNJ2,True,,,,SYNJ2
caffeine,RBM34,RBM34,True,,,,RBM34
caffeine,RBM5,RBM5,True,,,,RBM5
caffeine,RBMS1,RBMS1,True,,,,RBMS1
caffeine,EXOC7,EXOC7,True,,,,EXOC7
caffeine,EZR,EZR,True,,,,EZR
caffeine,FADD,FADD,True,,,,FADD
caffeine,PHIP,PHIP,True,,,,PHIP
caffeine,PHLDB1,PHLDB1,True,,,,PHLDB1
caffeine,TNKS1BP1,TNKS1BP1,True,,,,TNKS1BP1
caffeine,TNRC6B,TNRC6B,True,,,,TNRC6B
caffeine,PHTF1,PHTF1,True,,,,PHTF1
caffeine,PI4KB,PI4KB,True,,,,PI4KB
caffeine,PIDD1,PIDD1,True,,,,PIDD1
caffeine,FAM117B,FAM117B,True,,,,FAM117B
caffeine,FAM168B,FAM168B,True,,,,FAM168B
caffeine,FAM184A,FAM184A,True,,,,FAM184A
caffeine,TNS3,TNS3,True,,,,TNS3
caffeine,TOMM20,TOMM20,True,,,,TOMM20
caffeine,TOP2A,TOP2A,True,,,,TOP2A
caffeine,PIH1D1,PIH1D1,True,,,,PIH1D1
caffeine,PINX1,PINX1,True,,,,PINX1
caffeine,FAM193A,FAM193A,True,,,,FAM193A
caffeine,FAM76A,FAM76A,True,,,,FAM76A
caffeine,FAM83H,FAM83H,True,,,,FAM83H
caffeine,TOR1AIP1,TOR1AIP1,True,,,,TOR1AIP1
caffeine,TP53,TP53,True,,,,TP53
caffeine,PITPNC1,PITPNC1,True,,,,PITPNC1
caffeine,PKD1,PKD1,True,,,,PKD1
caffeine,PKN2,PKN2,True,,,,PKN2
caffeine,TP53,TP53,True,,,,TP53
caffeine,TP53,TP53,True,,,,TP53
caffeine,TP53,TP53,True,,,,TP53
caffeine,FANCM,FANCM,True,,,,FANCM
caffeine,FAS,FAS,True,,,,FAS
caffeine,FASN,FASN,True,,,,FASN
caffeine,PLA2G12A,PLA2G12A,True,,,,PLA2G12A
caffeine,PLCD3,PLCD3,True,,,,PLCD3
caffeine,TP53BP1,TP53BP1,True,,,,TP53BP1
caffeine,TPD52L2,TPD52L2,True,,,,TPD52L2
caffeine,TPM3,TPM3,True,,,,TPM3
caffeine,PLEC,PLEC,True,,,,PLEC
caffeine,PLEKHA4,PLEKHA4,True,,,,PLEKHA4
caffeine,PLEKHG2,PLEKHG2,True,,,,PLEKHG2
caffeine,FASN,FASN,True,,,,FASN
caffeine,FAU,FAU,True,,,,FAU
caffeine,FBXL12,FBXL12,True,,,,FBXL12
caffeine,TPRN,TPRN,True,,,,TPRN
caffeine,TRAFD1,TRAFD1,True,,,,TRAFD1
caffeine,PLG,PLG,True,,,,PLG
caffeine,PLLP,PLLP,True,,,,PLLP
caffeine,FBXL20,FBXL20,True,,,,FBXL20
caffeine,FBXW11,FBXW11,True,,,,FBXW11
caffeine,FCSK,FCSK,True,,,,FCSK
caffeine,TRIM2,TRIM2,True,,,,TRIM2
caffeine,TRIM28,TRIM28,True,,,,TRIM28
caffeine,TRIM37,TRIM37,True,,,,TRIM37
caffeine,PLXND1,PLXND1,True,,,,PLXND1
caffeine,PNISR,PNISR,True,,,,PNISR
caffeine,PNPLA6,PNPLA6,True,,,,PNPLA6
caffeine,POGZ,POGZ,True,,,,POGZ
caffeine,POLL,POLL,True,,,,POLL
caffeine,FDX1,FDX1,True,,,,FDX1
caffeine,FES,FES,True,,,,FES
caffeine,FGF17,FGF17,True,,,,FGF17
caffeine,TRIO,TRIO,True,,,,TRIO
caffeine,TRIP12,TRIP12,True,,,,TRIP12
caffeine,POM121,POM121,True,,,,POM121
caffeine,POR,POR,True,,,,POR
caffeine,POU2F1,POU2F1,True,,,,POU2F1
caffeine,FGFR3,FGFR3,True,,,,FGFR3
caffeine,FHIP2B,FHIP2B,True,,,,FHIP2B
caffeine,FIP1L1,FIP1L1,True,,,,FIP1L1
caffeine,TRP53,TRP53,True,,,,TRP53
caffeine,TRRAP,TRRAP,True,,,,TRRAP
caffeine,PPARA,PPARA,True,,,,PPARA
caffeine,TSC22D1,TSC22D1,True,,,,TSC22D1
caffeine,PPFIA1,PPFIA1,True,,,,PPFIA1
caffeine,PPFIBP2,PPFIBP2,True,,,,PPFIBP2
caffeine,TSPAN14,TSPAN14,True,,,,TSPAN14
caffeine,TTC28,TTC28,True,,,,TTC28
caffeine,FLNB,FLNB,True,,,,FLNB
caffeine,FLYWCH2,FLYWCH2,True,,,,FLYWCH2
caffeine,PPID,PPID,True,,,,PPID
caffeine,PPIP5K2,PPIP5K2,True,,,,PPIP5K2
caffeine,TTN,TTN,True,,,,TTN
caffeine,PPM1H,PPM1H,True,,,,PPM1H
caffeine,TUBB8,TUBB8,True,,,,TUBB8
caffeine,FNIP2,FNIP2,True,,,,FNIP2
caffeine,FOXA2,FOXA2,True,,,,FOXA2
caffeine,TXNDC17,TXNDC17,True,,,,TXNDC17
caffeine,TYRO3,TYRO3,True,,,,TYRO3
caffeine,U2SURP,U2SURP,True,,,,U2SURP
caffeine,PPME1,PPME1,True,,,,PPME1
caffeine,PPP1R11,PPP1R11,True,,,,PPP1R11
caffeine,PPP1R13L,PPP1R13L,True,,,,PPP1R13L
caffeine,FRA10AC1,FRA10AC1,True,,,,FRA10AC1
caffeine,FRMD8,FRMD8,True,,,,FRMD8
caffeine,UBA1,UBA1,True,,,,UBA1
caffeine,UBAP2,UBAP2,True,,,,UBAP2
caffeine,UBE2D2,UBE2D2,True,,,,UBE2D2
caffeine,PPP1R21,PPP1R21,True,,,,PPP1R21
caffeine,PPP1R9A,PPP1R9A,True,,,,PPP1R9A
caffeine,PPP2R5E,PPP2R5E,True,,,,PPP2R5E
caffeine,UBE3B,UBE3B,True,,,,UBE3B
caffeine,UBP1,UBP1,True,,,,UBP1
caffeine,UBR4,UBR4,True,,,,UBR4
caffeine,FTSJ1,FTSJ1,True,,,,FTSJ1
caffeine,FUS,FUS,True,,,,FUS
caffeine,FXYD1,FXYD1,True,,,,FXYD1
caffeine,PPP4R3B,PPP4R3B,True,,,,PPP4R3B
caffeine,PQBP1,PQBP1,True,,,,PQBP1
caffeine,PRDM4,PRDM4,True,,,,PRDM4
caffeine,UBR7,UBR7,True,,,,UBR7
caffeine,UBXN7,UBXN7,True,,,,UBXN7
caffeine,UFD1,UFD1,True,,,,UFD1
caffeine,FZD6,FZD6,True,,,,FZD6
caffeine,GAB1,GAB1,True,,,,GAB1
caffeine,PRELID3B,PRELID3B,True,,,,PRELID3B
caffeine,PRKAA1,PRKAA1,True,,,,PRKAA1
caffeine,PRKAB1,PRKAB1,True,,,,PRKAB1
caffeine,UIMC1,UIMC1,True,,,,UIMC1
caffeine,ULK3,ULK3,True,,,,ULK3
caffeine,GANAB,GANAB,True,,,,GANAB
caffeine,GAREM1,GAREM1,True,,,,GAREM1
caffeine,GAS2L1,GAS2L1,True,,,,GAS2L1
caffeine,PRKACA,PRKACA,True,,,,PRKACA
caffeine,PRKAR2A,PRKAR2A,True,,,,PRKAR2A
caffeine,PRKCZ,PRKCZ,True,,,,PRKCZ
caffeine,UNC80,UNC80,True,,,,UNC80
caffeine,UPF1,UPF1,True,,,,UPF1
caffeine,UQCRC2,UQCRC2,True,,,,UQCRC2
caffeine,GATA2,GATA2,True,,,,GATA2
caffeine,GCFC2,GCFC2,True,,,,GCFC2
caffeine,GDF10,GDF10,True,,,,GDF10
caffeine,PRKDC,PRKDC,True,,,,PRKDC
caffeine,PRL2C3,PRL2C3,True,,,,PRL2C3
caffeine,PRORSD1,PRORSD1,True,,,,PRORSD1
caffeine,USP11,USP11,True,,,,USP11
caffeine,USP31,USP31,True,,,,USP31
caffeine,NSUN2,NSUN2,True,,,,NSUN2
caffeine,NUBP1,NUBP1,True,,,,NUBP1
caffeine,NUFIP2,NUFIP2,True,,,,NUFIP2
caffeine,NUMA1,NUMA1,True,,,,NUMA1
caffeine,NUP188,NUP188,True,,,,NUP188
caffeine,NUP35,NUP35,True,,,,NUP35
caffeine,NUP62,NUP62,True,,,,NUP62
caffeine,NUSAP1,NUSAP1,True,,,,NUSAP1
caffeine,OBI1,OBI1,True,,,,OBI1
caffeine,OFD1,OFD1,True,,,,OFD1
caffeine,OIP5,OIP5,True,,,,OIP5
caffeine,ORC1,ORC1,True,,,,ORC1
caffeine,ORM2,ORM2,True,,,,ORM2
caffeine,OSBPL3,OSBPL3,True,,,,OSBPL3
caffeine,OSMR,OSMR,True,,,,OSMR
caffeine,OTUD4,OTUD4,True,,,,OTUD4
caffeine,OXSR1,OXSR1,True,,,,OXSR1
caffeine,PABIR1,PABIR1,True,,,,PABIR1
caffeine,PACS1,PACS1,True,,,,PACS1
caffeine,PAH,PAH,True,,,,PAH
caffeine,PAK1,PAK1,True,,,,PAK1
caffeine,PAK2,PAK2,True,,,,PAK2
caffeine,PALB2,PALB2,True,,,,PALB2
caffeine,PAN2,PAN2,True,,,,PAN2
caffeine,PANK2,PANK2,True,,,,PANK2
caffeine,PARD3,PARD3,True,,,,PARD3
caffeine,PARP1,PARP1,True,,,,PARP1
caffeine,PARP1,PARP1,True,,,,PARP1
caffeine,PARP12,PARP12,True,,,,PARP12
caffeine,PATJ,PATJ,True,,,,PATJ
caffeine,PAXBP1,PAXBP1,True,,,,PAXBP1
caffeine,PCARE,PCARE,True,,,,PCARE
caffeine,PCDHB5,PCDHB5,True,,,,PCDHB5
caffeine,PCF11,PCF11,True,,,,PCF11
caffeine,PCM1,PCM1,True,,,,PCM1
caffeine,PCNX1,PCNX1,True,,,,PCNX1
caffeine,PCSK9,PCSK9,True,,,,PCSK9
caffeine,PDAP1,PDAP1,True,,,,PDAP1
caffeine,PDE3B,PDE3B,True,,,,PDE3B
caffeine,PDHX,PDHX,True,,,,PDHX
caffeine,PDLIM1,PDLIM1,True,,,,PDLIM1
caffeine,PDPK1,PDPK1,True,,,,PDPK1
caffeine,PDXDC1,PDXDC1,True,,,,PDXDC1
caffeine,PEBP1,PEBP1,True,,,,PEBP1
caffeine,PEX1,PEX1,True,,,,PEX1
caffeine,PFKFB2,PFKFB2,True,,,,PFKFB2
caffeine,PFKP,PFKP,True,,,,PFKP
caffeine,PGBD3,PGBD3,True,,,,PGBD3
caffeine,PGF,PGF,True,,,,PGF
caffeine,PGM1,PGM1,True,,,,PGM1
caffeine,PGRMC2,PGRMC2,True,,,,PGRMC2
caffeine,PHB1,PHB1,True,,,,PHB1
caffeine,PHEX,PHEX,True,,,,PHEX
caffeine,PHF14,PHF14,True,,,,PHF14
caffeine,PROSER3,PROSER3,True,,,,PROSER3
caffeine,PRPF3,PRPF3,True,,,,PRPF3
caffeine,PRPF6,PRPF6,True,,,,PRPF6
caffeine,PRPSAP1,PRPSAP1,True,,,,PRPSAP1
caffeine,PRR14L,PRR14L,True,,,,PRR14L
caffeine,PRRC2B,PRRC2B,True,,,,PRRC2B
caffeine,PSD4,PSD4,True,,,,PSD4
caffeine,PSMA5,PSMA5,True,,,,PSMA5
caffeine,PSMC4,PSMC4,True,,,,PSMC4
caffeine,PSMD1,PSMD1,True,,,,PSMD1
caffeine,PSME4,PSME4,True,,,,PSME4
caffeine,PTBP3,PTBP3,True,,,,PTBP3
caffeine,PTGR2,PTGR2,True,,,,PTGR2
caffeine,PTK2,PTK2,True,,,,PTK2
caffeine,PTPN18,PTPN18,True,,,,PTPN18
caffeine,PTPN6,PTPN6,True,,,,PTPN6
caffeine,PTPRM,PTPRM,True,,,,PTPRM
caffeine,PUM1,PUM1,True,,,,PUM1
caffeine,PWP2,PWP2,True,,,,PWP2
caffeine,PYCR1,PYCR1,True,,,,PYCR1
caffeine,PYM1,PYM1,True,,,,PYM1
caffeine,R3HCC1L,R3HCC1L,True,,,,R3HCC1L
caffeine,RAB11FIP1,RAB11FIP1,True,,,,RAB11FIP1
caffeine,RAB1B,RAB1B,True,,,,RAB1B
caffeine,RAB2B,RAB2B,True,,,,RAB2B
caffeine,RAB3IP,RAB3IP,True,,,,RAB3IP
caffeine,RAB5A,RAB5A,True,,,,RAB5A
caffeine,RAB7A,RAB7A,True,,,,RAB7A
caffeine,RABEP2,RABEP2,True,,,,RABEP2
caffeine,RACK1,RACK1,True,,,,RACK1
caffeine,RAD23B,RAD23B,True,,,,RAD23B
caffeine,RAD51AP1,RAD51AP1,True,,,,RAD51AP1
caffeine,RALBP1,RALBP1,True,,,,RALBP1
caffeine,RALGAPB,RALGAPB,True,,,,RALGAPB
caffeine,RAN,RAN,True,,,,RAN
caffeine,RANBP9,RANBP9,True,,,,RANBP9
caffeine,RAPGEF2,RAPGEF2,True,,,,RAPGEF2
caffeine,RASA1,RASA1,True,,,,RASA1
caffeine,RASSF7,RASSF7,True,,,,RASSF7
caffeine,RB1CC1,RB1CC1,True,,,,RB1CC1
caffeine,RBBP5,RBBP5,True,,,,RBBP5
caffeine,RBBP8,RBBP8,True,,,,RBBP8
caffeine,RBL2,RBL2,True,,,,RBL2
caffeine,RBM14,RBM14,True,,,,RBM14
caffeine,RBM25,RBM25,True,,,,RBM25
caffeine,RBM4,RBM4,True,,,,RBM4
caffeine,RBM7,RBM7,True,,,,RBM7
caffeine,RBMX,RBMX,True,,,,RBMX
caffeine,EZR,EZR,True,,,,EZR
caffeine,FABP4,FABP4,True,,,,FABP4
caffeine,TNK2,TNK2,True,,,,TNK2
caffeine,TNRC6A,TNRC6A,True,,,,TNRC6A
caffeine,TNS2,TNS2,True,,,,TNS2
caffeine,FAM117A,FAM117A,True,,,,FAM117A
caffeine,FAM168A,FAM168A,True,,,,FAM168A
caffeine,FAM177A1,FAM177A1,True,,,,FAM177A1
caffeine,TOM1L2,TOM1L2,True,,,,TOM1L2
caffeine,TOP1,TOP1,True,,,,TOP1
caffeine,FAM53C,FAM53C,True,,,,FAM53C
caffeine,FAM83G,FAM83G,True,,,,FAM83G
caffeine,TOPORS,TOPORS,True,,,,TOPORS
caffeine,TP53,TP53,True,,,,TP53
caffeine,TP53,TP53,True,,,,TP53
caffeine,TP53,TP53,True,,,,TP53
caffeine,TP53,TP53,True,,,,TP53
caffeine,FANCI,FANCI,True,,,,FANCI
caffeine,FARSA,FARSA,True,,,,FARSA
caffeine,FASN,FASN,True,,,,FASN
caffeine,TP53,TP53,True,,,,TP53
caffeine,TPD52,TPD52,True,,,,TPD52
caffeine,TPI1,TPI1,True,,,,TPI1
caffeine,FAT1,FAT1,True,,,,FAT1
caffeine,FBRS,FBRS,True,,,,FBRS
caffeine,TPRA1,TPRA1,True,,,,TPRA1
caffeine,TRAF7,TRAF7,True,,,,TRAF7
caffeine,TRAPPC14,TRAPPC14,True,,,,TRAPPC14
caffeine,FBXL19,FBXL19,True,,,,FBXL19
caffeine,FBXO5,FBXO5,True,,,,FBXO5
caffeine,FCRL3,FCRL3,True,,,,FCRL3
caffeine,TRIB3,TRIB3,True,,,,TRIB3
caffeine,TRIM28,TRIM28,True,,,,TRIM28
caffeine,TRIM36,TRIM36,True,,,,TRIM36
caffeine,FDFT1,FDFT1,True,,,,FDFT1
caffeine,FERMT2,FERMT2,True,,,,FERMT2
caffeine,FGD6,FGD6,True,,,,FGD6
caffeine,TRIM71,TRIM71,True,,,,TRIM71
caffeine,TRIP11,TRIP11,True,,,,TRIP11
caffeine,TRMT112,TRMT112,True,,,,TRMT112
caffeine,FHIP1B,FHIP1B,True,,,,FHIP1B
caffeine,FILIP1L,FILIP1L,True,,,,FILIP1L
caffeine,TRP53,TRP53,True,,,,TRP53
caffeine,TRPV2,TRPV2,True,,,,TRPV2
caffeine,TSC22D1,TSC22D1,True,,,,TSC22D1
caffeine,TSEN54,TSEN54,True,,,,TSEN54
caffeine,TTC14,TTC14,True,,,,TTC14
caffeine,FLNA,FLNA,True,,,,FLNA
caffeine,FLYWCH1,FLYWCH1,True,,,,FLYWCH1
caffeine,FNBP4,FNBP4,True,,,,FNBP4
caffeine,TTLL4,TTLL4,True,,,,TTLL4
caffeine,TUBAL3,TUBAL3,True,,,,TUBAL3
caffeine,TXLNA,TXLNA,True,,,,TXLNA
caffeine,FNIP1,FNIP1,True,,,,FNIP1
caffeine,FOXA1,FOXA1,True,,,,FOXA1
caffeine,FOXK2,FOXK2,True,,,,FOXK2
caffeine,TXLNG,TXLNG,True,,,,TXLNG
caffeine,TYMS,TYMS,True,,,,TYMS
caffeine,U2AF2,U2AF2,True,,,,U2AF2
caffeine,FOXP4,FOXP4,True,,,,FOXP4
caffeine,FRMD6,FRMD6,True,,,,FRMD6
caffeine,FRY,FRY,True,,,,FRY
caffeine,UBA1,UBA1,True,,,,UBA1
caffeine,UBAP1,UBAP1,True,,,,UBAP1
caffeine,UBC,UBC,True,,,,UBC
caffeine,UBE2Z,UBE2Z,True,,,,UBE2Z
caffeine,UBL4A,UBL4A,True,,,,UBL4A
caffeine,UBR2,UBR2,True,,,,UBR2
caffeine,FRYL,FRYL,True,,,,FRYL
caffeine,FUBP3,FUBP3,True,,,,FUBP3
caffeine,FXR2,FXR2,True,,,,FXR2
caffeine,UBR5,UBR5,True,,,,UBR5
caffeine,UBXN6,UBXN6,True,,,,UBXN6
caffeine,UCKL1,UCKL1,True,,,,UCKL1
caffeine,FZD5,FZD5,True,,,,FZD5
caffeine,G6PD,G6PD,True,,,,G6PD
caffeine,GAD1,GAD1,True,,,,GAD1
caffeine,UHRF2,UHRF2,True,,,,UHRF2
caffeine,ULK1,ULK1,True,,,,ULK1
caffeine,UNC45A,UNC45A,True,,,,UNC45A
caffeine,GALE,GALE,True,,,,GALE
caffeine,GAPVD1,GAPVD1,True,,,,GAPVD1
caffeine,GAS2,GAS2,True,,,,GAS2
caffeine,UNK,UNK,True,,,,UNK
caffeine,UQCRC1,UQCRC1,True,,,,UQCRC1
caffeine,GAST,GAST,True,,,,GAST
caffeine,GBF1,GBF1,True,,,,GBF1
caffeine,GCLC,GCLC,True,,,,GCLC
caffeine,USP10,USP10,True,,,,USP10
caffeine,USP28,USP28,True,,,,USP28
caffeine,USP36,USP36,True,,,,USP36
caffeine,GEMIN5,GEMIN5,True,,,,GEMIN5
caffeine,GFAP,GFAP,True,,,,GFAP
caffeine,GGNBP2,GGNBP2,True,,,,GGNBP2
caffeine,USP4,USP4,True,,,,USP4
caffeine,USP47,USP47,True,,,,USP47
caffeine,USP7,USP7,True,,,,USP7
caffeine,GH1,GH1,True,,,,GH1
caffeine,GIGYF2,GIGYF2,True,,,,GIGYF2
caffeine,GIT2,GIT2,True,,,,GIT2
caffeine,USP9X,USP9X,True,,,,USP9X
caffeine,UTRN,UTRN,True,,,,UTRN
caffeine,VAPA,VAPA,True,,,,VAPA
caffeine,GLCCI1,GLCCI1,True,,,,GLCCI1
caffeine,GLT8D1,GLT8D1,True,,,,GLT8D1
caffeine,VCAN,VCAN,True,,,,VCAN
caffeine,VCPIP1,VCPIP1,True,,,,VCPIP1
caffeine,GMPS,GMPS,True,,,,GMPS
caffeine,GNAQ,GNAQ,True,,,,GNAQ
caffeine,ADORA2B,ADORA2B,True,,,,ADORA2B
caffeine,VEGFA,VEGFA,True,,,,VEGFA
caffeine,VPS13B,VPS13B,True,,,,VPS13B
caffeine,VPS26A,VPS26A,True,,,,VPS26A
caffeine,GNPAT,GNPAT,True,,,,GNPAT
caffeine,GOLGA4,GOLGA4,True,,,,GOLGA4
caffeine,VPS53,VPS53,True,,,,VPS53
caffeine,VTN,VTN,True,,,,VTN
caffeine,WASF2,WASF2,True,,,,WASF2
caffeine,GON4L,GON4L,True,,,,GON4L
caffeine,GOSR1,GOSR1,True,,,,GOSR1
caffeine,GPATCH2,GPATCH2,True,,,,GPATCH2
caffeine,WASH6P,WASH6P,True,,,,WASH6P
caffeine,WBP4,WBP4,True,,,,WBP4
caffeine,WDR11,WDR11,True,,,,WDR11
caffeine,GPBP1,GPBP1,True,,,,GPBP1
caffeine,GPI,GPI,True,,,,GPI
caffeine,GPS1,GPS1,True,,,,GPS1
caffeine,WDR3,WDR3,True,,,,WDR3
caffeine,WDR48,WDR48,True,,,,WDR48
caffeine,WDR90,WDR90,True,,,,WDR90
caffeine,GPX1,GPX1,True,,,,GPX1
caffeine,GRAMD2B,GRAMD2B,True,,,,GRAMD2B
caffeine,WNK1,WNK1,True,,,,WNK1
caffeine,WRAP53,WRAP53,True,,,,WRAP53
caffeine,WT1,WT1,True,,,,WT1
caffeine,GRIN1,GRIN1,True,,,,GRIN1
caffeine,GRK2,GRK2,True,,,,GRK2
caffeine,WWTR1,WWTR1,True,,,,WWTR1
caffeine,XPC,XPC,True,,,,XPC
caffeine,XRCC1,XRCC1,True,,,,XRCC1
caffeine,GSE1,GSE1,True,,,,GSE1
caffeine,GSK3B,GSK3B,True,,,,GSK3B
caffeine,XRCC6,XRCC6,True,,,,XRCC6
caffeine,YBX1,YBX1,True,,,,YBX1
caffeine,YIPF2,YIPF2,True,,,,YIPF2
caffeine,GSTM6,GSTM6,True,,,,GSTM6
caffeine,GTF2E1,GTF2E1,True,,,,GTF2E1
caffeine,YTHDC1,YTHDC1,True,,,,YTHDC1
caffeine,YWHAE,YWHAE,True,,,,YWHAE
caffeine,GTF2IRD1,GTF2IRD1,True,,,,GTF2IRD1
caffeine,GTF3C5,GTF3C5,True,,,,GTF3C5
caffeine,GYS1,GYS1,True,,,,GYS1
caffeine,YWHAZ,YWHAZ,True,,,,YWHAZ
caffeine,ZBTB11,ZBTB11,True,,,,ZBTB11
caffeine,ZBTB40,ZBTB40,True,,,,ZBTB40
caffeine,H1-6,h1 6,False,,,True,h1 6
caffeine,H2AX,H2AX,True,,,,H2AX
caffeine,ZBTB48,ZBTB48,True,,,,ZBTB48
caffeine,ZBTB9,ZBTB9,True,,,,ZBTB9
caffeine,ZC3H14,ZC3H14,True,,,,ZC3H14
caffeine,H2BC9,H2BC9,True,,,,H2BC9
caffeine,HACD1,HACD1,True,,,,HACD1
caffeine,HAUS6,HAUS6,True,,,,HAUS6
caffeine,ABAT,ABAT,True,,,,ABAT
caffeine,ZC3H7B,ZC3H7B,True,,,,ZC3H7B
caffeine,ZCCHC10,ZCCHC10,True,,,,ZCCHC10
caffeine,HAUS8,HAUS8,True,,,,HAUS8
caffeine,HDAC1,HDAC1,True,,,,HDAC1
caffeine,HDAC7,HDAC7,True,,,,HDAC7
caffeine,ZDHHC5,ZDHHC5,True,,,,ZDHHC5
caffeine,ZFAND2B,ZFAND2B,True,,,,ZFAND2B
caffeine,ZFHX3,ZFHX3,True,,,,ZFHX3
caffeine,HDLBP,HDLBP,True,,,,HDLBP
caffeine,HEATR6,HEATR6,True,,,,HEATR6
caffeine,AAK1,AAK1,True,,,,AAK1
caffeine,AATK,AATK,True,,,,AATK
caffeine,ABCC1,ABCC1,True,,,,ABCC1
caffeine,ABCC4,ABCC4,True,,,,ABCC4
caffeine,ABI1,ABI1,True,,,,ABI1
caffeine,ABLIM1,ABLIM1,True,,,,ABLIM1
caffeine,ACACA,ACACA,True,,,,ACACA
caffeine,ACAN,ACAN,True,,,,ACAN
caffeine,ACE,ACE,True,,,,ACE
caffeine,ACHE,ACHE,True,,,,ACHE
caffeine,ACLY,ACLY,True,,,,ACLY
caffeine,ACSL3,ACSL3,True,,,,ACSL3
caffeine,ACTA2,ACTA2,True,,,,ACTA2
caffeine,ACTL6A,ACTL6A,True,,,,ACTL6A
caffeine,ACTN4,ACTN4,True,,,,ACTN4
caffeine,ADAMTS5,ADAMTS5,True,,,,ADAMTS5
caffeine,ADCY5,ADCY5,True,,,,ADCY5
caffeine,ADD3,ADD3,True,,,,ADD3
caffeine,ADIPOR2,ADIPOR2,True,,,,ADIPOR2
caffeine,ADORA1,ADORA1,True,,,,ADORA1
caffeine,ADORA1,ADORA1,True,,,,ADORA1
caffeine,ADORA1,ADORA1,True,,,,ADORA1
caffeine,ADORA2A,ADORA2A,True,,,,ADORA2A
caffeine,ADORA2A,ADORA2A,True,,,,ADORA2A
caffeine,ADORA2A,ADORA2A,True,,,,ADORA2A
caffeine,ADRM1,ADRM1,True,,,,ADRM1
caffeine,AFF1,AFF1,True,,,,AFF1
caffeine,AGAP2,AGAP2,True,,,,AGAP2
caffeine,AGGF1,AGGF1,True,,,,AGGF1
caffeine,AGTR1A,AGTR1A,True,,,,AGTR1A
caffeine,AHCY,AHCY,True,,,,AHCY
caffeine,AIP,AIP,True,,,,AIP
caffeine,AKAP10,AKAP10,True,,,,AKAP10
caffeine,AKAP17A,AKAP17A,True,,,,AKAP17A
caffeine,AKR1A1,AKR1A1,True,,,,AKR1A1
caffeine,AKT1,AKT1,True,,,,AKT1
caffeine,AKT1,AKT1,True,,,,AKT1
caffeine,AKTIP,AKTIP,True,,,,AKTIP
caffeine,ALDH18A1,ALDH18A1,True,,,,ALDH18A1
caffeine,ALDH4A1,ALDH4A1,True,,,,ALDH4A1
caffeine,ALDOA,ALDOA,True,,,,ALDOA
caffeine,ALMS1,ALMS1,True,,,,ALMS1
caffeine,AMER1,AMER1,True,,,,AMER1
caffeine,AMPD2,AMPD2,True,,,,AMPD2
caffeine,ANAPC5,ANAPC5,True,,,,ANAPC5
caffeine,ANGPT1,ANGPT1,True,,,,ANGPT1
caffeine,GRM1,GRM1,True,,,,GRM1
caffeine,CYP2C9,CYP2C9,True,,,,CYP2C9
carbachol,Muscarinic acetylcholine receptor M3,muscarinic acetylcholine receptor m3,False,,,True,CHRM3
carbachol,Neuronal acetylcholine receptor alpha-2 (CHRNA2),neuronal acetylcholine receptor alpha 2,False,,,True,neuronal acetylcholine receptor alpha 2
Ethanolamine,Aryl hydrocarbon receptor,aryl hydrocarbon receptor,False,AHR,,False,AHR
Ethanolamine,Annexin A3,annexin a3,False,ANXA3,,False,ANXA3
Ethanolamine,Annexin A3,annexin a3,False,ANXA3,,False,ANXA3
Ethanolamine,APOB,APOB,True,,,,APOB
Ethanolamine,APOE,APOE,True,,,,APOE
Ethanolamine,SARDH,SARDH,True,,,,SARDH
Ethanolamine,EGF,EGF,True,,,,EGF
Ethanolamine,ESR1,ESR1,True,,,,ESR1
Ethanolamine,FGF1,FGF1,True,,,,FGF1
Ethanolamine,PNLIPRP2,PNLIPRP2,True,,,,PNLIPRP2
Ethanolamine,Nuclear receptor ROR-gamma,nuclear receptor ror gamma,False,,,True,nuclear receptor ror gamma
Ethanolamine,PEX11A,PEX11A,True,,,,PEX11A
Ethanolamine,NAD-dependent protein deacetylase sirtuin-2,nad dependent protein deacetylase sirtuin 2,False,,,True,nad dependent protein deacetylase sirtuin 2
Ethanolamine,CELF3A,CELF3A,True,,,,CELF3A
Ethanolamine,Glutaminyl-peptide cyclotransferase,glutaminyl peptide cyclotransferase,False,QPCT,,False,QPCT
Ethanolamine,HMGCRA,HMGCRA,True,,,,HMGCRA
forskolin,Adenylate cyclase type 1,adenylate cyclase type 1,False,,,True,adenylate cyclase type 1
forskolin,Adenylate cyclase type 2 (ADCY2),adenylate cyclase type 2,False,,,True,adenylate cyclase type 2
forskolin,Adenylate cyclase type 2,adenylate cyclase type 2,False,,,True,adenylate cyclase type 2
forskolin,Adenylate cyclase type 2,adenylate cyclase type 2,False,,,True,adenylate cyclase type 2
forskolin,Adenylate cyclase type 2,adenylate cyclase type 2,False,,,True,adenylate cyclase type 2
forskolin,Adenylate cyclase type 3,adenylate cyclase type 3,False,,,True,adenylate cyclase type 3
forskolin,Adenylate cyclase type 5,adenylate cyclase type 5,False,,,True,adenylate cyclase type 5
forskolin,Adenylate cyclase type 5,adenylate cyclase type 5,False,,,True,adenylate cyclase type 5
forskolin,Adenylate cyclase type 5,adenylate cyclase type 5,False,,,True,adenylate cyclase type 5
forskolin,Adenylate cyclase type 6,adenylate cyclase type 6,False,,,True,adenylate cyclase type 6
forskolin,Adenylate cyclase type 7,adenylate cyclase type 7,False,,,True,adenylate cyclase type 7
forskolin,Adenylate cyclase type 8,adenylate cyclase type 8,False,,,True,adenylate cyclase type 8
forskolin,Adenylate cyclase type 9,adenylate cyclase type 9,False,,,True,adenylate cyclase type 9
forskolin,NR0B1,NR0B1,True,,,,NR0B1
forskolin,AHR,AHR,True,,,,AHR
forskolin,Androgen receptor,androgen receptor,False,AR,,False,AR
forskolin,AR,AR,True,,,,AR
forskolin,Cystic fibrosis transmembrane conductance regulator,cystic fibrosis transmembrane conductance regulator,False,,,True,cystic fibrosis transmembrane conductance regulator
forskolin,CREB-binding protein,creb binding protein,False,,,True,creb binding protein
forskolin,Cytochrome P450 19A1,cytochrome p450 19a1,False,,,True,cytochrome p450 19a1
forskolin,Estrogen receptor,estrogen receptor,False,ESR1,,False,ESR1
forskolin,GLP1R,GLP1R,True,,,,GLP1R
forskolin,Guanine nucleotide-binding protein G(s) subunit alpha isoforms short,guanine nucleotide binding protein g subunit alpha isoforms short,False,,,True,guanine nucleotide binding protein g subunit alpha isoforms short
forskolin,Guanine nucleotide-binding protein G(s) subunit alpha isoforms short,guanine nucleotide binding protein g subunit alpha isoforms short,False,,,True,guanine nucleotide binding protein g subunit alpha isoforms short
forskolin,Hepatocyte nuclear factor 4-alpha,hepatocyte nuclear factor 4 alpha,False,HNF4A,,False,HNF4A
forskolin,Calcium-activated potassium channel subunit alpha-1,calcium activated potassium channel subunit alpha 1,False,,,True,calcium activated potassium channel subunit alpha 1
forskolin,Calcium-activated potassium channel subunit beta-1,calcium activated potassium channel subunit beta 1,False,KCNMB1,,False,KCNMB1
forskolin,Small conductance calcium-activated potassium channel protein 1,small conductance calcium activated potassium channel protein 1,False,,,True,small conductance calcium activated potassium channel protein 1
forskolin,Small conductance calcium-activated potassium channel protein 2,small conductance calcium activated potassium channel protein 2,False,,,True,small conductance calcium activated potassium channel protein 2
forskolin,Small conductance calcium-activated potassium channel protein 3,small conductance calcium activated potassium channel protein 3,False,,,True,small conductance calcium activated potassium channel protein 3
forskolin,Intermediate conductance calcium-activated potassium channel protein 4,intermediate conductance calcium activated potassium channel protein 4,False,,,True,intermediate conductance calcium activated potassium channel protein 4
forskolin,Mucin-2,mucin 2,False,LOC124903407,,False,LOC124903407
forskolin,Plasminogen activator inhibitor 1,plasminogen activator inhibitor 1,False,,,True,plasminogen activator inhibitor 1
forskolin,ATP-dependent translocase ABCB1,atp dependent translocase abcb1,False,,,True,atp dependent translocase abcb1
forskolin,Peroxisome proliferator-activated receptor delta,peroxisome proliferator activated receptor delta,False,PPARD,,False,PPARD
forskolin,Peroxisome proliferator-activated receptor gamma,peroxisome proliferator activated receptor gamma,False,PPARG,,False,PPARG
forskolin,Mitogen-activated protein kinase 1,mitogen activated protein kinase 1,False,MAPK1,,False,MAPK1
forskolin,Mitogen-activated protein kinase 3,mitogen activated protein kinase 3,False,MAPK3,,False,MAPK3
forskolin,Mitogen-activated protein kinase 4,mitogen activated protein kinase 4,False,MAPK4,,False,MAPK4
forskolin,Mitogen-activated protein kinase 6,mitogen activated protein kinase 6,False,MAPK6,,False,MAPK6
forskolin,Mitogen-activated protein kinase 7,mitogen activated protein kinase 7,False,MAPK7,,False,MAPK7
forskolin,Nuclear receptor ROR-beta,nuclear receptor ror beta,False,,,True,nuclear receptor ror beta
forskolin,Retinoic acid receptor RXR-beta,retinoic acid receptor rxr beta,False,,,True,retinoic acid receptor rxr beta
forskolin,Oxysterols receptor LXR-beta,oxysterols receptor lxr beta,False,,,True,oxysterols receptor lxr beta
forskolin,Vitamin D3 receptor,vitamin d3 receptor,False,,,True,vitamin d3 receptor
forskolin,Nuclear receptor subfamily 1 group I member 2,nuclear receptor subfamily 1 group i member 2,False,NR1I2,,False,NR1I2
forskolin,NR1I2,NR1I2,True,,,,NR1I2
forskolin,Bile acid receptor,bile acid receptor,False,GPBAR1,,False,GPBAR1
forskolin,Calcium-activated potassium channel subunit beta-2,calcium activated potassium channel subunit beta 2,False,KCNMB2,,False,KCNMB2
forskolin,Cyclic AMP-responsive element-binding protein 3,cyclic amp responsive element binding protein 3,False,,,True,cyclic amp responsive element binding protein 3
forskolin,Calcium-activated potassium channel subunit beta-3,calcium activated potassium channel subunit beta 3,False,KCNMB3,,False,KCNMB3
forskolin,Calcium-activated potassium channel subunit beta-4,calcium activated potassium channel subunit beta 4,False,KCNMB4,,False,KCNMB4
forskolin,HDAC7,HDAC7,True,,,,HDAC7
forskolin,Adenylate cyclase type 10,adenylate cyclase type 10,False,,,True,adenylate cyclase type 10
forskolin,RXFP1,RXFP1,True,,,,RXFP1
forskolin,ATPase family AAA domain-containing protein 5,atpase family aaa domain containing protein 5,False,,,True,atpase family aaa domain containing protein 5
forskolin,RXFP2,RXFP2,True,,,,RXFP2
forskolin,Adenylate cyclase type 4,adenylate cyclase type 4,False,,,True,adenylate cyclase type 4
forskolin,Mitogen-activated protein kinase 15,mitogen activated protein kinase 15,False,MAPK15,,False,MAPK15
Ginsenoside rb1,AKT1,AKT1,True,,,,AKT1
Ginsenoside rb1,ATP6V1A,ATP6V1A,True,,,,ATP6V1A
Ginsenoside rb1,ATP6V1B2,ATP6V1B2,True,,,,ATP6V1B2
Ginsenoside rb1,BMP2,BMP2,True,,,,BMP2
Ginsenoside rb1,CASP1,CASP1,True,,,,CASP1
Ginsenoside rb1,CASP3,CASP3,True,,,,CASP3
Ginsenoside rb1,RUNX2,RUNX2,True,,,,RUNX2
Ginsenoside rb1,CLCN7,CLCN7,True,,,,CLCN7
Ginsenoside rb1,CTSB,CTSB,True,,,,CTSB
Ginsenoside rb1,CTSD,CTSD,True,,,,CTSD
Ginsenoside rb1,FOS,FOS,True,,,,FOS
Ginsenoside rb1,HMOX1,HMOX1,True,,,,HMOX1
Ginsenoside rb1,HMOX1,HMOX1,True,,,,HMOX1
Ginsenoside rb1,IGF1,IGF1,True,,,,IGF1
Ginsenoside rb1,IL1B,IL1B,True,,,,IL1B
Ginsenoside rb1,IL6,IL6,True,,,,IL6
Ginsenoside rb1,IL18,IL18,True,,,,IL18
Ginsenoside rb1,ITGAM,ITGAM,True,,,,ITGAM
Ginsenoside rb1,ITGB2,ITGB2,True,,,,ITGB2
Ginsenoside rb1,KCNE1,KCNE1,True,,,,KCNE1
Ginsenoside rb1,KCNH2,KCNH2,True,,,,KCNH2
Ginsenoside rb1,LAMP1,LAMP1,True,,,,LAMP1
Ginsenoside rb1,LDHA,LDHA,True,,,,LDHA
Ginsenoside rb1,MAP2,MAP2,True,,,,MAP2
Ginsenoside rb1,NFATC1,NFATC1,True,,,,NFATC1
Ginsenoside rb1,NFE2L2,NFE2L2,True,,,,NFE2L2
Ginsenoside rb1,NFE2L2,NFE2L2,True,,,,NFE2L2
Ginsenoside rb1,NFE2L2,NFE2L2,True,,,,NFE2L2
Ginsenoside rb1,P2RX4,P2RX4,True,,,,P2RX4
Ginsenoside rb1,PGR,PGR,True,,,,PGR
Ginsenoside rb1,RELA,RELA,True,,,,RELA
Ginsenoside rb1,TGFB1,TGFB1,True,,,,TGFB1
Ginsenoside rb1,TNF,TNF,True,,,,TNF
Ginsenoside rb1,TFEB,TFEB,True,,,,TFEB
Ginsenoside rb1,TFEB,TFEB,True,,,,TFEB
Ginsenoside rb1,TNFSF11,TNFSF11,True,,,,TNFSF11
Ginsenoside rb1,SQSTM1,SQSTM1,True,,,,SQSTM1
Ginsenoside rb1,SQSTM1,SQSTM1,True,,,,SQSTM1
Ginsenoside rb1,SLCO1B3,SLCO1B3,True,,,,SLCO1B3
Ginsenoside rb1,Solute carrier organic anion transporter family member 1B3,solute carrier organic anion transporter family member 1b3,False,SLCO1B3,,False,SLCO1B3
Ginsenoside rb1,PARK,PARK,True,,,,PARK
Ginsenoside rb1,CAMKII,CAMKII,True,,,,CAMKII
Ginsenoside rb1,PINK1,PINK1,True,,,,PINK1
Ginsenoside rb1,GSDMD,GSDMD,True,,,,GSDMD
Ginsenoside rb1,MAP1LC3B,MAP1LC3B,True,,,,MAP1LC3B
Ginsenoside rb1,NLRP3,NLRP3,True,,,,NLRP3
maprotiline,Alpha-1D adrenergic receptor,alpha 1d adrenergic receptor,False,,,True,alpha 1d adrenergic receptor
maprotiline,Alpha-1D adrenergic receptor,alpha 1d adrenergic receptor,False,,,True,alpha 1d adrenergic receptor
maprotiline,Alpha-1 adrenergic receptor,alpha 1 adrenergic receptor,False,,,True,alpha 1 adrenergic receptor
maprotiline,Alpha-1 adrenergic receptor,alpha 1 adrenergic receptor,False,,,True,alpha 1 adrenergic receptor
maprotiline,Alpha-1B adrenergic receptor,alpha 1b adrenergic receptor,False,,,True,alpha 1b adrenergic receptor
maprotiline,Alpha-1A adrenergic receptor,alpha 1a adrenergic receptor,False,,,True,alpha 1a adrenergic receptor
maprotiline,Alpha-1 adrenergic receptor,alpha 1 adrenergic receptor,False,,,True,alpha 1 adrenergic receptor
maprotiline,Alpha-1A adrenergic receptor,alpha 1a adrenergic receptor,False,,,True,alpha 1a adrenergic receptor
maprotiline,Alpha-1A adrenergic receptor,alpha 1a adrenergic receptor,False,,,True,alpha 1a adrenergic receptor
maprotiline,Alpha-2A adrenergic receptor,alpha 2a adrenergic receptor,False,,,True,alpha 2a adrenergic receptor
maprotiline,Alpha-2A adrenergic receptor,alpha 2a adrenergic receptor,False,,,True,alpha 2a adrenergic receptor
maprotiline,Alpha-2 adrenergic receptor,alpha 2 adrenergic receptor,False,,,True,alpha 2 adrenergic receptor
maprotiline,Alpha-2B adrenergic receptor,alpha 2b adrenergic receptor,False,,,True,alpha 2b adrenergic receptor
maprotiline,Alpha-2 adrenergic receptor,alpha 2 adrenergic receptor,False,,,True,alpha 2 adrenergic receptor
maprotiline,Alpha-2B adrenergic receptor,alpha 2b adrenergic receptor,False,,,True,alpha 2b adrenergic receptor
maprotiline,Alpha-2 adrenergic receptor,alpha 2 adrenergic receptor,False,,,True,alpha 2 adrenergic receptor
maprotiline,Alpha-2C adrenergic receptor,alpha 2c adrenergic receptor,False,,,True,alpha 2c adrenergic receptor
maprotiline,Alpha-2C adrenergic receptor,alpha 2c adrenergic receptor,False,,,True,alpha 2c adrenergic receptor
maprotiline,Aldehyde oxidase,aldehyde oxidase,False,AOX1,,False,AOX1
maprotiline,Voltage-dependent N-type calcium channel subunit alpha-1B,voltage dependent n type calcium channel subunit alpha 1b,False,,,True,voltage dependent n type calcium channel subunit alpha 1b
maprotiline,Muscarinic acetylcholine receptor M1,muscarinic acetylcholine receptor m1,False,,,True,CHRM1
maprotiline,Muscarinic acetylcholine receptor M1,muscarinic acetylcholine receptor m1,False,,,True,CHRM1
maprotiline,Muscarinic acetylcholine receptor M1,muscarinic acetylcholine receptor m1,False,,,True,CHRM1
maprotiline,Muscarinic acetylcholine receptor M2,muscarinic acetylcholine receptor m2,False,,,True,CHRM2
maprotiline,Muscarinic acetylcholine receptor M2,muscarinic acetylcholine receptor m2,False,,,True,CHRM2
maprotiline,Muscarinic acetylcholine receptor M2,muscarinic acetylcholine receptor m2,False,,,True,CHRM2
maprotiline,Muscarinic acetylcholine receptor M3,muscarinic acetylcholine receptor m3,False,,,True,CHRM3
maprotiline,Muscarinic acetylcholine receptor M3,muscarinic acetylcholine receptor m3,False,,,True,CHRM3
maprotiline,Muscarinic acetylcholine receptor M3,muscarinic acetylcholine receptor m3,False,,,True,CHRM3
maprotiline,Muscarinic acetylcholine receptor M4,muscarinic acetylcholine receptor m4,False,,,True,CHRM4
maprotiline,Muscarinic acetylcholine receptor M4,muscarinic acetylcholine receptor m4,False,,,True,CHRM4
maprotiline,Muscarinic acetylcholine receptor M4,muscarinic acetylcholine receptor m4,False,,,True,CHRM4
maprotiline,Muscarinic acetylcholine receptor M5,muscarinic acetylcholine receptor m5,False,,,True,CHRM5
maprotiline,Muscarinic acetylcholine receptor M5,muscarinic acetylcholine receptor m5,False,,,True,CHRM5
maprotiline,Muscarinic acetylcholine receptor M5,muscarinic acetylcholine receptor m5,False,,,True,CHRM5
maprotiline,Cytochrome P450 1A2,cytochrome p450 1a2,False,,,True,cytochrome p450 1a2
maprotiline,Cytochrome P450 2D6,cytochrome p450 2d6,False,LOC107987479,,False,LOC107987479
maprotiline,Cytochrome P450 3A4,cytochrome p450 3a4,False,,,True,cytochrome p450 3a4
maprotiline,D(1A) dopamine receptor,d dopamine receptor,False,LOC101060524,,False,LOC101060524
maprotiline,D(2) dopamine receptor,d dopamine receptor,False,LOC101060524,,False,LOC101060524
maprotiline,D(2) dopamine receptor,d dopamine receptor,False,LOC101060524,,False,LOC101060524
maprotiline,D(2) dopamine receptor,d dopamine receptor,False,LOC101060524,,False,LOC101060524
maprotiline,D(3) dopamine receptor,d dopamine receptor,False,LOC101060524,,False,LOC101060524
maprotiline,D(1B) dopamine receptor,d dopamine receptor,False,LOC101060524,,False,LOC101060524
maprotiline,Histamine H1 receptor,histamine h1 receptor,False,HRH1,,False,HRH1
maprotiline,Histamine H1 receptor,histamine h1 receptor,False,HRH1,,False,HRH1
maprotiline,Histamine H1 receptor,histamine h1 receptor,False,HRH1,,False,HRH1
maprotiline,Histamine H2 receptor,histamine h2 receptor,False,HRH2,,False,HRH2
maprotiline,5-hydroxytryptamine receptor 2A,5 hydroxytryptamine receptor 2a,False,HTR2A,,False,HTR2A
maprotiline,5-hydroxytryptamine receptor 2A,5 hydroxytryptamine receptor 2a,False,HTR2A,,False,HTR2A
maprotiline,5-hydroxytryptamine receptor 2A,5 hydroxytryptamine receptor 2a,False,HTR2A,,False,HTR2A
maprotiline,5-hydroxytryptamine receptor 2B,5 hydroxytryptamine receptor 2b,False,HTR2B,,False,HTR2B
maprotiline,5-hydroxytryptamine receptor 2C,5 hydroxytryptamine receptor 2c,False,HTR2C,,False,HTR2C
maprotiline,5-hydroxytryptamine receptor 2C,5 hydroxytryptamine receptor 2c,False,HTR2C,,False,HTR2C
maprotiline,5-hydroxytryptamine receptor 2C,5 hydroxytryptamine receptor 2c,False,HTR2C,,False,HTR2C
maprotiline,5-hydroxytryptamine receptor 6,5 hydroxytryptamine receptor 6,False,HTR6,,False,HTR6
maprotiline,5-hydroxytryptamine receptor 7,5 hydroxytryptamine receptor 7,False,HTR7,,False,HTR7
maprotiline,5-hydroxytryptamine receptor 7,5 hydroxytryptamine receptor 7,False,HTR7,,False,HTR7
maprotiline,Amine oxidase [flavin-containing] B,amine oxidase flavin containing b,False,,,True,amine oxidase flavin containing b
maprotiline,Alpha-1-acid glycoprotein 1,alpha 1 acid glycoprotein 1,False,,,True,alpha 1 acid glycoprotein 1
maprotiline,Sodium-dependent noradrenaline transporter,sodium dependent noradrenaline transporter,False,,,True,sodium dependent noradrenaline transporter
maprotiline,Sodium-dependent noradrenaline transporter,sodium dependent noradrenaline transporter,False,,,True,sodium dependent noradrenaline transporter
maprotiline,Sodium-dependent noradrenaline transporter,sodium dependent noradrenaline transporter,False,,,True,sodium dependent noradrenaline transporter
maprotiline,Norepinephrine transporter (NET),norepinephrine transporter,False,,,True,SLC6A2
maprotiline,NET,NET,True,,,,NET
maprotiline,Sodium-dependent noradrenaline transporter,sodium dependent noradrenaline transporter,False,,,True,sodium dependent noradrenaline transporter
maprotiline,Sodium-dependent dopamine transporter,sodium dependent dopamine transporter,False,,,True,sodium dependent dopamine transporter
maprotiline,Sodium-dependent dopamine transporter,sodium dependent dopamine transporter,False,,,True,sodium dependent dopamine transporter
maprotiline,Sodium-dependent serotonin transporter,sodium dependent serotonin transporter,False,,,True,sodium dependent serotonin transporter
maprotiline,Sodium-dependent serotonin transporter,sodium dependent serotonin transporter,False,,,True,sodium dependent serotonin transporter
maprotiline,ATP-binding cassette sub-family G member 2,atp binding cassette sub family g member 2,False,,,True,atp binding cassette sub family g member 2
maprotiline,Kir3.4,kir3 4,False,,,True,kir3 4
maprotiline,G protein-activated inward rectifier potassium channel 2,g protein activated inward rectifier potassium channel 2,False,,,True,g protein activated inward rectifier potassium channel 2
maprotiline,Kir3.2,kir3 2,False,,,True,kir3 2
maprotiline,Alpha-1A adrenergic receptor,alpha 1a adrenergic receptor,False,,,True,alpha 1a adrenergic receptor
maprotiline,Transient receptor potential cation channel subfamily M member 3,transient receptor potential cation channel subfamily m member 3,False,TRPM3,,False,TRPM3
maprotiline,TRPM3,TRPM3,True,,,,TRPM3
maprotiline,Alpha-1B adrenergic receptor,alpha 1b adrenergic receptor,False,,,True,alpha 1b adrenergic receptor
pilocarpine,Muscarinic acetylcholine receptor M1,muscarinic acetylcholine receptor m1,False,,,True,CHRM1
pilocarpine,M1 receptor,m1 receptor,False,,,True,CHRM1
pilocarpine,Muscarinic acetylcholine receptor M1,muscarinic acetylcholine receptor m1,False,,,True,CHRM1
pilocarpine,Muscarinic acetylcholine receptor M1,muscarinic acetylcholine receptor m1,False,,,True,CHRM1
pilocarpine,Muscarinic acetylcholine receptor M1,muscarinic acetylcholine receptor m1,False,,,True,CHRM1
pilocarpine,M2 receptor,m2 receptor,False,,,True,CHRM2
pilocarpine,Muscarinic acetylcholine receptor M2,muscarinic acetylcholine receptor m2,False,,,True,CHRM2
pilocarpine,Muscarinic acetylcholine receptor M2,muscarinic acetylcholine receptor m2,False,,,True,CHRM2
pilocarpine,Muscarinic acetylcholine receptor M2,muscarinic acetylcholine receptor m2,False,,,True,CHRM2
pilocarpine,Muscarinic acetylcholine receptor M3,muscarinic acetylcholine receptor m3,False,,,True,CHRM3
pilocarpine,M3 receptor,m3 receptor,False,,,True,CHRM3
pilocarpine,Muscarinic acetylcholine receptor M3,muscarinic acetylcholine receptor m3,False,,,True,CHRM3
pilocarpine,Muscarinic acetylcholine receptor M3,muscarinic acetylcholine receptor m3,False,,,True,CHRM3
pilocarpine,Muscarinic acetylcholine receptor M3,muscarinic acetylcholine receptor m3,False,,,True,CHRM3
pilocarpine,Muscarinic acetylcholine receptor M4,muscarinic acetylcholine receptor m4,False,,,True,CHRM4
pilocarpine,Muscarinic acetylcholine receptor M4,muscarinic acetylcholine receptor m4,False,,,True,CHRM4
pilocarpine,M4 receptor,m4 receptor,False,,,True,CHRM4
pilocarpine,Muscarinic acetylcholine receptor M4,muscarinic acetylcholine receptor m4,False,,,True,CHRM4
pilocarpine,Muscarinic acetylcholine receptor M5,muscarinic acetylcholine receptor m5,False,,,True,CHRM5
pilocarpine,Muscarinic acetylcholine receptor M5 (CHRM5),muscarinic acetylcholine receptor m5,False,,,True,CHRM5
pilocarpine,Muscarinic acetylcholine receptor M5,muscarinic acetylcholine receptor m5,False,,,True,CHRM5
pilocarpine,M5 receptor,m5 receptor,False,,,True,CHRM5
pilocarpine,Cytochrome P450 2A6,cytochrome p450 2a6,False,,,True,cytochrome p450 2a6
pilocarpine,Cytochrome P450 3A4,cytochrome p450 3a4,False,,,True,cytochrome p450 3a4
pilocarpine,Serum paraoxonase/arylesterase 1,serum paraoxonase arylesterase 1,False,,,True,serum paraoxonase arylesterase 1
pilocarpine,Muscarinic acetylcholine receptor M1,muscarinic acetylcholine receptor m1,False,,,True,CHRM1
pilocarpine,Muscarinic acetylcholine receptor,muscarinic acetylcholine receptor,False,,,True,muscarinic acetylcholine receptor
pilocarpine,Muscarinic acetylcholine receptor,muscarinic acetylcholine receptor,False,,,True,muscarinic acetylcholine receptor
pilocarpine,Muscarinic acetylcholine receptor,muscarinic acetylcholine receptor,False,,,True,muscarinic acetylcholine receptor
pilocarpine,M1 receptor,m1 receptor,False,,,True,CHRM1
pilocarpine,Muscarinic acetylcholine receptor M1,muscarinic acetylcholine receptor m1,False,,,True,CHRM1
pilocarpine,Muscarinic acetylcholine receptor DM1,muscarinic acetylcholine receptor dm1,False,,,True,muscarinic acetylcholine receptor dm1
pilocarpine,Muscarinic acetylcholine receptor,muscarinic acetylcholine receptor,False,,,True,muscarinic acetylcholine receptor
pilocarpine,Muscarinic acetylcholine receptor M2,muscarinic acetylcholine receptor m2,False,,,True,CHRM2
pilocarpine,Muscarinic acetylcholine receptor,muscarinic acetylcholine receptor,False,,,True,muscarinic acetylcholine receptor
