compound,protein,normalized_target,is_gene
bethanechol,AADAC,AADAC,True
bethanechol,AAMP,AAMP,True
bethanechol,AANAT,AANAT,True
bethanechol,AARS1,AARS1,True
bethanechol,AAVS1,AAVS1,True
bethanechol,CHRM1,CHRM1,True
bethanechol,Muscarinic acetylcholine receptor M1,muscarinic acetylcholine receptor m1,False
bethanechol,Muscarinic acetylcholine receptor M1,muscarinic acetylcholine receptor m1,False
bethanechol,CHRM1,CHRM1,True
bethanechol,Muscarinic acetylcholine receptor M1,muscarinic acetylcholine receptor m1,False
bethanechol,M1 receptor,m1 receptor,False
bethanechol,Muscarinic acetylcholine receptor M2,muscarinic acetylcholine receptor m2,False
bethanechol,M2 receptor,m2 receptor,False
bethanechol,Muscarinic acetylcholine receptor M2,muscarinic acetylcholine receptor m2,False
bethanechol,Muscarinic acetylcholine receptor M2,muscarinic acetylcholine receptor m2,False
bethanechol,Muscarinic acetylcholine receptor M3,muscarinic acetylcholine receptor m3,False
bethanechol,Muscarinic acetylcholine receptor M3,muscarinic acetylcholine receptor m3,False
bethanechol,M3 receptor,m3 receptor,False
bethanechol,Muscarinic acetylcholine receptor M3,muscarinic acetylcholine receptor m3,False
bethanechol,Muscarinic acetylcholine receptor M4,muscarinic acetylcholine receptor m4,False
bethanechol,M4 receptor,m4 receptor,False
bethanechol,Muscarinic acetylcholine receptor M4,muscarinic acetylcholine receptor m4,False
bethanechol,Muscarinic acetylcholine receptor M4,muscarinic acetylcholine receptor m4,False
bethanechol,M5 receptor,m5 receptor,False
bethanechol,Muscarinic acetylcholine receptor M5,muscarinic acetylcholine receptor m5,False
bethanechol,CHRM5,CHRM5,True
bethanechol,Muscarinic acetylcholine receptor M5 (CHRM5),muscarinic acetylcholine receptor m5,False
bethanechol,M1 receptor,m1 receptor,False
bethanechol,Muscarinic acetylcholine receptor,muscarinic acetylcholine receptor,False
bethanechol,Muscarinic receptor 2,muscarinic receptor 2,False
caffeine,NAT2,NAT2,True
caffeine,NAT2,NAT2,True
caffeine,NAT2,NAT2,True
caffeine,NAT2,NAT2,True
caffeine,AARS1,AARS1,True
caffeine,ABAT,ABAT,True
caffeine,ABAT,ABAT,True
caffeine,ABCA1,ABCA1,True
caffeine,ABCA2,ABCA2,True
caffeine,ABCA3,ABCA3,True
caffeine,ABCF1,ABCF1,True
caffeine,ABL1,ABL1,True
caffeine,ABL2,ABL2,True
caffeine,ACACA,ACACA,True
caffeine,ACACA,ACACA,True
caffeine,ACACB,ACACB,True
caffeine,ACAT2,ACAT2,True
caffeine,ACHE,ACHE,True
caffeine,ACHE,ACHE,True
caffeine,ACHE,ACHE,True
caffeine,Acetylcholinesterase,acetylcholinesterase,False
caffeine,ACHE,ACHE,True
caffeine,ACLY,ACLY,True
caffeine,ACLY,ACLY,True
caffeine,ACOX1,ACOX1,True
caffeine,ACTA2,ACTA2,True
caffeine,ACTB,ACTB,True
caffeine,ACTB,ACTB,True
caffeine,ACTN4,ACTN4,True
caffeine,ACTL6A,ACTL6A,True
caffeine,ACTN1,ACTN1,True
caffeine,ADA,ADA,True
caffeine,ADA,ADA,True
caffeine,ADAR,ADAR,True
caffeine,ADARB1,ADARB1,True
caffeine,ADCY5,ADCY5,True
caffeine,ADCY7,ADCY7,True
caffeine,ADCY9,ADCY9,True
caffeine,ADD1,ADD1,True
caffeine,ADD3,ADD3,True
caffeine,PLIN2,PLIN2,True
caffeine,ADORA1,ADORA1,True
caffeine,ADORA1,ADORA1,True
caffeine,ADORA1,ADORA1,True
caffeine,ADORA1,ADORA1,True
caffeine,ADORA1,ADORA1,True
caffeine,ADORA1,ADORA1,True
caffeine,ADORA1,ADORA1,True
caffeine,ADORA1,ADORA1,True
caffeine,ADORA1,ADORA1,True
caffeine,Adenosine receptor A1,adenosine receptor a1,False
caffeine,A1 receptor,a1 receptor,False
caffeine,ADORA1,ADORA1,True
caffeine,ADORA1,ADORA1,True
caffeine,ADORA1,ADORA1,True
caffeine,Adenosine receptor A1,adenosine receptor a1,False
caffeine,Adenosine receptor A1,adenosine receptor a1,False
caffeine,ADORA1,ADORA1,True
caffeine,Adenosine A1 receptor (ADORA1),adenosine a1 receptor,False
caffeine,ADORA1,ADORA1,True
caffeine,ADORA1,ADORA1,True
caffeine,ADORA1,ADORA1,True
caffeine,ADORA2A,ADORA2A,True
caffeine,ADORA2A,ADORA2A,True
caffeine,ADORA2A,ADORA2A,True
caffeine,ADORA2A,ADORA2A,True
caffeine,ADORA2A,ADORA2A,True
caffeine,ADORA2A,ADORA2A,True
caffeine,ADORA2A,ADORA2A,True
caffeine,ADORA2A,ADORA2A,True
caffeine,ADORA2A,ADORA2A,True
caffeine,ADORA2A,ADORA2A,True
caffeine,ADORA2A,ADORA2A,True
caffeine,Adenosine receptor A2a,adenosine receptor a2a,False
caffeine,ADORA2A,ADORA2A,True
caffeine,Adenosine receptor A2a,adenosine receptor a2a,False
caffeine,ADORA2A,ADORA2A,True
caffeine,A2A receptor,a2a receptor,False
caffeine,ADORA2A,ADORA2A,True
caffeine,Adenosine receptor A2a,adenosine receptor a2a,False
caffeine,Adenosine A2a receptor (ADORA2A),adenosine a2a receptor,False
caffeine,ADORA2A,ADORA2A,True
caffeine,ADORA2A,ADORA2A,True
caffeine,ADORA2A,ADORA2A,True
caffeine,ADORA2B,ADORA2B,True
caffeine,ADORA2B,ADORA2B,True
caffeine,Adenosine receptor A2b,adenosine receptor a2b,False
caffeine,A2B receptor,a2b receptor,False
caffeine,Adenosine receptor A2b,adenosine receptor a2b,False
caffeine,Adenosine receptor A2b,adenosine receptor a2b,False
caffeine,ADORA2B,ADORA2B,True
caffeine,Adenosine receptor A3,adenosine receptor a3,False
caffeine,Adenosine receptor A3,adenosine receptor a3,False
caffeine,A3 receptor,a3 receptor,False
caffeine,Adenosine receptor A3,adenosine receptor a3,False
caffeine,ADORA3,ADORA3,True
caffeine,PARP1,PARP1,True
caffeine,PARP1,PARP1,True
caffeine,PARP1,PARP1,True
caffeine,PARP1,PARP1,True
caffeine,PARP1,PARP1,True
caffeine,PARP1,PARP1,True
caffeine,PARP1,PARP1,True
caffeine,PARP1,PARP1,True
caffeine,PARP4,PARP4,True
caffeine,GRK2,GRK2,True
caffeine,ADSL,ADSL,True
caffeine,ACAN,ACAN,True
caffeine,ACAN,ACAN,True
caffeine,JAG1,JAG1,True
caffeine,AGT,AGT,True
caffeine,AGTR2,AGTR2,True
caffeine,AGTR2,AGTR2,True
caffeine,AHCY,AHCY,True
caffeine,AKT1,AKT1,True
caffeine,AKT1,AKT1,True
caffeine,AKT1,AKT1,True
caffeine,AKT1,AKT1,True
caffeine,AKT1,AKT1,True
caffeine,AKT1,AKT1,True
caffeine,AKT1,AKT1,True
caffeine,AKT1,AKT1,True
caffeine,AKT1,AKT1,True
caffeine,AKT2,AKT2,True
caffeine,ALB,ALB,True
caffeine,ALB,ALB,True
caffeine,ALDH1A1,ALDH1A1,True
caffeine,ALDH1A1,ALDH1A1,True
caffeine,ALDH9A1,ALDH9A1,True
caffeine,ALDH3A2,ALDH3A2,True
caffeine,ALDOA,ALDOA,True
caffeine,ALDOA,ALDOA,True
caffeine,ALDOC,ALDOC,True
caffeine,ALPL,ALPL,True
caffeine,AMFR,AMFR,True
caffeine,AMPD2,AMPD2,True
caffeine,ANG,ANG,True
caffeine,ANGPT1,ANGPT1,True
caffeine,ANGPT2,ANGPT2,True
caffeine,ANK2,ANK2,True
caffeine,ANXA2,ANXA2,True
caffeine,ANXA4,ANXA4,True
caffeine,ANXA4,ANXA4,True
caffeine,ANXA11,ANXA11,True
caffeine,AOX1,AOX1,True
caffeine,APC,APC,True
caffeine,APEH,APEH,True
caffeine,APEX1,APEX1,True
caffeine,BIRC2,BIRC2,True
caffeine,APLP2,APLP2,True
caffeine,APOA1,APOA1,True
caffeine,APOA1,APOA1,True
caffeine,APOA2,APOA2,True
caffeine,APOA2,APOA2,True
caffeine,APOB,APOB,True
caffeine,APOB,APOB,True
caffeine,APOB,APOB,True
caffeine,APOB,APOB,True
caffeine,APOC1,APOC1,True
caffeine,APOC1,APOC1,True
caffeine,APOC2,APOC2,True
caffeine,APOC2,APOC2,True
caffeine,APOC3,APOC3,True
caffeine,APOE,APOE,True
caffeine,FAS,FAS,True
caffeine,FAS,FAS,True
caffeine,FAS,FAS,True
caffeine,SHROOM2,SHROOM2,True
caffeine,AR,AR,True
caffeine,ARAF,ARAF,True
caffeine,ARCN1,ARCN1,True
caffeine,ARF1,ARF1,True
caffeine,ARL4D,ARL4D,True
caffeine,ARHGAP1,ARHGAP1,True
caffeine,ARHGAP5,ARHGAP5,True
caffeine,ARHGDIA,ARHGDIA,True
caffeine,ARRB1,ARRB1,True
caffeine,ARRB2,ARRB2,True
caffeine,ARVCF,ARVCF,True
caffeine,ASGR2,ASGR2,True
caffeine,ASNS,ASNS,True
caffeine,ZFHX3,ZFHX3,True
caffeine,ATIC,ATIC,True
caffeine,ATM,ATM,True
caffeine,ATM,ATM,True
caffeine,ATM,ATM,True
caffeine,ATM,ATM,True
caffeine,ATM,ATM,True
caffeine,ATM,ATM,True
caffeine,ATM,ATM,True
caffeine,ATM,ATM,True
caffeine,ATM,ATM,True
caffeine,ATM,ATM,True
caffeine,ATM,ATM,True
caffeine,ATM,ATM,True
caffeine,ATM,ATM,True
caffeine,ATM,ATM,True
caffeine,ATM,ATM,True
caffeine,Serine-protein kinase ATM,serine protein kinase atm,False
caffeine,Serine-protein kinase ATM,serine protein kinase atm,False
caffeine,RERE,RERE,True
caffeine,ATP1A1,ATP1A1,True
caffeine,ATP1A3,ATP1A3,True
caffeine,ATP1B3,ATP1B3,True
caffeine,ATP2A2,ATP2A2,True
caffeine,ATP2B1,ATP2B1,True
caffeine,ATP6V1B2,ATP6V1B2,True
caffeine,ATP6V0C,ATP6V0C,True
caffeine,ATR,ATR,True
caffeine,ATR,ATR,True
caffeine,ATR,ATR,True
caffeine,ATR,ATR,True
caffeine,ATR,ATR,True
caffeine,ATR,ATR,True
caffeine,Serine/threonine-protein kinase ATR,serine threonine protein kinase atr,False
caffeine,ATRX,ATRX,True
caffeine,AUP1,AUP1,True
caffeine,AVPR1A,AVPR1A,True
caffeine,BACH1,BACH1,True
caffeine,BARD1,BARD1,True
caffeine,BAX,BAX,True
caffeine,BAX,BAX,True
caffeine,BAX,BAX,True
caffeine,BAX,BAX,True
caffeine,CCND1,CCND1,True
caffeine,BCL2,BCL2,True
caffeine,BCL2L1,BCL2L1,True
caffeine,BCL3,BCL3,True
caffeine,BCL6,BCL6,True
caffeine,BCL9,BCL9,True
caffeine,BCR,BCR,True
caffeine,BDNF,BDNF,True
caffeine,BDNF,BDNF,True
caffeine,BGLAP,BGLAP,True
caffeine,CEACAM1,CEACAM1,True
caffeine,BHMT,BHMT,True
caffeine,BID,BID,True
caffeine,BLM,BLM,True
caffeine,BMPR1A,BMPR1A,True
caffeine,POLR3D,POLR3D,True
caffeine,BNIP2,BNIP2,True
caffeine,BNIP3,BNIP3,True
caffeine,BNIP3,BNIP3,True
caffeine,BNIP3L,BNIP3L,True
caffeine,DST,DST,True
caffeine,BRCA1,BRCA1,True
caffeine,BRAF,BRAF,True
caffeine,BRCA2,BRCA2,True
caffeine,ZFP36L1,ZFP36L1,True
caffeine,ZFP36L2,ZFP36L2,True
caffeine,BSG,BSG,True
caffeine,BTF3,BTF3,True
caffeine,BUB1,BUB1,True
caffeine,BUB1,BUB1,True
caffeine,BUB1B,BUB1B,True
caffeine,C1QBP,C1QBP,True
caffeine,C1R,C1R,True
caffeine,C1S,C1S,True
caffeine,MYRF,MYRF,True
caffeine,DAGLA,DAGLA,True
caffeine,PTTG1IP,PTTG1IP,True
caffeine,CFAP410,CFAP410,True
caffeine,Carbonic anhydrase 1,carbonic anhydrase 1,False
caffeine,Carbonic anhydrase 2,carbonic anhydrase 2,False
caffeine,CACNA1S,CACNA1S,True
caffeine,DDR1,DDR1,True
caffeine,CAD,CAD,True
caffeine,CAD,CAD,True
caffeine,CALM1,CALM1,True
caffeine,CALM1,CALM1,True
caffeine,CALR,CALR,True
caffeine,CALU,CALU,True
caffeine,CALU,CALU,True
caffeine,CAMK2B,CAMK2B,True
caffeine,CAMK2D,CAMK2D,True
caffeine,CAMK2G,CAMK2G,True
caffeine,CANX,CANX,True
caffeine,CAPN1,CAPN1,True
caffeine,CAPN2,CAPN2,True
caffeine,CAST,CAST,True
caffeine,CARS1,CARS1,True
caffeine,CASP2,CASP2,True
caffeine,CASP2,CASP2,True
caffeine,CASP3,CASP3,True
caffeine,CASP3,CASP3,True
caffeine,CASP3,CASP3,True
caffeine,CASP3,CASP3,True
caffeine,CASP3,CASP3,True
caffeine,CASP3,CASP3,True
caffeine,CASP3,CASP3,True
caffeine,CASP3,CASP3,True
caffeine,CASP3,CASP3,True
caffeine,CASP3,CASP3,True
caffeine,CASP3,CASP3,True
caffeine,CASP3,CASP3,True
caffeine,CASP3,CASP3,True
caffeine,CASP3,CASP3,True
caffeine,CASP3,CASP3,True
caffeine,CASP8,CASP8,True
caffeine,CASP9,CASP9,True
caffeine,CASP9,CASP9,True
caffeine,CASP9,CASP9,True
caffeine,CASP9,CASP9,True
caffeine,CAT,CAT,True
caffeine,CAT,CAT,True
caffeine,CAT,CAT,True
caffeine,CAT,CAT,True
caffeine,CAV1,CAV1,True
caffeine,CAV3,CAV3,True
caffeine,RUNX2,RUNX2,True
caffeine,RUNX1,RUNX1,True
caffeine,SERPINA6,SERPINA6,True
caffeine,CBLB,CBLB,True
caffeine,CBS,CBS,True
caffeine,CCNB1,CCNB1,True
caffeine,CCNB1,CCNB1,True
caffeine,CCNB1,CCNB1,True
caffeine,CCNB1,CCNB1,True
caffeine,CCNB1,CCNB1,True
caffeine,CCNE1,CCNE1,True
caffeine,CCNF,CCNF,True
caffeine,CCNG1,CCNG1,True
caffeine,CCNG1,CCNG1,True
caffeine,CCNH,CCNH,True
caffeine,CCNT2,CCNT2,True
caffeine,CCT6A,CCT6A,True
caffeine,CD9,CD9,True
caffeine,CD36,CD36,True
caffeine,SCARB1,SCARB1,True
caffeine,SCARB1,SCARB1,True
caffeine,SCARB1,SCARB1,True
caffeine,SCARB1,SCARB1,True
caffeine,SCARB1,SCARB1,True
caffeine,CD59,CD59,True
caffeine,CD74,CD74,True
caffeine,CDK1,CDK1,True
caffeine,CDK1,CDK1,True
caffeine,CDK1,CDK1,True
caffeine,CDK1,CDK1,True
caffeine,CDK1,CDK1,True
caffeine,CDK11B,CDK11B,True
caffeine,LRBA,LRBA,True
caffeine,CDC5L,CDC5L,True
caffeine,SEPTIN7,SEPTIN7,True
caffeine,CDC6,CDC6,True
caffeine,CDC20,CDC20,True
caffeine,CDC25B,CDC25B,True
caffeine,CDC25B,CDC25B,True
caffeine,CDC25C,CDC25C,True
caffeine,CDC25C,CDC25C,True
caffeine,CDC25C,CDC25C,True
caffeine,CDC27,CDC27,True
caffeine,CDH1,CDH1,True
caffeine,CDH1,CDH1,True
caffeine,CDH5,CDH5,True
caffeine,CDH11,CDH11,True
caffeine,CDK2,CDK2,True
caffeine,CDK2,CDK2,True
caffeine,CDK2,CDK2,True
caffeine,CDK4,CDK4,True
caffeine,CDK4,CDK4,True
caffeine,CDK6,CDK6,True
caffeine,CDK7,CDK7,True
caffeine,CDKN1A,CDKN1A,True
caffeine,CDKN1A,CDKN1A,True
caffeine,CDKN1A,CDKN1A,True
caffeine,CDKN1A,CDKN1A,True
caffeine,CDKN1A,CDKN1A,True
caffeine,CDKN1A,CDKN1A,True
caffeine,CDKN1A,CDKN1A,True
caffeine,CDKN1A,CDKN1A,True
caffeine,CDR2,CDR2,True
caffeine,CDX4,CDX4,True
caffeine,CEBPA,CEBPA,True
caffeine,CEBPA,CEBPA,True
caffeine,CEBPA,CEBPA,True
caffeine,CEBPB,CEBPB,True
caffeine,CEBPB,CEBPB,True
caffeine,CENPB,CENPB,True
caffeine,CENPC,CENPC,True
caffeine,CENPE,CENPE,True
caffeine,CENPF,CENPF,True
caffeine,CETN3,CETN3,True
caffeine,CFL1,CFL1,True
caffeine,CFL2,CFL2,True
caffeine,CHD1,CHD1,True
caffeine,CHD2,CHD2,True
caffeine,CHD3,CHD3,True
caffeine,CHD4,CHD4,True
caffeine,CHEK1,CHEK1,True
caffeine,CHEK1,CHEK1,True
caffeine,CHEK1,CHEK1,True
caffeine,CHEK1,CHEK1,True
caffeine,CHEK1,CHEK1,True
caffeine,CHEK1,CHEK1,True
caffeine,CHEK1,CHEK1,True
caffeine,Chitotriosidase-1,chitotriosidase 1,False
caffeine,Chitotriosidase-1,chitotriosidase 1,False
caffeine,CKB,CKB,True
caffeine,TBCB,TBCB,True
caffeine,AP2M1,AP2M1,True
caffeine,CLIC1,CLIC1,True
caffeine,CLK2,CLK2,True
caffeine,CLK3,CLK3,True
caffeine,CLN3,CLN3,True
caffeine,CLNS1A,CLNS1A,True
caffeine,CLTC,CLTC,True
caffeine,ABCC2,ABCC2,True
caffeine,ABCC2,ABCC2,True
caffeine,CNN2,CNN2,True
caffeine,CNN3,CNN3,True
caffeine,CNP,CNP,True
caffeine,COL1A1,COL1A1,True
caffeine,COL1A1,COL1A1,True
caffeine,COL2A1,COL2A1,True
caffeine,COMT,COMT,True
caffeine,COPA,COPA,True
caffeine,CORT,CORT,True
caffeine,COX7C,COX7C,True
caffeine,CPD,CPD,True
caffeine,CLDN3,CLDN3,True
caffeine,CPT1A,CPT1A,True
caffeine,CPT1A,CPT1A,True
caffeine,CREB1,CREB1,True
caffeine,CREB1,CREB1,True
caffeine,CREB1,CREB1,True
caffeine,CREB1,CREB1,True
caffeine,CREBBP,CREBBP,True
caffeine,CREM,CREM,True
caffeine,CRIP2,CRIP2,True
caffeine,CRK,CRK,True
caffeine,CRYBA4,CRYBA4,True
caffeine,CRYBB1,CRYBB1,True
caffeine,CSK,CSK,True
caffeine,CSNK1D,CSNK1D,True
caffeine,CSNK1E,CSNK1E,True
caffeine,CSNK1G3,CSNK1G3,True
caffeine,CSNK2A2,CSNK2A2,True
caffeine,VCAN,VCAN,True
caffeine,CST3,CST3,True
caffeine,CSTF1,CSTF1,True
caffeine,CSTF2,CSTF2,True
caffeine,CSTF3,CSTF3,True
caffeine,CTH,CTH,True
caffeine,CTNNA1,CTNNA1,True
caffeine,CTNNA2,CTNNA2,True
caffeine,CTNNB1,CTNNB1,True
caffeine,CTNNB1,CTNNB1,True
caffeine,CTNNB1,CTNNB1,True
caffeine,CTNND1,CTNND1,True
caffeine,CTPS1,CTPS1,True
caffeine,CTSB,CTSB,True
caffeine,CTSB,CTSB,True
caffeine,CTSD,CTSD,True
caffeine,CTSL,CTSL,True
caffeine,CUX1,CUX1,True
caffeine,CXADR,CXADR,True
caffeine,CYBA,CYBA,True
caffeine,CYC1,CYC1,True
caffeine,CYP1A1,CYP1A1,True
caffeine,Cytochrome P450 1A1,cytochrome p450 1a1,False
caffeine,CYP1A1,CYP1A1,True
caffeine,CYP1A2,CYP1A2,True
caffeine,CYP1A2,CYP1A2,True
caffeine,CYP1A2,CYP1A2,True
caffeine,CYP1A2,CYP1A2,True
caffeine,CYP1A2,CYP1A2,True
caffeine,CYP1A2,CYP1A2,True
caffeine,CYP1A2,CYP1A2,True
caffeine,CYP1A2,CYP1A2,True
caffeine,CYP1A2,CYP1A2,True
caffeine,CYP1A2,CYP1A2,True
caffeine,CYP1A2,CYP1A2,True
caffeine,CYP1A2,CYP1A2,True
caffeine,CYP1A2,CYP1A2,True
caffeine,CYP1A2,CYP1A2,True
caffeine,CYP1A2,CYP1A2,True
caffeine,CYP1A2,CYP1A2,True
caffeine,CYP1A2,CYP1A2,True
caffeine,CYP1A2,CYP1A2,True
caffeine,CYP1A2,CYP1A2,True
caffeine,CYP1A2,CYP1A2,True
caffeine,CYP1A2,CYP1A2,True
caffeine,CYP1A2,CYP1A2,True
caffeine,Cytochrome P450 1A2,cytochrome p450 1a2,False
caffeine,CYP1A2,CYP1A2,True
caffeine,Cytochrome P450 1B1,cytochrome p450 1b1,False
caffeine,CYP1B1,CYP1B1,True
caffeine,CYP2A6,CYP2A6,True
caffeine,CYP2A6,CYP2A6,True
caffeine,CYP2A6,CYP2A6,True
caffeine,CYP2C19,CYP2C19,True
caffeine,Cytochrome P450 2C8,cytochrome p450 2c8,False
caffeine,CYP2C9,CYP2C9,True
caffeine,Cytochrome P450 2C9,cytochrome p450 2c9,False
caffeine,CYP2C9,CYP2C9,True
caffeine,Cytochrome P450 2D6,cytochrome p450 2d6,False
caffeine,CYP2D6,CYP2D6,True
caffeine,CYP2D6,CYP2D6,True
caffeine,Cytochrome P450 2E1,cytochrome p450 2e1,False
caffeine,CYP2E1,CYP2E1,True
caffeine,Cytochrome P450 3A4,cytochrome p450 3a4,False
caffeine,CYP3A4,CYP3A4,True
caffeine,CYP3A4,CYP3A4,True
caffeine,CYP3A4,CYP3A4,True
caffeine,CYP4B1,CYP4B1,True
caffeine,CYP11A1,CYP11A1,True
caffeine,CYP11B1,CYP11B1,True
caffeine,CYP11B2,CYP11B2,True
caffeine,CYP17A1,CYP17A1,True
caffeine,CYP19A1,CYP19A1,True
caffeine,CYP21A2,CYP21A2,True
caffeine,DAB2,DAB2,True
caffeine,DAD1,DAD1,True
caffeine,DGKQ,DGKQ,True
caffeine,DAPK3,DAPK3,True
caffeine,DAXX,DAXX,True
caffeine,DBN1,DBN1,True
caffeine,ECI1,ECI1,True
caffeine,DCK,DCK,True
caffeine,ACE,ACE,True
caffeine,DCT,DCT,True
caffeine,DCT,DCT,True
caffeine,DDX3X,DDX3X,True
caffeine,DDX5,DDX5,True
caffeine,DMXL1,DMXL1,True
caffeine,DHX8,DHX8,True
caffeine,DDX10,DDX10,True
caffeine,CFD,CFD,True
caffeine,DFFA,DFFA,True
caffeine,TIMM8A,TIMM8A,True
caffeine,GSDME,GSDME,True
caffeine,COCH,COCH,True
caffeine,DHCR7,DHCR7,True
caffeine,DHCR24,DHCR24,True
caffeine,DHODH,DHODH,True
caffeine,NQO1,NQO1,True
caffeine,NQO1,NQO1,True
caffeine,NQO1,NQO1,True
caffeine,DIAPH1,DIAPH1,True
caffeine,DKC1,DKC1,True
caffeine,DLG1,DLG1,True
caffeine,DLX2,DLX2,True
caffeine,DMD,DMD,True
caffeine,DMWD,DMWD,True
caffeine,DYNC1H1,DYNC1H1,True
caffeine,DYNC1I2,DYNC1I2,True
caffeine,DYNC1LI2,DYNC1LI2,True
caffeine,DNM2,DNM2,True
caffeine,DNMT1,DNMT1,True
caffeine,DNMT1,DNMT1,True
caffeine,DNMT3A,DNMT3A,True
caffeine,DNMT3A,DNMT3A,True
caffeine,DNMT3B,DNMT3B,True
caffeine,DNMT3B,DNMT3B,True
caffeine,DOCK1,DOCK1,True
caffeine,DOK1,DOK1,True
caffeine,DPP4,DPP4,True
caffeine,DPYSL2,DPYSL2,True
caffeine,DR1,DR1,True
caffeine,DRD2,DRD2,True
caffeine,DRD2,DRD2,True
caffeine,DRD2,DRD2,True
caffeine,DRD2,DRD2,True
caffeine,ARID3A,ARID3A,True
caffeine,ATN1,ATN1,True
caffeine,DSC2,DSC2,True
caffeine,DSP,DSP,True
caffeine,EPYC,EPYC,True
caffeine,SLC26A2,SLC26A2,True
caffeine,DTNA,DTNA,True
caffeine,DUSP8,DUSP8,True
caffeine,DUSP9,DUSP9,True
caffeine,DVL2,DVL2,True
caffeine,DVL3,DVL3,True
caffeine,DYRK1A,DYRK1A,True
caffeine,E2F1,E2F1,True
caffeine,E2F4,E2F4,True
caffeine,ECM1,ECM1,True
caffeine,ECT2,ECT2,True
caffeine,EDN1,EDN1,True
caffeine,EEF1A1,EEF1A1,True
caffeine,EEF1A1,EEF1A1,True
caffeine,EEF1B2,EEF1B2,True
caffeine,EEF1D,EEF1D,True
caffeine,EEF1D,EEF1D,True
caffeine,EEF1G,EEF1G,True
caffeine,EEF2,EEF2,True
caffeine,EEF2,EEF2,True
caffeine,EFNA1,EFNA1,True
caffeine,EFNB3,EFNB3,True
caffeine,EGR1,EGR1,True
caffeine,EGR1,EGR1,True
caffeine,EHHADH,EHHADH,True
caffeine,EPHA2,EPHA2,True
caffeine,EIF4B,EIF4B,True
caffeine,EIF4E,EIF4E,True
caffeine,EIF4E,EIF4E,True
caffeine,EIF4EBP1,EIF4EBP1,True
caffeine,EIF4EBP1,EIF4EBP1,True
caffeine,EIF4EBP2,EIF4EBP2,True
caffeine,EIF4G1,EIF4G1,True
caffeine,EIF5,EIF5,True
caffeine,EIF5,EIF5,True
caffeine,EIF5A,EIF5A,True
caffeine,SERPINB1,SERPINB1,True
caffeine,ELAVL1,ELAVL1,True
caffeine,ELF1,ELF1,True
caffeine,ELF2,ELF2,True
caffeine,ELF4,ELF4,True
caffeine,EMD,EMD,True
caffeine,MARK2,MARK2,True
caffeine,CTTN,CTTN,True
caffeine,ENO1,ENO1,True
caffeine,ENO1,ENO1,True
caffeine,ENO2,ENO2,True
caffeine,SLC29A1,SLC29A1,True
caffeine,EP300,EP300,True
caffeine,EPB41,EPB41,True
caffeine,EPB41L1,EPB41L1,True
caffeine,EPB41L2,EPB41L2,True
caffeine,DMTN,DMTN,True
caffeine,EPHA1,EPHA1,True
caffeine,EPHB4,EPHB4,True
caffeine,EPRS1,EPRS1,True
caffeine,EPS8,EPS8,True
caffeine,EPS15,EPS15,True
caffeine,NR2F6,NR2F6,True
caffeine,ERBB2,ERBB2,True
caffeine,ERBB3,ERBB3,True
caffeine,ERCC4,ERCC4,True
caffeine,ERCC5,ERCC5,True
caffeine,ERCC6,ERCC6,True
caffeine,ERF,ERF,True
caffeine,ERN1,ERN1,True
caffeine,ESD,ESD,True
caffeine,ESRRA,ESRRA,True
caffeine,ETFA,ETFA,True
caffeine,ETV3,ETV3,True
caffeine,ETV4,ETV4,True
caffeine,ETV5,ETV5,True
caffeine,ETV6,ETV6,True
caffeine,EYA1,EYA1,True
caffeine,EYA2,EYA2,True
caffeine,FABP4,FABP4,True
caffeine,FANCE,FANCE,True
caffeine,ACSL3,ACSL3,True
caffeine,ACSL4,ACSL4,True
caffeine,ACSL4,ACSL4,True
caffeine,BPTF,BPTF,True
caffeine,FARSA,FARSA,True
caffeine,FASN,FASN,True
caffeine,FASN,FASN,True
caffeine,FASN,FASN,True
caffeine,FAT1,FAT1,True
caffeine,FAU,FAU,True
caffeine,FBLN2,FBLN2,True
caffeine,FDFT1,FDFT1,True
caffeine,FDFT1,FDFT1,True
caffeine,FDFT1,FDFT1,True
caffeine,FDX1,FDX1,True
caffeine,FER,FER,True
caffeine,FES,FES,True
caffeine,FGD1,FGD1,True
caffeine,FGF2,FGF2,True
caffeine,FGFR3,FGFR3,True
caffeine,FGFR4,FGFR4,True
caffeine,FHL1,FHL1,True
caffeine,FKBP3,FKBP3,True
caffeine,FKBP5,FKBP5,True
caffeine,FOXM1,FOXM1,True
caffeine,FOXO3,FOXO3,True
caffeine,FLNA,FLNA,True
caffeine,FLNB,FLNB,True
caffeine,FLOT2,FLOT2,True
caffeine,FOS,FOS,True
caffeine,FRK,FRK,True
caffeine,Serine/threonine-protein kinase mTOR,serine threonine protein kinase mtor,False
caffeine,MTOR,MTOR,True
caffeine,MTOR,MTOR,True
caffeine,MTOR,MTOR,True
caffeine,NR5A1,NR5A1,True
caffeine,GAST,GAST,True
caffeine,FUS,FUS,True
caffeine,FUT8,FUT8,True
caffeine,FYN,FYN,True
caffeine,G6PD,G6PD,True
caffeine,XRCC6,XRCC6,True
caffeine,GAB1,GAB1,True
caffeine,GABPA,GABPA,True
caffeine,GAD1,GAD1,True
caffeine,GALE,GALE,True
caffeine,GAPDH,GAPDH,True
caffeine,GAPDH,GAPDH,True
caffeine,GAS2,GAS2,True
caffeine,GATA2,GATA2,True
caffeine,GDF10,GDF10,True
caffeine,GDI2,GDI2,True
caffeine,GFAP,GFAP,True
caffeine,GFAP,GFAP,True
caffeine,GFAP,GFAP,True
caffeine,GFER,GFER,True
caffeine,GGT7,GGT7,True
caffeine,GH1,GH1,True
caffeine,GJA1,GJA1,True
caffeine,GJA1,GJA1,True
caffeine,GJA5,GJA5,True
caffeine,GPC3,GPC3,True
caffeine,GCLC,GCLC,True
caffeine,GCLC,GCLC,True
caffeine,GLI3,GLI3,True
caffeine,GLRX,GLRX,True
caffeine,GLUD1,GLUD1,True
caffeine,GMFB,GMFB,True
caffeine,GNAI1,GNAI1,True
caffeine,GNAI2,GNAI2,True
caffeine,GNAL,GNAL,True
caffeine,GNAQ,GNAQ,True
caffeine,GNAS,GNAS,True
caffeine,GNB1,GNB1,True
caffeine,GNG5,GNG5,True
caffeine,GNL1,GNL1,True
caffeine,GOLGA1,GOLGA1,True
caffeine,GOLGA2,GOLGA2,True
caffeine,GOLGA3,GOLGA3,True
caffeine,GOLGA4,GOLGA4,True
caffeine,GOLGB1,GOLGB1,True
caffeine,GOT2,GOT2,True
caffeine,GPI,GPI,True
caffeine,GPI,GPI,True
caffeine,LPAR4,LPAR4,True
caffeine,GRK5,GRK5,True
caffeine,GRK6,GRK6,True
caffeine,GPS1,GPS1,True
caffeine,GPT,GPT,True
caffeine,GPT,GPT,True
caffeine,GPT,GPT,True
caffeine,GPX1,GPX1,True
caffeine,GPX3,GPX3,True
caffeine,GPX4,GPX4,True
caffeine,GRB7,GRB7,True
caffeine,GRB10,GRB10,True
caffeine,GRID2,GRID2,True
caffeine,GRIN1,GRIN1,True
caffeine,GRIN2A,GRIN2A,True
caffeine,GRIN2B,GRIN2B,True
caffeine,NR3C1,NR3C1,True
caffeine,NR3C1,NR3C1,True
caffeine,NR3C1,NR3C1,True
caffeine,ARHGAP35,ARHGAP35,True
caffeine,GRM1,GRM1,True
caffeine,GRM1,GRM1,True
caffeine,PDIA3,PDIA3,True
caffeine,GRPR,GRPR,True
caffeine,GSK3A,GSK3A,True
caffeine,GSK3A,GSK3A,True
caffeine,GSK3B,GSK3B,True
caffeine,GSK3B,GSK3B,True
caffeine,GSR,GSR,True
caffeine,GSTP1,GSTP1,True
caffeine,MSH6,MSH6,True
caffeine,GTF2B,GTF2B,True
caffeine,GTF2E1,GTF2E1,True
caffeine,GTF2F2,GTF2F2,True
caffeine,GTF2I,GTF2I,True
caffeine,BRF1,BRF1,True
caffeine,GTF3C1,GTF3C1,True
caffeine,GTF3C2,GTF3C2,True
caffeine,GYS1,GYS1,True
caffeine,H1-4,h1 4,False
caffeine,H1-4,h1 4,False
caffeine,H1-5,h1 5,False
caffeine,H1-5,h1 5,False
caffeine,H1-6,h1 6,False
caffeine,H2AX,H2AX,True
caffeine,H2AX,H2AX,True
caffeine,H2AX,H2AX,True
caffeine,H2AX,H2AX,True
caffeine,H2AX,H2AX,True
caffeine,H2AX,H2AX,True
caffeine,H2AX,H2AX,True
caffeine,HADHA,HADHA,True
caffeine,HCFC1,HCFC1,True
caffeine,HTT,HTT,True
caffeine,HDAC1,HDAC1,True
caffeine,HDAC2,HDAC2,True
caffeine,HDGF,HDGF,True
caffeine,HDLBP,HDLBP,True
caffeine,HDLBP,HDLBP,True
caffeine,HELLS,HELLS,True
caffeine,HELLS,HELLS,True
caffeine,HELLS,HELLS,True
caffeine,HIF1A,HIF1A,True
caffeine,HIP1,HIP1,True
caffeine,HINT1,HINT1,True
caffeine,HIVEP1,HIVEP1,True
caffeine,HIVEP2,HIVEP2,True
caffeine,ZBTB48,ZBTB48,True
caffeine,HLA-A,hla a,False
caffeine,HLCS,HLCS,True
caffeine,HMGB1,HMGB1,True
caffeine,HMGB1,HMGB1,True
caffeine,HMGB1,HMGB1,True
caffeine,HMGN1,HMGN1,True
caffeine,HMGCR,HMGCR,True
caffeine,HMGCR,HMGCR,True
caffeine,HMGCR,HMGCR,True
caffeine,HMGCR,HMGCR,True
caffeine,HMGCR,HMGCR,True
caffeine,HMGCS1,HMGCS1,True
caffeine,HMGCS1,HMGCS1,True
caffeine,HMGCS1,HMGCS1,True
caffeine,HMGCS1,HMGCS1,True
caffeine,HMGA1,HMGA1,True
caffeine,HMGA1,HMGA1,True
caffeine,FOXA1,FOXA1,True
caffeine,FOXA2,FOXA2,True
caffeine,HNRNPA1,HNRNPA1,True
caffeine,HNRNPA1,HNRNPA1,True
caffeine,HNRNPA2B1,HNRNPA2B1,True
caffeine,HNRNPAB,HNRNPAB,True
caffeine,HNRNPC,HNRNPC,True
caffeine,HNRNPC,HNRNPC,True
caffeine,HNRNPD,HNRNPD,True
caffeine,HNRNPF,HNRNPF,True
caffeine,HNRNPF,HNRNPF,True
caffeine,HNRNPH1,HNRNPH1,True
caffeine,HNRNPH1,HNRNPH1,True
caffeine,HNRNPH2,HNRNPH2,True
caffeine,HNRNPH3,HNRNPH3,True
caffeine,HNRNPK,HNRNPK,True
caffeine,HNRNPK,HNRNPK,True
caffeine,HNRNPK,HNRNPK,True
caffeine,HNRNPL,HNRNPL,True
caffeine,HNRNPU,HNRNPU,True
caffeine,HOXB7,HOXB7,True
caffeine,HOXD4,HOXD4,True
caffeine,HPD,HPD,True
caffeine,HPRT1,HPRT1,True
caffeine,HRAS,HRAS,True
caffeine,AGFG1,AGFG1,True
caffeine,AGFG2,AGFG2,True
caffeine,HRC,HRC,True
caffeine,HSD3B1,HSD3B1,True
caffeine,HSD3B1,HSD3B1,True
caffeine,HSD3B1,HSD3B1,True
caffeine,HSD11B1,HSD11B1,True
caffeine,HSD11B2,HSD11B2,True
caffeine,HSD11B2,HSD11B2,True
caffeine,HSD17B3,HSD17B3,True
caffeine,HSF1,HSF1,True
caffeine,DNAJA1,DNAJA1,True
caffeine,DNAJA1,DNAJA1,True
caffeine,HSPA1B,HSPA1B,True
caffeine,HSPA4,HSPA4,True
caffeine,HSPA4,HSPA4,True
caffeine,HSPA9,HSPA9,True
caffeine,HSPB1,HSPB1,True
caffeine,HSPB1,HSPB1,True
caffeine,HSPB1,HSPB1,True
caffeine,HSP90AA1,HSP90AA1,True
caffeine,HSP90AA1,HSP90AA1,True
caffeine,HSP90AA2P,HSP90AA2P,True
caffeine,HSP90AB1,HSP90AB1,True
caffeine,HSPD1,HSPD1,True
caffeine,HSPE1,HSPE1,True
caffeine,HSPG2,HSPG2,True
caffeine,HTR3A,HTR3A,True
caffeine,IBSP,IBSP,True
caffeine,ICAM1,ICAM1,True
caffeine,ICAM1,ICAM1,True
caffeine,ID2,ID2,True
caffeine,ID3,ID3,True
caffeine,IDI1,IDI1,True
caffeine,IFNAR2,IFNAR2,True
caffeine,IFNGR1,IFNGR1,True
caffeine,IFRD1,IFRD1,True
caffeine,IGF1,IGF1,True
caffeine,IGF1,IGF1,True
caffeine,IGF1,IGF1,True
caffeine,IGF1,IGF1,True
caffeine,IGF1,IGF1,True
caffeine,IGF1,IGF1,True
caffeine,IGF1R,IGF1R,True
caffeine,IGF1R,IGF1R,True
caffeine,IGF1R,IGF1R,True
caffeine,IGF2,IGF2,True
caffeine,IGF2R,IGF2R,True
caffeine,IGFBP1,IGFBP1,True
caffeine,IGLC6,IGLC6,True
caffeine,IGSF1,IGSF1,True
caffeine,IKBKB,IKBKB,True
caffeine,IL1B,IL1B,True
caffeine,IL1B,IL1B,True
caffeine,IL2RA,IL2RA,True
caffeine,IL3,IL3,True
caffeine,IL5,IL5,True
caffeine,IL6,IL6,True
caffeine,IL6,IL6,True
caffeine,IL6,IL6,True
caffeine,IL6,IL6,True
caffeine,IL6ST,IL6ST,True
caffeine,CXCL8,CXCL8,True
caffeine,CXCL8,CXCL8,True
caffeine,IL10,IL10,True
caffeine,IL10RB,IL10RB,True
caffeine,IL10RB,IL10RB,True
caffeine,IL12A,IL12A,True
caffeine,IL12B,IL12B,True
caffeine,FOXK2,FOXK2,True
caffeine,ILF3,ILF3,True
caffeine,ILF3,ILF3,True
caffeine,IMPDH2,IMPDH2,True
caffeine,INCENP,INCENP,True
caffeine,INS,INS,True
caffeine,INPP5D,INPP5D,True
caffeine,INPPL1,INPPL1,True
caffeine,INSIG1,INSIG1,True
caffeine,INSR,INSR,True
caffeine,INSR,INSR,True
caffeine,IRAK1,IRAK1,True
caffeine,IREB2,IREB2,True
caffeine,IRS1,IRS1,True
caffeine,ITGA4,ITGA4,True
caffeine,ITGAM,ITGAM,True
caffeine,ITGB1,ITGB1,True
caffeine,ITGB4,ITGB4,True
caffeine,EIF6,EIF6,True
caffeine,ITIH2,ITIH2,True
caffeine,ITPKA,ITPKA,True
caffeine,ITPR1,ITPR1,True
caffeine,ITPR1,ITPR1,True
caffeine,IP3R1,IP3R1,True
caffeine,"Inositol 1,4,5-trisphosphate receptor",inositol 1 4 5 trisphosphate receptor,False
caffeine,"Inositol 1,4,5-trisphosphate-gated calcium channel ITPR1",inositol 1 4 5 trisphosphate gated calcium channel itpr1,False
caffeine,"Inositol 1,4,5-trisphosphate-gated calcium channel ITPR2",inositol 1 4 5 trisphosphate gated calcium channel itpr2,False
caffeine,"Inositol 1,4,5-trisphosphate receptor",inositol 1 4 5 trisphosphate receptor,False
caffeine,ITPR3,ITPR3,True
caffeine,"Inositol 1,4,5-trisphosphate-gated calcium channel ITPR3",inositol 1 4 5 trisphosphate gated calcium channel itpr3,False
caffeine,"Inositol 1,4,5-trisphosphate receptor",inositol 1 4 5 trisphosphate receptor,False
caffeine,JAK3,JAK3,True
caffeine,JARID2,JARID2,True
caffeine,JUN,JUN,True
caffeine,JUN,JUN,True
caffeine,JUNB,JUNB,True
caffeine,JUND,JUND,True
caffeine,JUP,JUP,True
caffeine,KARS1,KARS1,True
caffeine,Potassium voltage-gated channel subfamily H member 2,potassium voltage gated channel subfamily h member 2,False
caffeine,Potassium channel subfamily K member 2,potassium channel subfamily k member 2,False
caffeine,KDR,KDR,True
caffeine,KIFC3,KIFC3,True
caffeine,KIF22,KIF22,True
caffeine,KPNB1,KPNB1,True
caffeine,KPNA2,KPNA2,True
caffeine,KRT1,KRT1,True
caffeine,KRT18,KRT18,True
caffeine,KRT18,KRT18,True
caffeine,KRT84,KRT84,True
caffeine,KTN1,KTN1,True
caffeine,LAD1,LAD1,True
caffeine,AFF3,AFF3,True
caffeine,LAMB1,LAMB1,True
caffeine,STMN1,STMN1,True
caffeine,STMN1,STMN1,True
caffeine,LASP1,LASP1,True
caffeine,LBR,LBR,True
caffeine,LCK,LCK,True
caffeine,LDHA,LDHA,True
caffeine,LDHA,LDHA,True
caffeine,LDLR,LDLR,True
caffeine,LDLR,LDLR,True
caffeine,LEP,LEP,True
caffeine,LEP,LEP,True
caffeine,LEP,LEP,True
caffeine,LEPR,LEPR,True
caffeine,LEPR,LEPR,True
caffeine,LGALS2,LGALS2,True
caffeine,LIG1,LIG1,True
caffeine,LIG3,LIG3,True
caffeine,ABLIM1,ABLIM1,True
caffeine,LIMK1,LIMK1,True
caffeine,LIMK2,LIMK2,True
caffeine,LLGL2,LLGL2,True
caffeine,LMNA,LMNA,True
caffeine,LMNB1,LMNB1,True
caffeine,LMNB1,LMNB1,True
caffeine,LMO7,LMO7,True
caffeine,LNPEP,LNPEP,True
caffeine,LPL,LPL,True
caffeine,LPL,LPL,True
caffeine,LPP,LPP,True
caffeine,LRCH4,LRCH4,True
caffeine,LRP4,LRP4,True
caffeine,LRP6,LRP6,True
caffeine,LSS,LSS,True
caffeine,BCAM,BCAM,True
caffeine,CAPRIN1,CAPRIN1,True
caffeine,NBR1,NBR1,True
caffeine,MARCKS,MARCKS,True
caffeine,UBA6,UBA6,True
caffeine,UBB,UBB,True
caffeine,UBE2O,UBE2O,True
caffeine,UBIAD1,UBIAD1,True
caffeine,UBR1,UBR1,True
caffeine,FUBP1,FUBP1,True
caffeine,FXR1,FXR1,True
caffeine,UBXN4,UBXN4,True
caffeine,UCK1,UCK1,True
caffeine,FYTTD1,FYTTD1,True
caffeine,G3BP2,G3BP2,True
caffeine,GABPA,GABPA,True
caffeine,UHRF1,UHRF1,True
caffeine,ULBP3,ULBP3,True
caffeine,UNC13C,UNC13C,True
caffeine,GAPDH,GAPDH,True
caffeine,GARRE1,GARRE1,True
caffeine,UNG,UNG,True
caffeine,UPF3B,UPF3B,True
caffeine,UROS,UROS,True
caffeine,GASK1B,GASK1B,True
caffeine,GATAD2B,GATAD2B,True
caffeine,GCLC,GCLC,True
caffeine,USP1,USP1,True
caffeine,USP24,USP24,True
caffeine,USP34,USP34,True
caffeine,ANKIB1,ANKIB1,True
caffeine,ANKRD13A,ANKRD13A,True
caffeine,ANKRD37,ANKRD37,True
caffeine,ANLN,ANLN,True
caffeine,ANXA4,ANXA4,True
caffeine,AP1M1,AP1M1,True
caffeine,APBA3,APBA3,True
caffeine,APLP2,APLP2,True
caffeine,APOA2,APOA2,True
caffeine,APOB,APOB,True
caffeine,APOC2,APOC2,True
caffeine,APOL1,APOL1,True
caffeine,APS,APS,True
caffeine,ARF1,ARF1,True
caffeine,ARFGEF1,ARFGEF1,True
caffeine,ARFIP2,ARFIP2,True
caffeine,ARHGAP12,ARHGAP12,True
caffeine,ARHGAP26,ARHGAP26,True
caffeine,ARHGAP39,ARHGAP39,True
caffeine,ARHGEF1,ARHGEF1,True
caffeine,ARHGEF16,ARHGEF16,True
caffeine,ARHGEF26,ARHGEF26,True
caffeine,ZFP36L1,ZFP36L1,True
caffeine,ARHGEF5,ARHGEF5,True
caffeine,ARID2,ARID2,True
caffeine,ZFPM1,ZFPM1,True
caffeine,ARID4B,ARID4B,True
caffeine,ZFYVE26,ZFYVE26,True
caffeine,ARL4D,ARL4D,True
caffeine,ARMC1,ARMC1,True
caffeine,ARRB2,ARRB2,True
caffeine,ASAP1,ASAP1,True
caffeine,ASGR2,ASGR2,True
caffeine,HELLS,HELLS,True
caffeine,ASPSCR1,ASPSCR1,True
caffeine,ATAD2,ATAD2,True
caffeine,HERC1,HERC1,True
caffeine,ATE1,ATE1,True
caffeine,ATG2B,ATG2B,True
caffeine,ATL2,ATL2,True
caffeine,ATM,ATM,True
caffeine,ATXN2L,ATXN2L,True
caffeine,ATM,ATM,True
caffeine,ATM,ATM,True
caffeine,ATP13A3,ATP13A3,True
caffeine,ATP2A1L,ATP2A1L,True
caffeine,ATP6V0A2,ATP6V0A2,True
caffeine,ATPAF1,ATPAF1,True
caffeine,ATR,ATR,True
caffeine,ATRN,ATRN,True
caffeine,ATXN2,ATXN2,True
caffeine,AVEN,AVEN,True
caffeine,BAG3,BAG3,True
caffeine,BAIAP2L1,BAIAP2L1,True
caffeine,BARD1,BARD1,True
caffeine,BAX,BAX,True
caffeine,BAZ1B,BAZ1B,True
caffeine,BBC3,BBC3,True
caffeine,BCAR3,BCAR3,True
caffeine,BCL2A,BCL2A,True
caffeine,BCL6,BCL6,True
caffeine,BCL9L,BCL9L,True
caffeine,BCORL1,BCORL1,True
caffeine,BECN1,BECN1,True
caffeine,BHMT,BHMT,True
caffeine,BIRC2,BIRC2,True
caffeine,BLTP2,BLTP2,True
caffeine,BMP2K,BMP2K,True
caffeine,BNIP3,BNIP3,True
caffeine,BOLA1,BOLA1,True
caffeine,BORCS6,BORCS6,True
caffeine,BRAF,BRAF,True
caffeine,BRD1,BRD1,True
caffeine,BRD7,BRD7,True
caffeine,BRIP1,BRIP1,True
caffeine,BRPF3,BRPF3,True
caffeine,BTAF1,BTAF1,True
caffeine,BUB1B,BUB1B,True
caffeine,ZGPAT,ZGPAT,True
caffeine,C15ORF39,C15ORF39,True
caffeine,C1ORF174,C1ORF174,True
caffeine,ZKSCAN1,ZKSCAN1,True
caffeine,ZMYM3,ZMYM3,True
caffeine,C1R,C1R,True
caffeine,C2CD5,C2CD5,True
caffeine,C8ORF33,C8ORF33,True
caffeine,CABLES1,CABLES1,True
caffeine,CAD,CAD,True
caffeine,CALU,CALU,True
caffeine,CAMK2N1,CAMK2N1,True
caffeine,CAMSAP3,CAMSAP3,True
caffeine,CANX,CANX,True
caffeine,CAPRIN1,CAPRIN1,True
caffeine,CARMIL2,CARMIL2,True
caffeine,CASP2,CASP2,True
caffeine,CASP3,CASP3,True
caffeine,CASP3,CASP3,True
caffeine,CASP3,CASP3,True
caffeine,CASP3,CASP3,True
caffeine,CASP9,CASP9,True
caffeine,CAT,CAT,True
caffeine,CAV1,CAV1,True
caffeine,CAVIN4A,CAVIN4A,True
caffeine,HIF1A,HIF1A,True
caffeine,CBS,CBS,True
caffeine,HIRA,HIRA,True
caffeine,HJURP,HJURP,True
caffeine,CBX6,CBX6,True
caffeine,CCDC117,CCDC117,True
caffeine,CCDC138,CCDC138,True
caffeine,CCDC61,CCDC61,True
caffeine,CCDC88C,CCDC88C,True
caffeine,CCNB1,CCNB1,True
caffeine,CCNB1,CCNB1,True
caffeine,CCNF,CCNF,True
caffeine,CCNK,CCNK,True
caffeine,CCNY,CCNY,True
caffeine,CCT3,CCT3,True
caffeine,CCT8,CCT8,True
caffeine,CD2BP2,CD2BP2,True
caffeine,CD9,CD9,True
caffeine,CDC16,CDC16,True
caffeine,CDC25C,CDC25C,True
caffeine,CDC27,CDC27,True
caffeine,CDC42EP1,CDC42EP1,True
caffeine,CDCA2,CDCA2,True
caffeine,CDH11,CDH11,True
caffeine,CDK1,CDK1,True
caffeine,CDK12,CDK12,True
caffeine,CDK18,CDK18,True
caffeine,CDK4,CDK4,True
caffeine,CDK7,CDK7,True
caffeine,CDKN1A,CDKN1A,True
caffeine,CDKN1A,CDKN1A,True
caffeine,CDT1,CDT1,True
caffeine,CEACAM1,CEACAM1,True
caffeine,ZNF106,ZNF106,True
caffeine,CEBPB,CEBPB,True
caffeine,ZNF205,ZNF205,True
caffeine,CENPC,CENPC,True
caffeine,ZNF250,ZNF250,True
caffeine,CENPU,CENPU,True
caffeine,CEP164,CEP164,True
caffeine,CEP250,CEP250,True
caffeine,CEP68,CEP68,True
caffeine,CERS4,CERS4,True
caffeine,CFAP54,CFAP54,True
caffeine,CFL2,CFL2,True
caffeine,CHAF1B,CHAF1B,True
caffeine,CHD2,CHD2,True
caffeine,CHD7,CHD7,True
caffeine,CHEK1,CHEK1,True
caffeine,CHEK1,CHEK1,True
caffeine,CHEK2,CHEK2,True
caffeine,CHEK2,CHEK2,True
caffeine,CHMP5,CHMP5,True
caffeine,CHTF18,CHTF18,True
caffeine,CKB,CKB,True
caffeine,CLASP2,CLASP2,True
caffeine,CLDN23,CLDN23,True
caffeine,CLIC1,CLIC1,True
caffeine,CLK2,CLK2,True
caffeine,HLCS,HLCS,True
caffeine,CLNS1A,CLNS1A,True
caffeine,HMGA2,HMGA2,True
caffeine,CLSTN1,CLSTN1,True
caffeine,HMGB1,HMGB1,True
caffeine,CMIP,CMIP,True
caffeine,CNDP2,CNDP2,True
caffeine,CNN3,CNN3,True
caffeine,CNOT2,CNOT2,True
caffeine,COBLL1,COBLL1,True
caffeine,COIL,COIL,True
caffeine,COMT,COMT,True
caffeine,COPG1,COPG1,True
caffeine,COQ8A,COQ8A,True
caffeine,CPD,CPD,True
caffeine,CPSF2,CPSF2,True
caffeine,CPSF7,CPSF7,True
caffeine,CREB1,CREB1,True
caffeine,CREB3L2,CREB3L2,True
caffeine,CRIP2,CRIP2,True
caffeine,CRTC2,CRTC2,True
caffeine,CRYBA4,CRYBA4,True
caffeine,CRYBG3,CRYBG3,True
caffeine,CSNK1E,CSNK1E,True
caffeine,CST3,CST3,True
caffeine,CTCF,CTCF,True
caffeine,CTNNA2,CTNNA2,True
caffeine,CTNNB1,CTNNB1,True
caffeine,CTPS2,CTPS2,True
caffeine,CTSL,CTSL,True
caffeine,CUEDC2,CUEDC2,True
caffeine,CWC25,CWC25,True
caffeine,ZNF281,ZNF281,True
caffeine,ZNF326,ZNF326,True
caffeine,ZNF362,ZNF362,True
caffeine,HMGCR,HMGCR,True
caffeine,HMGCS1,HMGCS1,True
caffeine,Adenosine receptor A2a,adenosine receptor a2a,False
caffeine,Adenosine receptor A3,adenosine receptor a3,False
caffeine,HMGXB4,HMGXB4,True
caffeine,HNRNPA1,HNRNPA1,True
caffeine,HNRNPC,HNRNPC,True
caffeine,ZNF446,ZNF446,True
caffeine,ZNF507,ZNF507,True
caffeine,"Glycogen phosphorylase, muscle form",glycogen phosphorylase muscle form,False
caffeine,Adenosine receptor A1,adenosine receptor a1,False
caffeine,Adenosine receptor,adenosine receptor,False
caffeine,Adenosine A2a receptor,adenosine a2a receptor,False
caffeine,HNRNPDL,HNRNPDL,True
caffeine,HNRNPH1,HNRNPH1,True
caffeine,HNRNPK,HNRNPK,True
caffeine,ZNF592,ZNF592,True
caffeine,ZNF623,ZNF623,True
caffeine,ZNF644,ZNF644,True
caffeine,HNRNPLL,HNRNPLL,True
caffeine,HNRNPUL2,HNRNPUL2,True
caffeine,HOXB7,HOXB7,True
caffeine,Chitotriosidase-1,chitotriosidase 1,False
caffeine,Endochitinase B1,endochitinase b1,False
caffeine,ZNF655,ZNF655,True
caffeine,ZNF705G,ZNF705G,True
caffeine,ZNF8,ZNF8,True
caffeine,HOXD4,HOXD4,True
caffeine,HPS4,HPS4,True
caffeine,HS1BP3,HS1BP3,True
caffeine,ZNF827,ZNF827,True
caffeine,ZNRF3,ZNRF3,True
caffeine,ZSWIM5,ZSWIM5,True
caffeine,HSD17B3,HSD17B3,True
caffeine,HSD3B1,HSD3B1,True
caffeine,HSP90AA1,HSP90AA1,True
caffeine,HSP90AB4P,HSP90AB4P,True
caffeine,HSPA1B,HSPA1B,True
caffeine,HSPB1,HSPB1,True
caffeine,HSPD1,HSPD1,True
caffeine,HTATSF1,HTATSF1,True
caffeine,HYCC1,HYCC1,True
caffeine,ICAM1,ICAM1,True
caffeine,ID3,ID3,True
caffeine,IFNGR1,IFNGR1,True
caffeine,IGF1,IGF1,True
caffeine,IGF1,IGF1,True
caffeine,IGF1R,IGF1R,True
caffeine,IGF2BP1,IGF2BP1,True
caffeine,IGF2R,IGF2R,True
caffeine,IGSF1,IGSF1,True
caffeine,IL10RB,IL10RB,True
caffeine,IL12B,IL12B,True
caffeine,IL22RA1,IL22RA1,True
caffeine,IL5,IL5,True
caffeine,ANGPTL4,ANGPTL4,True
caffeine,ANKLE2,ANKLE2,True
caffeine,ANKRD17,ANKRD17,True
caffeine,ANKRD50,ANKRD50,True
caffeine,ANTXR1,ANTXR1,True
caffeine,ANXA4,ANXA4,True
caffeine,AP2M1,AP2M1,True
caffeine,APC,APC,True
caffeine,APOA1,APOA1,True
caffeine,APOB,APOB,True
caffeine,APOBEC3H,APOBEC3H,True
caffeine,APOC2,APOC2,True
caffeine,APOM,APOM,True
caffeine,ARAF,ARAF,True
caffeine,ARFGAP1,ARFGAP1,True
caffeine,ARFGEF2,ARFGEF2,True
caffeine,ARGLU1,ARGLU1,True
caffeine,ARHGAP17,ARHGAP17,True
caffeine,ARHGAP29,ARHGAP29,True
caffeine,ARHGAP45,ARHGAP45,True
caffeine,ARHGEF10L,ARHGEF10L,True
caffeine,ARHGEF17,ARHGEF17,True
caffeine,ZFP36,ZFP36,True
caffeine,ARHGEF28,ARHGEF28,True
caffeine,ARHGEF6,ARHGEF6,True
caffeine,ZFP819,ZFP819,True
caffeine,ZFYVE19,ZFYVE19,True
caffeine,ARID3A,ARID3A,True
caffeine,ARID5A,ARID5A,True
caffeine,ARL6IP1,ARL6IP1,True
caffeine,ARPC1B,ARPC1B,True
caffeine,ARVCF,ARVCF,True
caffeine,ASAP2,ASAP2,True
caffeine,HELLS,HELLS,True
caffeine,ASMTL,ASMTL,True
caffeine,ASXL1,ASXL1,True
caffeine,HEPACAM,HEPACAM,True
caffeine,HGS,HGS,True
caffeine,ATAD2B,ATAD2B,True
caffeine,ATF7,ATF7,True
caffeine,ATG7,ATG7,True
caffeine,ATM,ATM,True
caffeine,ATM,ATM,True
caffeine,ATXN7,ATXN7,True
caffeine,ATM,ATM,True
caffeine,ATM,ATM,True
caffeine,ATP1A1,ATP1A1,True
caffeine,ATP2A2,ATP2A2,True
caffeine,ATP6V0C,ATP6V0C,True
caffeine,ATR,ATR,True
caffeine,ATR,ATR,True
caffeine,ATRX,ATRX,True
caffeine,ATXN7L3,ATXN7L3,True
caffeine,AVPR1A,AVPR1A,True
caffeine,BAG4,BAG4,True
caffeine,BAIAP2L2,BAIAP2L2,True
caffeine,BASP1,BASP1,True
caffeine,BAX,BAX,True
caffeine,BAZ2A,BAZ2A,True
caffeine,BBX,BBX,True
caffeine,BCAS3,BCAS3,True
caffeine,BCL2L1,BCL2L1,True
caffeine,BCL7B,BCL7B,True
caffeine,BCLAF1,BCLAF1,True
caffeine,BCR,BCR,True
caffeine,BEND3,BEND3,True
caffeine,BICD2,BICD2,True
caffeine,BIRC6,BIRC6,True
caffeine,BLTP3A,BLTP3A,True
caffeine,BMPR1A,BMPR1A,True
caffeine,BNIP3,BNIP3,True
caffeine,BOP1,BOP1,True
caffeine,BORCS7,BORCS7,True
caffeine,BRAP,BRAP,True
caffeine,BRD2,BRD2,True
caffeine,BRD8,BRD8,True
caffeine,BRME1,BRME1,True
caffeine,BRWD1,BRWD1,True
caffeine,BTF3,BTF3,True
caffeine,BUD13,BUD13,True
caffeine,C17ORF100,C17ORF100,True
caffeine,ZIC5,ZIC5,True
caffeine,ZMYM2,ZMYM2,True
caffeine,C1ORF226,C1ORF226,True
caffeine,C1S,C1S,True
caffeine,C2CD5,C2CD5,True
caffeine,C9ORF78,C9ORF78,True
caffeine,CACNA2D2,CACNA2D2,True
caffeine,CALM1,CALM1,True
caffeine,CALU,CALU,True
caffeine,CAMKK2,CAMKK2,True
caffeine,CAMTA2,CAMTA2,True
caffeine,CAPN1,CAPN1,True
caffeine,CARD9,CARD9,True
caffeine,CARS1,CARS1,True
caffeine,CASP2,CASP2,True
caffeine,CASP3,CASP3,True
caffeine,CASP3,CASP3,True
caffeine,CASP3,CASP3,True
caffeine,CASP8,CASP8,True
caffeine,CASP9,CASP9,True
caffeine,CAT,CAT,True
caffeine,HIC2,HIC2,True
caffeine,CAV3,CAV3,True
caffeine,HIP1,HIP1,True
caffeine,CBARP,CBARP,True
caffeine,CBX1,CBX1,True
caffeine,HIVEP2,HIVEP2,True
caffeine,CBX8,CBX8,True
caffeine,CCDC120,CCDC120,True
caffeine,CCDC174,CCDC174,True
caffeine,CCDC85C,CCDC85C,True
caffeine,CCDC9,CCDC9,True
caffeine,CCNB1,CCNB1,True
caffeine,CCND1,CCND1,True
caffeine,CCNG1,CCNG1,True
caffeine,CCNL1,CCNL1,True
caffeine,CCNYL1,CCNYL1,True
caffeine,CCT4,CCT4,True
caffeine,CCZ1,CCZ1,True
caffeine,CD36,CD36,True
caffeine,CD99,CD99,True
caffeine,CDC20,CDC20,True
caffeine,CDC25C,CDC25C,True
caffeine,CDC37L1,CDC37L1,True
caffeine,CDC42EP4,CDC42EP4,True
caffeine,CDCA5,CDCA5,True
caffeine,CDH5,CDH5,True
caffeine,CDK1,CDK1,True
caffeine,CDK13,CDK13,True
caffeine,CDK2,CDK2,True
caffeine,CDK4,CDK4,True
caffeine,CDKN1A,CDKN1A,True
caffeine,CDKN1A,CDKN1A,True
caffeine,CDKN2AIP,CDKN2AIP,True
caffeine,CDV3,CDV3,True
caffeine,CEBPA,CEBPA,True
caffeine,ZNF174,ZNF174,True
caffeine,CEBPB,CEBPB,True
caffeine,ZNF24,ZNF24,True
caffeine,CENPE,CENPE,True
caffeine,CENPV,CENPV,True
caffeine,CEP170,CEP170,True
caffeine,CEP350,CEP350,True
caffeine,CEP78,CEP78,True
caffeine,CERT1,CERT1,True
caffeine,CFAP97,CFAP97,True
caffeine,CGN,CGN,True
caffeine,CHAMP1,CHAMP1,True
caffeine,CHD3,CHD3,True
caffeine,CHD8,CHD8,True
caffeine,CHEK1,CHEK1,True
caffeine,CHEK2,CHEK2,True
caffeine,CHEK2,CHEK2,True
caffeine,CHERP,CHERP,True
caffeine,CHMP6,CHMP6,True
caffeine,CIAPIN1,CIAPIN1,True
caffeine,CKMA,CKMA,True
caffeine,CLCC1,CLCC1,True
caffeine,CLDN3,CLDN3,True
caffeine,CLINT1,CLINT1,True
caffeine,HLA-A,hla a,False
caffeine,CLK3,CLK3,True
caffeine,CLOCK,CLOCK,True
caffeine,HMGA1,HMGA1,True
caffeine,CLTC,CLTC,True
caffeine,HMGB1,HMGB1,True
caffeine,CMTM4,CMTM4,True
caffeine,CNKSR1,CNKSR1,True
caffeine,CNNM2,CNNM2,True
caffeine,CNP,CNP,True
caffeine,COCH,COCH,True
caffeine,COL1A1,COL1A1,True
caffeine,COPA,COPA,True
caffeine,COPS3,COPS3,True
caffeine,CORT,CORT,True
caffeine,CPEB2,CPEB2,True
caffeine,CPSF3,CPSF3,True
caffeine,CPT1A,CPT1A,True
caffeine,CREB1,CREB1,True
caffeine,CREBBP,CREBBP,True
caffeine,CRIPT,CRIPT,True
caffeine,CRTC2,CRTC2,True
caffeine,CRYBB1,CRYBB1,True
caffeine,CRYGMX,CRYGMX,True
caffeine,CSNK1G3,CSNK1G3,True
caffeine,CSTF1,CSTF1,True
caffeine,CTDP1,CTDP1,True
caffeine,CTNNAL1,CTNNAL1,True
caffeine,CTNNBIP1,CTNNBIP1,True
caffeine,CTSB,CTSB,True
caffeine,CTTN,CTTN,True
caffeine,CUL4A,CUL4A,True
caffeine,CWF19L2,CWF19L2,True
caffeine,ZNF280C,ZNF280C,True
caffeine,ZNF318,ZNF318,True
caffeine,ZNF33A,ZNF33A,True
caffeine,HMGCR,HMGCR,True
caffeine,HMGCS1,HMGCS1,True
caffeine,Adenosine receptor A1,adenosine receptor a1,False
caffeine,"Phosphatidylinositol 4,5-bisphosphate 3-kinase catalytic subunit delta isoform",phosphatidylinositol 4 5 bisphosphate 3 kinase catalytic subunit delta isoform,False
caffeine,HMGN1,HMGN1,True
caffeine,HNRNPA1,HNRNPA1,True
caffeine,HNRNPAB,HNRNPAB,True
caffeine,ZNF408,ZNF408,True
caffeine,ZNF503,ZNF503,True
caffeine,ZNF516,ZNF516,True
caffeine,Adenosine receptor A2a,adenosine receptor a2a,False
caffeine,Adenosine A2 receptor,adenosine a2 receptor,False
caffeine,Adenosine receptor,adenosine receptor,False
caffeine,HNRNPD,HNRNPD,True
caffeine,HNRNPF,HNRNPF,True
caffeine,HNRNPH3,HNRNPH3,True
caffeine,ZNF579,ZNF579,True
caffeine,ZNF609,ZNF609,True
caffeine,ZNF641,ZNF641,True
caffeine,HNRNPL,HNRNPL,True
caffeine,HNRNPU,HNRNPU,True
caffeine,HOOK3,HOOK3,True
caffeine,A1 receptor,a1 receptor,False
caffeine,"Glycogen phosphorylase, muscle form",glycogen phosphorylase muscle form,False
caffeine,ZNF652,ZNF652,True
caffeine,ZNF692,ZNF692,True
caffeine,ZNF784,ZNF784,True
caffeine,HPRT1,HPRT1,True
caffeine,HRC,HRC,True
caffeine,ZNRF2,ZNRF2,True
caffeine,ZSCAN5A,ZSCAN5A,True
caffeine,ZZEF1,ZZEF1,True
caffeine,HSD11B2,HSD11B2,True
caffeine,HSD3B1,HSD3B1,True
caffeine,HSP70L,HSP70L,True
caffeine,HSP90AB2P,HSP90AB2P,True
caffeine,HSP90B2P,HSP90B2P,True
caffeine,HSPA4L,HSPA4L,True
caffeine,HSPB1,HSPB1,True
caffeine,HSPBP1,HSPBP1,True
caffeine,HSPH1,HSPH1,True
caffeine,HUWE1,HUWE1,True
caffeine,IBTK,IBTK,True
caffeine,ID2,ID2,True
caffeine,IFNAR2,IFNAR2,True
caffeine,IGF1,IGF1,True
caffeine,IGF1,IGF1,True
caffeine,IGF2,IGF2,True
caffeine,IGLC6,IGLC6,True
caffeine,IL10,IL10,True
caffeine,IL1RL1,IL1RL1,True
caffeine,IL4RA,IL4RA,True
caffeine,IL6,IL6,True
caffeine,ILF3,ILF3,True
caffeine,INCENP,INCENP,True
caffeine,INO80C,INO80C,True
caffeine,INPPL1,INPPL1,True
caffeine,INTS1,INTS1,True
caffeine,INTS7,INTS7,True
caffeine,IRAK1,IRAK1,True
caffeine,IRF2BPL,IRF2BPL,True
caffeine,ISYNA1,ISYNA1,True
caffeine,ITPKA,ITPKA,True
caffeine,ITSN1,ITSN1,True
caffeine,JAK3,JAK3,True
caffeine,JMY,JMY,True
caffeine,JUP,JUP,True
caffeine,KANSL1,KANSL1,True
caffeine,KAT7,KAT7,True
caffeine,KAZN,KAZN,True
caffeine,KCTD14,KCTD14,True
caffeine,KDM3A,KDM3A,True
caffeine,KDM5C,KDM5C,True
caffeine,KHDRBS1,KHDRBS1,True
caffeine,A3 receptor,a3 receptor,False
caffeine,KIAA0232,KIAA0232,True
caffeine,KIAA0930,KIAA0930,True
caffeine,KIAA1671,KIAA1671,True
caffeine,PTGER1,PTGER1,True
caffeine,Carbonic anhydrase 1,carbonic anhydrase 1,False
caffeine,KIF13A,KIF13A,True
caffeine,KIF18B,KIF18B,True
caffeine,KIF21A,KIF21A,True
caffeine,KIF23,KIF23,True
caffeine,KIFBP,KIFBP,True
caffeine,KLC2,KLC2,True
caffeine,KLHDC4,KLHDC4,True
caffeine,KLHL9,KLHL9,True
caffeine,KNL1,KNL1,True
caffeine,KPNA6,KPNA6,True
caffeine,KRT18,KRT18,True
caffeine,KSR1,KSR1,True
caffeine,LAMB1,LAMB1,True
caffeine,LARP4,LARP4,True
caffeine,GEMIN6,GEMIN6,True
caffeine,GFER,GFER,True
caffeine,USP40,USP40,True
caffeine,USP5,USP5,True
caffeine,USP8,USP8,True
caffeine,GHITM,GHITM,True
caffeine,GINS2,GINS2,True
caffeine,GJA1,GJA1,True
caffeine,USP9Y,USP9Y,True
caffeine,VAMP3,VAMP3,True
caffeine,VARS1,VARS1,True
caffeine,GJA1,GJA1,True
caffeine,GLI3,GLI3,True
caffeine,GLUD1,GLUD1,True
caffeine,VAT1,VAT1,True
caffeine,VCL,VCL,True
caffeine,VDAC1,VDAC1,True
caffeine,GMFB,GMFB,True
caffeine,GNAI1,GNAI1,True
caffeine,GNAS,GNAS,True
caffeine,Adenosine receptor A2b,adenosine receptor a2b,False
caffeine,VGLL4,VGLL4,True
caffeine,VPS13C,VPS13C,True
caffeine,VPS26B,VPS26B,True
caffeine,GNG5,GNG5,True
caffeine,GOLGA1,GOLGA1,True
caffeine,GOLGB1,GOLGB1,True
caffeine,VPS54,VPS54,True
caffeine,VWA3A,VWA3A,True
caffeine,Adenosine receptor A1,adenosine receptor a1,False
caffeine,Adenosine receptor,adenosine receptor,False
caffeine,Guanine deaminase,guanine deaminase,False
caffeine,GOPC,GOPC,True
caffeine,GOT2,GOT2,True
caffeine,GPATCH2L,GPATCH2L,True
caffeine,WASHC2C,WASHC2C,True
caffeine,WDCP,WDCP,True
caffeine,WDR20,WDR20,True
caffeine,A1 receptor,a1 receptor,False
caffeine,"cAMP-specific 3',5'-cyclic phosphodiesterase 4A",camp specific 3 5 cyclic phosphodiesterase 4a,False
caffeine,GPBP1L1,GPBP1L1,True
caffeine,GPI,GPI,True
caffeine,GPT,GPT,True
caffeine,WDR33,WDR33,True
caffeine,WDR59,WDR59,True
caffeine,WFS1,WFS1,True
caffeine,GPX3,GPX3,True
caffeine,GRB10,GRB10,True
caffeine,WNK2,WNK2,True
caffeine,WRAP73,WRAP73,True
caffeine,WWC1,WWC1,True
caffeine,GRHL1,GRHL1,True
caffeine,GRIN2A,GRIN2A,True
caffeine,GRK5,GRK5,True
caffeine,XDH,XDH,True
caffeine,XPO1,XPO1,True
caffeine,XRCC4,XRCC4,True
caffeine,GRWD1,GRWD1,True
caffeine,GSK3A,GSK3A,True
caffeine,GSR,GSR,True
caffeine,XRN2,XRN2,True
caffeine,YBX3,YBX3,True
caffeine,A3 receptor,a3 receptor,False
caffeine,A2B receptor,a2b receptor,False
caffeine,GSTD7,GSTD7,True
caffeine,GSTO1,GSTO1,True
caffeine,GTF2F2,GTF2F2,True
caffeine,Carbonic anhydrase 2,carbonic anhydrase 2,False
caffeine,YJU2B,YJU2B,True
caffeine,YTHDC2,YTHDC2,True
caffeine,YWHAE,YWHAE,True
caffeine,GTF3C1,GTF3C1,True
caffeine,GTPBP1,GTPBP1,True
caffeine,GZF1,GZF1,True
caffeine,ZBED4,ZBED4,True
caffeine,ZBTB2,ZBTB2,True
caffeine,ZBTB44,ZBTB44,True
caffeine,H1-4,h1 4,False
caffeine,H1F0,H1F0,True
caffeine,H2AX,H2AX,True
caffeine,ZBTB49,ZBTB49,True
caffeine,ZC2HC1A,ZC2HC1A,True
caffeine,ZC3H15,ZC3H15,True
caffeine,H3C15,H3C15,True
caffeine,HACE1,HACE1,True
caffeine,ADORA1,ADORA1,True
caffeine,ZC3H3,ZC3H3,True
caffeine,ZC3HAV1,ZC3HAV1,True
caffeine,ZCCHC2,ZCCHC2,True
caffeine,HBA-A1,hba a1,False
caffeine,HDAC2,HDAC2,True
caffeine,HDAC7,HDAC7,True
caffeine,ZDHHC7,ZDHHC7,True
caffeine,ZFAND3,ZFAND3,True
caffeine,HDGF,HDGF,True
caffeine,HE1.3,he1 3,False
caffeine,HEBP2,HEBP2,True
caffeine,IL6,IL6,True
caffeine,ILF3,ILF3,True
caffeine,INAVA,INAVA,True
caffeine,INO80B,INO80B,True
caffeine,INPP5F,INPP5F,True
caffeine,INSIG1,INSIG1,True
caffeine,INSR,INSR,True
caffeine,INTS3,INTS3,True
caffeine,IQSEC1,IQSEC1,True
caffeine,IRF2BP2,IRF2BP2,True
caffeine,ISLR2,ISLR2,True
caffeine,ITGB1,ITGB1,True
caffeine,ITM2B,ITM2B,True
caffeine,ITPRID2,ITPRID2,True
caffeine,IWS1,IWS1,True
caffeine,JAG1,JAG1,True
caffeine,JMJD1C,JMJD1C,True
caffeine,JUN,JUN,True
caffeine,JUND,JUND,True
caffeine,KANK2,KANK2,True
caffeine,KAT6B,KAT6B,True
caffeine,KATNIP,KATNIP,True
caffeine,KCNAB2,KCNAB2,True
caffeine,KDM2B,KDM2B,True
caffeine,KDM4C,KDM4C,True
caffeine,KHDC4,KHDC4,True
caffeine,KHSRP,KHSRP,True
caffeine,KIAA0753,KIAA0753,True
caffeine,KIAA1328,KIAA1328,True
caffeine,KIDINS220,KIDINS220,True
caffeine,KIF18A,KIF18A,True
caffeine,KIF20B,KIF20B,True
caffeine,KIF4A,KIF4A,True
caffeine,KIZ,KIZ,True
caffeine,KLF4,KLF4,True
caffeine,KLHL32,KLHL32,True
caffeine,KMT2C,KMT2C,True
caffeine,KMT2D,KMT2D,True
caffeine,KPNA2,KPNA2,True
caffeine,KRT1,KRT1,True
caffeine,KRT84,KRT84,True
caffeine,LAD1,LAD1,True
caffeine,LARP1B,LARP1B,True
caffeine,IL6ST,IL6ST,True
caffeine,IMPDH2,IMPDH2,True
caffeine,INO80,INO80,True
caffeine,INPP5D,INPP5D,True
caffeine,INS1,INS1,True
caffeine,INSR,INSR,True
caffeine,INTS13,INTS13,True
caffeine,IQGAP3,IQGAP3,True
caffeine,IRF2BP1,IRF2BP1,True
caffeine,IRX3,IRX3,True
caffeine,ITGAM,ITGAM,True
caffeine,ITIH2,ITIH2,True
caffeine,ITPR3,ITPR3,True
caffeine,IVNS1ABP,IVNS1ABP,True
caffeine,JADE3,JADE3,True
caffeine,JHEH1,JHEH1,True
caffeine,JRK,JRK,True
caffeine,JUNB,JUNB,True
caffeine,KANK1,KANK1,True
caffeine,KAT6A,KAT6A,True
caffeine,KATNA1,KATNA1,True
caffeine,KCMF1,KCMF1,True
caffeine,KDM2A,KDM2A,True
caffeine,KDM4A,KDM4A,True
caffeine,KGD4,KGD4,True
caffeine,KIAA0586,KIAA0586,True
caffeine,KIAA1217,KIAA1217,True
caffeine,KIF16B,KIF16B,True
caffeine,KIF20A,KIF20A,True
caffeine,KIF3B,KIF3B,True
caffeine,KIN,KIN,True
caffeine,KLF16,KLF16,True
caffeine,KLF4,KLF4,True
caffeine,KLHL22,KLHL22,True
caffeine,KMT2B,KMT2B,True
caffeine,KNTC1,KNTC1,True
caffeine,KRABD3,KRABD3,True
caffeine,KRT36,KRT36,True
caffeine,KTN1,KTN1,True
caffeine,LARP1,LARP1,True
caffeine,LARP4B,LARP4B,True
caffeine,LASP1,LASP1,True
caffeine,LCK,LCK,True
caffeine,LDHA,LDHA,True
caffeine,LEMD3,LEMD3,True
caffeine,LEP,LEP,True
caffeine,LGALS2,LGALS2,True
caffeine,LIG3,LIG3,True
caffeine,LIMD1,LIMD1,True
caffeine,LIMK2,LIMK2,True
caffeine,LIN9,LIN9,True
caffeine,LMNB1,LMNB1,True
caffeine,LMNB2,LMNB2,True
caffeine,LONP2,LONP2,True
caffeine,LPIN3,LPIN3,True
caffeine,LPP,LPP,True
caffeine,LRIF1,LRIF1,True
caffeine,LRRC45,LRRC45,True
caffeine,LRRC8A,LRRC8A,True
caffeine,LRSAM1,LRSAM1,True
caffeine,LSM14A,LSM14A,True
caffeine,LTV1,LTV1,True
caffeine,LUZP1,LUZP1,True
caffeine,MACF1,MACF1,True
caffeine,MACROH2A1,MACROH2A1,True
caffeine,MAFK,MAFK,True
caffeine,MAGI2,MAGI2,True
caffeine,MALT1,MALT1,True
caffeine,MAOA,MAOA,True
caffeine,MAP1S,MAP1S,True
caffeine,MAP2K7,MAP2K7,True
caffeine,MAP3K12,MAP3K12,True
caffeine,MAP3K4,MAP3K4,True
caffeine,MAP3K9,MAP3K9,True
caffeine,MAP4K5,MAP4K5,True
caffeine,MAPK1,MAPK1,True
caffeine,MAPK1IP1L,MAPK1IP1L,True
caffeine,MAPK7,MAPK7,True
caffeine,MAPKAPK3,MAPKAPK3,True
caffeine,MAPT,MAPT,True
caffeine,MARF1,MARF1,True
caffeine,MAST3,MAST3,True
caffeine,MAVS,MAVS,True
caffeine,MBD4,MBD4,True
caffeine,MBIP,MBIP,True
caffeine,MCL1,MCL1,True
caffeine,MCM4,MCM4,True
caffeine,MCM8,MCM8,True
caffeine,MCRIP2,MCRIP2,True
caffeine,MDH2,MDH2,True
caffeine,ITPR1,ITPR1,True
caffeine,ZFP276,ZFP276,True
caffeine,ZFP553,ZFP553,True
caffeine,ZFYVE16,ZFYVE16,True
caffeine,HELB,HELB,True
caffeine,HELZ,HELZ,True
caffeine,HEXIM2,HEXIM2,True
caffeine,MYO9B,MYO9B,True
caffeine,ZHX3,ZHX3,True
caffeine,ZKSCAN8,ZKSCAN8,True
caffeine,ZMYND8,ZMYND8,True
caffeine,HHIPL2,HHIPL2,True
caffeine,HINT1,HINT1,True
caffeine,HIVEP1,HIVEP1,True
caffeine,ZNF142,ZNF142,True
caffeine,ZNF219,ZNF219,True
caffeine,ZNF280B,ZNF280B,True
caffeine,HMGA1,HMGA1,True
caffeine,HMGB1,HMGB1,True
caffeine,ZNF316,ZNF316,True
caffeine,ZNF337,ZNF337,True
caffeine,HMGCR,HMGCR,True
caffeine,HMGCS1,HMGCS1,True
caffeine,HNF1A,HNF1A,True
caffeine,HNRNPA3,HNRNPA3,True
caffeine,ZNF407,ZNF407,True
caffeine,ZNF502,ZNF502,True
caffeine,ZNF513,ZNF513,True
caffeine,HNRNPF,HNRNPF,True
caffeine,HNRNPH2,HNRNPH2,True
caffeine,ZNF518A,ZNF518A,True
caffeine,ZNF598,ZNF598,True
caffeine,ZNF639,ZNF639,True
caffeine,HNRNPK,HNRNPK,True
caffeine,HNRNPR,HNRNPR,True
caffeine,HOMER3,HOMER3,True
caffeine,ZNF691,ZNF691,True
caffeine,ZNF777,ZNF777,True
caffeine,HPD,HPD,True
caffeine,HRAS,HRAS,True
caffeine,HSD11B2,HSD11B2,True
caffeine,ZNHIT6,ZNHIT6,True
caffeine,ZRANB3,ZRANB3,True
caffeine,ZYX,ZYX,True
caffeine,HSD3B1,HSD3B1,True
caffeine,HSP70.3,hsp70 3,False
caffeine,HSP90AB1,HSP90AB1,True
caffeine,HSP90B1,HSP90B1,True
caffeine,HSPA4,HSPA4,True
caffeine,CACNA1S,CACNA1S,True
caffeine,HSPB1,HSPB1,True
caffeine,HSPB6,HSPB6,True
caffeine,HSPG2,HSPG2,True
caffeine,HTT,HTT,True
caffeine,IBSP,IBSP,True
caffeine,ICE1,ICE1,True
caffeine,ICE2,ICE2,True
caffeine,IFITM2,IFITM2,True
caffeine,IFT74,IFT74,True
caffeine,IGF1,IGF1,True
caffeine,IGF1R,IGF1R,True
caffeine,IGFN1.1,igfn1 1,False
caffeine,IKZF4,IKZF4,True
caffeine,IL12A,IL12A,True
caffeine,IL1B,IL1B,True
caffeine,IL4RA,IL4RA,True
caffeine,LAS1L,LAS1L,True
caffeine,LBR,LBR,True
caffeine,LEMD2,LEMD2,True
caffeine,LEP,LEP,True
caffeine,LEPR,LEPR,True
caffeine,LIG1,LIG1,True
caffeine,LIMA1,LIMA1,True
caffeine,LIMK1,LIMK1,True
caffeine,LIN7B,LIN7B,True
caffeine,LMNA,LMNA,True
caffeine,LMNB1,LMNB1,True
caffeine,LNPEP,LNPEP,True
caffeine,LPIN2,LPIN2,True
caffeine,LPL,LPL,True
caffeine,LRCH4,LRCH4,True
caffeine,LRRC41,LRRC41,True
caffeine,LRRN1,LRRN1,True
caffeine,LSM12,LSM12,True
caffeine,LSS,LSS,True
caffeine,LUC7L3,LUC7L3,True
caffeine,LZTS2,LZTS2,True
caffeine,MAFF,MAFF,True
caffeine,MAGI1,MAGI1,True
caffeine,MAN2A1,MAN2A1,True
caffeine,MAP1LC3B,MAP1LC3B,True
caffeine,MAP2K4,MAP2K4,True
caffeine,MAP3K11,MAP3K11,True
caffeine,MAP3K3,MAP3K3,True
caffeine,A2B receptor,a2b receptor,False
caffeine,MAP4K4,MAP4K4,True
caffeine,MAP9,MAP9,True
caffeine,NOS1,NOS1,True
caffeine,MAPK15,MAPK15,True
caffeine,MAPK3,MAPK3,True
caffeine,MAPKAP1,MAPKAP1,True
caffeine,MAPT,MAPT,True
caffeine,MARCKSL1,MARCKSL1,True
caffeine,MARK4,MARK4,True
caffeine,MAST2,MAST2,True
caffeine,MATR3,MATR3,True
caffeine,MBD2,MBD2,True
caffeine,MBD6,MBD6,True
caffeine,MCCC1,MCCC1,True
caffeine,MCM3,MCM3,True
caffeine,MCM6,MCM6,True
caffeine,MCPH1,MCPH1,True
caffeine,MDC1,MDC1,True
caffeine,"Glycogen phosphorylase, muscle form",glycogen phosphorylase muscle form,False
caffeine,ADORA1,ADORA1,True
caffeine,LARS1,LARS1,True
caffeine,LATS2,LATS2,True
caffeine,LDHA,LDHA,True
caffeine,LDLR,LDLR,True
caffeine,LEO1,LEO1,True
caffeine,LEPR,LEPR,True
caffeine,LGR5,LGR5,True
caffeine,LIM2.4,lim2 4,False
caffeine,LIME1,LIME1,True
caffeine,LIN54,LIN54,True
caffeine,LLGL2,LLGL2,True
caffeine,LMTK2,LMTK2,True
caffeine,LPIN1,LPIN1,True
caffeine,LRCH1,LRCH1,True
caffeine,LRP6,LRP6,True
caffeine,LRRFIP2,LRRFIP2,True
caffeine,LSG1,LSG1,True
caffeine,LSR,LSR,True
caffeine,LUC7L2,LUC7L2,True
caffeine,LYSMD3,LYSMD3,True
caffeine,MAF1,MAF1,True
caffeine,MAGED4,MAGED4,True
caffeine,MAL2,MAL2,True
caffeine,MAML2,MAML2,True
caffeine,MAP1LC3B,MAP1LC3B,True
caffeine,MAP3K1,MAP3K1,True
caffeine,MAP3K20,MAP3K20,True
caffeine,VDR,VDR,True
caffeine,A3 receptor,a3 receptor,False
caffeine,A2B receptor,a2b receptor,False
caffeine,MAP4K2,MAP4K2,True
caffeine,MAP7D2,MAP7D2,True
caffeine,MAPK1,MAPK1,True
caffeine,TOP1,TOP1,True
caffeine,MAPK1,MAPK1,True
caffeine,MAPK3,MAPK3,True
caffeine,MAPK9,MAPK9,True
caffeine,MAPRE2,MAPRE2,True
caffeine,MARCKS,MARCKS,True
caffeine,MARK3,MARK3,True
caffeine,MARVELD2,MARVELD2,True
caffeine,MASTL,MASTL,True
caffeine,MBD1,MBD1,True
caffeine,MBD5,MBD5,True
caffeine,MCC,MCC,True
caffeine,MCM2,MCM2,True
caffeine,MCMBP,MCMBP,True
caffeine,MCTP2,MCTP2,True
caffeine,ADORA2A,ADORA2A,True
caffeine,MED1,MED1,True
caffeine,MED15,MED15,True
caffeine,MED26,MED26,True
caffeine,MEIS2,MEIS2,True
caffeine,MERTK,MERTK,True
caffeine,METTL22,METTL22,True
caffeine,DAGLA,DAGLA,True
caffeine,METTL2B,METTL2B,True
caffeine,MFAP1,MFAP1,True
caffeine,MFN2,MFN2,True
caffeine,MGRN1,MGRN1,True
caffeine,MICA,MICA,True
caffeine,MICB,MICB,True
caffeine,Potassium voltage-gated channel subfamily H member 2,potassium voltage gated channel subfamily h member 2,False
caffeine,Acetylcholinesterase,acetylcholinesterase,False
caffeine,5'-nucleotidase,5 nucleotidase,False
caffeine,"3',5'-cyclic-AMP phosphodiesterase 4B",3 5 cyclic amp phosphodiesterase 4b,False
caffeine,MIER1,MIER1,True
caffeine,MIIP,MIIP,True
caffeine,MIPB,MIPB,True
caffeine,Adenosine receptor A1,adenosine receptor a1,False
caffeine,Adenosine A2 receptor,adenosine a2 receptor,False
caffeine,Adenosine receptor,adenosine receptor,False
caffeine,Adenosine receptor A2b,adenosine receptor a2b,False
caffeine,"cGMP-inhibited 3',5'-cyclic phosphodiesterase 3A",cgmp inhibited 3 5 cyclic phosphodiesterase 3a,False
caffeine,"Dual 3',5'-cyclic-AMP and -GMP phosphodiesterase 11A",dual 3 5 cyclic amp and gmp phosphodiesterase 11a,False
caffeine,MIS18BP1,MIS18BP1,True
caffeine,MKI67,MKI67,True
caffeine,MLXIPL,MLXIPL,True
caffeine,"High affinity cAMP-specific and IBMX-insensitive 3',5'-cyclic phosphodiesterase 8A",high affinity camp specific and ibmx insensitive 3 5 cyclic phosphodiesterase 8a,False
caffeine,"Rod cGMP-specific 3',5'-cyclic phosphodiesterase subunit beta",rod cgmp specific 3 5 cyclic phosphodiesterase subunit beta,False
caffeine,DNA-dependent protein kinase catalytic subunit,dna dependent protein kinase catalytic subunit,False
caffeine,Chitotriosidase-1,chitotriosidase 1,False
caffeine,MMGT1,MMGT1,True
caffeine,MMP7,MMP7,True
caffeine,"Phosphatidylinositol 4,5-bisphosphate 3-kinase catalytic subunit beta isoform",phosphatidylinositol 4 5 bisphosphate 3 kinase catalytic subunit beta isoform,False
caffeine,Serine-protein kinase ATM,serine protein kinase atm,False
caffeine,Cytochrome P450 2C8,cytochrome p450 2c8,False
caffeine,Cytochrome P450 2D6,cytochrome p450 2d6,False
caffeine,MON2,MON2,True
caffeine,MOV10,MOV10,True
caffeine,MPLKIP,MPLKIP,True
caffeine,RyR3,ryr3,False
caffeine,MRGBP,MRGBP,True
caffeine,MRPL20,MRPL20,True
caffeine,MRTFA,MRTFA,True
caffeine,MSH6,MSH6,True
caffeine,MSMO1,MSMO1,True
caffeine,IL6,IL6,True
caffeine,ILKAP,ILKAP,True
caffeine,INF2,INF2,True
caffeine,ING5,ING5,True
caffeine,INO80D,INO80D,True
caffeine,INS,INS,True
caffeine,Potassium channel subfamily K member 2,potassium channel subfamily k member 2,False
caffeine,INTS12,INTS12,True
caffeine,IQGAP2,IQGAP2,True
caffeine,IREB2,IREB2,True
caffeine,IRS1,IRS1,True
caffeine,ITGA4,ITGA4,True
caffeine,ITGB4,ITGB4,True
caffeine,ITPR1,ITPR1,True
caffeine,ITSN2,ITSN2,True
caffeine,JADE2,JADE2,True
caffeine,JARID2,JARID2,True
caffeine,JOSD1,JOSD1,True
caffeine,JUN,JUN,True
caffeine,KALRN,KALRN,True
caffeine,KARS1,KARS1,True
caffeine,KAT8,KAT8,True
caffeine,KBTBD7,KBTBD7,True
caffeine,KCTD3,KCTD3,True
caffeine,KDM3B,KDM3B,True
caffeine,KDR,KDR,True
caffeine,KHSRP,KHSRP,True
caffeine,KIAA0319L,KIAA0319L,True
caffeine,KIAA1143,KIAA1143,True
caffeine,KIDINS220,KIDINS220,True
caffeine,KIF15,KIF15,True
caffeine,KIF1B,KIF1B,True
caffeine,KIF22,KIF22,True
caffeine,KIF2C,KIF2C,True
caffeine,KIFC3,KIFC3,True
caffeine,KLC4,KLC4,True
caffeine,KLF3,KLF3,True
caffeine,KLHL14,KLHL14,True
caffeine,KMT2A,KMT2A,True
caffeine,KNOP1,KNOP1,True
caffeine,KPNB1,KPNB1,True
caffeine,KRT18,KRT18,True
caffeine,KTI12,KTI12,True
caffeine,LAMTOR1,LAMTOR1,True
caffeine,MDN1,MDN1,True
caffeine,MED13L,MED13L,True
caffeine,MED24,MED24,True
caffeine,MEF2C,MEF2C,True
caffeine,MEPCE,MEPCE,True
caffeine,METTL21A,METTL21A,True
caffeine,MEX3D,MEX3D,True
caffeine,MFN1,MFN1,True
caffeine,"3',5'-cyclic-AMP phosphodiesterase 4D",3 5 cyclic amp phosphodiesterase 4d,False
caffeine,MGME1,MGME1,True
caffeine,MIA3,MIA3,True
caffeine,MICALL2,MICALL2,True
caffeine,"Dual specificity calcium/calmodulin-dependent 3',5'-cyclic nucleotide phosphodiesterase 1B",dual specificity calcium calmodulin dependent 3 5 cyclic nucleotide phosphodiesterase 1b,False
caffeine,"3',5'-cyclic-AMP phosphodiesterase 4A",3 5 cyclic amp phosphodiesterase 4a,False
caffeine,MIGA2,MIGA2,True
caffeine,MINK1,MINK1,True
caffeine,"cGMP-dependent 3',5'-cyclic phosphodiesterase",cgmp dependent 3 5 cyclic phosphodiesterase,False
caffeine,"Cone cGMP-specific 3',5'-cyclic phosphodiesterase subunit alpha'",cone cgmp specific 3 5 cyclic phosphodiesterase subunit alpha,False
caffeine,MIR421,MIR421,True
caffeine,MKI67,MKI67,True
caffeine,MLLT6,MLLT6,True
caffeine,"High affinity 3',5'-cyclic-AMP phosphodiesterase 7A",high affinity 3 5 cyclic amp phosphodiesterase 7a,False
caffeine,"Rod cGMP-specific 3',5'-cyclic phosphodiesterase subunit alpha",rod cgmp specific 3 5 cyclic phosphodiesterase subunit alpha,False
caffeine,MMAA,MMAA,True
caffeine,MMP15,MMP15,True
caffeine,MOGAT1,MOGAT1,True
caffeine,"Phosphatidylinositol 4,5-bisphosphate 3-kinase catalytic subunit alpha isoform",phosphatidylinositol 4 5 bisphosphate 3 kinase catalytic subunit alpha isoform,False
caffeine,"Inositol 1,4,5-trisphosphate-gated calcium channel ITPR3",inositol 1 4 5 trisphosphate gated calcium channel itpr3,False
caffeine,Cytochrome P450 2E1,cytochrome p450 2e1,False
caffeine,Cytochrome P450 1B1,cytochrome p450 1b1,False
caffeine,Adenosine receptor A2a,adenosine receptor a2a,False
caffeine,MON1B,MON1B,True
caffeine,MOS,MOS,True
caffeine,MPHOSPH9,MPHOSPH9,True
caffeine,Adenosine receptor A2b,adenosine receptor a2b,False
caffeine,IP3R1,IP3R1,True
caffeine,MRE11,MRE11,True
caffeine,MRPL19,MRPL19,True
caffeine,MRPS5,MRPS5,True
caffeine,MSH2,MSH2,True
caffeine,MSMO1,MSMO1,True
caffeine,CYP2A6,CYP2A6,True
caffeine,MSTO1,MSTO1,True
caffeine,PHF6,PHF6,True
caffeine,PHKB,PHKB,True
caffeine,PHLDB3,PHLDB3,True
caffeine,PI4K2B,PI4K2B,True
caffeine,PICALM,PICALM,True
caffeine,PIGC,PIGC,True
caffeine,PIKFYVE,PIKFYVE,True
caffeine,PIP5K1A,PIP5K1A,True
caffeine,PITX2,PITX2,True
caffeine,PKMYT1,PKMYT1,True
caffeine,PKP3,PKP3,True
caffeine,PLCB1,PLCB1,True
caffeine,PLD1,PLD1,True
caffeine,PLEKHA2,PLEKHA2,True
caffeine,PLEKHA6,PLEKHA6,True
caffeine,PLEKHM2,PLEKHM2,True
caffeine,PLIN3,PLIN3,True
caffeine,PLPP6,PLPP6,True
caffeine,PLS1,PLS1,True
caffeine,PMM1,PMM1,True
caffeine,PNN,PNN,True
caffeine,PNPO,PNPO,True
caffeine,POLDIP3,POLDIP3,True
caffeine,POLR1A,POLR1A,True
caffeine,POLR2A,POLR2A,True
caffeine,POMC,POMC,True
caffeine,POTEI,POTEI,True
caffeine,PPARG,PPARG,True
caffeine,PPFIBP1,PPFIBP1,True
caffeine,PPIAL4F,PPIAL4F,True
caffeine,PPIL4,PPIL4,True
caffeine,PPM1D,PPM1D,True
caffeine,ADORA1,ADORA1,True
caffeine,PPP1CB,PPP1CB,True
caffeine,PPP1R12C,PPP1R12C,True
caffeine,PPP1R18,PPP1R18,True
caffeine,PPP1R3G,PPP1R3G,True
caffeine,PPP2R3C,PPP2R3C,True
caffeine,PPP4R2,PPP4R2,True
caffeine,PPP6R3,PPP6R3,True
caffeine,PRCC,PRCC,True
caffeine,PRDX2,PRDX2,True
caffeine,PRIM2,PRIM2,True
caffeine,PRKAA2,PRKAA2,True
caffeine,PRKAB2,PRKAB2,True
caffeine,PRKAR1A,PRKAR1A,True
caffeine,PRKCI,PRKCI,True
caffeine,ABCA3,ABCA3,True
caffeine,PRKD2,PRKD2,True
caffeine,PRKDC,PRKDC,True
caffeine,PRNP,PRNP,True
caffeine,RBMX,RBMX,True
caffeine,RC3H1,RC3H1,True
caffeine,RCOR3,RCOR3,True
caffeine,RELA,RELA,True
caffeine,REN,REN,True
caffeine,RER1,RER1,True
caffeine,RERE,RERE,True
caffeine,RETREG3,RETREG3,True
caffeine,REXO4,REXO4,True
caffeine,RFWD3,RFWD3,True
caffeine,RGL2,RGL2,True
caffeine,RGPD5,RGPD5,True
caffeine,RGS12,RGS12,True
caffeine,RHBDF1,RHBDF1,True
caffeine,RHPN2P1,RHPN2P1,True
caffeine,RIF1,RIF1,True
caffeine,RING1,RING1,True
caffeine,RIOK3,RIOK3,True
caffeine,RMC1,RMC1,True
caffeine,RNASEH1,RNASEH1,True
caffeine,RNF169,RNF169,True
caffeine,RNF214,RNF214,True
caffeine,RNF40,RNF40,True
caffeine,RNH1,RNH1,True
caffeine,ROCK2,ROCK2,True
caffeine,RPAP3,RPAP3,True
caffeine,RPIA,RPIA,True
caffeine,RPL17,RPL17,True
caffeine,RPL27A,RPL27A,True
caffeine,RPL29,RPL29,True
caffeine,RPL36A,RPL36A,True
caffeine,RPL5,RPL5,True
caffeine,RPN1,RPN1,True
caffeine,RPRD2,RPRD2,True
caffeine,RPS17,RPS17,True
caffeine,RPS20,RPS20,True
caffeine,RPS27A,RPS27A,True
caffeine,RPS3A,RPS3A,True
caffeine,RPS6,RPS6,True
caffeine,RPS6KA4,RPS6KA4,True
caffeine,RPS8,RPS8,True
caffeine,RRAGC,RRAGC,True
caffeine,RRM2,RRM2,True
caffeine,RRP1B,RRP1B,True
caffeine,RSF1,RSF1,True
caffeine,RTEL1,RTEL1,True
caffeine,RTN4,RTN4,True
caffeine,RTTN,RTTN,True
caffeine,RUNX2,RUNX2,True
caffeine,RXYLT1,RXYLT1,True
caffeine,RBSN,RBSN,True
caffeine,RCOR1,RCOR1,True
caffeine,REEP3,REEP3,True
caffeine,REEP4,REEP4,True
caffeine,RELL1,RELL1,True
caffeine,REN,REN,True
caffeine,REST,REST,True
caffeine,REXO1,REXO1,True
caffeine,RFC2,RFC2,True
caffeine,RFFL,RFFL,True
caffeine,RFX7,RFX7,True
caffeine,RGPD1,RGPD1,True
caffeine,RGS19,RGS19,True
caffeine,RHEBL1,RHEBL1,True
caffeine,RIC8A,RIC8A,True
caffeine,RIN1,RIN1,True
caffeine,RIOK1,RIOK1,True
caffeine,RIPK2,RIPK2,True
caffeine,RMI1,RMI1,True
caffeine,RNF135,RNF135,True
caffeine,RNF208,RNF208,True
caffeine,RNF25,RNF25,True
caffeine,RNF8,RNF8,True
caffeine,ROBO1,ROBO1,True
caffeine,RPA2,RPA2,True
caffeine,RPL13,RPL13,True
caffeine,RPL24,RPL24,True
caffeine,RPL3,RPL3,True
caffeine,RPL4,RPL4,True
caffeine,RPLP2,RPLP2,True
caffeine,RPN2,RPN2,True
caffeine,RPS11,RPS11,True
caffeine,RPS19,RPS19,True
caffeine,RPS19,RPS19,True
caffeine,RPS26,RPS26,True
caffeine,RPS3,RPS3,True
caffeine,RPS6KA3,RPS6KA3,True
caffeine,RPS6KB1,RPS6KB1,True
caffeine,RREB1,RREB1,True
caffeine,RRP12,RRP12,True
caffeine,A2A receptor,a2a receptor,False
caffeine,MTA1,MTA1,True
caffeine,RRS1,RRS1,True
caffeine,RSPO3,RSPO3,True
caffeine,RTL9,RTL9,True
caffeine,MTCH1,MTCH1,True
caffeine,MTF2,MTF2,True
caffeine,MTHFD2L,MTHFD2L,True
caffeine,RUNDC1,RUNDC1,True
caffeine,RWDD2B,RWDD2B,True
caffeine,RYR1,RYR1,True
caffeine,MTMR10,MTMR10,True
caffeine,MTMR3,MTMR3,True
caffeine,MTOR,MTOR,True
caffeine,PROX1,PROX1,True
caffeine,PRPF31,PRPF31,True
caffeine,PRPSAP2,PRPSAP2,True
caffeine,PRR36,PRR36,True
caffeine,PRRC2C,PRRC2C,True
caffeine,PSIP1,PSIP1,True
caffeine,PSMA5,PSMA5,True
caffeine,PSMC5,PSMC5,True
caffeine,PSMD2,PSMD2,True
caffeine,PSMG1,PSMG1,True
caffeine,PTDSS1,PTDSS1,True
caffeine,PTGS2,PTGS2,True
caffeine,PTMS,PTMS,True
caffeine,PTPN11,PTPN11,True
caffeine,PTPN21,PTPN21,True
caffeine,PTPN9,PTPN9,True
caffeine,PTPRU,PTPRU,True
caffeine,PUM2,PUM2,True
caffeine,PWWP2A,PWWP2A,True
caffeine,PYCR2,PYCR2,True
caffeine,QARS1,QARS1,True
caffeine,R3HDM1,R3HDM1,True
caffeine,RAB11FIP3,RAB11FIP3,True
caffeine,RAB3GAP1,RAB3GAP1,True
caffeine,RAB40B,RAB40B,True
caffeine,RAB5C,RAB5C,True
caffeine,RAB5C,RAB5C,True
caffeine,RAB8A,RAB8A,True
caffeine,RABGEF1,RABGEF1,True
caffeine,RABL6,RABL6,True
caffeine,RAD1,RAD1,True
caffeine,RAD50,RAD50,True
caffeine,RAF1,RAF1,True
caffeine,RALGAPA1,RALGAPA1,True
caffeine,RALGPS1,RALGPS1,True
caffeine,RANBP10,RANBP10,True
caffeine,RANGAP1,RANGAP1,True
caffeine,RASA3,RASA3,True
caffeine,RB1,RB1,True
caffeine,RBBP5,RBBP5,True
caffeine,RBCK1,RBCK1,True
caffeine,IL2RA,IL2RA,True
caffeine,MT1G,MT1G,True
caffeine,MTA3,MTA3,True
caffeine,RBM10,RBM10,True
caffeine,RBM15,RBM15,True
caffeine,RBM26,RBM26,True
caffeine,MTCL2,MTCL2,True
caffeine,MTFR2,MTFR2,True
caffeine,RBM4B,RBM4B,True
caffeine,RBM8A,RBM8A,True
caffeine,MTMR14,MTMR14,True
caffeine,MTNAP1,MTNAP1,True
caffeine,MED13,MED13,True
caffeine,MED19,MED19,True
caffeine,MEN1,MEN1,True
caffeine,METTL1,METTL1,True
caffeine,MEX3C,MEX3C,True
caffeine,MFHAS1,MFHAS1,True
caffeine,MGA,MGA,True
caffeine,Adenosine receptor A3,adenosine receptor a3,False
caffeine,MIA2,MIA2,True
caffeine,MICALL1,MICALL1,True
caffeine,"cGMP-specific 3',5'-cyclic phosphodiesterase",cgmp specific 3 5 cyclic phosphodiesterase,False
caffeine,Ryanodine receptor 1,ryanodine receptor 1,False
caffeine,"3',5'-cyclic-AMP phosphodiesterase 4D",3 5 cyclic amp phosphodiesterase 4d,False
caffeine,MIF,MIF,True
caffeine,MINDY2,MINDY2,True
caffeine,MIR122,MIR122,True
caffeine,"cAMP and cAMP-inhibited cGMP 3',5'-cyclic phosphodiesterase 10A",camp and camp inhibited cgmp 3 5 cyclic phosphodiesterase 10a,False
caffeine,"cGMP-specific 3',5'-cyclic phosphodiesterase",cgmp specific 3 5 cyclic phosphodiesterase,False
caffeine,MIR192,MIR192,True
caffeine,MKI67,MKI67,True
caffeine,MLLT3,MLLT3,True
caffeine,"Dual specificity calcium/calmodulin-dependent 3',5'-cyclic nucleotide phosphodiesterase 1C",dual specificity calcium calmodulin dependent 3 5 cyclic nucleotide phosphodiesterase 1c,False
caffeine,"High affinity cGMP-specific 3',5'-cyclic phosphodiesterase 9A",high affinity cgmp specific 3 5 cyclic phosphodiesterase 9a,False
caffeine,MLXIPL,MLXIPL,True
caffeine,MMP13,MMP13,True
caffeine,MOCOS,MOCOS,True
caffeine,"Phosphatidylinositol 4,5-bisphosphate 3-kinase catalytic subunit delta isoform",phosphatidylinositol 4 5 bisphosphate 3 kinase catalytic subunit delta isoform,False
caffeine,"Inositol 1,4,5-trisphosphate-gated calcium channel ITPR2",inositol 1 4 5 trisphosphate gated calcium channel itpr2,False
caffeine,Cytochrome P450 3A4,cytochrome p450 3a4,False
caffeine,Cytochrome P450 1A1,cytochrome p450 1a1,False
caffeine,Adenosine receptor A1,adenosine receptor a1,False
caffeine,MON1A,MON1A,True
caffeine,MORC3,MORC3,True
caffeine,MPHOSPH8,MPHOSPH8,True
caffeine,RyR1,ryr1,False
caffeine,MPZL1,MPZL1,True
caffeine,MRNIP,MRNIP,True
caffeine,MRPL9,MRPL9,True
caffeine,MRPS17,MRPS17,True
caffeine,MSANTD3,MSANTD3,True
caffeine,MSL3,MSL3,True
caffeine,MSRB3,MSRB3,True
caffeine,CYP2D6,CYP2D6,True
caffeine,MT2,MT2,True
caffeine,MTBP,MTBP,True
caffeine,MTDH,MTDH,True
caffeine,MTHFD1L,MTHFD1L,True
caffeine,MTMR1,MTMR1,True
caffeine,MTMR2,MTMR2,True
caffeine,MTOR,MTOR,True
caffeine,RYR1,RYR1,True
caffeine,RYR2,RYR2,True
caffeine,MTRR,MTRR,True
caffeine,MTX1,MTX1,True
caffeine,MVB12A,MVB12A,True
caffeine,S100A6,S100A6,True
caffeine,SALL1,SALL1,True
caffeine,SAMHD1,SAMHD1,True
caffeine,MXRA7,MXRA7,True
caffeine,MYC,MYC,True
caffeine,MYH7,MYH7,True
caffeine,SAMSN1,SAMSN1,True
caffeine,SART1,SART1,True
caffeine,SBF1,SBF1,True
caffeine,MYH9,MYH9,True
caffeine,MYO15B,MYO15B,True
caffeine,MYO1E,MYO1E,True
caffeine,SCAF11,SCAF11,True
caffeine,SCAMP4,SCAMP4,True
caffeine,SCARB1,SCARB1,True
caffeine,MYO6,MYO6,True
caffeine,MYOF,MYOF,True
caffeine,NAA30,NAA30,True
caffeine,SCARB1,SCARB1,True
caffeine,SCD1,SCD1,True
caffeine,NADK,NADK,True
caffeine,NAPG,NAPG,True
caffeine,NAT2,NAT2,True
caffeine,SDC4,SDC4,True
caffeine,SEC14L1,SEC14L1,True
caffeine,NBR1,NBR1,True
caffeine,NCAPH,NCAPH,True
caffeine,NCKIPSD,NCKIPSD,True
caffeine,SEC24D,SEC24D,True
caffeine,SECISBP2L,SECISBP2L,True
caffeine,SEMA6A,SEMA6A,True
caffeine,NCL,NCL,True
caffeine,NCOA7,NCOA7,True
caffeine,NDC1,NDC1,True
caffeine,SENP6,SENP6,True
caffeine,SERBP1,SERBP1,True
caffeine,SERINC5,SERINC5,True
caffeine,SERTAD2,SERTAD2,True
caffeine,SETD1B,SETD1B,True
caffeine,NDE1,NDE1,True
caffeine,NDRG3,NDRG3,True
caffeine,NECAP2,NECAP2,True
caffeine,NEDD9,NEDD9,True
caffeine,NEK3,NEK3,True
caffeine,SETD5,SETD5,True
caffeine,SF1,SF1,True
caffeine,SFMBT1,SFMBT1,True
caffeine,NEMF,NEMF,True
caffeine,NF1,NF1,True
caffeine,NFATC3,NFATC3,True
caffeine,SFRP1,SFRP1,True
caffeine,SGO2,SGO2,True
caffeine,SH2B1,SH2B1,True
caffeine,NFIA,NFIA,True
caffeine,NFKB1,NFKB1,True
caffeine,NFKBIL1,NFKBIL1,True
caffeine,SH3D21,SH3D21,True
caffeine,SH3PXD2A,SH3PXD2A,True
caffeine,SHARPIN,SHARPIN,True
caffeine,NHEJ1,NHEJ1,True
caffeine,NHSL3,NHSL3,True
caffeine,SHC1,SHC1,True
caffeine,SHTN1,SHTN1,True
caffeine,SIN3A,SIN3A,True
caffeine,NIPBL,NIPBL,True
caffeine,NKRF,NKRF,True
caffeine,NME2,NME2,True
caffeine,SIRT1,SIRT1,True
caffeine,SIRT2,SIRT2,True
caffeine,NOB1,NOB1,True
caffeine,NOL3,NOL3,True
caffeine,NOMO3,NOMO3,True
caffeine,SKA3,SKA3,True
caffeine,SKP2,SKP2,True
caffeine,SLC12A4,SLC12A4,True
caffeine,NOP58,NOP58,True
caffeine,NOS3,NOS3,True
caffeine,SLC16A1,SLC16A1,True
caffeine,SLC19A1,SLC19A1,True
caffeine,SLC20A1,SLC20A1,True
caffeine,NPC1L1,NPC1L1,True
caffeine,NPHS2,NPHS2,True
caffeine,NPPA,NPPA,True
caffeine,SLC25A37,SLC25A37,True
caffeine,SLC2A1,SLC2A1,True
caffeine,NQO1,NQO1,True
caffeine,NR2C2,NR2C2,True
caffeine,SLC2A6,SLC2A6,True
caffeine,SLC35F2,SLC35F2,True
caffeine,SLC38A2,SLC38A2,True
caffeine,NR3C2,NR3C2,True
caffeine,NRF1,NRF1,True
caffeine,NSD2,NSD2,True
caffeine,PROSER2,PROSER2,True
caffeine,PRPF18,PRPF18,True
caffeine,PRPF40B,PRPF40B,True
caffeine,MTSS2,MTSS2,True
caffeine,MUS81,MUS81,True
caffeine,PRPH,PRPH,True
caffeine,PRR12,PRR12,True
caffeine,PRRC2A,PRRC2A,True
caffeine,MVD,MVD,True
caffeine,MYBL2,MYBL2,True
caffeine,MYCBP2,MYCBP2,True
caffeine,PSD3,PSD3,True
caffeine,PSMA3,PSMA3,True
caffeine,PSMC3,PSMC3,True
caffeine,MYLK,MYLK,True
caffeine,MYO19,MYO19,True
caffeine,MYO5B,MYO5B,True
caffeine,PSME3,PSME3,True
caffeine,PSRC1,PSRC1,True
caffeine,PTGR1,PTGR1,True
caffeine,MYO9A,MYO9A,True
caffeine,PTGS2,PTGS2,True
caffeine,N4BP1,N4BP1,True
caffeine,PTPDC1,PTPDC1,True
caffeine,NAB2,NAB2,True
caffeine,NAF1,NAF1,True
caffeine,NAT2,NAT2,True
caffeine,NBEAL1,NBEAL1,True
caffeine,PTPN14,PTPN14,True
caffeine,PTPN3,PTPN3,True
caffeine,PTPRF,PTPRF,True
caffeine,NBEAL2,NBEAL2,True
caffeine,NCAPD3,NCAPD3,True
caffeine,NCDN,NCDN,True
caffeine,PTPRK,PTPRK,True
caffeine,PTTG2,PTTG2,True
caffeine,PWP2,PWP2,True
caffeine,NCOA3,NCOA3,True
caffeine,NCOR2,NCOR2,True
caffeine,PXN,PXN,True
caffeine,PYGO2,PYGO2,True
caffeine,QRSL1,QRSL1,True
caffeine,QSOX2,QSOX2,True
caffeine,RAB11A,RAB11A,True
caffeine,RAB1A,RAB1A,True
caffeine,NDRG1,NDRG1,True
caffeine,NDUFS4,NDUFS4,True
caffeine,RAB2A,RAB2A,True
caffeine,NEDD1,NEDD1,True
caffeine,RAB3IP,RAB3IP,True
caffeine,NEIL2,NEIL2,True
caffeine,NEK6,NEK6,True
caffeine,RAB4A,RAB4A,True
caffeine,NELFA,NELFA,True
caffeine,NEU3,NEU3,True
caffeine,NFATC2,NFATC2,True
caffeine,RAB7,RAB7,True
caffeine,RABEP1,RABEP1,True
caffeine,RABL3,RABL3,True
caffeine,NFIX,NFIX,True
caffeine,NFKBIA,NFKBIA,True
caffeine,RACGAP1,RACGAP1,True
caffeine,RAD21,RAD21,True
caffeine,NFYA,NFYA,True
caffeine,NHERF2,NHERF2,True
caffeine,NIFK,NIFK,True
caffeine,RAD51AP1,RAD51AP1,True
caffeine,RAI14,RAI14,True
caffeine,RALGAPB,RALGAPB,True
caffeine,NISCH,NISCH,True
caffeine,NMBR,NMBR,True
caffeine,NMT1,NMT1,True
caffeine,RALY,RALY,True
caffeine,RANBP3,RANBP3,True
caffeine,RAP1GAP2,RAP1GAP2,True
caffeine,NOC3L,NOC3L,True
caffeine,NOL8,NOL8,True
caffeine,NOP2,NOP2,True
caffeine,RAPH1,RAPH1,True
caffeine,RASGRF2,RASGRF2,True
caffeine,RB1,RB1,True
caffeine,NOP53,NOP53,True
caffeine,NOS2,NOS2,True
caffeine,NOTCH1,NOTCH1,True
caffeine,RBBP4,RBBP4,True
caffeine,RBBP7,RBBP7,True
caffeine,RBL1,RBL1,True
caffeine,NPHS1,NPHS1,True
caffeine,NPM1,NPM1,True
caffeine,RBM12B,RBM12B,True
caffeine,RBM17,RBM17,True
caffeine,RBM33,RBM33,True
caffeine,NPPB,NPPB,True
caffeine,NQO1,NQO1,True
caffeine,NR3C1,NR3C1,True
caffeine,RBM39,RBM39,True
caffeine,RBM6,RBM6,True
caffeine,RBMS2,RBMS2,True
caffeine,NRBF2,NRBF2,True
caffeine,NRP1,NRP1,True
caffeine,RYR1,RYR1,True
caffeine,RYR1,RYR1,True
caffeine,S100A10,S100A10,True
caffeine,SAFB,SAFB,True
caffeine,SAMD4A,SAMD4A,True
caffeine,SAP18,SAP18,True
caffeine,SASH1,SASH1,True
caffeine,SC5D,SC5D,True
caffeine,SCAMP1,SCAMP1,True
caffeine,SCAP,SCAP,True
caffeine,SCARB1,SCARB1,True
caffeine,SCD,SCD,True
caffeine,SCFD1,SCFD1,True
caffeine,SCP2,SCP2,True
caffeine,SDCBP2,SDCBP2,True
caffeine,SEC16B,SEC16B,True
caffeine,SEC23A,SEC23A,True
caffeine,SEC61B,SEC61B,True
caffeine,SEMA4B,SEMA4B,True
caffeine,SENP3,SENP3,True
caffeine,SEPHS2,SEPHS2,True
caffeine,SERINC3,SERINC3,True
caffeine,SERPINA6,SERPINA6,True
caffeine,SESN1,SESN1,True
caffeine,SETD3,SETD3,True
caffeine,SETX,SETX,True
caffeine,SF3A3,SF3A3,True
caffeine,SFPQ,SFPQ,True
caffeine,SFXN3,SFXN3,True
caffeine,SGSM3,SGSM3,True
caffeine,SH2D5,SH2D5,True
caffeine,SH3GLB2,SH3GLB2,True
caffeine,SHANK2,SHANK2,True
caffeine,SHROOM1,SHROOM1,True
caffeine,SIGIRR,SIGIRR,True
caffeine,SIPA1L1,SIPA1L1,True
caffeine,SIRT1,SIRT1,True
caffeine,SIT1,SIT1,True
caffeine,SKIC2,SKIC2,True
caffeine,SLAIN2,SLAIN2,True
caffeine,SLC17A5,SLC17A5,True
caffeine,SLC1A1,SLC1A1,True
caffeine,SLC23A2,SLC23A2,True
caffeine,SLC26A2,SLC26A2,True
caffeine,SLC2A10,SLC2A10,True
caffeine,SLC30A7,SLC30A7,True
caffeine,SLC35G2,SLC35G2,True
caffeine,RBMX2,RBMX2,True
caffeine,RC3H2,RC3H2,True
caffeine,RECQL5,RECQL5,True
caffeine,RELCH,RELCH,True
caffeine,REN,REN,True
caffeine,RESF1,RESF1,True
caffeine,REV1,REV1,True
caffeine,RFC1,RFC1,True
caffeine,RFX3,RFX3,True
caffeine,RGL3,RGL3,True
caffeine,RGS14,RGS14,True
caffeine,RHBDF2,RHBDF2,True
caffeine,RIC1,RIC1,True
caffeine,RIMS2,RIMS2,True
caffeine,RINL,RINL,True
caffeine,RIOX1,RIOX1,True
caffeine,RIPK1,RIPK1,True
caffeine,RMDN3,RMDN3,True
caffeine,RNF113A,RNF113A,True
caffeine,RNF2,RNF2,True
caffeine,RNF220,RNF220,True
caffeine,RNF43,RNF43,True
caffeine,RNPC3,RNPC3,True
caffeine,RP9,RP9,True
caffeine,RPF2,RPF2,True
caffeine,RPL10A,RPL10A,True
caffeine,RPL18,RPL18,True
caffeine,RPL27A,RPL27A,True
caffeine,RPL29,RPL29,True
caffeine,RPL4,RPL4,True
caffeine,RPL7A,RPL7A,True
caffeine,RPN1,RPN1,True
caffeine,RPS10,RPS10,True
caffeine,RPS18,RPS18,True
caffeine,RPS20,RPS20,True
caffeine,RPS28,RPS28,True
caffeine,RPS6KA1,RPS6KA1,True
caffeine,RPS6KB1,RPS6KB1,True
caffeine,RPTOR,RPTOR,True
caffeine,RRBP1,RRBP1,True
caffeine,RRP1,RRP1,True
caffeine,RRP8,RRP8,True
caffeine,RSL1D1,RSL1D1,True
caffeine,RTKN,RTKN,True
caffeine,RUFY1,RUFY1,True
caffeine,RUVBL2,RUVBL2,True
caffeine,RYBP,RYBP,True
caffeine,LARP7,LARP7,True
caffeine,LATS1,LATS1,True
caffeine,LCOR,LCOR,True
caffeine,LDLR,LDLR,True
caffeine,LENG1,LENG1,True
caffeine,LEP,LEP,True
caffeine,LGALSL,LGALSL,True
caffeine,LIM2.3,lim2 3,False
caffeine,LIN28B,LIN28B,True
caffeine,LINC00308,LINC00308,True
caffeine,LMO7,LMO7,True
caffeine,LPAR4,LPAR4,True
caffeine,LPL,LPL,True
caffeine,LRBA,LRBA,True
caffeine,LRP4,LRP4,True
caffeine,LRRC47,LRRC47,True
caffeine,LRRFIP1,LRRFIP1,True
caffeine,LRWD1,LRWD1,True
caffeine,LSM14B,LSM14B,True
caffeine,LUC7L,LUC7L,True
caffeine,LYSMD2,LYSMD2,True
caffeine,MACO1,MACO1,True
caffeine,MAEL,MAEL,True
caffeine,MAGED2,MAGED2,True
caffeine,MAGI3,MAGI3,True
caffeine,MAML1,MAML1,True
caffeine,MAP1B,MAP1B,True
caffeine,MAP2K2,MAP2K2,True
caffeine,MAP2K7,MAP2K7,True
caffeine,MAP3K2,MAP3K2,True
caffeine,MAP4,MAP4,True
caffeine,MAP7D1,MAP7D1,True
caffeine,MAPK1,MAPK1,True
caffeine,MAPK3,MAPK3,True
caffeine,MAPK8IP3,MAPK8IP3,True
caffeine,MAPRE1,MAPRE1,True
caffeine,MARCHF11,MARCHF11,True
caffeine,MARK2,MARK2,True
caffeine,MAST4,MAST4,True
caffeine,MB21D2,MB21D2,True
caffeine,MC2R,MC2R,True
caffeine,MCM10,MCM10,True
caffeine,MCM9,MCM9,True
caffeine,MCRS1,MCRS1,True
caffeine,MDM2,MDM2,True
caffeine,RYR2,RYR2,True
caffeine,SLC41A3,SLC41A3,True
caffeine,SLC47A2,SLC47A2,True
caffeine,MTRR,MTRR,True
caffeine,MTUS1,MTUS1,True
caffeine,MUTYH,MUTYH,True
caffeine,SLC6A15,SLC6A15,True
caffeine,SLC6A8,SLC6A8,True
caffeine,MVK,MVK,True
caffeine,MYBPC3,MYBPC3,True
caffeine,MYH10,MYH10,True
caffeine,SLC9A7,SLC9A7,True
caffeine,SLCO4A1,SLCO4A1,True
caffeine,SLMAP,SLMAP,True
caffeine,MYLPFB,MYLPFB,True
caffeine,MYO1C,MYO1C,True
caffeine,SLX4,SLX4,True
caffeine,SMAD3,SMAD3,True
caffeine,SMARCA1,SMARCA1,True
caffeine,MYO9B,MYO9B,True
caffeine,NAA10,NAA10,True
caffeine,SMARCAL1,SMARCAL1,True
caffeine,SMC1A,SMC1A,True
caffeine,NAP1L1,NAP1L1,True
caffeine,NAT2,NAT2,True
caffeine,SMCR8,SMCR8,True
caffeine,SMG9,SMG9,True
caffeine,SMOX,SMOX,True
caffeine,NBN,NBN,True
caffeine,NCAPG,NCAPG,True
caffeine,NCK1,NCK1,True
caffeine,SMURF2,SMURF2,True
caffeine,SNAPIN,SNAPIN,True
caffeine,SNRNP200,SNRNP200,True
caffeine,NCL,NCL,True
caffeine,NCOA5,NCOA5,True
caffeine,NCR3LG1,NCR3LG1,True
caffeine,SNTB1,SNTB1,True
caffeine,SNW1,SNW1,True
caffeine,NDRG2,NDRG2,True
caffeine,NEB,NEB,True
caffeine,SNX17,SNX17,True
caffeine,SNX33,SNX33,True
caffeine,SOCS6,SOCS6,True
caffeine,NEDD4L,NEDD4L,True
caffeine,NEK1,NEK1,True
caffeine,NEK9,NEK9,True
caffeine,SOD2,SOD2,True
caffeine,SORBS2,SORBS2,True
caffeine,SOWAHA,SOWAHA,True
caffeine,NELFE,NELFE,True
caffeine,NEUROG2,NEUROG2,True
caffeine,NFATC2IP,NFATC2IP,True
caffeine,SOX5,SOX5,True
caffeine,SP1,SP1,True
caffeine,SP4,SP4,True
caffeine,NFE2L2,NFE2L2,True
caffeine,NFKB1,NFKB1,True
caffeine,NFKBIE,NFKBIE,True
caffeine,SPAG5,SPAG5,True
caffeine,SPAST,SPAST,True
caffeine,SPECC1L,SPECC1L,True
caffeine,NGDN,NGDN,True
caffeine,NHSL1,NHSL1,True
caffeine,NIN,NIN,True
caffeine,SPINDOC,SPINDOC,True
caffeine,SPP1,SPP1,True
caffeine,SPRED2,SPRED2,True
caffeine,NKD1,NKD1,True
caffeine,NMD3,NMD3,True
caffeine,SPRTN,SPRTN,True
caffeine,SPTAN1,SPTAN1,True
caffeine,SQLE,SQLE,True
caffeine,NOL12,NOL12,True
caffeine,NOLC1,NOLC1,True
caffeine,SQSTM1,SQSTM1,True
caffeine,SRCAP,SRCAP,True
caffeine,NOP56,NOP56,True
caffeine,NOS2,NOS2,True
caffeine,NPAS2,NPAS2,True
caffeine,NPHS1,NPHS1,True
caffeine,NPM2,NPM2,True
caffeine,SREK1,SREK1,True
caffeine,SRGAP1,SRGAP1,True
caffeine,NPSN,NPSN,True
caffeine,NR1H3,NR1H3,True
caffeine,NR3C1,NR3C1,True
caffeine,SRP9,SRP9,True
caffeine,SRRM1,SRRM1,True
caffeine,SRSF2,SRSF2,True
caffeine,NR3C1,NR3C1,True
caffeine,NRCAM,NRCAM,True
caffeine,NSA2,NSA2,True
caffeine,RBX1,RBX1,True
caffeine,RCOR2,RCOR2,True
caffeine,RELA,RELA,True
caffeine,REN,REN,True
caffeine,REPS1,REPS1,True
caffeine,RETREG2,RETREG2,True
caffeine,REXO1L1P,REXO1L1P,True
caffeine,RFLNB,RFLNB,True
caffeine,RFXAP,RFXAP,True
caffeine,RGPD3,RGPD3,True
caffeine,RGS2,RGS2,True
caffeine,RHPN2,RHPN2,True
caffeine,RICTOR,RICTOR,True
caffeine,RIN3,RIN3,True
caffeine,RIOK2,RIOK2,True
caffeine,RIPOR1,RIPOR1,True
caffeine,RMP64,RMP64,True
caffeine,RNF166,RNF166,True
caffeine,RNF213,RNF213,True
caffeine,RNF4,RNF4,True
caffeine,RNFT2,RNFT2,True
caffeine,ROCK1,ROCK1,True
caffeine,RPA2,RPA2,True
caffeine,RPGR,RPGR,True
caffeine,RPL17,RPL17,True
caffeine,RPL26,RPL26,True
caffeine,RPL36,RPL36,True
caffeine,RPL5,RPL5,True
caffeine,RPRD1B,RPRD1B,True
caffeine,RPS14,RPS14,True
caffeine,RPS2,RPS2,True
caffeine,RPS27,RPS27,True
caffeine,RPS3A,RPS3A,True
caffeine,RPS6,RPS6,True
caffeine,RPS6KA3,RPS6KA3,True
caffeine,RPS6KC1,RPS6KC1,True
caffeine,RPUSD2,RPUSD2,True
caffeine,RRM1,RRM1,True
caffeine,RRP15,RRP15,True
caffeine,RSBN1L,RSBN1L,True
caffeine,RSRC2,RSRC2,True
caffeine,RTN3,RTN3,True
caffeine,RUNX1,RUNX1,True
caffeine,RXRA,RXRA,True
caffeine,SRSF7,SRSF7,True
caffeine,NSRP1,NSRP1,True
caffeine,NUAK2,NUAK2,True
caffeine,NUDC,NUDC,True
caffeine,NUP153,NUP153,True
caffeine,NUP214,NUP214,True
caffeine,NUPR1,NUPR1,True
caffeine,OAT,OAT,True
caffeine,OGT,OGT,True
caffeine,OR4E1,OR4E1,True
caffeine,OSBPL11,OSBPL11,True
caffeine,OSER1,OSER1,True
caffeine,OTUB1,OTUB1,True
caffeine,OXR1,OXR1,True
caffeine,PA2G4,PA2G4,True
caffeine,PABPC1,PABPC1,True
caffeine,PACSIN3,PACSIN3,True
caffeine,PAK1,PAK1,True
caffeine,PAK1IP1,PAK1IP1,True
caffeine,PAK4,PAK4,True
caffeine,PALMD,PALMD,True
caffeine,PAPOLG,PAPOLG,True
caffeine,PARN,PARN,True
caffeine,PARP1,PARP1,True
caffeine,PARP1,PARP1,True
caffeine,PASK,PASK,True
caffeine,Adenosine receptor A2b,adenosine receptor a2b,False
caffeine,PAX3,PAX3,True
caffeine,PBX2,PBX2,True
caffeine,PCDHB12,PCDHB12,True
caffeine,Cyclic nucleotide phosphodiesterase,cyclic nucleotide phosphodiesterase,False
caffeine,Cyclic nucleotide phosphodiesterase,cyclic nucleotide phosphodiesterase,False
caffeine,PCLAF,PCLAF,True
caffeine,PCNT,PCNT,True
caffeine,Cyclic nucleotide phosphodiesterase,cyclic nucleotide phosphodiesterase,False
caffeine,Cyclic nucleotide phosphodiesterase,cyclic nucleotide phosphodiesterase,False
caffeine,PCYT2,PCYT2,True
caffeine,PDE11A,PDE11A,True
caffeine,Cyclic nucleotide phosphodiesterase,cyclic nucleotide phosphodiesterase,False
caffeine,"Glycogen phosphorylase, muscle form",glycogen phosphorylase muscle form,False
caffeine,PDE8A,PDE8A,True
caffeine,PDIA6,PDIA6,True
caffeine,"Phosphatidylinositol 4,5-bisphosphate 3-kinase catalytic subunit alpha isoform",phosphatidylinositol 4 5 bisphosphate 3 kinase catalytic subunit alpha isoform,False
caffeine,Serine/threonine-protein kinase ATR,serine threonine protein kinase atr,False
caffeine,PDLIM7,PDLIM7,True
caffeine,ADORA2A,ADORA2A,True
caffeine,PEAK1,PEAK1,True
caffeine,PELP1,PELP1,True
caffeine,CXADR,CXADR,True
caffeine,CXCL8,CXCL8,True
caffeine,CYC1,CYC1,True
caffeine,PFDN1,PFDN1,True
caffeine,PFKMA,PFKMA,True
caffeine,PGBD1,PGBD1,True
caffeine,CYP11B1,CYP11B1,True
caffeine,CYP17A1,CYP17A1,True
caffeine,CYP19A1B,CYP19A1B,True
caffeine,PGM1,PGM1,True
caffeine,PGRMC1,PGRMC1,True
caffeine,CYP1A1,CYP1A1,True
caffeine,CYP1A2,CYP1A2,True
caffeine,CYP1A2,CYP1A2,True
caffeine,CYP1A2,CYP1A2,True
caffeine,PHEX,PHEX,True
caffeine,PHF13,PHF13,True
caffeine,CYP1A2,CYP1A2,True
caffeine,CYP1B1,CYP1B1,True
caffeine,CYP2A4,CYP2A4,True
caffeine,SLC39A3,SLC39A3,True
caffeine,SLC47A1,SLC47A1,True
caffeine,SLC51B,SLC51B,True
caffeine,PDE4B,PDE4B,True
caffeine,SLC6A14,SLC6A14,True
caffeine,SLC6A3,SLC6A3,True
caffeine,SLC9A4,SLC9A4,True
caffeine,SLC9A6,SLC9A6,True
caffeine,SLCO1D1,SLCO1D1,True
caffeine,SLK,SLK,True
caffeine,SMAD2,SMAD2,True
caffeine,SMAD9,SMAD9,True
caffeine,SMARCAD1,SMARCAD1,True
caffeine,SMARCE1,SMARCE1,True
caffeine,SMC5,SMC5,True
caffeine,SMG8,SMG8,True
caffeine,SMNDC1,SMNDC1,True
caffeine,SMTN,SMTN,True
caffeine,SNAPC4,SNAPC4,True
caffeine,SNRK,SNRK,True
caffeine,SNTA1,SNTA1,True
caffeine,SNURF,SNURF,True
caffeine,SNX15,SNX15,True
caffeine,SNX30,SNX30,True
caffeine,SOBP,SOBP,True
caffeine,SORBS1,SORBS1,True
caffeine,SOS1,SOS1,True
caffeine,SOX4,SOX4,True
caffeine,SOX9,SOX9,True
caffeine,SP3,SP3,True
caffeine,SPAG1,SPAG1,True
caffeine,SPART,SPART,True
caffeine,SPECC1,SPECC1,True
caffeine,SPICE1,SPICE1,True
caffeine,SPOCK2,SPOCK2,True
caffeine,SPRED1,SPRED1,True
caffeine,SPRN,SPRN,True
caffeine,SPRYD3,SPRYD3,True
caffeine,SQLE,SQLE,True
caffeine,SQSTM1,SQSTM1,True
caffeine,SRC,SRC,True
caffeine,SREBF1,SREBF1,True
caffeine,SREBF2,SREBF2,True
caffeine,SRFBP1,SRFBP1,True
caffeine,SRP68,SRP68,True
caffeine,SRP72,SRP72,True
caffeine,SRPRB,SRPRB,True
caffeine,SRSF11,SRSF11,True
caffeine,SRSF4,SRSF4,True
caffeine,SSC4D,SSC4D,True
caffeine,NT5E,NT5E,True
caffeine,NUCB1,NUCB1,True
caffeine,NUMB,NUMB,True
caffeine,NUP205,NUP205,True
caffeine,NUP50,NUP50,True
caffeine,NUP93,NUP93,True
caffeine,NWD2,NWD2,True
caffeine,OCIAD1,OCIAD1,True
caffeine,OGA,OGA,True
caffeine,OLIG3,OLIG3,True
caffeine,ORC6,ORC6,True
caffeine,OSBP,OSBP,True
caffeine,OSBPL8,OSBPL8,True
caffeine,OSTF1,OSTF1,True
caffeine,OTUD5,OTUD5,True
caffeine,P2RY8,P2RY8,True
caffeine,PACS2,PACS2,True
caffeine,PAIP1,PAIP1,True
caffeine,PAK2,PAK2,True
caffeine,PALM2AKAP2,PALM2AKAP2,True
caffeine,PAN3,PAN3,True
caffeine,PANK4,PANK4,True
caffeine,PARD6B,PARD6B,True
caffeine,PARP1,PARP1,True
caffeine,PARP1,PARP1,True
caffeine,PARP4,PARP4,True
caffeine,PATZ1,PATZ1,True
caffeine,Adenosine receptor A1,adenosine receptor a1,False
caffeine,PBK,PBK,True
caffeine,PCBP1,PCBP1,True
caffeine,Cyclic nucleotide phosphodiesterase,cyclic nucleotide phosphodiesterase,False
caffeine,Cyclic nucleotide phosphodiesterase,cyclic nucleotide phosphodiesterase,False
caffeine,PCIF1,PCIF1,True
caffeine,PCNA,PCNA,True
caffeine,PCNX3,PCNX3,True
caffeine,Cyclic nucleotide phosphodiesterase,cyclic nucleotide phosphodiesterase,False
caffeine,Cyclic nucleotide phosphodiesterase,cyclic nucleotide phosphodiesterase,False
caffeine,PCYT1A,PCYT1A,True
caffeine,PDCD11,PDCD11,True
caffeine,Cyclic nucleotide phosphodiesterase,cyclic nucleotide phosphodiesterase,False
caffeine,PDE5A,PDE5A,True
caffeine,Amine oxidase [flavin-containing] B,amine oxidase flavin containing b,False
caffeine,"Inositol 1,4,5-trisphosphate receptor",inositol 1 4 5 trisphosphate receptor,False
caffeine,"Inositol 1,4,5-trisphosphate receptor",inositol 1 4 5 trisphosphate receptor,False
caffeine,PDIA3,PDIA3,True
caffeine,Ryanodine receptor 1,ryanodine receptor 1,False
caffeine,PDLIM2,PDLIM2,True
caffeine,GFAP,GFAP,True
caffeine,PDS5B,PDS5B,True
caffeine,CX3CL1,CX3CL1,True
caffeine,PDZD8,PDZD8,True
caffeine,PECR,PECR,True
caffeine,PEX13,PEX13,True
caffeine,CXCL8,CXCL8,True
caffeine,CYBA,CYBA,True
caffeine,PFKFB3,PFKFB3,True
caffeine,PFN1,PFN1,True
caffeine,PGCKA1,PGCKA1,True
caffeine,CYP11A1,CYP11A1,True
caffeine,CYP12D1-P,cyp12d1 p,False
caffeine,CYP1A2,CYP1A2,True
caffeine,PGK1,PGK1,True
caffeine,PGM2,PGM2,True
caffeine,PHACTR2,PHACTR2,True
caffeine,CYP1A,CYP1A,True
caffeine,CYP1A2,CYP1A2,True
caffeine,CYP1A2,CYP1A2,True
caffeine,CYP1A2,CYP1A2,True
caffeine,CYP1A2,CYP1A2,True
caffeine,PHB1,PHB1,True
caffeine,PHF1,PHF1,True
caffeine,PHF2,PHF2,True
caffeine,CYP1A2,CYP1A2,True
caffeine,CYP21A2,CYP21A2,True
caffeine,RYR1,RYR1,True
caffeine,RYR2,RYR2,True
caffeine,S100A13,S100A13,True
caffeine,SAFB2,SAFB2,True
caffeine,SAMD4B,SAMD4B,True
caffeine,SAP30BP,SAP30BP,True
caffeine,SATB2,SATB2,True
caffeine,SCAF1,SCAF1,True
caffeine,SCAMP3,SCAMP3,True
caffeine,SCAPER,SCAPER,True
caffeine,SCARB1,SCARB1,True
caffeine,SCD1,SCD1,True
caffeine,SCML2,SCML2,True
caffeine,SCRIB,SCRIB,True
caffeine,SEC13,SEC13,True
caffeine,SEC22B,SEC22B,True
caffeine,SEC23IP,SEC23IP,True
caffeine,SEC63,SEC63,True
caffeine,SEMA4G,SEMA4G,True
caffeine,SENP5,SENP5,True
caffeine,SEPTIN7,SEPTIN7,True
caffeine,SERPINB1,SERPINB1,True
caffeine,SETD1A,SETD1A,True
caffeine,SEZ6L2,SEZ6L2,True
caffeine,SF3B1,SF3B1,True
caffeine,SFPQ,SFPQ,True
caffeine,SFXN4,SFXN4,True
caffeine,SGTB,SGTB,True
caffeine,SH3BP1,SH3BP1,True
caffeine,SH3KBP1,SH3KBP1,True
caffeine,SHARPIN,SHARPIN,True
caffeine,SHB,SHB,True
caffeine,SHROOM2,SHROOM2,True
caffeine,SIGMAR1,SIGMAR1,True
caffeine,SIPA1L3,SIPA1L3,True
caffeine,SIRT1,SIRT1,True
caffeine,SIX4,SIX4,True
caffeine,SKIL,SKIL,True
caffeine,SLC12A2,SLC12A2,True
caffeine,SLC16A1,SLC16A1,True
caffeine,SLC17A5,SLC17A5,True
caffeine,SLC1A5,SLC1A5,True
caffeine,CYP2C19,CYP2C19,True
caffeine,A2A receptor,a2a receptor,False
caffeine,MTA2,MTA2,True
caffeine,SLC25A1,SLC25A1,True
caffeine,SLC29A1,SLC29A1,True
caffeine,SLC2A3,SLC2A3,True
caffeine,MTCL1,MTCL1,True
caffeine,MTFR1L,MTFR1L,True
caffeine,MTM1,MTM1,True
caffeine,SLC2A3,SLC2A3,True
caffeine,SLC35A5,SLC35A5,True
caffeine,SLC38A10,SLC38A10,True
caffeine,MTMR12,MTMR12,True
caffeine,MTMR6,MTMR6,True
caffeine,MTOR,MTOR,True
caffeine,PDE4B,PDE4B,True
caffeine,CYP2C9,CYP2C9,True
caffeine,CYP3A4,CYP3A4,True
caffeine,CYP4E2,CYP4E2,True
caffeine,CYP6A8,CYP6A8,True
caffeine,CYP6W1,CYP6W1,True
caffeine,DAB2IP,DAB2IP,True
caffeine,DAZAP1,DAZAP1,True
caffeine,DCAF1,DCAF1,True
caffeine,DCAF12,DCAF12,True
caffeine,DCBLD1,DCBLD1,True
caffeine,DCLRE1A,DCLRE1A,True
caffeine,DCTN4,DCTN4,True
caffeine,DDI2,DDI2,True
caffeine,DDX19A,DDX19A,True
caffeine,DDX31,DDX31,True
caffeine,DDX3X,DDX3X,True
caffeine,DDX47,DDX47,True
caffeine,DDX55,DDX55,True
caffeine,DENND4C,DENND4C,True
caffeine,DFFA,DFFA,True
caffeine,TRPC1,TRPC1,True
caffeine,SSX2IP,SSX2IP,True
caffeine,STAM,STAM,True
caffeine,DHCR24,DHCR24,True
caffeine,DHX29,DHX29,True
caffeine,DIAPH1,DIAPH1,True
caffeine,STAR,STAR,True
caffeine,STAT1,STAT1,True
caffeine,STAU1,STAU1,True
caffeine,DIDO1,DIDO1,True
caffeine,DKC1,DKC1,True
caffeine,DLGAP4,DLGAP4,True
caffeine,STEAP1,STEAP1,True
caffeine,STIP1,STIP1,True
caffeine,DMAP1,DMAP1,True
caffeine,DMXL1,DMXL1,True
caffeine,DNAJB13,DNAJB13,True
caffeine,STK32C,STK32C,True
caffeine,STOX1,STOX1,True
caffeine,DNAJB6,DNAJB6,True
caffeine,DNAJC2,DNAJC2,True
caffeine,DNMT1,DNMT1,True
caffeine,STRN3,STRN3,True
caffeine,STX16,STX16,True
caffeine,STX6,STX6,True
caffeine,STX7,STX7,True
caffeine,SUB1,SUB1,True
caffeine,SUGP2,SUGP2,True
caffeine,DNMT3B,DNMT3B,True
caffeine,DOCK4,DOCK4,True
caffeine,DOK4,DOK4,True
caffeine,DOT1L,DOT1L,True
caffeine,DPP9,DPP9,True
caffeine,DRD2,DRD2,True
caffeine,SULT2A1,SULT2A1,True
caffeine,SUPT5H,SUPT5H,True
caffeine,SUV39H1,SUV39H1,True
caffeine,ADORA2A,ADORA2A,True
caffeine,DST,DST,True
caffeine,DTNBP1,DTNBP1,True
caffeine,SVBP,SVBP,True
caffeine,SYN1,SYN1,True
caffeine,SYNJ1,SYNJ1,True
caffeine,SSBP3,SSBP3,True
caffeine,Adenosine receptor A2a,adenosine receptor a2a,False
caffeine,Serine-protein kinase ATM,serine protein kinase atm,False
caffeine,Cyclic nucleotide phosphodiesterase,cyclic nucleotide phosphodiesterase,False
caffeine,Cyclic nucleotide phosphodiesterase,cyclic nucleotide phosphodiesterase,False
caffeine,ADORA1,ADORA1,True
caffeine,Cyclic nucleotide phosphodiesterase,cyclic nucleotide phosphodiesterase,False
caffeine,Cyclic nucleotide phosphodiesterase,cyclic nucleotide phosphodiesterase,False
caffeine,Cyclic nucleotide phosphodiesterase,cyclic nucleotide phosphodiesterase,False
caffeine,"cAMP-specific 3',5'-cyclic phosphodiesterase 4B",camp specific 3 5 cyclic phosphodiesterase 4b,False
caffeine,"Inositol 1,4,5-trisphosphate receptor",inositol 1 4 5 trisphosphate receptor,False
caffeine,"Phosphatidylinositol 4,5-bisphosphate 3-kinase catalytic subunit delta isoform",phosphatidylinositol 4 5 bisphosphate 3 kinase catalytic subunit delta isoform,False
caffeine,CAMK2B,CAMK2B,True
caffeine,ADORA3,ADORA3,True
caffeine,CXCL16,CXCL16,True
caffeine,CYB5B,CYB5B,True
caffeine,CYFIP1,CYFIP1,True
caffeine,CYP12D1-D,cyp12d1 d,False
caffeine,CYP1A2,CYP1A2,True
caffeine,CYP1A2,CYP1A2,True
caffeine,CYP1A2,CYP1A2,True
caffeine,CYP1A2,CYP1A2,True
caffeine,CYP1A2,CYP1A2,True
caffeine,CYP1A2,CYP1A2,True
caffeine,CYP1A2,CYP1A2,True
caffeine,CYP21A1,CYP21A1,True
caffeine,CYP2A6,CYP2A6,True
caffeine,PHF3,PHF3,True
caffeine,PHKA2,PHKA2,True
caffeine,PHLDB2,PHLDB2,True
caffeine,PI4K2A,PI4K2A,True
caffeine,PIAS1,PIAS1,True
caffeine,CYP3A4,CYP3A4,True
caffeine,CYP4D14,CYP4D14,True
caffeine,PIEZO1,PIEZO1,True
caffeine,CYP6G1,CYP6G1,True
caffeine,PIK3C2A,PIK3C2A,True
caffeine,DAB2,DAB2,True
caffeine,PIP4K2B,PIP4K2B,True
caffeine,PITPNM1,PITPNM1,True
caffeine,PKM,PKM,True
caffeine,PKN3,PKN3,True
caffeine,DAXX,DAXX,True
caffeine,DBNL,DBNL,True
caffeine,DCAF11,DCAF11,True
caffeine,PKP2,PKP2,True
caffeine,PLCB1,PLCB1,True
caffeine,PLCG1,PLCG1,True
caffeine,Adenosine A2a receptor (ADORA2A),adenosine a2a receptor,False
caffeine,DCAF6,DCAF6,True
caffeine,DCK,DCK,True
caffeine,PLEKHA1,PLEKHA1,True
caffeine,PLEKHA5,PLEKHA5,True
caffeine,PLEKHG3,PLEKHG3,True
caffeine,PLEKHG5,PLEKHG5,True
caffeine,PLIN2,PLIN2,True
caffeine,PLP1,PLP1,True
caffeine,DCTN2,DCTN2,True
caffeine,DDHD1,DDHD1,True
caffeine,DDX10,DDX10,True
caffeine,PML,PML,True
caffeine,PNKP,PNKP,True
caffeine,DDX18,DDX18,True
caffeine,DDX24,DDX24,True
caffeine,DDX39B,DDX39B,True
caffeine,PNPLA8,PNPLA8,True
caffeine,POLA2,POLA2,True
caffeine,POLM,POLM,True
caffeine,DDX46,DDX46,True
caffeine,DDX54,DDX54,True
caffeine,DEK,DEK,True
caffeine,POM121C,POM121C,True
caffeine,POTEE,POTEE,True
caffeine,DENND4A,DENND4A,True
caffeine,DEPDC5,DEPDC5,True
caffeine,DGKK,DGKK,True
caffeine,PPARG,PPARG,True
caffeine,PPFIA3,PPFIA3,True
caffeine,PPHLN1,PPHLN1,True
caffeine,SHH,SHH,True
caffeine,SSR3,SSR3,True
caffeine,STAG2,STAG2,True
caffeine,DGKZ,DGKZ,True
caffeine,DHX16,DHX16,True
caffeine,DHX8,DHX8,True
caffeine,PPIG,PPIG,True
caffeine,PPM1B,PPM1B,True
caffeine,STAR,STAR,True
caffeine,STARD4,STARD4,True
caffeine,STAT6,STAT6,True
caffeine,DICER1,DICER1,True
caffeine,DIS3L2,DIS3L2,True
caffeine,DLG5,DLG5,True
caffeine,STC2,STC2,True
caffeine,STIM2,STIM2,True
caffeine,STK17A,STK17A,True
caffeine,PPP1CA,PPP1CA,True
caffeine,PPP1R12A,PPP1R12A,True
caffeine,PPP1R16A,PPP1R16A,True
caffeine,DLX2,DLX2,True
caffeine,DMWD,DMWD,True
caffeine,DNAJA1,DNAJA1,True
caffeine,STK32B,STK32B,True
caffeine,STMN1,STMN1,True
caffeine,STRBP,STRBP,True
caffeine,PPP1R3E,PPP1R3E,True
caffeine,PPP2R2B,PPP2R2B,True
caffeine,PPP4R1,PPP4R1,True
caffeine,DNAJC16,DNAJC16,True
caffeine,DNMBP,DNMBP,True
caffeine,STRN,STRN,True
caffeine,STX12,STX12,True
caffeine,STX4A,STX4A,True
caffeine,PPP6R2,PPP6R2,True
caffeine,PRAG1,PRAG1,True
caffeine,STXBP5,STXBP5,True
caffeine,SUFU,SUFU,True
caffeine,DNMT3A,DNMT3A,True
caffeine,DOCK1,DOCK1,True
caffeine,DOK1,DOK1,True
caffeine,PRICKLE2,PRICKLE2,True
caffeine,PRKAA1,PRKAA1,True
caffeine,DOP1B,DOP1B,True
caffeine,DPP4,DPP4,True
caffeine,DRD2,DRD2,True
caffeine,SULT1A4,SULT1A4,True
caffeine,SUPT20H,SUPT20H,True
caffeine,SURF6,SURF6,True
caffeine,DRD2,DRD2,True
caffeine,FGF2,FGF2,True
caffeine,PRKAR1A,PRKAR1A,True
caffeine,PRKCD,PRKCD,True
caffeine,DSP,DSP,True
caffeine,DTNA,DTNA,True
caffeine,DUS3L,DUS3L,True
caffeine,SYMPK,SYMPK,True
caffeine,SYNE2,SYNE2,True
caffeine,PRKDC,PRKDC,True
caffeine,PRMT3,PRMT3,True
caffeine,SLC39A11,SLC39A11,True
caffeine,SLC43A2,SLC43A2,True
caffeine,SLC4A7,SLC4A7,True
caffeine,SLC60A2,SLC60A2,True
caffeine,SLC6A3,SLC6A3,True
caffeine,SLC8B1,SLC8B1,True
caffeine,SLC9B2,SLC9B2,True
caffeine,SLF2,SLF2,True
caffeine,SMAD1,SMAD1,True
caffeine,SMAD5,SMAD5,True
caffeine,SMARCA5,SMARCA5,True
caffeine,SMARCC2,SMARCC2,True
caffeine,SMC4,SMC4,True
caffeine,SMG7,SMG7,True
caffeine,SMN1,SMN1,True
caffeine,SMPD4,SMPD4,True
caffeine,SNAP25,SNAP25,True
caffeine,SNIP1,SNIP1,True
caffeine,SNRPC,SNRPC,True
caffeine,SNUPN,SNUPN,True
caffeine,SNX13,SNX13,True
caffeine,SNX3,SNX3,True
caffeine,SNX9,SNX9,True
caffeine,SOD1,SOD1,True
caffeine,SON,SON,True
caffeine,SORL1,SORL1,True
caffeine,SOX13,SOX13,True
caffeine,SOX9,SOX9,True
caffeine,SP2,SP2,True
caffeine,SPAG9,SPAG9,True
caffeine,SPATS2L,SPATS2L,True
caffeine,SPHKAP,SPHKAP,True
caffeine,SPIRE2,SPIRE2,True
caffeine,SPR,SPR,True
caffeine,SPRY4,SPRY4,True
caffeine,SQLE,SQLE,True
caffeine,SQSTM1,SQSTM1,True
caffeine,SRBD1,SRBD1,True
caffeine,SREBF1,SREBF1,True
caffeine,SREBF2,SREBF2,True
caffeine,SRF,SRF,True
caffeine,SRM,SRM,True
caffeine,SRPK2,SRPK2,True
caffeine,SRSF1,SRSF1,True
caffeine,MED12,MED12,True
caffeine,MED17,MED17,True
caffeine,MEF2A,MEF2A,True
caffeine,MELK,MELK,True
caffeine,MET,MET,True
caffeine,METTL25,METTL25,True
caffeine,METTL3,METTL3,True
caffeine,MFF,MFF,True
caffeine,MFSD6,MFSD6,True
caffeine,MGST1,MGST1,True
caffeine,MICAL1,MICAL1,True
caffeine,MIDEAS,MIDEAS,True
caffeine,"cGMP-inhibited 3',5'-cyclic phosphodiesterase 3B",cgmp inhibited 3 5 cyclic phosphodiesterase 3b,False
caffeine,"3',5'-cyclic-AMP phosphodiesterase 4B",3 5 cyclic amp phosphodiesterase 4b,False
caffeine,"3',5'-cyclic-AMP phosphodiesterase 4C",3 5 cyclic amp phosphodiesterase 4c,False
caffeine,MIER2,MIER2,True
caffeine,MINDY1,MINDY1,True
caffeine,MIR101A,MIR101A,True
caffeine,"3',5'-cyclic-AMP phosphodiesterase 7B",3 5 cyclic amp phosphodiesterase 7b,False
caffeine,"cGMP-inhibited 3',5'-cyclic phosphodiesterase 3B",cgmp inhibited 3 5 cyclic phosphodiesterase 3b,False
caffeine,"Dual specificity calcium/calmodulin-dependent 3',5'-cyclic nucleotide phosphodiesterase 1A",dual specificity calcium calmodulin dependent 3 5 cyclic nucleotide phosphodiesterase 1a,False
caffeine,MISP,MISP,True
caffeine,MLF2,MLF2,True
caffeine,"Dual specificity calcium/calmodulin-dependent 3',5'-cyclic nucleotide phosphodiesterase 1B",dual specificity calcium calmodulin dependent 3 5 cyclic nucleotide phosphodiesterase 1b,False
caffeine,"High affinity cAMP-specific and IBMX-insensitive 3',5'-cyclic phosphodiesterase 8B",high affinity camp specific and ibmx insensitive 3 5 cyclic phosphodiesterase 8b,False
caffeine,DNA-dependent protein kinase catalytic subunit,dna dependent protein kinase catalytic subunit,False
caffeine,MMP13,MMP13,True
caffeine,MNDA,MNDA,True
caffeine,"Inositol 1,4,5-trisphosphate-gated calcium channel ITPR1",inositol 1 4 5 trisphosphate gated calcium channel itpr1,False
caffeine,Cytochrome P450 1A2,cytochrome p450 1a2,False
caffeine,Cytochrome P450 2C9,cytochrome p450 2c9,False
caffeine,Broad substrate specificity ATP-binding cassette transporter ABCG2,broad substrate specificity atp binding cassette transporter abcg2,False
caffeine,MORC2,MORC2,True
caffeine,MPG,MPG,True
caffeine,RyR2,ryr2,False
caffeine,MPRIP,MPRIP,True
caffeine,MRM3,MRM3,True
caffeine,MRPL4,MRPL4,True
caffeine,MRTFB,MRTFB,True
caffeine,MSL1,MSL1,True
caffeine,NSFL1C,NSFL1C,True
caffeine,NTRK2,NTRK2,True
caffeine,NUCKS1,NUCKS1,True
caffeine,NUP133,NUP133,True
caffeine,NUP210,NUP210,True
caffeine,NUP58,NUP58,True
caffeine,NUP98,NUP98,True
caffeine,NXF1,NXF1,True
caffeine,OCLN,OCLN,True
caffeine,OGFR,OGFR,True
caffeine,OPTN,OPTN,True
caffeine,ORM1,ORM1,True
caffeine,OSBPL10,OSBPL10,True
caffeine,OSBPL9,OSBPL9,True
caffeine,OSTM1,OSTM1,True
caffeine,OTPA,OTPA,True
caffeine,OTUD7B,OTUD7B,True
caffeine,P3H3,P3H3,True
caffeine,PABIR2,PABIR2,True
caffeine,PACSIN2,PACSIN2,True
caffeine,PAK1,PAK1,True
caffeine,PAK2,PAK2,True
caffeine,PALM3,PALM3,True
caffeine,PAPOLA,PAPOLA,True
caffeine,PARG,PARG,True
caffeine,PARP1,PARP1,True
caffeine,PARP1,PARP1,True
caffeine,PARVG,PARVG,True
caffeine,PAWR,PAWR,True
caffeine,PBRM1,PBRM1,True
caffeine,PCBP2,PCBP2,True
caffeine,PCK2,PCK2,True
caffeine,PCNP,PCNP,True
caffeine,PCSK9,PCSK9,True
caffeine,PCYT1B,PCYT1B,True
caffeine,PDCD4,PDCD4,True
caffeine,PDE5A,PDE5A,True
caffeine,PDIA4,PDIA4,True
caffeine,PDLIM5,PDLIM5,True
caffeine,PEA15,PEA15,True
caffeine,PEG3,PEG3,True
caffeine,PEX14,PEX14,True
caffeine,PFKM,PFKM,True
caffeine,PGAP2,PGAP2,True
caffeine,PGK2,PGK2,True
caffeine,PGR,PGR,True
caffeine,PHACTR4,PHACTR4,True
caffeine,PHC3,PHC3,True
caffeine,PHF10,PHF10,True
caffeine,PHF23,PHF23,True
caffeine,DUSP8,DUSP8,True
caffeine,DYNC1H1,DYNC1H1,True
caffeine,DYRK1A,DYRK1A,True
caffeine,SYTL1,SYTL1,True
caffeine,TAB2,TAB2,True
caffeine,MTSS1,MTSS1,True
caffeine,MUC16,MUC16,True
caffeine,MVB12B,MVB12B,True
caffeine,E2F4,E2F4,True
caffeine,EAF2,EAF2,True
caffeine,ECD,ECD,True
caffeine,TAF1C,TAF1C,True
caffeine,TAF4,TAF4,True
caffeine,TAF9,TAF9,True
caffeine,MYBBP1A,MYBBP1A,True
caffeine,MYC,MYC,True
caffeine,ECI2,ECI2,True
caffeine,EDC4,EDC4,True
caffeine,EEF1A1,EEF1A1,True
caffeine,TANC1,TANC1,True
caffeine,TAPT1,TAPT1,True
caffeine,TASOR2,TASOR2,True
caffeine,MYL6B,MYL6B,True
caffeine,MYO18A,MYO18A,True
caffeine,MYO5A,MYO5A,True
caffeine,TBC1D16,TBC1D16,True
caffeine,TBC1D23,TBC1D23,True
caffeine,TBC1D8,TBC1D8,True
caffeine,EEF1AKMT1,EEF1AKMT1,True
caffeine,EEF1D,EEF1D,True
caffeine,EEF2K,EEF2K,True
caffeine,MYO7A,MYO7A,True
caffeine,MYRF,MYRF,True
caffeine,NAB1,NAB1,True
caffeine,TBC1D8B,TBC1D8B,True
caffeine,TBK1,TBK1,True
caffeine,TBX2,TBX2,True
caffeine,EFNA1,EFNA1,True
caffeine,EGFL7,EGFL7,True
caffeine,NADK2,NADK2,True
caffeine,NASP,NASP,True
caffeine,NAV2,NAV2,True
caffeine,TCF12,TCF12,True
caffeine,TCHP,TCHP,True
caffeine,TDO2,TDO2,True
caffeine,EHBP1L1,EHBP1L1,True
caffeine,EHHADH,EHHADH,True
caffeine,NCAPD2,NCAPD2,True
caffeine,NCBP3,NCBP3,True
caffeine,EIF2AK1,EIF2AK1,True
caffeine,EIF2S2,EIF2S2,True
caffeine,TDP2,TDP2,True
caffeine,TEAD3,TEAD3,True
caffeine,TET2,TET2,True
caffeine,NCOA2,NCOA2,True
caffeine,NCOR1,NCOR1,True
caffeine,NDC80,NDC80,True
caffeine,EIF3H,EIF3H,True
caffeine,EIF3M,EIF3M,True
caffeine,TEX2,TEX2,True
caffeine,TFDP1,TFDP1,True
caffeine,TFPT,TFPT,True
caffeine,NDEL1,NDEL1,True
caffeine,NDUFB5,NDUFB5,True
caffeine,NECTIN2,NECTIN2,True
caffeine,EIF4E,EIF4E,True
caffeine,EIF4ENIF1,EIF4ENIF1,True
caffeine,EIF5,EIF5,True
caffeine,TGFBR1,TGFBR1,True
caffeine,TGS1,TGS1,True
caffeine,NECTIN3,NECTIN3,True
caffeine,NEFH,NEFH,True
caffeine,NEK4,NEK4,True
caffeine,EIPR1,EIPR1,True
caffeine,ELF2,ELF2,True
caffeine,ELL2,ELL2,True
caffeine,THOC1,THOC1,True
caffeine,THRAP3,THRAP3,True
caffeine,THUMPD3,THUMPD3,True
caffeine,NES,NES,True
caffeine,NFAT5,NFAT5,True
caffeine,ELP3,ELP3,True
caffeine,EMG1,EMG1,True
caffeine,NFIC,NFIC,True
caffeine,NFKB2,NFKB2,True
caffeine,NFRKB,NFRKB,True
caffeine,TICRR,TICRR,True
caffeine,TJAP1,TJAP1,True
caffeine,TKT,TKT,True
caffeine,ENO2,ENO2,True
caffeine,EP400,EP400,True
caffeine,NFX1,NFX1,True
caffeine,NHERF1,NHERF1,True
caffeine,NIBAN2,NIBAN2,True
caffeine,TLN1,TLN1,True
caffeine,TMC7,TMC7,True
caffeine,NISCH,NISCH,True
caffeine,NKTR,NKTR,True
caffeine,NMNAT1,NMNAT1,True
caffeine,EPC1,EPC1,True
caffeine,EPHA1,EPHA1,True
caffeine,EPPK1,EPPK1,True
caffeine,TMED5,TMED5,True
caffeine,TMEM106B,TMEM106B,True
caffeine,TMEM169,TMEM169,True
caffeine,NOC2L,NOC2L,True
caffeine,NOL4L,NOL4L,True
caffeine,NONO,NONO,True
caffeine,EPS15,EPS15,True
caffeine,EPS8L3,EPS8L3,True
caffeine,ERBIN,ERBIN,True
caffeine,TMEM230,TMEM230,True
caffeine,TMEM45B,TMEM45B,True
caffeine,ERCC5,ERCC5,True
caffeine,ERF,ERF,True
caffeine,NOS1AP,NOS1AP,True
caffeine,NOSIP,NOSIP,True
caffeine,ESCO2,ESCO2,True
caffeine,ESPN,ESPN,True
caffeine,ESYT2,ESYT2,True
caffeine,TMIGD2,TMIGD2,True
caffeine,TMUB1,TMUB1,True
caffeine,NPHP4,NPHP4,True
caffeine,NPL,NPL,True
caffeine,NPPA,NPPA,True
caffeine,NQO1,NQO1,True
caffeine,NR2F6,NR2F6,True
caffeine,ETV3,ETV3,True
caffeine,EVA1A,EVA1A,True
caffeine,EXOC4,EXOC4,True
caffeine,TNF,TNF,True
caffeine,TNFAIP3,TNFAIP3,True
caffeine,TNFSF4,TNFSF4,True
caffeine,NR5A1,NR5A1,True
caffeine,NRIP1,NRIP1,True
caffeine,NSF,NSF,True
caffeine,CYP2E1,CYP2E1,True
caffeine,CYP4B1,CYP4B1,True
caffeine,CYP6A21,CYP6A21,True
caffeine,CYP6D5,CYP6D5,True
caffeine,DAAM1,DAAM1,True
caffeine,DAGLB,DAGLB,True
caffeine,DAPK3,DAPK3,True
caffeine,DBN1,DBN1,True
caffeine,DCAF11,DCAF11,True
caffeine,DCAF5,DCAF5,True
caffeine,DCDC2,DCDC2,True
caffeine,DCP1B,DCP1B,True
caffeine,DCT,DCT,True
caffeine,DCXR,DCXR,True
caffeine,DDRGK1,DDRGK1,True
caffeine,RYR3,RYR3,True
caffeine,DDX17,DDX17,True
caffeine,DDX21,DDX21,True
caffeine,DDX39A,DDX39A,True
caffeine,DDX42,DDX42,True
caffeine,DDX51,DDX51,True
caffeine,DEAF1,DEAF1,True
caffeine,DENND2B,DENND2B,True
caffeine,DENND6A,DENND6A,True
caffeine,DGCR8,DGCR8,True
caffeine,CYP3A4,CYP3A4,True
caffeine,SSH2,SSH2,True
caffeine,STAG1,STAG1,True
caffeine,DGKQ,DGKQ,True
caffeine,DHODH,DHODH,True
caffeine,DHX36,DHX36,True
caffeine,STAR,STAR,True
caffeine,STARD3NL,STARD3NL,True
caffeine,STAT5B,STAT5B,True
caffeine,DIAPH3,DIAPH3,True
caffeine,DIP2B,DIP2B,True
caffeine,DLG1,DLG1,True
caffeine,STBD1,STBD1,True
caffeine,STIM1,STIM1,True
caffeine,STK11IP,STK11IP,True
caffeine,DLGAP5,DLGAP5,True
caffeine,DMTN,DMTN,True
caffeine,DNAJA1,DNAJA1,True
caffeine,STK3,STK3,True
caffeine,STMN1,STMN1,True
caffeine,STRADB,STRADB,True
caffeine,DNAJC12,DNAJC12,True
caffeine,DNM2,DNM2,True
caffeine,DNMT3A,DNMT3A,True
caffeine,STRIP1,STRIP1,True
caffeine,STX10,STX10,True
caffeine,STX4,STX4,True
caffeine,STXBP4,STXBP4,True
caffeine,SUDS3,SUDS3,True
caffeine,SULT1A1,SULT1A1,True
caffeine,DNTTIP2,DNTTIP2,True
caffeine,DOCK7,DOCK7,True
caffeine,DOP1A,DOP1A,True
caffeine,DPM1,DPM1,True
caffeine,DR1,DR1,True
caffeine,SUN2,SUN2,True
caffeine,SUPT7L,SUPT7L,True
caffeine,OGG1,OGG1,True
caffeine,DSC2,DSC2,True
caffeine,DTL,DTL,True
caffeine,DTX4,DTX4,True
caffeine,SYAP1,SYAP1,True
caffeine,SYNE1,SYNE1,True
caffeine,SYNPO,SYNPO,True
caffeine,Ecto-5'-nucleotidase (CD73),ecto 5 nucleotidase,False
caffeine,SLC38A7,SLC38A7,True
caffeine,SLC43A1,SLC43A1,True
caffeine,SLC4A2,SLC4A2,True
caffeine,SLC5A8,SLC5A8,True
caffeine,SLC6A15,SLC6A15,True
caffeine,SLC7A6OS,SLC7A6OS,True
caffeine,SLC9A8,SLC9A8,True
caffeine,SLCO4C1,SLCO4C1,True
caffeine,SLTM,SLTM,True
caffeine,SLX9,SLX9,True
caffeine,SMAD3,SMAD3,True
caffeine,SMARCA2,SMARCA2,True
caffeine,Adenosine A1 receptor (ADORA1),adenosine a1 receptor,False
caffeine,SMARCA4,SMARCA4,True
caffeine,SMARCC1,SMARCC1,True
caffeine,SMC3,SMC3,True
caffeine,SMG1,SMG1,True
caffeine,SMIM1,SMIM1,True
caffeine,SMPD3,SMPD3,True
caffeine,SNAP23,SNAP23,True
caffeine,SND1,SND1,True
caffeine,SNRNP40,SNRNP40,True
caffeine,SNRPA1,SNRPA1,True
caffeine,SNTB2,SNTB2,True
caffeine,SNX1,SNX1,True
caffeine,SNX2,SNX2,True
caffeine,SNX8,SNX8,True
caffeine,SOD1,SOD1,True
caffeine,SOD2,SOD2,True
caffeine,SORBS3,SORBS3,True
caffeine,SOWAHA,SOWAHA,True
caffeine,SOX9,SOX9,True
caffeine,SP100,SP100,True
caffeine,SP5,SP5,True
caffeine,SPAG7,SPAG7,True
caffeine,SPATA18,SPATA18,True
caffeine,SPEN,SPEN,True
caffeine,SPIRE1,SPIRE1,True
caffeine,SPP1,SPP1,True
caffeine,SPRY1,SPRY1,True
caffeine,SPTBN1,SPTBN1,True
caffeine,SQSTM1,SQSTM1,True
caffeine,SQSTM1,SQSTM1,True
caffeine,SRARP,SRARP,True
caffeine,SRCIN1,SRCIN1,True
caffeine,SREK1IP1,SREK1IP1,True
caffeine,SRGAP2,SRGAP2,True
caffeine,SRPK1,SRPK1,True
caffeine,SRRM2,SRRM2,True
caffeine,SRSF2,SRSF2,True
caffeine,RYR1,RYR1,True
caffeine,RYR1,RYR1,True
caffeine,RYR3,RYR3,True
caffeine,SACS,SACS,True
caffeine,SAMD1,SAMD1,True
caffeine,SAP130,SAP130,True
caffeine,SART3,SART3,True
caffeine,SBNO1,SBNO1,True
caffeine,SCAF8,SCAF8,True
caffeine,SCAND1,SCAND1,True
caffeine,SCARB1,SCARB1,True
caffeine,SCCPDH,SCCPDH,True
caffeine,SCFD1,SCFD1,True
caffeine,SCN9A,SCN9A,True
caffeine,SDCBP,SDCBP,True
caffeine,SEC16A,SEC16A,True
caffeine,SEC31A,SEC31A,True
caffeine,SELENON,SELENON,True
caffeine,SEMA6B,SEMA6B,True
caffeine,SENP6,SENP6,True
caffeine,SERBP1,SERBP1,True
caffeine,SERPINA1,SERPINA1,True
caffeine,SERTAD4-AS1,sertad4 as1,False
caffeine,SETD2,SETD2,True
caffeine,SETDB1,SETDB1,True
caffeine,SF3A1,SF3A1,True
caffeine,SFPQ,SFPQ,True
caffeine,SFSWAP,SFSWAP,True
caffeine,SGPP1,SGPP1,True
caffeine,SH2D3A,SH2D3A,True
caffeine,SH3GL1,SH3GL1,True
caffeine,SH3PXD2B,SH3PXD2B,True
caffeine,SHLD1,SHLD1,True
caffeine,SIAH2,SIAH2,True
caffeine,SIPA1,SIPA1,True
caffeine,SIRT1,SIRT1,True
caffeine,SIRT3,SIRT3,True
caffeine,SKI,SKI,True
caffeine,SLA2,SLA2,True
caffeine,SLC12A6,SLC12A6,True
caffeine,SLC16A6,SLC16A6,True
caffeine,SLC19A2,SLC19A2,True
caffeine,SLC20A2,SLC20A2,True
caffeine,SLC22A17,SLC22A17,True
caffeine,SLC25A46,SLC25A46,True
caffeine,SLC2A1,SLC2A1,True
caffeine,SLC30A1,SLC30A1,True
caffeine,SLC35F6,SLC35F6,True
caffeine,SLC38A3,SLC38A3,True
caffeine,LPAR2,LPAR2,True
caffeine,PHF8,PHF8,True
caffeine,PHLDA3,PHLDA3,True
caffeine,PHLPP1,PHLPP1,True
caffeine,DUSP11,DUSP11,True
caffeine,DVL2,DVL2,True
caffeine,DYNC1LI1,DYNC1LI1,True
caffeine,SYT10,SYT10,True
caffeine,SZT2,SZT2,True
caffeine,TACC2,TACC2,True
caffeine,PHRF1,PHRF1,True
caffeine,PI4KA,PI4KA,True
caffeine,PIDD1,PIDD1,True
caffeine,DZIP3,DZIP3,True
caffeine,E2F8,E2F8,True
caffeine,EBP,EBP,True
caffeine,TAF2,TAF2,True
caffeine,TAF6L,TAF6L,True
caffeine,PIGG,PIGG,True
caffeine,PIMREG,PIMREG,True
caffeine,PIP5K1C,PIP5K1C,True
caffeine,ECE2,ECE2,True
caffeine,ECT2,ECT2,True
caffeine,EEA1,EEA1,True
caffeine,TAOK1,TAOK1,True
caffeine,TARDBP,TARDBP,True
caffeine,PIP5K1C,PIP5K1C,True
caffeine,PJA2,PJA2,True
caffeine,PKN1,PKN1,True
caffeine,TAX1BP3,TAX1BP3,True
caffeine,TBC1D22A,TBC1D22A,True
caffeine,TBC1D4,TBC1D4,True
caffeine,EEF1B2,EEF1B2,True
caffeine,EEF2,EEF2,True
caffeine,PKP4,PKP4,True
caffeine,PLCB3,PLCB3,True
caffeine,TBC1D9B,TBC1D9B,True
caffeine,TBRG1,TBRG1,True
caffeine,TCEA1,TCEA1,True
caffeine,EFEMP2A,EFEMP2A,True
caffeine,EFR3A,EFR3A,True
caffeine,EGR1,EGR1,True
caffeine,PLEC,PLEC,True
caffeine,PLEKHA3,PLEKHA3,True
caffeine,PLEKHA7,PLEKHA7,True
caffeine,PLEKHO2,PLEKHO2,True
caffeine,PLK1,PLK1,True
caffeine,PLPP7,PLPP7,True
caffeine,TCEA3,TCEA3,True
caffeine,TCF20,TCF20,True
caffeine,TCP1,TCP1,True
caffeine,EHBP1,EHBP1,True
caffeine,EHD2,EHD2,True
caffeine,EI24,EI24,True
caffeine,PLS3,PLS3,True
caffeine,PMPCB,PMPCB,True
caffeine,EIF1B,EIF1B,True
caffeine,EIF2AK4,EIF2AK4,True
caffeine,PNP,PNP,True
caffeine,EIF3B,EIF3B,True
caffeine,TDRD7,TDRD7,True
caffeine,TEPSIN,TEPSIN,True
caffeine,POF1B,POF1B,True
caffeine,POLI,POLI,True
caffeine,POLR1F,POLR1F,True
caffeine,EIF3F,EIF3F,True
caffeine,EIF3K,EIF3K,True
caffeine,EIF4B,EIF4B,True
caffeine,TFAP4,TFAP4,True
caffeine,TFG,TFG,True
caffeine,TFRC,TFRC,True
caffeine,POLR3D,POLR3D,True
caffeine,POP1,POP1,True
caffeine,POTEKP,POTEKP,True
caffeine,EIF4EBP1,EIF4EBP1,True
caffeine,EIF4H,EIF4H,True
caffeine,TGFB1,TGFB1,True
caffeine,TGIF2,TGIF2,True
caffeine,TH,TH,True
caffeine,PPARA,PPARA,True
caffeine,PPARGC1A,PPARGC1A,True
caffeine,EIF5B,EIF5B,True
caffeine,PPFIBP1,PPFIBP1,True
caffeine,ELAVL1,ELAVL1,True
caffeine,ELL,ELL,True
caffeine,THOC5,THOC5,True
caffeine,THSD7B,THSD7B,True
caffeine,PPIAL4G,PPIAL4G,True
caffeine,PPIP5K1,PPIP5K1,True
caffeine,ELOA,ELOA,True
caffeine,PPM1F,PPM1F,True
caffeine,EMC6,EMC6,True
caffeine,EML4,EML4,True
caffeine,TIMM8A,TIMM8A,True
caffeine,TJP2,TJP2,True
caffeine,TLE2,TLE2,True
caffeine,ENO1,ENO1,True
caffeine,ENPP1,ENPP1,True
caffeine,EPB41L1,EPB41L1,True
caffeine,PPP1R10,PPP1R10,True
caffeine,PPP1R13B,PPP1R13B,True
caffeine,TLK1,TLK1,True
caffeine,TM9SF1,TM9SF1,True
caffeine,TMCC2,TMCC2,True
caffeine,PPP1R2,PPP1R2,True
caffeine,PPP1R7,PPP1R7,True
caffeine,PPP2R5D,PPP2R5D,True
caffeine,EPB41L4B,EPB41L4B,True
caffeine,EPD,EPD,True
caffeine,EPHB4,EPHB4,True
caffeine,TMEM102,TMEM102,True
caffeine,TMEM132A,TMEM132A,True
caffeine,TMEM209,TMEM209,True
caffeine,EPPK1,EPPK1,True
caffeine,EPS8,EPS8,True
caffeine,ERBB2,ERBB2,True
caffeine,PPP4R3A,PPP4R3A,True
caffeine,PPRC1,PPRC1,True
caffeine,PRDM2,PRDM2,True
caffeine,TMEM222,TMEM222,True
caffeine,TMEM40,TMEM40,True
caffeine,TMEM69,TMEM69,True
caffeine,ERC1,ERC1,True
caffeine,ERCC6L,ERCC6L,True
caffeine,ERP44,ERP44,True
caffeine,PRELID1,PRELID1,True
caffeine,PRIMPOL,PRIMPOL,True
caffeine,PRKAA2,PRKAA2,True
caffeine,ES2,ES2,True
caffeine,ESF1,ESF1,True
caffeine,ESS2,ESS2,True
caffeine,TMEM97,TMEM97,True
caffeine,TMPO,TMPO,True
caffeine,TMX1,TMX1,True
caffeine,PRKACA,PRKACA,True
caffeine,PRKAR1B,PRKAR1B,True
caffeine,PRKCSH,PRKCSH,True
caffeine,ESYT2,ESYT2,True
caffeine,ETV5,ETV5,True
caffeine,EXOC1,EXOC1,True
caffeine,TNF,TNF,True
caffeine,TNFRSF19,TNFRSF19,True
caffeine,PRKDC,PRKDC,True
caffeine,PRKRA,PRKRA,True
caffeine,PROM1,PROM1,True
caffeine,EYA1,EYA1,True
caffeine,F11R,F11R,True
caffeine,FAM107B,FAM107B,True
caffeine,TNIP2,TNIP2,True
caffeine,TNKS2,TNKS2,True
caffeine,TNRC6C,TNRC6C,True
caffeine,FAM120A,FAM120A,True
caffeine,FAM169A,FAM169A,True
caffeine,TOE1,TOE1,True
caffeine,TOMM6,TOMM6,True
caffeine,TOP2B,TOP2B,True
caffeine,FAM219B,FAM219B,True
caffeine,FAM76B,FAM76B,True
caffeine,FAM8A1,FAM8A1,True
caffeine,TOR1AIP2,TOR1AIP2,True
caffeine,TP53,TP53,True
caffeine,TP53,TP53,True
caffeine,TP53,TP53,True
caffeine,TP53,TP53,True
caffeine,FARP1,FARP1,True
caffeine,FAS,FAS,True
caffeine,TP53BP2,TP53BP2,True
caffeine,TPH2,TPH2,True
caffeine,FASTKD2,FASTKD2,True
caffeine,FBH1,FBH1,True
caffeine,FBXL13,FBXL13,True
caffeine,TPP2,TPP2,True
caffeine,TPX2,TPX2,True
caffeine,TRAIP,TRAIP,True
caffeine,FBXO11,FBXO11,True
caffeine,FCHO2,FCHO2,True
caffeine,FDFT1,FDFT1,True
caffeine,TRIM24,TRIM24,True
caffeine,TRIM32,TRIM32,True
caffeine,FER,FER,True
caffeine,FGD1,FGD1,True
caffeine,TRIM47,TRIM47,True
caffeine,TRIOBP,TRIOBP,True
caffeine,TRIT1,TRIT1,True
caffeine,FGFR4,FGFR4,True
caffeine,FHL1,FHL1,True
caffeine,FKBP15,FKBP15,True
caffeine,TRMT1L,TRMT1L,True
caffeine,TRP53,TRP53,True
caffeine,TRUB1,TRUB1,True
caffeine,TSC22D4,TSC22D4,True
caffeine,TTBK1,TTBK1,True
caffeine,FKBP5,FKBP5,True
caffeine,FLOT2,FLOT2,True
caffeine,FMNL2,FMNL2,True
caffeine,TTC4,TTC4,True
caffeine,TTYH3,TTYH3,True
caffeine,TVP23C,TVP23C,True
caffeine,FNDC3A,FNDC3A,True
caffeine,FOS,FOS,True
caffeine,FOXJ2,FOXJ2,True
caffeine,TXNRD1,TXNRD1,True
caffeine,TYW3,TYW3,True
caffeine,UACA,UACA,True
caffeine,FOXM1,FOXM1,True
caffeine,FRAS1,FRAS1,True
caffeine,FRMPD3,FRMPD3,True
caffeine,UBA5,UBA5,True
caffeine,UBAP2L,UBAP2L,True
caffeine,UBE4B,UBE4B,True
caffeine,UBQLN4,UBQLN4,True
caffeine,FTSJ3,FTSJ3,True
caffeine,FUT8,FUT8,True
caffeine,FXYD3,FXYD3,True
caffeine,UBXN2B,UBXN2B,True
caffeine,UCHL1,UCHL1,True
caffeine,UGDH,UGDH,True
caffeine,FYN,FYN,True
caffeine,G3BP1,G3BP1,True
caffeine,GAB2,GAB2,True
caffeine,UGT1A1,UGT1A1,True
caffeine,ULBP2,ULBP2,True
caffeine,UNC13B,UNC13B,True
caffeine,GAPDH,GAPDH,True
caffeine,GARNL3,GARNL3,True
caffeine,UNCX,UNCX,True
caffeine,UPF3A,UPF3A,True
caffeine,URI1,URI1,True
caffeine,GATAD2A,GATAD2A,True
caffeine,GCH2,GCH2,True
caffeine,USO1,USO1,True
caffeine,USP15,USP15,True
caffeine,USP32,USP32,True
caffeine,PROSER1,PROSER1,True
caffeine,PRP4K,PRP4K,True
caffeine,PRPF40A,PRPF40A,True
caffeine,CYP2D6,CYP2D6,True
caffeine,CYP4AE1,CYP4AE1,True
caffeine,CYP6A2,CYP6A2,True
caffeine,PRR11,PRR11,True
caffeine,PRR5,PRR5,True
caffeine,CYP6D4,CYP6D4,True
caffeine,CYP7B1,CYP7B1,True
caffeine,DAD1,DAD1,True
caffeine,PSMA2,PSMA2,True
caffeine,PSMA6,PSMA6,True
caffeine,PSMD4,PSMD4,True
caffeine,DALRD3,DALRD3,True
caffeine,PS-MODR4,ps modr4,False
caffeine,DBF4,DBF4,True
caffeine,PTDSS2,PTDSS2,True
caffeine,DCAF10,DCAF10,True
caffeine,PTGFRN,PTGFRN,True
caffeine,PTGS2,PTGS2,True
caffeine,PTOV1,PTOV1,True
caffeine,DCAF15,DCAF15,True
caffeine,DCBLD2,DCBLD2,True
caffeine,DCP1A,DCP1A,True
caffeine,PTPN12,PTPN12,True
caffeine,PTPN23,PTPN23,True
caffeine,PTPRA,PTPRA,True
caffeine,DCT,DCT,True
caffeine,DCTPP1,DCTPP1,True
caffeine,DDR1,DDR1,True
caffeine,PTTG1IP,PTTG1IP,True
caffeine,PURB,PURB,True
caffeine,DDX20,DDX20,True
caffeine,DDX39A,DDX39A,True
caffeine,PWWP2B,PWWP2B,True
caffeine,PYGM,PYGM,True
caffeine,QRFPR,QRFPR,True
caffeine,DDX41,DDX41,True
caffeine,DDX5,DDX5,True
caffeine,DDX59,DDX59,True
caffeine,QSER1,QSER1,True
caffeine,R3HDM2,R3HDM2,True
caffeine,RAB11FIP5,RAB11FIP5,True
caffeine,DENND1A,DENND1A,True
caffeine,DENND5B,DENND5B,True
caffeine,DGAT1,DGAT1,True
caffeine,RAB3GAP2,RAB3GAP2,True
caffeine,RAB42,RAB42,True
caffeine,CYP1A2,CYP1A2,True
caffeine,SSH1,SSH1,True
caffeine,ST13,ST13,True
caffeine,STAR,STAR,True
caffeine,DHCR7,DHCR7,True
caffeine,DHX30,DHX30,True
caffeine,RAB6A,RAB6A,True
caffeine,RAB9A,RAB9A,True
caffeine,RABGEF1,RABGEF1,True
caffeine,STARD13,STARD13,True
caffeine,STAT3,STAT3,True
caffeine,RAC2,RAC2,True
caffeine,RAD18,RAD18,True
caffeine,RAD50,RAD50,True
caffeine,DIP2A,DIP2A,True
caffeine,DLC1,DLC1,True
caffeine,STAU2,STAU2,True
caffeine,STIM1,STIM1,True
caffeine,STK10,STK10,True
caffeine,RAI1,RAI1,True
caffeine,RALGAPA2,RALGAPA2,True
caffeine,DMD,DMD,True
caffeine,DMXL2,DMXL2,True
caffeine,STK17B,STK17B,True
caffeine,STK39,STK39,True
caffeine,STOX2,STOX2,True
caffeine,RALGPS2,RALGPS2,True
caffeine,RANBP2,RANBP2,True
caffeine,RAP1GAP,RAP1GAP,True
caffeine,DNAJB9,DNAJB9,True
caffeine,DNAJC5,DNAJC5,True
caffeine,DNMT1,DNMT1,True
caffeine,STT3B,STT3B,True
caffeine,STX17,STX17,True
caffeine,RAPGEF6,RAPGEF6,True
caffeine,RASAL2,RASAL2,True
caffeine,RB1,RB1,True
caffeine,STX8,STX8,True
caffeine,SUCO,SUCO,True
caffeine,SUGT1,SUGT1,True
caffeine,DNMT3B,DNMT3B,True
caffeine,DOCK5,DOCK5,True
caffeine,DONSON,DONSON,True
caffeine,RBBP6,RBBP6,True
caffeine,RBFOX2,RBFOX2,True
caffeine,DPF2,DPF2,True
caffeine,DPYSL2,DPYSL2,True
caffeine,SULT2A1,SULT2A1,True
caffeine,SUPT6H,SUPT6H,True
caffeine,SUZ12,SUZ12,True
caffeine,AR,AR,True
caffeine,RBM12,RBM12,True
caffeine,RBM15B,RBM15B,True
caffeine,RBM3,RBM3,True
caffeine,DRD2,DRD2,True
caffeine,DTD1,DTD1,True
caffeine,DTX3L,DTX3L,True
caffeine,SVIL,SVIL,True
caffeine,SYNCRIP,SYNCRIP,True
caffeine,SYNJ2,SYNJ2,True
caffeine,RBM34,RBM34,True
caffeine,RBM5,RBM5,True
caffeine,RBMS1,RBMS1,True
caffeine,EXOC7,EXOC7,True
caffeine,EZR,EZR,True
caffeine,FADD,FADD,True
caffeine,PHIP,PHIP,True
caffeine,PHLDB1,PHLDB1,True
caffeine,TNKS1BP1,TNKS1BP1,True
caffeine,TNRC6B,TNRC6B,True
caffeine,PHTF1,PHTF1,True
caffeine,PI4KB,PI4KB,True
caffeine,PIDD1,PIDD1,True
caffeine,FAM117B,FAM117B,True
caffeine,FAM168B,FAM168B,True
caffeine,FAM184A,FAM184A,True
caffeine,TNS3,TNS3,True
caffeine,TOMM20,TOMM20,True
caffeine,TOP2A,TOP2A,True
caffeine,PIH1D1,PIH1D1,True
caffeine,PINX1,PINX1,True
caffeine,FAM193A,FAM193A,True
caffeine,FAM76A,FAM76A,True
caffeine,FAM83H,FAM83H,True
caffeine,TOR1AIP1,TOR1AIP1,True
caffeine,TP53,TP53,True
caffeine,PITPNC1,PITPNC1,True
caffeine,PKD1,PKD1,True
caffeine,PKN2,PKN2,True
caffeine,TP53,TP53,True
caffeine,TP53,TP53,True
caffeine,TP53,TP53,True
caffeine,FANCM,FANCM,True
caffeine,FAS,FAS,True
caffeine,FASN,FASN,True
caffeine,PLA2G12A,PLA2G12A,True
caffeine,PLCD3,PLCD3,True
caffeine,TP53BP1,TP53BP1,True
caffeine,TPD52L2,TPD52L2,True
caffeine,TPM3,TPM3,True
caffeine,PLEC,PLEC,True
caffeine,PLEKHA4,PLEKHA4,True
caffeine,PLEKHG2,PLEKHG2,True
caffeine,FASN,FASN,True
caffeine,FAU,FAU,True
caffeine,FBXL12,FBXL12,True
caffeine,TPRN,TPRN,True
caffeine,TRAFD1,TRAFD1,True
caffeine,PLG,PLG,True
caffeine,PLLP,PLLP,True
caffeine,FBXL20,FBXL20,True
caffeine,FBXW11,FBXW11,True
caffeine,FCSK,FCSK,True
caffeine,TRIM2,TRIM2,True
caffeine,TRIM28,TRIM28,True
caffeine,TRIM37,TRIM37,True
caffeine,PLXND1,PLXND1,True
caffeine,PNISR,PNISR,True
caffeine,PNPLA6,PNPLA6,True
caffeine,POGZ,POGZ,True
caffeine,POLL,POLL,True
caffeine,FDX1,FDX1,True
caffeine,FES,FES,True
caffeine,FGF17,FGF17,True
caffeine,TRIO,TRIO,True
caffeine,TRIP12,TRIP12,True
caffeine,POM121,POM121,True
caffeine,POR,POR,True
caffeine,POU2F1,POU2F1,True
caffeine,FGFR3,FGFR3,True
caffeine,FHIP2B,FHIP2B,True
caffeine,FIP1L1,FIP1L1,True
caffeine,TRP53,TRP53,True
caffeine,TRRAP,TRRAP,True
caffeine,PPARA,PPARA,True
caffeine,TSC22D1,TSC22D1,True
caffeine,PPFIA1,PPFIA1,True
caffeine,PPFIBP2,PPFIBP2,True
caffeine,TSPAN14,TSPAN14,True
caffeine,TTC28,TTC28,True
caffeine,FLNB,FLNB,True
caffeine,FLYWCH2,FLYWCH2,True
caffeine,PPID,PPID,True
caffeine,PPIP5K2,PPIP5K2,True
caffeine,TTN,TTN,True
caffeine,PPM1H,PPM1H,True
caffeine,TUBB8,TUBB8,True
caffeine,FNIP2,FNIP2,True
caffeine,FOXA2,FOXA2,True
caffeine,TXNDC17,TXNDC17,True
caffeine,TYRO3,TYRO3,True
caffeine,U2SURP,U2SURP,True
caffeine,PPME1,PPME1,True
caffeine,PPP1R11,PPP1R11,True
caffeine,PPP1R13L,PPP1R13L,True
caffeine,FRA10AC1,FRA10AC1,True
caffeine,FRMD8,FRMD8,True
caffeine,UBA1,UBA1,True
caffeine,UBAP2,UBAP2,True
caffeine,UBE2D2,UBE2D2,True
caffeine,PPP1R21,PPP1R21,True
caffeine,PPP1R9A,PPP1R9A,True
caffeine,PPP2R5E,PPP2R5E,True
caffeine,UBE3B,UBE3B,True
caffeine,UBP1,UBP1,True
caffeine,UBR4,UBR4,True
caffeine,FTSJ1,FTSJ1,True
caffeine,FUS,FUS,True
caffeine,FXYD1,FXYD1,True
caffeine,PPP4R3B,PPP4R3B,True
caffeine,PQBP1,PQBP1,True
caffeine,PRDM4,PRDM4,True
caffeine,UBR7,UBR7,True
caffeine,UBXN7,UBXN7,True
caffeine,UFD1,UFD1,True
caffeine,FZD6,FZD6,True
caffeine,GAB1,GAB1,True
caffeine,PRELID3B,PRELID3B,True
caffeine,PRKAA1,PRKAA1,True
caffeine,PRKAB1,PRKAB1,True
caffeine,UIMC1,UIMC1,True
caffeine,ULK3,ULK3,True
caffeine,GANAB,GANAB,True
caffeine,GAREM1,GAREM1,True
caffeine,GAS2L1,GAS2L1,True
caffeine,PRKACA,PRKACA,True
caffeine,PRKAR2A,PRKAR2A,True
caffeine,PRKCZ,PRKCZ,True
caffeine,UNC80,UNC80,True
caffeine,UPF1,UPF1,True
caffeine,UQCRC2,UQCRC2,True
caffeine,GATA2,GATA2,True
caffeine,GCFC2,GCFC2,True
caffeine,GDF10,GDF10,True
caffeine,PRKDC,PRKDC,True
caffeine,PRL2C3,PRL2C3,True
caffeine,PRORSD1,PRORSD1,True
caffeine,USP11,USP11,True
caffeine,USP31,USP31,True
caffeine,NSUN2,NSUN2,True
caffeine,NUBP1,NUBP1,True
caffeine,NUFIP2,NUFIP2,True
caffeine,NUMA1,NUMA1,True
caffeine,NUP188,NUP188,True
caffeine,NUP35,NUP35,True
caffeine,NUP62,NUP62,True
caffeine,NUSAP1,NUSAP1,True
caffeine,OBI1,OBI1,True
caffeine,OFD1,OFD1,True
caffeine,OIP5,OIP5,True
caffeine,ORC1,ORC1,True
caffeine,ORM2,ORM2,True
caffeine,OSBPL3,OSBPL3,True
caffeine,OSMR,OSMR,True
caffeine,OTUD4,OTUD4,True
caffeine,OXSR1,OXSR1,True
caffeine,PABIR1,PABIR1,True
caffeine,PACS1,PACS1,True
caffeine,PAH,PAH,True
caffeine,PAK1,PAK1,True
caffeine,PAK2,PAK2,True
caffeine,PALB2,PALB2,True
caffeine,PAN2,PAN2,True
caffeine,PANK2,PANK2,True
caffeine,PARD3,PARD3,True
caffeine,PARP1,PARP1,True
caffeine,PARP1,PARP1,True
caffeine,PARP12,PARP12,True
caffeine,PATJ,PATJ,True
caffeine,PAXBP1,PAXBP1,True
caffeine,PCARE,PCARE,True
caffeine,PCDHB5,PCDHB5,True
caffeine,PCF11,PCF11,True
caffeine,PCM1,PCM1,True
caffeine,PCNX1,PCNX1,True
caffeine,PCSK9,PCSK9,True
caffeine,PDAP1,PDAP1,True
caffeine,PDE3B,PDE3B,True
caffeine,PDHX,PDHX,True
caffeine,PDLIM1,PDLIM1,True
caffeine,PDPK1,PDPK1,True
caffeine,PDXDC1,PDXDC1,True
caffeine,PEBP1,PEBP1,True
caffeine,PEX1,PEX1,True
caffeine,PFKFB2,PFKFB2,True
caffeine,PFKP,PFKP,True
caffeine,PGBD3,PGBD3,True
caffeine,PGF,PGF,True
caffeine,PGM1,PGM1,True
caffeine,PGRMC2,PGRMC2,True
caffeine,PHB1,PHB1,True
caffeine,PHEX,PHEX,True
caffeine,PHF14,PHF14,True
caffeine,PROSER3,PROSER3,True
caffeine,PRPF3,PRPF3,True
caffeine,PRPF6,PRPF6,True
caffeine,PRPSAP1,PRPSAP1,True
caffeine,PRR14L,PRR14L,True
caffeine,PRRC2B,PRRC2B,True
caffeine,PSD4,PSD4,True
caffeine,PSMA5,PSMA5,True
caffeine,PSMC4,PSMC4,True
caffeine,PSMD1,PSMD1,True
caffeine,PSME4,PSME4,True
caffeine,PTBP3,PTBP3,True
caffeine,PTGR2,PTGR2,True
caffeine,PTK2,PTK2,True
caffeine,PTPN18,PTPN18,True
caffeine,PTPN6,PTPN6,True
caffeine,PTPRM,PTPRM,True
caffeine,PUM1,PUM1,True
caffeine,PWP2,PWP2,True
caffeine,PYCR1,PYCR1,True
caffeine,PYM1,PYM1,True
caffeine,R3HCC1L,R3HCC1L,True
caffeine,RAB11FIP1,RAB11FIP1,True
caffeine,RAB1B,RAB1B,True
caffeine,RAB2B,RAB2B,True
caffeine,RAB3IP,RAB3IP,True
caffeine,RAB5A,RAB5A,True
caffeine,RAB7A,RAB7A,True
caffeine,RABEP2,RABEP2,True
caffeine,RACK1,RACK1,True
caffeine,RAD23B,RAD23B,True
caffeine,RAD51AP1,RAD51AP1,True
caffeine,RALBP1,RALBP1,True
caffeine,RALGAPB,RALGAPB,True
caffeine,RAN,RAN,True
caffeine,RANBP9,RANBP9,True
caffeine,RAPGEF2,RAPGEF2,True
caffeine,RASA1,RASA1,True
caffeine,RASSF7,RASSF7,True
caffeine,RB1CC1,RB1CC1,True
caffeine,RBBP5,RBBP5,True
caffeine,RBBP8,RBBP8,True
caffeine,RBL2,RBL2,True
caffeine,RBM14,RBM14,True
caffeine,RBM25,RBM25,True
caffeine,RBM4,RBM4,True
caffeine,RBM7,RBM7,True
caffeine,RBMX,RBMX,True
caffeine,EZR,EZR,True
caffeine,FABP4,FABP4,True
caffeine,TNK2,TNK2,True
caffeine,TNRC6A,TNRC6A,True
caffeine,TNS2,TNS2,True
caffeine,FAM117A,FAM117A,True
caffeine,FAM168A,FAM168A,True
caffeine,FAM177A1,FAM177A1,True
caffeine,TOM1L2,TOM1L2,True
caffeine,TOP1,TOP1,True
caffeine,FAM53C,FAM53C,True
caffeine,FAM83G,FAM83G,True
caffeine,TOPORS,TOPORS,True
caffeine,TP53,TP53,True
caffeine,TP53,TP53,True
caffeine,TP53,TP53,True
caffeine,TP53,TP53,True
caffeine,FANCI,FANCI,True
caffeine,FARSA,FARSA,True
caffeine,FASN,FASN,True
caffeine,TP53,TP53,True
caffeine,TPD52,TPD52,True
caffeine,TPI1,TPI1,True
caffeine,FAT1,FAT1,True
caffeine,FBRS,FBRS,True
caffeine,TPRA1,TPRA1,True
caffeine,TRAF7,TRAF7,True
caffeine,TRAPPC14,TRAPPC14,True
caffeine,FBXL19,FBXL19,True
caffeine,FBXO5,FBXO5,True
caffeine,FCRL3,FCRL3,True
caffeine,TRIB3,TRIB3,True
caffeine,TRIM28,TRIM28,True
caffeine,TRIM36,TRIM36,True
caffeine,FDFT1,FDFT1,True
caffeine,FERMT2,FERMT2,True
caffeine,FGD6,FGD6,True
caffeine,TRIM71,TRIM71,True
caffeine,TRIP11,TRIP11,True
caffeine,TRMT112,TRMT112,True
caffeine,FHIP1B,FHIP1B,True
caffeine,FILIP1L,FILIP1L,True
caffeine,TRP53,TRP53,True
caffeine,TRPV2,TRPV2,True
caffeine,TSC22D1,TSC22D1,True
caffeine,TSEN54,TSEN54,True
caffeine,TTC14,TTC14,True
caffeine,FLNA,FLNA,True
caffeine,FLYWCH1,FLYWCH1,True
caffeine,FNBP4,FNBP4,True
caffeine,TTLL4,TTLL4,True
caffeine,TUBAL3,TUBAL3,True
caffeine,TXLNA,TXLNA,True
caffeine,FNIP1,FNIP1,True
caffeine,FOXA1,FOXA1,True
caffeine,FOXK2,FOXK2,True
caffeine,TXLNG,TXLNG,True
caffeine,TYMS,TYMS,True
caffeine,U2AF2,U2AF2,True
caffeine,FOXP4,FOXP4,True
caffeine,FRMD6,FRMD6,True
caffeine,FRY,FRY,True
caffeine,UBA1,UBA1,True
caffeine,UBAP1,UBAP1,True
caffeine,UBC,UBC,True
caffeine,UBE2Z,UBE2Z,True
caffeine,UBL4A,UBL4A,True
caffeine,UBR2,UBR2,True
caffeine,FRYL,FRYL,True
caffeine,FUBP3,FUBP3,True
caffeine,FXR2,FXR2,True
caffeine,UBR5,UBR5,True
caffeine,UBXN6,UBXN6,True
caffeine,UCKL1,UCKL1,True
caffeine,FZD5,FZD5,True
caffeine,G6PD,G6PD,True
caffeine,GAD1,GAD1,True
caffeine,UHRF2,UHRF2,True
caffeine,ULK1,ULK1,True
caffeine,UNC45A,UNC45A,True
caffeine,GALE,GALE,True
caffeine,GAPVD1,GAPVD1,True
caffeine,GAS2,GAS2,True
caffeine,UNK,UNK,True
caffeine,UQCRC1,UQCRC1,True
caffeine,GAST,GAST,True
caffeine,GBF1,GBF1,True
caffeine,GCLC,GCLC,True
caffeine,USP10,USP10,True
caffeine,USP28,USP28,True
caffeine,USP36,USP36,True
caffeine,GEMIN5,GEMIN5,True
caffeine,GFAP,GFAP,True
caffeine,GGNBP2,GGNBP2,True
caffeine,USP4,USP4,True
caffeine,USP47,USP47,True
caffeine,USP7,USP7,True
caffeine,GH1,GH1,True
caffeine,GIGYF2,GIGYF2,True
caffeine,GIT2,GIT2,True
caffeine,USP9X,USP9X,True
caffeine,UTRN,UTRN,True
caffeine,VAPA,VAPA,True
caffeine,GLCCI1,GLCCI1,True
caffeine,GLT8D1,GLT8D1,True
caffeine,VCAN,VCAN,True
caffeine,VCPIP1,VCPIP1,True
caffeine,GMPS,GMPS,True
caffeine,GNAQ,GNAQ,True
caffeine,ADORA2B,ADORA2B,True
caffeine,VEGFA,VEGFA,True
caffeine,VPS13B,VPS13B,True
caffeine,VPS26A,VPS26A,True
caffeine,GNPAT,GNPAT,True
caffeine,GOLGA4,GOLGA4,True
caffeine,VPS53,VPS53,True
caffeine,VTN,VTN,True
caffeine,WASF2,WASF2,True
caffeine,GON4L,GON4L,True
caffeine,GOSR1,GOSR1,True
caffeine,GPATCH2,GPATCH2,True
caffeine,WASH6P,WASH6P,True
caffeine,WBP4,WBP4,True
caffeine,WDR11,WDR11,True
caffeine,GPBP1,GPBP1,True
caffeine,GPI,GPI,True
caffeine,GPS1,GPS1,True
caffeine,WDR3,WDR3,True
caffeine,WDR48,WDR48,True
caffeine,WDR90,WDR90,True
caffeine,GPX1,GPX1,True
caffeine,GRAMD2B,GRAMD2B,True
caffeine,WNK1,WNK1,True
caffeine,WRAP53,WRAP53,True
caffeine,WT1,WT1,True
caffeine,GRIN1,GRIN1,True
caffeine,GRK2,GRK2,True
caffeine,WWTR1,WWTR1,True
caffeine,XPC,XPC,True
caffeine,XRCC1,XRCC1,True
caffeine,GSE1,GSE1,True
caffeine,GSK3B,GSK3B,True
caffeine,XRCC6,XRCC6,True
caffeine,YBX1,YBX1,True
caffeine,YIPF2,YIPF2,True
caffeine,GSTM6,GSTM6,True
caffeine,GTF2E1,GTF2E1,True
caffeine,YTHDC1,YTHDC1,True
caffeine,YWHAE,YWHAE,True
caffeine,GTF2IRD1,GTF2IRD1,True
caffeine,GTF3C5,GTF3C5,True
caffeine,GYS1,GYS1,True
caffeine,YWHAZ,YWHAZ,True
caffeine,ZBTB11,ZBTB11,True
caffeine,ZBTB40,ZBTB40,True
caffeine,H1-6,h1 6,False
caffeine,H2AX,H2AX,True
caffeine,ZBTB48,ZBTB48,True
caffeine,ZBTB9,ZBTB9,True
caffeine,ZC3H14,ZC3H14,True
caffeine,H2BC9,H2BC9,True
caffeine,HACD1,HACD1,True
caffeine,HAUS6,HAUS6,True
caffeine,ABAT,ABAT,True
caffeine,ZC3H7B,ZC3H7B,True
caffeine,ZCCHC10,ZCCHC10,True
caffeine,HAUS8,HAUS8,True
caffeine,HDAC1,HDAC1,True
caffeine,HDAC7,HDAC7,True
caffeine,ZDHHC5,ZDHHC5,True
caffeine,ZFAND2B,ZFAND2B,True
caffeine,ZFHX3,ZFHX3,True
caffeine,HDLBP,HDLBP,True
caffeine,HEATR6,HEATR6,True
caffeine,AAK1,AAK1,True
caffeine,AATK,AATK,True
caffeine,ABCC1,ABCC1,True
caffeine,ABCC4,ABCC4,True
caffeine,ABI1,ABI1,True
caffeine,ABLIM1,ABLIM1,True
caffeine,ACACA,ACACA,True
caffeine,ACAN,ACAN,True
caffeine,ACE,ACE,True
caffeine,ACHE,ACHE,True
caffeine,ACLY,ACLY,True
caffeine,ACSL3,ACSL3,True
caffeine,ACTA2,ACTA2,True
caffeine,ACTL6A,ACTL6A,True
caffeine,ACTN4,ACTN4,True
caffeine,ADAMTS5,ADAMTS5,True
caffeine,ADCY5,ADCY5,True
caffeine,ADD3,ADD3,True
caffeine,ADIPOR2,ADIPOR2,True
caffeine,ADORA1,ADORA1,True
caffeine,ADORA1,ADORA1,True
caffeine,ADORA1,ADORA1,True
caffeine,ADORA2A,ADORA2A,True
caffeine,ADORA2A,ADORA2A,True
caffeine,ADORA2A,ADORA2A,True
caffeine,ADRM1,ADRM1,True
caffeine,AFF1,AFF1,True
caffeine,AGAP2,AGAP2,True
caffeine,AGGF1,AGGF1,True
caffeine,AGTR1A,AGTR1A,True
caffeine,AHCY,AHCY,True
caffeine,AIP,AIP,True
caffeine,AKAP10,AKAP10,True
caffeine,AKAP17A,AKAP17A,True
caffeine,AKR1A1,AKR1A1,True
caffeine,AKT1,AKT1,True
caffeine,AKT1,AKT1,True
caffeine,AKTIP,AKTIP,True
caffeine,ALDH18A1,ALDH18A1,True
caffeine,ALDH4A1,ALDH4A1,True
caffeine,ALDOA,ALDOA,True
caffeine,ALMS1,ALMS1,True
caffeine,AMER1,AMER1,True
caffeine,AMPD2,AMPD2,True
caffeine,ANAPC5,ANAPC5,True
caffeine,ANGPT1,ANGPT1,True
caffeine,GRM1,GRM1,True
caffeine,CYP2C9,CYP2C9,True
carbachol,Muscarinic acetylcholine receptor M3,muscarinic acetylcholine receptor m3,False
carbachol,Neuronal acetylcholine receptor alpha-2 (CHRNA2),neuronal acetylcholine receptor alpha 2,False
Ethanolamine,Aryl hydrocarbon receptor,aryl hydrocarbon receptor,False
Ethanolamine,Annexin A3,annexin a3,False
Ethanolamine,Annexin A3,annexin a3,False
Ethanolamine,APOB,APOB,True
Ethanolamine,APOE,APOE,True
Ethanolamine,SARDH,SARDH,True
Ethanolamine,EGF,EGF,True
Ethanolamine,ESR1,ESR1,True
Ethanolamine,FGF1,FGF1,True
Ethanolamine,PNLIPRP2,PNLIPRP2,True
Ethanolamine,Nuclear receptor ROR-gamma,nuclear receptor ror gamma,False
Ethanolamine,PEX11A,PEX11A,True
Ethanolamine,NAD-dependent protein deacetylase sirtuin-2,nad dependent protein deacetylase sirtuin 2,False
Ethanolamine,CELF3A,CELF3A,True
Ethanolamine,Glutaminyl-peptide cyclotransferase,glutaminyl peptide cyclotransferase,False
Ethanolamine,HMGCRA,HMGCRA,True
forskolin,Adenylate cyclase type 1,adenylate cyclase type 1,False
forskolin,Adenylate cyclase type 2 (ADCY2),adenylate cyclase type 2,False
forskolin,Adenylate cyclase type 2,adenylate cyclase type 2,False
forskolin,Adenylate cyclase type 2,adenylate cyclase type 2,False
forskolin,Adenylate cyclase type 2,adenylate cyclase type 2,False
forskolin,Adenylate cyclase type 3,adenylate cyclase type 3,False
forskolin,Adenylate cyclase type 5,adenylate cyclase type 5,False
forskolin,Adenylate cyclase type 5,adenylate cyclase type 5,False
forskolin,Adenylate cyclase type 5,adenylate cyclase type 5,False
forskolin,Adenylate cyclase type 6,adenylate cyclase type 6,False
forskolin,Adenylate cyclase type 7,adenylate cyclase type 7,False
forskolin,Adenylate cyclase type 8,adenylate cyclase type 8,False
forskolin,Adenylate cyclase type 9,adenylate cyclase type 9,False
forskolin,NR0B1,NR0B1,True
forskolin,AHR,AHR,True
forskolin,Androgen receptor,androgen receptor,False
forskolin,AR,AR,True
forskolin,Cystic fibrosis transmembrane conductance regulator,cystic fibrosis transmembrane conductance regulator,False
forskolin,CREB-binding protein,creb binding protein,False
forskolin,Cytochrome P450 19A1,cytochrome p450 19a1,False
forskolin,Estrogen receptor,estrogen receptor,False
forskolin,GLP1R,GLP1R,True
forskolin,Guanine nucleotide-binding protein G(s) subunit alpha isoforms short,guanine nucleotide binding protein g subunit alpha isoforms short,False
forskolin,Guanine nucleotide-binding protein G(s) subunit alpha isoforms short,guanine nucleotide binding protein g subunit alpha isoforms short,False
forskolin,Hepatocyte nuclear factor 4-alpha,hepatocyte nuclear factor 4 alpha,False
forskolin,Calcium-activated potassium channel subunit alpha-1,calcium activated potassium channel subunit alpha 1,False
forskolin,Calcium-activated potassium channel subunit beta-1,calcium activated potassium channel subunit beta 1,False
forskolin,Small conductance calcium-activated potassium channel protein 1,small conductance calcium activated potassium channel protein 1,False
forskolin,Small conductance calcium-activated potassium channel protein 2,small conductance calcium activated potassium channel protein 2,False
forskolin,Small conductance calcium-activated potassium channel protein 3,small conductance calcium activated potassium channel protein 3,False
forskolin,Intermediate conductance calcium-activated potassium channel protein 4,intermediate conductance calcium activated potassium channel protein 4,False
forskolin,Mucin-2,mucin 2,False
forskolin,Plasminogen activator inhibitor 1,plasminogen activator inhibitor 1,False
forskolin,ATP-dependent translocase ABCB1,atp dependent translocase abcb1,False
forskolin,Peroxisome proliferator-activated receptor delta,peroxisome proliferator activated receptor delta,False
forskolin,Peroxisome proliferator-activated receptor gamma,peroxisome proliferator activated receptor gamma,False
forskolin,Mitogen-activated protein kinase 1,mitogen activated protein kinase 1,False
forskolin,Mitogen-activated protein kinase 3,mitogen activated protein kinase 3,False
forskolin,Mitogen-activated protein kinase 4,mitogen activated protein kinase 4,False
forskolin,Mitogen-activated protein kinase 6,mitogen activated protein kinase 6,False
forskolin,Mitogen-activated protein kinase 7,mitogen activated protein kinase 7,False
forskolin,Nuclear receptor ROR-beta,nuclear receptor ror beta,False
forskolin,Retinoic acid receptor RXR-beta,retinoic acid receptor rxr beta,False
forskolin,Oxysterols receptor LXR-beta,oxysterols receptor lxr beta,False
forskolin,Vitamin D3 receptor,vitamin d3 receptor,False
forskolin,Nuclear receptor subfamily 1 group I member 2,nuclear receptor subfamily 1 group i member 2,False
forskolin,NR1I2,NR1I2,True
forskolin,Bile acid receptor,bile acid receptor,False
forskolin,Calcium-activated potassium channel subunit beta-2,calcium activated potassium channel subunit beta 2,False
forskolin,Cyclic AMP-responsive element-binding protein 3,cyclic amp responsive element binding protein 3,False
forskolin,Calcium-activated potassium channel subunit beta-3,calcium activated potassium channel subunit beta 3,False
forskolin,Calcium-activated potassium channel subunit beta-4,calcium activated potassium channel subunit beta 4,False
forskolin,HDAC7,HDAC7,True
forskolin,Adenylate cyclase type 10,adenylate cyclase type 10,False
forskolin,RXFP1,RXFP1,True
forskolin,ATPase family AAA domain-containing protein 5,atpase family aaa domain containing protein 5,False
forskolin,RXFP2,RXFP2,True
forskolin,Adenylate cyclase type 4,adenylate cyclase type 4,False
forskolin,Mitogen-activated protein kinase 15,mitogen activated protein kinase 15,False
Ginsenoside rb1,AKT1,AKT1,True
Ginsenoside rb1,ATP6V1A,ATP6V1A,True
Ginsenoside rb1,ATP6V1B2,ATP6V1B2,True
Ginsenoside rb1,BMP2,BMP2,True
Ginsenoside rb1,CASP1,CASP1,True
Ginsenoside rb1,CASP3,CASP3,True
Ginsenoside rb1,RUNX2,RUNX2,True
Ginsenoside rb1,CLCN7,CLCN7,True
Ginsenoside rb1,CTSB,CTSB,True
Ginsenoside rb1,CTSD,CTSD,True
Ginsenoside rb1,FOS,FOS,True
Ginsenoside rb1,HMOX1,HMOX1,True
Ginsenoside rb1,HMOX1,HMOX1,True
Ginsenoside rb1,IGF1,IGF1,True
Ginsenoside rb1,IL1B,IL1B,True
Ginsenoside rb1,IL6,IL6,True
Ginsenoside rb1,IL18,IL18,True
Ginsenoside rb1,ITGAM,ITGAM,True
Ginsenoside rb1,ITGB2,ITGB2,True
Ginsenoside rb1,KCNE1,KCNE1,True
Ginsenoside rb1,KCNH2,KCNH2,True
Ginsenoside rb1,LAMP1,LAMP1,True
Ginsenoside rb1,LDHA,LDHA,True
Ginsenoside rb1,MAP2,MAP2,True
Ginsenoside rb1,NFATC1,NFATC1,True
Ginsenoside rb1,NFE2L2,NFE2L2,True
Ginsenoside rb1,NFE2L2,NFE2L2,True
Ginsenoside rb1,NFE2L2,NFE2L2,True
Ginsenoside rb1,P2RX4,P2RX4,True
Ginsenoside rb1,PGR,PGR,True
Ginsenoside rb1,RELA,RELA,True
Ginsenoside rb1,TGFB1,TGFB1,True
Ginsenoside rb1,TNF,TNF,True
Ginsenoside rb1,TFEB,TFEB,True
Ginsenoside rb1,TFEB,TFEB,True
Ginsenoside rb1,TNFSF11,TNFSF11,True
Ginsenoside rb1,SQSTM1,SQSTM1,True
Ginsenoside rb1,SQSTM1,SQSTM1,True
Ginsenoside rb1,SLCO1B3,SLCO1B3,True
Ginsenoside rb1,Solute carrier organic anion transporter family member 1B3,solute carrier organic anion transporter family member 1b3,False
Ginsenoside rb1,PARK,PARK,True
Ginsenoside rb1,CAMKII,CAMKII,True
Ginsenoside rb1,PINK1,PINK1,True
Ginsenoside rb1,GSDMD,GSDMD,True
Ginsenoside rb1,MAP1LC3B,MAP1LC3B,True
Ginsenoside rb1,NLRP3,NLRP3,True
maprotiline,Alpha-1D adrenergic receptor,alpha 1d adrenergic receptor,False
maprotiline,Alpha-1D adrenergic receptor,alpha 1d adrenergic receptor,False
maprotiline,Alpha-1 adrenergic receptor,alpha 1 adrenergic receptor,False
maprotiline,Alpha-1 adrenergic receptor,alpha 1 adrenergic receptor,False
maprotiline,Alpha-1B adrenergic receptor,alpha 1b adrenergic receptor,False
maprotiline,Alpha-1A adrenergic receptor,alpha 1a adrenergic receptor,False
maprotiline,Alpha-1 adrenergic receptor,alpha 1 adrenergic receptor,False
maprotiline,Alpha-1A adrenergic receptor,alpha 1a adrenergic receptor,False
maprotiline,Alpha-1A adrenergic receptor,alpha 1a adrenergic receptor,False
maprotiline,Alpha-2A adrenergic receptor,alpha 2a adrenergic receptor,False
maprotiline,Alpha-2A adrenergic receptor,alpha 2a adrenergic receptor,False
maprotiline,Alpha-2 adrenergic receptor,alpha 2 adrenergic receptor,False
maprotiline,Alpha-2B adrenergic receptor,alpha 2b adrenergic receptor,False
maprotiline,Alpha-2 adrenergic receptor,alpha 2 adrenergic receptor,False
maprotiline,Alpha-2B adrenergic receptor,alpha 2b adrenergic receptor,False
maprotiline,Alpha-2 adrenergic receptor,alpha 2 adrenergic receptor,False
maprotiline,Alpha-2C adrenergic receptor,alpha 2c adrenergic receptor,False
maprotiline,Alpha-2C adrenergic receptor,alpha 2c adrenergic receptor,False
maprotiline,Aldehyde oxidase,aldehyde oxidase,False
maprotiline,Voltage-dependent N-type calcium channel subunit alpha-1B,voltage dependent n type calcium channel subunit alpha 1b,False
maprotiline,Muscarinic acetylcholine receptor M1,muscarinic acetylcholine receptor m1,False
maprotiline,Muscarinic acetylcholine receptor M1,muscarinic acetylcholine receptor m1,False
maprotiline,Muscarinic acetylcholine receptor M1,muscarinic acetylcholine receptor m1,False
maprotiline,Muscarinic acetylcholine receptor M2,muscarinic acetylcholine receptor m2,False
maprotiline,Muscarinic acetylcholine receptor M2,muscarinic acetylcholine receptor m2,False
maprotiline,Muscarinic acetylcholine receptor M2,muscarinic acetylcholine receptor m2,False
maprotiline,Muscarinic acetylcholine receptor M3,muscarinic acetylcholine receptor m3,False
maprotiline,Muscarinic acetylcholine receptor M3,muscarinic acetylcholine receptor m3,False
maprotiline,Muscarinic acetylcholine receptor M3,muscarinic acetylcholine receptor m3,False
maprotiline,Muscarinic acetylcholine receptor M4,muscarinic acetylcholine receptor m4,False
maprotiline,Muscarinic acetylcholine receptor M4,muscarinic acetylcholine receptor m4,False
maprotiline,Muscarinic acetylcholine receptor M4,muscarinic acetylcholine receptor m4,False
maprotiline,Muscarinic acetylcholine receptor M5,muscarinic acetylcholine receptor m5,False
maprotiline,Muscarinic acetylcholine receptor M5,muscarinic acetylcholine receptor m5,False
maprotiline,Muscarinic acetylcholine receptor M5,muscarinic acetylcholine receptor m5,False
maprotiline,Cytochrome P450 1A2,cytochrome p450 1a2,False
maprotiline,Cytochrome P450 2D6,cytochrome p450 2d6,False
maprotiline,Cytochrome P450 3A4,cytochrome p450 3a4,False
maprotiline,D(1A) dopamine receptor,d dopamine receptor,False
maprotiline,D(2) dopamine receptor,d dopamine receptor,False
maprotiline,D(2) dopamine receptor,d dopamine receptor,False
maprotiline,D(2) dopamine receptor,d dopamine receptor,False
maprotiline,D(3) dopamine receptor,d dopamine receptor,False
maprotiline,D(1B) dopamine receptor,d dopamine receptor,False
maprotiline,Histamine H1 receptor,histamine h1 receptor,False
maprotiline,Histamine H1 receptor,histamine h1 receptor,False
maprotiline,Histamine H1 receptor,histamine h1 receptor,False
maprotiline,Histamine H2 receptor,histamine h2 receptor,False
maprotiline,5-hydroxytryptamine receptor 2A,5 hydroxytryptamine receptor 2a,False
maprotiline,5-hydroxytryptamine receptor 2A,5 hydroxytryptamine receptor 2a,False
maprotiline,5-hydroxytryptamine receptor 2A,5 hydroxytryptamine receptor 2a,False
maprotiline,5-hydroxytryptamine receptor 2B,5 hydroxytryptamine receptor 2b,False
maprotiline,5-hydroxytryptamine receptor 2C,5 hydroxytryptamine receptor 2c,False
maprotiline,5-hydroxytryptamine receptor 2C,5 hydroxytryptamine receptor 2c,False
maprotiline,5-hydroxytryptamine receptor 2C,5 hydroxytryptamine receptor 2c,False
maprotiline,5-hydroxytryptamine receptor 6,5 hydroxytryptamine receptor 6,False
maprotiline,5-hydroxytryptamine receptor 7,5 hydroxytryptamine receptor 7,False
maprotiline,5-hydroxytryptamine receptor 7,5 hydroxytryptamine receptor 7,False
maprotiline,Amine oxidase [flavin-containing] B,amine oxidase flavin containing b,False
maprotiline,Alpha-1-acid glycoprotein 1,alpha 1 acid glycoprotein 1,False
maprotiline,Sodium-dependent noradrenaline transporter,sodium dependent noradrenaline transporter,False
maprotiline,Sodium-dependent noradrenaline transporter,sodium dependent noradrenaline transporter,False
maprotiline,Sodium-dependent noradrenaline transporter,sodium dependent noradrenaline transporter,False
maprotiline,Norepinephrine transporter (NET),norepinephrine transporter,False
maprotiline,NET,NET,True
maprotiline,Sodium-dependent noradrenaline transporter,sodium dependent noradrenaline transporter,False
maprotiline,Sodium-dependent dopamine transporter,sodium dependent dopamine transporter,False
maprotiline,Sodium-dependent dopamine transporter,sodium dependent dopamine transporter,False
maprotiline,Sodium-dependent serotonin transporter,sodium dependent serotonin transporter,False
maprotiline,Sodium-dependent serotonin transporter,sodium dependent serotonin transporter,False
maprotiline,ATP-binding cassette sub-family G member 2,atp binding cassette sub family g member 2,False
maprotiline,Kir3.4,kir3 4,False
maprotiline,G protein-activated inward rectifier potassium channel 2,g protein activated inward rectifier potassium channel 2,False
maprotiline,Kir3.2,kir3 2,False
maprotiline,Alpha-1A adrenergic receptor,alpha 1a adrenergic receptor,False
maprotiline,Transient receptor potential cation channel subfamily M member 3,transient receptor potential cation channel subfamily m member 3,False
maprotiline,TRPM3,TRPM3,True
maprotiline,Alpha-1B adrenergic receptor,alpha 1b adrenergic receptor,False
pilocarpine,Muscarinic acetylcholine receptor M1,muscarinic acetylcholine receptor m1,False
pilocarpine,M1 receptor,m1 receptor,False
pilocarpine,Muscarinic acetylcholine receptor M1,muscarinic acetylcholine receptor m1,False
pilocarpine,Muscarinic acetylcholine receptor M1,muscarinic acetylcholine receptor m1,False
pilocarpine,Muscarinic acetylcholine receptor M1,muscarinic acetylcholine receptor m1,False
pilocarpine,M2 receptor,m2 receptor,False
pilocarpine,Muscarinic acetylcholine receptor M2,muscarinic acetylcholine receptor m2,False
pilocarpine,Muscarinic acetylcholine receptor M2,muscarinic acetylcholine receptor m2,False
pilocarpine,Muscarinic acetylcholine receptor M2,muscarinic acetylcholine receptor m2,False
pilocarpine,Muscarinic acetylcholine receptor M3,muscarinic acetylcholine receptor m3,False
pilocarpine,M3 receptor,m3 receptor,False
pilocarpine,Muscarinic acetylcholine receptor M3,muscarinic acetylcholine receptor m3,False
pilocarpine,Muscarinic acetylcholine receptor M3,muscarinic acetylcholine receptor m3,False
pilocarpine,Muscarinic acetylcholine receptor M3,muscarinic acetylcholine receptor m3,False
pilocarpine,Muscarinic acetylcholine receptor M4,muscarinic acetylcholine receptor m4,False
pilocarpine,Muscarinic acetylcholine receptor M4,muscarinic acetylcholine receptor m4,False
pilocarpine,M4 receptor,m4 receptor,False
pilocarpine,Muscarinic acetylcholine receptor M4,muscarinic acetylcholine receptor m4,False
pilocarpine,Muscarinic acetylcholine receptor M5,muscarinic acetylcholine receptor m5,False
pilocarpine,Muscarinic acetylcholine receptor M5 (CHRM5),muscarinic acetylcholine receptor m5,False
pilocarpine,Muscarinic acetylcholine receptor M5,muscarinic acetylcholine receptor m5,False
pilocarpine,M5 receptor,m5 receptor,False
pilocarpine,Cytochrome P450 2A6,cytochrome p450 2a6,False
pilocarpine,Cytochrome P450 3A4,cytochrome p450 3a4,False
pilocarpine,Serum paraoxonase/arylesterase 1,serum paraoxonase arylesterase 1,False
pilocarpine,Muscarinic acetylcholine receptor M1,muscarinic acetylcholine receptor m1,False
pilocarpine,Muscarinic acetylcholine receptor,muscarinic acetylcholine receptor,False
pilocarpine,Muscarinic acetylcholine receptor,muscarinic acetylcholine receptor,False
pilocarpine,Muscarinic acetylcholine receptor,muscarinic acetylcholine receptor,False
pilocarpine,M1 receptor,m1 receptor,False
pilocarpine,Muscarinic acetylcholine receptor M1,muscarinic acetylcholine receptor m1,False
pilocarpine,Muscarinic acetylcholine receptor DM1,muscarinic acetylcholine receptor dm1,False
pilocarpine,Muscarinic acetylcholine receptor,muscarinic acetylcholine receptor,False
pilocarpine,Muscarinic acetylcholine receptor M2,muscarinic acetylcholine receptor m2,False
pilocarpine,Muscarinic acetylcholine receptor,muscarinic acetylcholine receptor,False
